Date,AAPL,MSFT,AMZN,GOOGL,META,NVDA,TSLA,BRK-B,JPM,JNJ,V,PG,UNH,HD,MA,DIS,ADBE,CRM,NFLX,PFE,KO,PEP,CSCO,XOM,WMT
2019-01-03,-0.10492419626228704,-0.03748154360061105,-0.025565528700364833,-0.028086363981754767,-0.029468738508539767,-0.062319109577407536,-0.03197758919474004,-0.05649729874220522,-0.01431377748822713,-0.016017809287926937,-0.036701940864791185,-0.0070361046523856035,-0.027648819585954335,-0.022287068374233523,-0.04616390755131864,-0.024525074024589772,-0.04029895595791059,-0.03873417210859063,0.013139040709225528,-0.028376094227795606,-0.00619918948214518,-0.009377555524601112,-0.037045802491330555,-0.015472756272350032,-0.00515540025886233
2019-01-04,0.04180325070856641,0.045460089881116716,0.04885111342984534,0.050021198733831616,0.046061050385038396,0.062098951265888144,0.0560942725927254,0.018301670322048737,0.03620225124581272,0.016644041694236774,0.042178738780360034,0.02020492618337161,0.011627249740081962,0.0292808858568532,0.04626920596186716,0.03038110281665303,0.047486825586546086,0.05635755412514424,0.09279290338902808,0.022578747145095807,0.019743859284271525,0.02029903613582512,0.044060123439928656,0.03620632729971875,0.006226451076452642
2019-01-07,-0.002228160298745469,0.0012745308413970645,0.03377651087852466,-0.001996190417456607,0.0007244626007576009,0.05158677979267336,0.05293512263076508,0.008722131809976011,0.0006946879911070531,-0.006435509373959389,0.01787175442600169,-0.004008337643282003,0.00191784350453284,0.019506485747760958,0.007664566088863425,0.008629768490223622,0.01348134189295312,0.030410944309099616,0.058001943989859694,0.0053347654685728255,-0.013119063519866365,-0.008636123026720417,0.006733220200016307,0.005186608638692105,0.011703567753562351
2019-01-08,0.01888361290700377,0.007224413743565146,0.016475884077589695,0.008744783002433084,0.031936762706282415,-0.02521059914293185,0.001163599158188828,-0.003051760171505278,-0.001887194256527547,0.022961173625928175,0.00542356594979242,0.0036838108890399905,0.013281926283830622,0.004789873568651466,0.007255370299371231,0.007748569325353995,0.014807380838462728,0.0243120216242695,0.015512968986712613,0.00461602056075097,0.011225204143061362,0.009540548002762966,0.00806776767878434,0.007244354398704292,0.006956752029292638
2019-01-09,0.01683929501130783,0.014198334903610665,0.0017128868892680703,-0.0034332828685967685,0.011856772993698056,0.019476134422316573,0.009437947481978803,0.0003055799133121525,-0.0016919222217568993,-0.007957489076121569,0.01170072050337895,-0.016465955824783454,0.0014374063944798668,0.010290204421664444,0.017987970940537973,0.011156290624788163,0.01174951068198068,0.0018511866693506605,-0.0009684063353650574,-0.002074693042080005,-0.019351863260410513,-0.028341273585587783,-0.005524988702986473,0.005261241105272521,-0.0032616882953645826
2019-01-10,0.003191024622974233,-0.006446536747382178,-0.0019302905505940288,-0.002610438759462235,-0.00020826038829937357,0.018415323837586033,0.018844716086450743,0.0010688725562658483,-9.964672650692445e-05,0.006031723038824864,0.0018768884770351394,0.0024157961154084857,0.005035911113312836,-0.0037347188967114444,0.006009236848332444,0.001153193733312819,0.009890239586297837,0.007166412334713927,0.014582471621224093,-0.0240525046247183,0.010679232248989139,0.006121251538704599,-0.0018480672943831315,-0.005122206907137417,0.0007374709988992688
2019-01-11,-0.009866806453993996,-0.007751798156228587,-0.00950021578853727,-0.01340013212488204,-0.0027774284735095347,0.02448619013632253,0.006616379981298151,-0.0014763591070957398,-0.0047926173517381975,0.000308397796734404,-0.0044086602144636,0.006559849499982617,0.011369864718610323,0.001952844519518875,-0.005345707260605255,-0.0013307748260169773,-0.0009256973534601225,0.003462364096349232,0.039053639319742484,0.013381922301648636,0.005719804082429766,9.248134177931314e-05,0.005764787927996175,-0.00459087856124172,-0.0012643006898542016
2019-01-14,-0.015151100509093355,-0.0073224338888657065,-0.014335246209543026,-0.012249953010059138,0.01099613952297352,0.010759291685044584,-0.03773593288316512,-0.0026015497477312687,0.01025619250593099,-0.011394182730027395,-0.006977776477718566,-0.00677935538146711,0.001573157526132659,-0.0033501448938188572,-0.002401943665190597,-0.0020437140941675963,-0.01266673218989658,-0.010217901918391762,-0.013869852914337679,-0.011964745267133472,-0.004021297172738408,-0.007796451227358642,-0.006459499609410857,-0.0012556905684714616,0.0011591821122478008
2019-01-15,0.020260022231274766,0.028592679689542277,0.034848007027612496,0.03274360824719218,0.02419083515675424,-0.0037958035846236754,0.029553003459965428,0.005907552618148128,0.007304356042314517,0.008384015384459983,0.0017485756843071208,0.009391092658496348,0.03489939343530431,-0.013172433970388017,0.005561863532902039,-0.0058881593728147144,0.03271281830532013,0.021271680567302515,0.06314095516053211,0.008460550118008971,0.008867983478534984,0.015441081078051222,0.01857250842460561,0.0005586090720362775,0.013598395936832224
2019-01-16,0.012142752480250004,0.0035171726368387855,0.005490895184266011,0.002757310206911313,-0.009511222808371694,-0.006896480249395388,0.00469238793745434,0.007436489047304246,0.008032224365628775,-0.010256633360403184,0.0,-0.00698018550607684,0.01771130996763834,0.0032243752510834594,0.006340670470602792,-0.007634602845256876,-0.00169314596900385,-0.004366583449176784,-0.009206494215891063,-0.01461643129960722,-0.013758556120891892,-0.005981777934749736,-0.0013636525351872503,-0.00041907597626678083,0.0010385533848451267
2019-01-17,0.00592022325156784,0.006997680946556876,0.005590776836741111,0.008781829366504254,0.005137763100091312,0.019164805795642854,0.003634463829550445,0.001863064135222936,0.004089028203610545,0.00816715590323748,-0.0004368281250203684,-0.00014344858308425643,-0.006484633468096883,-0.01233284752751937,0.007756410652137064,0.000901223936698844,0.010075121697819673,0.00858046612780995,0.005109446657729998,0.008513167912204354,0.002979726515820387,0.008089718012287004,0.005670636354974399,0.006816550379805624,0.00403943208432744
2019-01-18,0.0061403577327983645,0.014871905955240168,0.0017583478423892555,0.007414759192116959,0.01166449794891577,0.03376309989672814,-0.13893012374879618,0.028271470896012875,0.016096178024446555,0.012318140358130277,0.008847739960727333,0.008568692614737647,0.021818244585213007,0.026578108493656785,0.013406423471080927,0.00027018752139369246,0.012644760715250142,0.017795487268454355,-0.04071111803885694,0.001411775588539834,0.011619417201039539,0.007752478759320679,0.01837784301215526,0.01185272291409649,0.010181596176158674
2019-01-22,-0.022701539933002,-0.019026663541205083,-0.038480037543253826,-0.026232828534656007,-0.01659902744535096,-0.05339860645349442,-0.011111646346251771,-0.018559242155108215,-0.015901612173951172,-0.014567039394406858,-0.003254277881445082,-0.010777746762435987,0.0007153708682839493,-0.013849742466782815,-0.012653793915242954,-0.00397051420474513,-0.014897655853365195,-0.023619553741955474,-0.04197771141796508,-0.006132385318021963,0.002307629795316819,-0.0014545824608045656,-0.005567191413897132,-0.01518555751268131,-0.0024587255213290088
2019-01-23,0.0040356399001063754,0.009698940991976445,0.004798041569364464,0.0053442293247608465,-0.022408270324331295,0.003489662081910155,-0.03864010516794837,0.0021399599129028413,-0.002528872795879722,0.0,-0.007562139368607215,0.047504463771075166,0.004993382553777962,-0.0012430254072750412,-0.005580771499805571,0.004690586435211496,0.005276166237354169,0.005356744696799899,-0.009796803297742364,-0.0026052743495155986,0.011459928000199094,0.00743269575297643,0.015071130381900019,-0.00824073635231867,0.012436521607700991
2019-01-24,-0.007957711312278352,-0.0047905750635170476,0.009050258811113534,-0.00037816435501721604,0.010547269338905076,0.05569111895633111,0.01353846267844261,-0.0006464412021881834,0.0005839520356706627,-0.013837589018930717,0.005023523874773788,-0.005709543815382538,-0.0033387202660278563,0.002258973029431843,0.007233499352043857,-0.005142660127204105,-0.0105803810343685,-0.019419529278451315,0.014429951504771917,-0.02912030088661626,-0.0120885992848467,-0.011170080955960972,0.0032944460991860065,0.0014015750320020663,-0.0035520715826078734
2019-01-25,0.032599637475662815,0.009091938006279882,0.009406237482289068,0.01602415103285458,0.021571776003446945,0.014528906134428659,0.01879254659466642,0.008569266145018926,0.0063066489969475425,0.009402110458460853,0.007019842547446534,-0.007451335799011014,0.0071887850647919865,0.017389636777809837,0.015643971719540677,0.004872809424575386,0.009805003237044243,0.01935283982016376,0.03424334114335367,-0.007598776277938159,-0.006732713444975409,-0.0013708590026598275,0.01133680152880854,0.004471603011797742,-0.014542058526394735
2019-01-28,-0.009297457815851498,-0.01969402258786691,-0.01975608942600138,-0.01985065153526819,-0.010388693898775022,-0.14878498169726853,-0.002224426662412959,-0.008917587286964776,0.004728433454810096,0.005909368997297391,-0.019515779380120463,-0.0008549620637043493,-0.004786733633885074,-0.003164833336449622,-0.013793222063856588,-0.002523741193703993,-0.012736371120113315,-0.016225645857636382,-0.007095023314951116,-0.02769302599837102,-0.004231195217412579,-0.00485868581904695,-0.008272523210150873,-0.006715410254993731,0.001237322915343782
2019-01-29,-0.01041910411090871,-0.020575610193955887,-0.02723753876321456,-0.009116565465375037,-0.022492961234958194,-0.04755892349433,0.0036373727345903615,0.005459100919898392,0.0027876661536735442,0.010334870904356181,-0.007307089211098278,0.00021373552819770348,0.0021345738324513937,-0.0007785111831878918,-0.00460734732671502,0.0008118057025161003,-0.01491322212804166,-0.014700653178399005,-0.020345064611618214,0.03088661340060193,0.004864212597672027,0.0016528622456717641,0.004580063320786793,0.0037833560527905656,-0.0036123674112484654
2019-01-30,0.06610124258367894,0.03287114390040452,0.04690977564140571,0.025766497112760127,0.04229959215099098,0.0430566057520161,0.03731688539222895,0.01916680114740207,0.0023014910381151435,0.010001077029167357,0.01907685542335671,0.010422515856097558,0.011269933868156971,0.013762095806334057,0.023708084172106295,-0.006967416754842029,0.01829798577478768,0.027045283373799543,0.035131233336662925,0.019672606826650833,0.00965791429457561,0.016559066141711952,0.016186843217087372,0.010848304380762007,-0.01994786118258262
2019-01-31,0.007175506843786742,-0.018500696571181894,0.028504578463132847,0.025092581965713096,0.1027043837191517,0.04525208495237994,-0.005683777190272844,-0.0020413782434600676,-0.008754154023212562,0.010879637655099065,-0.01900264913626636,0.020420618446305015,-0.0006287572318431793,0.007382598999262174,0.03425589194207974,0.012542586691306463,0.021000217590417845,0.018663416515001675,-0.003410998503120409,0.029403276893127935,0.005625556209023055,0.016556277011020932,0.01234069684124185,0.013601863372058145,0.010806528269925592
2019-02-01,0.000480689268639187,-0.015926098800634763,-0.055321193100996084,-0.006478034954151804,-0.005896416120114268,0.006794260385046875,0.016763086556941698,0.017602312039390874,0.0036649968314236745,0.008380726335309563,0.03736480469006636,0.010312576691571288,-0.005492805473089722,0.004566562379888223,0.012426733618912434,-0.0019746706318874694,-0.0017770700579686576,0.025339274023374117,0.0010303922808929452,0.010078629754999433,0.011773460681360245,-0.004269388156934434,0.0010566025929785172,0.035392447085664934,-0.02077144746489186
2019-02-04,0.028008754051178333,0.028392379995342776,0.004344132475857494,0.02017728646327954,0.021137543972557425,0.030283949464987015,0.002175678198907091,-0.003207961182429963,0.0035552104276379928,-0.009884819130878625,0.009586231493066723,0.005728966741287225,-0.0018995739492299372,0.01111107782012847,0.005318660769728408,0.004482293546150287,0.029317803040450945,0.011798851901162923,0.03325002169475402,-0.010314021329706055,0.01123031598104003,0.007990177119309222,0.0002108877980635287,-0.014594563603311532,0.009648594883483907
2019-02-05,0.016964828308292247,0.01389973348841553,0.015491866188782571,0.009113442824760199,0.0112218696326402,0.005147936160511182,0.02667914265629361,-0.0033626247217698833,-0.004421961561288001,0.0,0.007252885239739207,-0.006036845880833387,-0.007109106312740518,-0.00021462259120694915,0.004410771304458115,0.007662885698630554,0.00031400357053019636,0.008020151337545512,0.01264253309039306,-0.007806595749393594,0.00020318819856910843,-0.0016816278707398797,-0.0019021878296829576,0.01023835425990721,0.008719732298258226
2019-02-06,0.0003444741303659499,-0.011160893272659782,-0.011245686147586902,-0.02548085912656344,-0.00392212704468114,0.02013629171207898,-0.01293524619851883,-0.008747671031445258,-0.00048205238405638984,0.0009026428831622162,-0.007323574399506595,0.004914165654535384,0.01190718648865643,-0.008999899604169553,-0.002597694544765279,-0.01115742746303177,-0.0018461470306531263,-0.005423782293631775,-0.010226063579245211,0.005211118752823449,0.0,0.0013277827089820452,0.004644060432420785,-0.004375057026714945,0.00041854869668093026
2019-02-07,-0.019120863121517354,-0.00719336654022319,-0.015910006048540103,-0.015237132938207295,-0.024402344234543648,-0.03715245942427818,-0.031087922181826162,-0.020994536168990104,-0.0131965701324959,-0.007168400589800494,-0.00937281744227144,-0.0079975209374634,-0.0018570170507335839,-0.003524915081758712,-0.006196519041682231,-0.004137390033499868,-0.002401152904054444,-0.02044419726105676,-0.021467349645144376,-0.014994679771934633,0.003242710032769897,0.0003538451617577169,-0.0165640393421756,-0.007736350951355099,0.011332370913411167
2019-02-08,0.0011742835534635592,0.0037924642751312396,-0.016330834290413307,-0.003197106282595491,0.005693450537209755,0.00507469402862592,-0.005576329018938797,-0.004023338698661784,-0.010012595065914641,0.002646875361664221,0.0014969253112087416,0.005850391808795795,-0.026748390978191424,0.0025499505059535005,0.012124043464885102,0.005034571227999127,0.012765942533977469,0.01116831275606786,0.008262579376815824,0.012629661797894726,0.0016174203337024086,-0.000619395429946301,0.010437516364692702,0.001623387892759272,-0.011960026564998725
2019-02-11,-0.005767626123916358,-0.00398261309918653,0.0017488562477837048,-0.0002358855650507484,-0.009245743593694242,-0.011676265459771481,0.022760598713060663,0.01054545939340269,-0.004746827989423132,-0.0030255123480167874,0.0029873730430418537,0.005714842435529784,-0.01834223366207701,-0.008817123765581419,0.002398191307406125,-0.018737804704310485,0.005394043265164032,0.020469639782037235,-0.005307905237130694,-0.013109573402126639,0.002219714063557482,-0.00044243165298064803,0.008230666255210965,0.0016209696638964722,0.006465708664975289
2019-02-12,0.008580330747560906,0.01546173212943887,0.029119271400045343,0.022838226844639493,-0.004534311057981516,0.031720798715878254,-0.0032979313639255247,0.01515176038385599,0.01690629641388357,0.016231322224077905,0.008416191624834212,0.010024128068828232,0.02443247665855224,0.014113472719523967,0.00830256477668682,-0.0021953573867416662,0.011466881120769344,0.017849799633159216,0.04036256297205885,0.004548187784804435,0.0010071077083057686,0.007232262557694207,0.006493913617693062,0.017391401355924097,0.00797246873858759
2019-02-13,-0.004163381282521633,-0.0007485888204220116,0.0012141827176494052,0.0009306455026461525,-0.005894521668053041,0.011248519401813747,-0.011742429097439224,-0.0016991913170462916,0.004764392950762165,0.0021590778241098005,0.010508959771983937,-0.00020160221161781694,0.0011381377977494128,0.015458000542832452,0.007418327923804133,0.009115743944240714,-0.0043711117048412995,-0.014790454248763275,-0.023043240402311194,-0.004068276180572595,0.0026146615765876464,0.002896052502611434,-0.008176873897300674,0.011209958053619675,0.009953368802255102
2019-02-14,0.003636683369413681,0.0008421708158648156,-0.010635630351720703,0.0005049190533298354,-0.0007318422924804972,0.010734747971568339,-0.01438072910139189,-0.014783196724110445,-0.006520483689512678,-0.0010417985577085634,-0.000558589736081796,-0.007890632065821456,0.005783067352736966,-0.0037223147573843336,-0.003315420029111164,0.004165633001492336,-0.0003458936308950991,-0.005814820310065496,0.020539897176509326,0.006453870733060582,-0.08812571331545228,-0.013497647462017164,0.01877018945928189,0.0002621591127751017,0.005904446227120101
2019-02-15,-0.0022275351889432526,0.01227250083640525,-0.009100547125929937,-0.008511097823884109,-0.008883286761841849,0.018020968253538123,0.013439268798795676,0.012301939423614657,0.030103103917234413,0.015294481318332867,0.01214989540594395,0.000203105995160801,0.02162421046271958,0.02462614948413959,0.010409036664696033,0.01729033952728115,-0.002655951082020902,-0.0026372128061032743,-0.006145819698231184,0.010193309333377608,-0.007706852173765074,0.029061280796276682,0.02105753232856003,0.01870460795213078,0.014810709124973847
2019-02-19,0.0029883776039677577,-0.000462363411897934,0.012134157679584378,0.006126061881332452,-0.0012933897644370523,-0.004458909021182676,-0.007302188315000657,0.0019466119312115057,-0.003511609751019246,-0.005072259410260583,-0.003248910887713251,0.015216721368440878,-0.0026592336352353747,-0.00031154912862469563,-0.006866926893535531,0.008138147447406248,-0.006341182820897396,0.009760459086424554,0.01405165252858779,0.004705819942568123,-0.009104323349225892,0.0001724085703152407,0.00444111224915394,0.006668965483770065,0.021861553045465446
2019-02-20,0.006414608073515,-0.0052125562548552915,-0.0033725745741388113,-0.005269055783858608,0.0016624064121267379,0.01211982485864021,-0.010128258243082899,0.0022823912481225836,0.004836770719934813,0.004852334982035227,0.002005893981799494,-0.007126308605989324,-0.0033335854367796407,-0.002498651137265586,0.00235457515865299,0.0014965629760396715,0.0011242603299409099,-0.01297217424273157,-0.0055691984610652815,-0.009433955521831107,0.006005170192883092,-0.0008629153941756182,-0.00040275066226545646,0.0038278400349158696,-0.022962593042209278
2019-02-21,-0.005654437600467624,0.020872522123107837,-0.0016412354851550698,-0.014725184501006355,-0.01562340127929853,-0.01768955346827342,-0.038166348352112064,-0.0040341342225164055,-0.002083600561926272,-0.006844033821429543,-0.00505691243803635,0.005023768314029928,-0.011606793192276673,-0.0001568189996706298,-0.00817403184512706,0.00535164590072426,-0.0013181730572728715,0.006851744647169566,-0.008202326258581057,-0.0014226851026884302,0.01671125653241708,0.002328173011535233,-0.004442809797359754,-0.009082294487427537,-0.004917824735894885
2019-02-22,0.011103718981292292,0.014157572610695706,0.007456236282017583,0.011122452549259683,0.01149344541289117,0.021717954424953945,0.011878507177307875,-0.016796378185408203,-0.004466059332597267,0.008675830810825956,0.012902943949293397,0.004699314158714172,0.002661441463612032,0.002967019265560878,0.018119316218319782,0.008364614637065466,0.004412905867525589,0.010469398420612525,0.016806172576176483,0.019271932185209086,-0.012728136838093132,0.005668745488364515,0.014067819184225517,0.007680313050555106,0.0016086272357459892
2019-02-25,0.00725807282535662,0.0055715579876115815,0.0008821844156088245,0.0006893933019932866,0.016722676427370988,-0.0031458573453333584,0.013682197437311697,0.0019790907220545583,0.010421581377915566,0.003677666182532603,0.0013011224866387758,-0.006806100249462534,-0.00944102056355251,-0.012605806538099677,0.0,-0.014508345076470112,-0.0010820791952453304,0.00030987697345283803,0.0024486745649249246,0.002789217278726901,-0.0075372037026348645,-0.006013333353254834,0.013478825441738555,0.0010198360212719,-0.004328681929831576
2019-02-26,0.000573858824363905,0.006876570119148541,0.0020798706668898187,0.004179749765793719,-0.002981028303464689,-0.010069977306626357,-0.0030504879645207013,-0.0020286673332705635,-0.007663697805870952,-0.0006607290311002384,0.006687345156040252,0.0026080807295379843,-0.006141300808621076,-0.008882169745540637,0.0030405621482970063,-0.0007925035045041509,0.010003184835012861,0.010112316037836345,0.002908651126145827,-0.0013936037274853439,-0.00557852164781063,-0.0007758596964240988,0.007649408024415086,0.0020360223467614145,-0.004347758918864363
2019-02-27,0.00309259284362883,-0.0016925499927195101,0.0028619124443764036,0.0007840139956081596,-0.008074736853100924,-0.010815916657734938,0.05512343917099909,0.0019297831368795268,-0.0012352393578643022,-0.0017649005672702727,0.0012235013092453302,-0.009258784100509156,-0.050297145492904656,-0.024895635909919556,0.0025415146051098766,-0.00636386171895216,0.00641073969726455,0.0007357802543414599,-0.005770594657584442,-0.002094086381370536,0.005578521647810664,-0.005187233684813977,0.007978849705992629,0.010245044346729383,-0.005894245516624606
2019-02-28,-0.009884426086541736,-0.0012488668954318853,-0.0007680274393184955,0.003254138602227082,-0.008388476353819334,-0.006397178100512017,0.01619893198032066,-0.004905930419288346,-0.007636690154839931,0.005651061715048569,0.006094719636704847,-0.003646098790927474,-0.03193446852441311,0.007971620076750788,0.000890120482521788,0.000531754623017409,-0.0015226264880456157,0.0032438272139306465,-0.013232293565401124,0.009735467053269869,0.008861427462845612,0.010414071143887487,0.003483137535390349,-0.005552567787616885,0.00892926199382394
2019-03-01,0.010456459572316,0.004453219405524977,0.01926645484769524,0.019314314854619055,0.005127897964982716,0.014096863145281763,-0.08168268383461433,0.009049844397540018,0.0006706225035082802,0.012437060805499575,0.009072992402686041,-0.0011171255352689653,0.016094565017813114,0.00016198405674831243,0.010973133223702223,0.010315418052454386,0.00573593617473533,0.0053631862160319465,-0.0021806200776180243,0.0002310303222118453,0.0008818076482358221,0.004658717658847814,-0.006978174517289869,0.012199474137698398,-0.010765413459841566
2019-03-04,0.005016851406123348,-0.0024021925167049484,0.014513750908028594,0.004257297765865677,0.030883329143531545,0.0021071025111396393,-0.03251165931845648,-0.006519543595457654,-0.0023010499909437102,0.0009392948045965733,-0.010153647218752984,0.004358830251322512,-0.04202450756692533,-0.007371658484302019,-0.004233480922655433,0.002802751135028626,-0.02240745627728222,-0.03733860942508686,-0.017731515581232163,-0.006710626449738944,0.005931870936511872,-8.605453725831755e-05,-0.004874613175943687,0.0038673905929287374,-0.0008174254481320345
2019-03-05,-0.0018216473489649264,-0.005000902673087866,-0.002207450450986818,0.013579682182925146,0.02297611985637587,-0.0016594726075750193,-0.03139602921927177,-0.0016861556212754956,-0.0007680757269591971,0.0020918624213316227,-6.770158379333306e-05,0.0022225628367499015,0.022663110933491496,0.0010331696970362384,-0.00030949670435682263,-0.002890528814330613,-0.003025950892393249,-0.009699668621888702,0.009243840790003328,-0.004188144540410157,-0.0010959360582546316,-0.001206029904673241,0.002732677168225592,-0.0014953377918941275,0.0049950294485352825
2019-03-06,-0.005770835789660118,0.00044759887264769006,-0.013970631881135682,-0.0036414881256571704,0.0072722342152160046,-0.028974276834325078,-0.001085447687041993,-0.00397873431307947,-0.003753064721479913,0.002303114507417855,-0.0009465688941632734,-0.0016158939951116794,-0.009823183296383271,0.0024423252849730833,-0.007765881425156572,0.007428431959710437,-0.0038149097948866097,-0.0011474929202804488,0.01487604966797282,-0.02430798832136565,-0.0032948234975019295,0.005415069646536573,0.007186613253249821,-0.011412726881981557,-0.0008136275939868216
2019-03-07,-0.011641716027660527,-0.012244807069618037,-0.02610244391897686,-0.012168878058000715,-0.01978747441682468,-0.018519790641288756,0.0012661721837979227,-0.006850516142589343,-0.007257054839546923,-0.006129646115805768,-0.0066524992547640945,-0.0038483735576917886,-0.00996289041864952,-0.01057328138679735,-0.009219638011918333,-0.007340654280408494,-0.0036728333457399743,-0.007618578082480907,-0.019685847791690764,-0.01129125928477951,-0.003747142789201933,-0.0048117915680119475,-0.007381629275109779,0.0110387559862266,-0.008277536826294327
2019-03-08,0.0023741581070120476,0.0010864907604889848,-0.0031724020434359033,-0.0007648921384590269,0.002774974938772647,0.009203088993892194,0.02693084728297493,-0.003015108331980396,0.00038827300476067266,-0.001302979456151728,0.0035354146967464983,-0.0014214114031004337,0.006299134612642706,-0.007037989721691096,-0.0024306915710671172,-0.0017559079376447404,-0.002822429170691977,-0.0034766341773281905,-0.008544604767666636,-0.01215378890140861,-0.009764858119900693,-0.007521914015903419,-0.004298340317846559,-0.014450358859958018,0.0014353673886327964
2019-03-11,0.03405545444572297,0.02077621301565932,0.030274928015204303,0.0251512097299828,0.014458602931197913,0.06738081140151395,0.023581223114604224,0.01691699040982527,0.012924662572572432,0.00361491358791644,0.022281494115180597,0.011818501485347936,0.024395349415216698,0.006654375780773304,0.016849094175970372,0.0082255525575064,0.024123667403100908,0.01656532113330718,0.02614276691197209,0.01480793031886765,0.029446103906717622,0.011733486192392685,0.016506403334984338,0.00969856877356806,0.009078442191211756
2019-03-12,0.011172849607743273,0.00697760891492453,0.0014833846646547194,0.015140161433066752,-0.0008720418871619514,0.008527477462603662,-0.026330125897717604,0.0020267619376174413,-0.0029753218718079582,0.0044647561992807,0.007010401915633841,0.004708730602924438,0.011165185881077691,0.008514570042742158,0.005744765800356363,-0.00017436190459082008,0.009724248856713153,0.003988203200083627,-0.00724354498465711,0.0055263613828575335,-0.002818827040597397,-0.00017167313897669572,0.004420229605769381,0.0027537081811104874,-0.001117543618705835
2019-03-13,0.004412168052674825,0.007714866522482755,0.010529488021602368,0.0015106203236325791,0.008398850621722033,0.036846302103337454,0.01957007740939458,0.007674169736406316,0.0033586391907699216,0.0016511773389728019,0.004865389240478896,0.011231100355595543,0.025576910244962257,-0.008246714625674549,0.0068506461673924785,-0.005593892784008792,0.0032961256349374737,0.009620066017210275,0.013770622353400803,0.006687770176357753,0.003684601938674871,8.584025344664619e-05,0.008402006548570373,0.008835892509133544,0.006686861693854085
2019-03-14,0.01105542694316467,0.0007860560435541794,-0.002718364558176218,-0.005460853869955683,-0.018630166308556635,-0.01831380332009759,0.003454758260783156,-0.003337881911687277,0.009058992255177648,-0.010020584018610475,0.011282522962364648,0.0013827963812601818,0.004035565189452738,0.002591160647821594,0.004410430683859886,0.0034124558652754685,0.012442123080272864,0.005366917818772486,-0.00663859273350253,-0.01971213146451283,-0.0026223092604503078,-0.009307129502020286,0.0028478930091248187,-0.003351055626712548,-0.0028463079003985758
2019-03-15,0.012924199140347668,0.011453408294984136,0.015383189836354888,-0.0018716304197370554,-0.024930663863154463,0.025346239160779167,-0.05140953908927527,0.00456226193088842,0.011421450359166125,-0.003047720941629209,0.008138000747369386,0.010993353078219501,-0.0074108279012497676,0.003408199523748827,0.007206729051836434,0.004184181191333913,-0.040403399800960284,0.005214420529719079,0.00733051373389307,0.014222239374937619,-0.008791412082256363,0.0013842060381339097,0.008684628900739393,-0.003611333683639479,0.0020341056069718
2019-03-18,0.010156831404561752,0.014219772797287556,0.017247469835383878,-0.0014712622008830163,-0.033760035938651296,-0.005076978800304916,-0.021802224404734522,0.01153323167929999,0.005988667242691967,-0.003129928931697672,-0.0032213799175167344,-0.0091200121496212,0.014218240641572283,0.006508804504688021,-0.0033797228744419233,-0.016134979908462587,0.002602753415682557,0.0027207186456167654,0.005462887278349588,0.0007178250377503372,0.0024253090167623845,0.013824312305312237,0.00580989028196352,0.01153614505823736,0.012520239412555242
2019-03-19,-0.007956391029683017,0.0006801845354403468,0.011244417875099166,0.011635341375251964,0.006831447820084743,0.03923196802126063,-0.007523861011181039,-0.007430278844784281,-0.0036454614098891283,0.009216110427947375,-0.0023907500339878517,0.003834910875474802,0.008318265853940129,0.0038633296027103746,0.0026873681734372306,-0.027968908621475497,0.01026680654725436,0.012151886035096865,-0.012904928814065002,0.011651502232335853,0.0032978356955618857,0.0069678603882946015,-0.0037444618424568132,-0.0025933635608191468,0.0019047483957796813
2019-03-20,0.008700703627021921,-0.0011056214896611556,0.019904495279827,0.019737977740371438,0.023669869325157723,-0.007483639330416015,0.02265977238418918,-0.009206223547196966,-0.021579303468845252,-0.008341431284139444,-0.00544854367428911,-0.0017682564291201435,-0.026123085733655738,0.010642397106559327,-0.004859813225765395,-9.097772604220514e-05,-0.0026146707781713233,-0.0025655599680259305,0.04480316219672346,-0.0030780838355680415,-0.0006588013724108956,0.001946062817161653,-0.0009382217969941,0.005549245013270956,-0.01219234291166833
2019-03-21,0.036168288049405806,0.0227147305561609,0.012160922039608137,0.007878044085890492,0.003861059344094519,0.05325836236295146,0.001533904013606828,0.005690417179881314,-0.015912347167859116,0.0058824949191723045,0.013245406426422404,0.00754137028332523,0.006049602311266786,0.020581804008520055,0.025679598450849304,-0.012165521173092417,0.016949568187117618,0.02082023273372168,0.00703768447512142,0.004259499759180944,-0.0004393383976846198,0.0094211744527144,0.01268649451908688,0.005762955895668955,0.004248814417030357
2019-03-22,-0.020925932193425107,-0.026722014701749834,-0.030409398179863066,-0.023309077526319107,-0.01053207857599426,-0.03563876487714229,-0.035246480304529995,-0.019161975336397265,-0.030698650942659358,-0.008654342450820278,-0.017677585598207844,-0.00813148460533847,-0.019755882467995683,-0.006442639148180133,-0.021902571529060683,-0.003965264766438221,-0.01714203991123019,-0.033189302655794214,-0.04564448104620391,-0.01187684128945263,0.009186533965578818,0.01065947041446046,-0.022498330062338864,-0.01614643849443918,-0.007905336765407714
2019-03-25,-0.012164784403428332,0.005197913472588053,0.005363007055880073,-0.008540645449487067,0.011795601299508109,-0.021180548966474307,-0.0156588550190791,-0.005550155976394999,-0.008354959261575307,-0.0021936371641256298,-0.0002615817753782957,0.0029470054761211385,-0.0009310206254157867,0.004914965730766907,-0.0014746251571410153,-0.004073738552968835,0.009885844226725775,-0.003846166715086216,0.014355874365579637,0.0009552302981536333,0.002174613613833871,0.0010765585403318748,-0.00018960145205650664,-0.006982620082163294,-0.0011197564483282712
2019-03-26,-0.010385267831829125,0.002122643707811811,0.005340129956768722,-0.0063169171349520235,0.008324357598654275,0.017624974916640446,0.02783267714915969,0.005899095660116633,0.009957611010234348,0.014245399572193385,0.014724725739573393,0.010342128997058206,-0.014156583897027874,-0.0017941348391477046,0.012378786550221172,0.021567389087166752,0.012579286915623145,-0.009242283327514002,-0.01724084090555002,0.012572936055364161,0.013165286671585584,0.009634363132987002,0.009437903895458047,0.012929159944332547,0.001526905097829284
2019-03-27,0.00895387858082241,-0.009715667202310452,-0.010176281844700066,-0.009992327176966558,-0.010853001555320827,-0.0020944443023129017,0.0260243331388298,-0.007052968720573398,-0.0034086871161580485,0.0009378042868299252,-0.006978588771869769,-0.0011652254374560319,-0.006926313874968825,-0.0004751590310422754,-0.0033062374961934254,0.00127034290374052,-0.012312394074887706,-0.027217507883303405,-0.018505022832477035,-0.009474441937725587,-0.00064333864172938,-0.0010654563810505323,-0.0016920634609693462,-0.007687923767917928,-0.011354058743208618
2019-03-28,0.0013254557637475614,0.0013694261349661387,0.004362605019555914,-0.004884494634368733,-0.0019311565472028447,0.004240449496371936,0.01369611080354769,0.007252373351634795,0.01128394405706764,0.0012967706125228487,0.002913778347861475,0.006297030287874527,0.00214890052042469,0.004270707114952601,0.010013395168290971,0.003891554724005738,0.0045258504334605805,0.00038669612159621044,0.0035028351313970627,0.006405012543156291,-0.0006436514136956692,-0.0004104927073952681,0.004131160719708284,0.00496684763461607,-0.0008231804361416548
2019-03-29,0.00649647969294436,0.008600611639572802,0.004124747912130558,0.003933399333201806,0.006862506966283719,0.01294801518007927,0.004440617326900639,0.001145539788033052,0.005150013990831979,0.006530875376796545,0.009779215474827492,0.004817192581234145,0.020552866656613367,0.009582558479979745,0.002508854297188392,0.002886245420903047,0.011169473943288639,0.020348343714646472,0.005483926273228783,0.0042474396447416225,0.0059929752113432036,0.0058105054046238445,0.011737679494971863,0.0007426924595418127,0.004109467211594791
2019-04-01,0.006768393548669757,0.00911526449277584,0.0186045153621656,0.01859578763068837,0.011986127433330466,0.015034665456706684,0.03275989192109418,0.020252487602587795,0.03313036304340358,-0.005810973003532331,0.006827585909030521,-0.003948652580170554,-0.00698039688077797,0.01935391072892052,0.01517430599274502,0.013241660563633852,0.021090237596326562,0.017587727626729412,0.028750348006475135,0.00867451587900528,-0.0029922002940447863,-0.004497970243942299,0.018170570853106242,0.01144445433587733,0.0029692758549683673
2019-04-02,0.014432032894074465,0.001427403731459066,-0.00011582341778240666,0.005456505596065268,0.03208212819086388,0.00394226828797358,-0.011477252828966885,-0.005478369717124227,0.004767146281938686,-0.009179935286151318,0.0033008115332735627,0.001060839729824317,-0.004612611587411921,-0.006821328173799976,0.0008781416605186036,-0.004900397351178386,-0.0030173973981124755,-0.0041654307451296215,0.0020689345641583512,0.0016325828386634024,-0.003215620286998127,-0.0026266401665696513,0.00562240614035643,-0.004291730738579704,-0.00903681877804127
2019-04-03,0.006831506782470542,0.006523009956088247,0.003697784072046203,0.004361911548035781,-0.0037959467288540788,0.030247979432446566,0.0205308104637668,-0.0010305814299200783,0.0019952661247431927,-0.0039291360066934615,0.004300662511597834,-0.0005782993448571873,0.005833708492949207,0.021888394867916453,-0.001380159801903305,0.004989267196921855,0.0005526163714287769,0.013059930025499317,0.00550529875568325,-0.0016325828386633116,-0.008409758425626739,-0.000986655011276586,0.006130659558102297,-0.005915693957080269,0.0025756059919423736
2019-04-04,0.0017388201610501865,-0.00509764080222312,-0.0010111428220824263,0.007110322933963049,0.01418952512093675,-0.001909850757718647,-0.08593722216784855,0.002109071728969911,0.009613961357184451,-0.0117326232869851,-0.005188435509781216,-0.0025108699286166547,0.0062849625006200635,0.009221247377137138,-0.01208460759441177,0.019624945835276585,-0.013385636200274892,-0.025535444199502506,-0.005070311232157222,-0.0023370904001335955,0.006475187703849389,-0.0007406112062668248,-0.0025359431171125494,0.014115072649776407,0.009421439989783377
2019-04-05,0.006672086784932848,0.004430410610169921,0.010076259837952736,-0.00658194446016488,-0.0017058308771106016,0.014187255612792129,0.026459970073128034,0.006008350164692327,-0.0023707882452901952,0.004489170833195056,6.33368399245053e-05,0.0021250331923854103,0.005602761415499599,0.007999916335632426,0.0024118283618928074,0.002176240787367402,-0.001643824554164159,0.0002522524629842855,-0.00651783590131088,0.0058320944833707795,-0.00021490123186566695,0.0012342544532275115,0.0012689452101056463,0.005348037162996464,0.00731200441689814
2019-04-08,0.015613551072673695,0.0003337046736488646,0.006823719866721972,-0.002620050186651745,-0.004505985691522328,0.004389467463056794,-0.006421561243439884,-0.0003897015524885198,0.003223180911245478,-0.00029373737419796013,0.0006344686177561386,0.012654659932355504,-0.00012043456174336976,0.007347214332272737,-0.00012701615066728467,-0.0003478584193577045,0.005072122636129633,-0.0005677796768933214,-0.011225897330039343,0.0034832198241599942,0.0017198455779554064,0.0031196519308855056,0.005058557225773019,0.006163560681629821,0.004039495812120502
2019-04-09,-0.00300320911474599,-0.005434620151479832,-0.007607779201279312,-0.004637296424179504,0.015035393505368946,-0.013279219897491895,-0.0032630303024267517,-0.0016090981969972096,-0.007410422322552768,-0.00419543345899704,-0.001649662693606014,-0.0029576155301326624,0.00016103652311375344,-0.013104528093550772,-0.0015249825945504332,0.016392363606261465,0.0006693666291828472,-0.009510535713644817,0.00908951978504822,-0.006978223907397321,0.002574690374847403,0.0013921861214220965,-0.005602072394764336,-0.012975072697476893,-0.005457141504056967
2019-04-10,0.005598406401626235,0.00760034713967422,0.006239222182828933,0.0031215067675754416,0.0013505763031087105,0.014894121870290484,0.01367711069116183,-0.0019538590335556986,0.00447168959229917,7.347754227912875e-05,0.006771114680867192,-9.559514490845943e-05,-0.011155981723715609,-0.007343968940542541,0.004862742589474075,0.0025639473818833826,0.009582537942767644,0.02061789624011118,-0.002168519343288542,-0.0025712765258687083,-0.0006432285740352712,-0.0010643793504026416,0.011531678855999287,-0.004526517898658633,0.009178594257724193
2019-04-11,-0.008358918636740768,0.0011639919323887277,-0.0017662898283274766,0.002599281078572577,-0.0017450331587235642,-0.0029196785165828253,-0.0280652786610601,0.01045751831143029,0.008413701027774893,-0.0027326296820373817,-0.004424336174028965,0.0009551027579679189,-0.04408224193881336,0.010226993842481146,-0.0043116385751254226,-0.004791333424887309,0.0011776233631450844,0.0030531514484503646,0.010197365739495114,-0.010823893729556593,0.0014997854913288986,-0.0030365340290910447,-0.003949470784012295,0.004770311800135038,0.011976039686380547
2019-04-12,-0.00040204765015222876,0.005139346994886222,-0.0005478403421246388,0.010804679620051357,0.008917633075793584,-0.008019727589959526,-0.0026859862524520168,0.018647327128712855,0.04581361441527784,0.0056787043133609,0.011212558714663699,0.0029552528475564684,-0.05321324919794594,0.011694368663415238,0.011750545237582986,0.10924661871993392,-0.0001471551659590916,-0.00012427096789942836,-0.04594642289294103,-0.013336467327947835,0.0006421638696579254,0.004592246952875814,0.012334007910821716,-0.012647974347256775,0.007511411095159643
2019-04-15,0.0018084245380012656,0.0008265109439769808,0.0009815792097548634,0.00310285007461771,0.003066106510946777,-0.02834368840636868,-0.004943052898305119,-0.003901941945518866,-0.011485364294209429,0.0039630447289325885,0.004998440917945065,0.006356880449050979,0.03079060445190679,0.004942148703011141,0.0013389291166627459,0.015108888171293836,0.001323393363362419,-0.0038653991281830374,-0.006485569433128839,0.009069350916468674,0.005547309529789434,0.011631301492008942,0.0047852628552039825,-0.00334240899953673,0.008529713008554414
2019-04-16,0.00010042571762565996,-0.0023158060457566226,0.009800755062900292,0.004376910571479602,-0.004351309830797551,0.018825452940680176,0.025865779778642663,0.009773752979374054,0.010495984296719964,0.010927676257776887,-0.0013095579647534974,0.006504762697228473,-0.040966654511378715,-0.0019053081861507418,0.003922974830994824,-0.01633992977608957,-0.0029063151287389935,-0.008783656482399605,0.029903491837605305,-0.02819110248478635,-0.0010643760467553501,-0.010159981503576549,0.006871430341002194,0.006796342709289239,0.004869713398129898
2019-04-17,0.019285848531309113,0.008246016170874951,0.0009549381687978624,0.006658403377949087,-0.0005031723570345596,-0.004900154015368754,-0.007822448958816279,-0.006774585640638727,0.028395801059800097,0.0036160931425140183,0.0013095579647534135,0.0016641628574305012,-0.01882217741419727,0.010120827185210507,0.003782858379836355,0.014141388101924888,-0.007321362576424283,-0.0213362589584992,-0.013217782303861714,-0.025744199832612225,0.00700375650717482,0.03688988256779184,-0.011301405942977542,0.00282844698096116,0.002232150573185921
2019-04-18,0.0035872862975552386,0.013053844383696599,-0.001679793447630733,0.0010719048892181048,-0.0028006639525375906,-0.005300257083923484,0.007456485905066215,-0.0018079252401481916,-0.0073765518327718665,-0.007245242437929725,-0.0017464586620352818,0.0018878439612962771,0.022391201165702777,-0.0043179293473838585,-0.0004562794675249596,0.005298779275016174,0.004147982232298903,0.004175735622994247,0.0156906778875393,-0.012616751506129798,0.004221417519942903,0.0006295831068340808,0.0015969000154325368,-0.003691136716382553,0.0001941182543444302
2019-04-22,0.0032812564014694946,0.003156410861681998,0.013667838256111457,0.009850751025642573,0.017569735939367462,0.011581273306118679,-0.039220700589321714,-0.0023839049475378425,0.0012332237559715858,0.0022517514848574057,0.001497493808052788,-0.0003773524997146915,0.023883572985216196,-0.0042880174217080035,0.008926491684192617,-0.005830366795792215,0.006042923929191902,0.017601718913401416,0.046070891380159226,-0.010209366546824762,-0.001686130291402806,-0.0051274607608464955,-0.0010643720736299431,0.021582677188754302,-0.007881726918634346
2019-04-23,0.014320272067799721,0.013483281939029621,0.01913424706845826,0.013334390246273057,0.012814354756698376,0.011604995583770856,0.004367189004715511,0.010068928983344426,0.001231461421882914,0.014906616369802233,0.007824567545989909,-0.027252259171132918,0.01516326884180371,0.0061825754044485485,0.0018089148259587977,0.01267760907460734,0.022808321169103103,0.015438410101552736,0.011985918931090241,0.011224622142893501,0.016944060490172375,0.005127460760846571,0.0061931471657381025,0.005772944315823824,0.006814930673977336
2019-04-24,-0.0015435713961502685,-0.00343404618840394,-0.011512265824974863,-0.008329869095227658,-0.006550968842809821,0.0026190319948369073,-0.020055756342084126,-0.004926786537742023,-0.0016713756639806412,-0.0050160070775176905,-0.0010524217033830564,0.0051245899114111225,-0.0009975677335675118,0.003246093761448539,0.007365208005529541,0.012963133912088464,-0.010975948778199495,-0.010412030293193424,-0.020261996819024228,-0.0012692838110147293,-0.004782141288565151,-0.0013386264426086998,0.0033459914454575727,-0.019619876836383592,0.004453101522463515
2019-04-25,-0.009116450076625558,0.03258105867272045,0.00026289721788828917,0.005768738070343528,0.056848028591426625,-0.022535892124273055,-0.043578711545985846,0.006532209206905254,0.0005279550872590179,0.0032275625269226386,-0.0029141666904343574,-0.003961802108768684,0.0019080982219641834,-0.0010643745057514916,0.001303754551738941,0.015715860457911547,0.007991188560431219,0.021882192472256538,-0.015891310187967026,0.006077880189506018,-0.0029221522129289335,-0.006243631549399264,-0.009716505483971355,0.00561020464005564,-9.675688305559534e-05
2019-04-26,-0.004785400287023551,0.005713263091418974,0.0251149873085396,0.007922169915546326,-0.00920080299664291,-0.04833833786533266,-0.051754657790314386,0.01065314663467946,0.007541533398536083,0.005284877672881968,0.011791691355654516,0.02467377505955831,0.026551847558668597,-0.01409427667281822,0.004347124233700301,0.01933964344464002,0.015367829804392118,0.0174446147315537,0.01754668179135302,0.009047100225803822,0.0087407681085082,0.002138324966776096,-0.008020955179577995,-0.021265597852741114,-0.019410613074405392
2019-04-29,0.001515995431555351,-0.0009242452741583798,-0.0062740364215657365,0.014594581488025634,0.01703492200054384,0.006938454194065273,0.026564156668391885,0.010956472619791163,0.014311166203645566,-0.00392555126457738,0.007459867104455536,-0.010254957184227665,0.0018970052914097034,-0.0071469713139605245,0.0018225866497468734,-0.004440929825576428,0.01471606613120565,-0.003622006489545367,-0.008089237769764139,-0.00955283394135172,0.0033100641368366676,0.002291599145247945,0.004464072899540631,-0.006481104914192166,0.0002953694454395383
2019-04-30,-0.019443854537435072,0.006375644503377564,-0.006163149880398053,-0.07798236417372148,-0.007110095808940539,0.009269517699509114,-0.011579538159972131,0.0006000825504853316,-0.0006031197880284293,0.009678592332175072,0.0017045314283984777,0.01609442314074133,-0.018618177803275324,0.007588893027919972,0.028364151489645998,-0.016868136780115766,0.010810113342345922,-6.039378717365327e-05,-0.0034753002792678863,0.025438425859854535,0.01313138232548434,0.010677681043715121,-0.003212005164890153,0.0038685102896247286,0.012524612733426947
2019-05-01,0.047918901421609886,-0.02104691547452031,-0.00781652975766392,-0.02161725589931596,-0.0019149249809050314,-0.0029323679161519975,-0.019801806231266733,0.0,-0.007698597866671242,0.0052973919125247765,-0.010023901371179708,-0.014663884324149912,-0.004816970550082383,-0.02434882898934432,-0.021830233497167124,-0.004316756676408957,-0.02060846191760519,-0.019542626626030617,0.02207334963159428,0.00393186796023553,-0.00962647592845783,-0.006345714273564235,-0.006635056636501359,-0.020258529706047877,-0.014495954506314414
2019-05-02,-0.00652906026605143,-0.013145187269226827,-0.005613323539631774,-0.0058209952826487905,-0.002593643039453194,0.014959206814163588,0.04221406123668062,-0.0036058380377949587,0.0021685471166655325,-0.004731112573532262,-0.010311890113419271,0.00598613632390519,0.0021530527728692854,0.011055388616992408,-0.006291063060119815,-0.01656113953933579,-0.01317979012919973,-0.001975328022440635,0.00065968338899529,0.005869374737355174,-0.004124782609434744,-0.0032274336001198965,-0.011581679768173802,-0.01769712548405582,-0.0020736961587637746
2019-05-03,0.012354689256094394,0.021089521266024196,0.03191342362804333,0.01955867398759089,0.015154961620329092,-0.0009830899470023148,0.0438033007844267,0.012289356496042236,0.0061331705380341835,0.005153526905682422,0.005694124758605614,0.004914037213483883,-0.0021530527728692607,-0.0022414637434352504,0.0030696388860400876,0.0014154905811460431,0.021019038955997667,0.009287373611811712,0.015626753326214306,0.00922357839993445,0.006796820626138802,0.006601257463036924,0.0,0.002326029603179826,0.00915245015784075
2019-05-06,-0.015563042005809281,-0.005835313500467961,-0.006087452958372692,0.003281628456854372,-0.008167433972683921,-0.017417517876104002,0.0012147730661703946,-0.02520052905469143,-0.008909706401673146,0.0005635727092808293,0.0014797375938988265,-0.003777843675426023,0.03619816380650254,-0.00464771785176648,0.0027791722199576557,0.004975327671392071,-0.006745802206310179,-0.005155944322839764,-0.016656081825871118,0.006262061070907317,-0.005144670510413792,-0.003138286705619059,-0.006391134546064491,-0.004398451204222698,0.003715384400501485
2019-05-07,-0.027327178967079382,-0.02073619107998485,-0.015265430980200941,-0.012308752041109889,-0.021426785072289508,-0.03819590927482787,-0.03296477054208545,-0.017653554930415323,-0.016469953472031146,-0.015032746135707126,-0.012837670931929534,-0.009316695094634349,-0.010239187821136468,-0.024646528115416344,-0.01450318119849938,-0.011622841618247016,-0.023506142498742756,-0.03506920855539895,-0.021919613291512822,-0.01988435225484432,-0.009744031155314125,-0.010187298465422984,-0.021104037605138525,-0.005329727958224366,-0.011385693242173454
2019-05-08,0.0001971690053401588,-7.987898856182314e-05,-0.001682900422915642,-0.006877608138536797,-0.0012125733832051785,0.004668068378167452,-0.009026329942036213,-0.0006687017556312546,-0.0053142433412011365,-0.0012869311443270857,0.0034271766705227316,0.003527881630311102,0.004609999704866429,0.0020517847925406417,0.0011012171558051863,0.011548829351148267,-0.0010834116057958224,-0.000254921614464866,-0.016575672990442433,0.002934510371232525,-0.0031298337959141656,0.0003172274854092312,0.00037416150519812864,0.0015629179218578028,-0.00992094418194593
2019-05-09,-0.010802353845611215,-7.949630213460677e-05,-0.00937755492724011,-0.0024031706669204295,-0.0047068914610116416,-0.021680106849948852,-0.01174982922375762,-0.0034940600033989927,-0.0007993606196779068,-0.007611333882537203,-0.005926911917846489,-0.00793076144433369,-0.004946344384823409,-0.0030274660922167225,-8.183917803872188e-05,-0.010425391646590215,-0.003547059144921337,-0.003512446690193148,-0.004455908593073057,0.001231234259252594,-0.00944900818611182,0.00023796693210875874,-0.010339559060614009,-0.0009117305885579294,-0.0023079572672233518
2019-05-10,-0.013950556326390248,0.01290455291695179,-0.005219207390946392,-0.00028252085063660453,-0.0016442824517315438,-0.00808247069546394,-0.010218129749463936,0.00220320368756592,-8.864772413020767e-05,0.002303844272720714,0.005615617719184547,0.016837359723261978,0.010949468455564331,0.0,0.008605309342107008,0.003362996117494101,0.009706545427022888,0.02295767026318582,-0.004725175773946171,0.001966609637242914,0.01652924805556613,0.015429714810865264,0.008280111819495142,0.00865838100807527,0.023530609242467745
2019-05-13,-0.05987633474817653,-0.030184546211277384,-0.036258277894010836,-0.026952103416463258,-0.03677291882549571,-0.06339378831295894,-0.053642888692410726,-0.01937122996493003,-0.027574306426295235,-0.013393762462034086,-0.021255696079649788,0.0009429427645277535,-0.004331820127379303,-0.02203169243861791,-0.024755126996173365,-0.020349021923769747,-0.039479286828257416,-0.04338112203984085,-0.04469097338130587,-0.003690639607669654,-0.0029095960534512547,-0.006662062794941522,-0.03937044812131543,-0.011164389903703739,-0.020020981681369645
2019-05-14,0.01570588068301707,0.011125563732002925,0.009522776139087656,-0.010373890157749874,-0.004471909994281627,0.022404054703157386,0.023078626554257343,-0.006459489429927658,0.007917217987992706,-0.002773668670974112,0.018139813607788956,-0.004817960253689082,-0.013110071288335265,0.006702413301126621,0.018715150463397275,0.014062316021368843,0.015420177898842986,0.031620165781440744,0.0010132108643934178,0.002215977027731674,0.013231542791496262,0.0019641027018232533,0.013937374442236469,0.0013200019373937912,0.003996740601414941
2019-05-15,0.011908389060654655,0.013983900405114179,0.01672249340412612,0.04002870218965042,0.03019324253520153,-0.01529777623803465,-0.0015508662931841915,-0.0034918112399480897,-0.0038145029113475838,0.0006577080586074806,0.015975698692844202,0.010362639468832554,-0.0014814577301637069,0.0007303319074148291,0.012967455650883487,0.011050004434008961,0.0180803279021544,-0.019226020388745543,0.02677864000107533,0.011979366083635952,0.010013431099454767,0.01511147720706707,0.008041397225685388,0.0073598060254059135,-0.004096745835063392
2019-05-16,-0.0044095317246696806,0.022829092471489836,0.019276956121435686,0.011633424827813179,0.0038578627663243595,0.0038153130318583466,-0.015729859074043964,0.00809606322440975,0.01274830240489935,0.009450522787869491,0.014233301953514051,0.0131282280332009,0.0030030934093408495,0.0032282804834786794,0.01699296630415441,0.0060700225678246315,0.024020929482345858,0.021816354301612512,0.012095883294103302,0.01183682699201837,0.008100720358735537,0.007087712869878088,0.06443138083993029,-0.00013145820354372066,0.014215642248926566
2019-05-17,-0.0056982519846381936,-0.006692486599462835,-0.020426704771710495,-0.013360328988160634,-0.009079216721588292,-0.023112901103755138,-0.07879160253819237,-0.006668328606882244,-0.004863205909549638,0.0028898936161801253,-0.004742114222944096,-0.006123634865450049,0.019198770385254457,0.0010390220279952234,-0.0034390024974430946,-0.003400684862813573,-0.013134664261995211,-0.02498112515718537,-0.013618235141631437,-0.004090788671480677,-0.007693968463764128,0.0018404407249933577,0.007481412324614026,-0.005910291450380984,-0.004451741791054369
2019-05-20,-0.03176887911110369,-0.014550624302253118,-0.005380907843147097,-0.020852677693889345,-0.014021095979098955,-0.03101341048045152,-0.027235784386159697,-0.0026601421840538176,0.005222482809610054,-0.0013714638672126301,-0.003785613315843928,-0.0011175516101672065,0.018918332151531714,-0.008500163835864107,0.0037151501604244922,-0.008403065023022538,-0.01584759891191141,0.009080552921495254,-0.01804873823927686,0.0028895395632291213,-0.007139303560496424,-0.003992298745497015,-0.0060522188587392315,-0.0001319124234923755,0.006522590883061311
2019-05-21,0.018989293960412722,0.00537302480571224,-0.0007803291762345315,0.008507619400400545,0.011427452484065959,0.021577832471296635,-0.0013644301491681004,0.0031027870370130637,0.003407162267485402,-0.0021698822310484036,0.0023826656078442515,-0.008984291157207175,0.015930003410831898,0.002614946359342213,0.007349806882846689,0.0013434109445988143,0.009466738659918065,-0.0012829837778441553,0.017540736282679836,0.0019215323183619365,-0.0051309454439214825,-0.007257669011009242,0.00906435725189203,0.004600953638104114,-0.003947847655942885
2019-05-22,-0.020683920653482808,0.006049299134133438,0.001162183587495297,0.0012205824223552395,0.002701694058818426,-0.018616881292188414,-0.06210985897149923,-0.0037441885019558643,-0.008178026489832641,0.004622940132865343,0.0023164010689853114,0.003284808873767539,-0.0024034838017928,-0.01335576399790303,0.006012623622750314,-0.0017915372086892132,0.013395688360624975,0.01186917536083212,0.015294456448007383,0.007650274568870226,0.021375035715375808,0.007872968601269266,-0.014794016795391355,-0.009090306397220214,0.010917276955341806
2019-05-23,-0.017217227118486386,-0.011739447605184073,-0.024054523961227748,-0.009134438616452122,-0.02430548369793131,-0.03258815140352009,0.014218982156523499,-0.006437274134530319,-0.019867631816794445,0.007395202245562899,-0.016761611951539905,0.0003747571704011141,-0.0114554584103881,0.016224612076211734,-0.028306443001284685,-0.008402811775552374,-0.02722849610061436,-0.025246256217615774,-0.021126130502903278,-0.0016686212528893504,0.004020030362453718,-0.0007694197258304792,-0.027304104190976217,-0.0237039027113012,-0.0036259478765783165
2019-05-24,-0.003847749768173958,0.0004754551129955588,0.004287174525437958,-0.005893291584668538,0.0010499365797555652,-0.014839256255419483,-0.025174877946532528,0.0019355294478078362,0.009801007232027634,7.238741081918042e-05,0.0069721012963790685,-0.0006558532318382934,0.004573870471460149,0.008246889786971228,0.006983118588106262,0.00045202584795153976,0.0018942449439404599,0.005191088911688162,0.006170370698340621,0.0007156057009985944,-0.004826131656303309,-0.0036226273701133144,0.0033160667538190782,0.004192338804638904,0.007920382370964627
2019-05-28,-0.004143541748845397,-0.0006339261314777043,0.0071864058679742045,0.0008340183797297028,0.01779060658040084,-0.012618303844239039,-0.010175940821913167,-0.009915652113743283,-0.010906305967019051,-0.012902687080135259,0.006557536878230105,-0.02112328967666402,-0.022750201897075984,-0.01059366268358059,0.0077240753304809685,-0.0012812312244693696,0.012585646056374208,0.004391386555122404,0.0018888255121994536,-0.001192564582241503,-0.01033313962498197,-0.014545519275716158,-0.008125582856724982,-0.020312819582740928,-0.0024376128021550343
2019-05-29,-0.004780552296310868,-0.009717387130418177,-0.009432116847075527,-0.01736709469128342,-0.011569065373108499,-0.021081322488132905,0.006128515358594928,-0.00592635289925372,-0.002768134625700694,-0.04277834161640639,-0.006004341155599207,-0.002588017084323325,0.0014035690226837138,-0.00817704417382138,0.0005129525961906258,-0.00794882234912993,-0.017657203570248744,-0.014931582984199476,-0.016670653925179305,-0.004305418342819143,-0.01003031106160771,0.004222279850908623,-0.014004469673552962,-0.006216985527154828,-0.002933333523415413
2019-05-30,0.005173366965906495,0.00630307557277248,-0.0015788850263094745,0.0013117341390620726,0.004490690711914186,-0.007662328769273841,-0.008675443485018194,0.006126676075756396,-0.010777078695662749,0.00592171603966931,0.00018416672597866763,0.010882248157953987,0.004527952714056426,0.005720888988015122,0.0024815935986018116,0.004776991011197828,0.004124939147874207,0.017955527688159223,0.007588837478084698,0.004305418342819039,0.013080394407649656,0.0034268276043021503,0.0073068343763524205,-0.002636425426483625,0.0006852206732227745
2019-05-31,-0.018281798190483874,-0.016438891658611187,-0.022972616855778175,-0.013384984439114607,-0.030739178545552054,-0.026588860386653975,-0.016391213145480147,-0.011683118601738575,-0.01032771088129085,-0.007293243980651458,-0.008824624880576974,-0.02324363238721702,-0.0070062201923745656,-0.006458122566829421,-0.010678862831509038,-0.0012111617887166223,-0.013237999172742375,-0.027682759362728286,-0.024658572540858226,-0.009110976580161599,-0.002439552663439426,-0.0047541666719494394,-0.029168725342593106,-0.016814310019518268,-0.007366474234619292
2019-06-03,-0.010161618182725325,-0.031540109882940315,-0.04752091720062188,-0.06319332724474787,-0.07802089203382268,-0.012479571662318443,-0.034002173460743926,0.005757879445915809,0.004707766696239466,0.0022085135083542346,-0.017066645282126612,0.008610941542899016,-0.021908962338832116,-0.001475908655068476,-0.03739165031372204,0.003251512738659558,-0.044805846165553116,-0.04256815518195004,-0.019562064044523153,0.009587935461404427,0.017153045225599694,0.0076268602947697885,-0.004816693377856748,0.015562993451435966,0.0051130488963245365
2019-06-04,0.03593058904914361,0.027326935458621374,0.021548041312531258,0.015048637473795534,0.020202694201501073,0.06664797055961283,0.0785760501617263,0.015144604465468055,0.03034484151235211,0.017272546852003905,0.023245967558883716,0.008442267025704305,0.017598724081118903,0.029522087736450906,0.02816386714111549,0.017584345409180604,0.03668881896043764,0.03859739384480953,0.04861621334554894,0.007367916527530203,0.00040005367959699244,0.0006976497316856128,0.027618383163853014,0.02351118462187347,0.005867500371360761
2019-06-05,0.016014716632321527,0.0214473292522207,0.005155703373834923,-0.009384865132821654,0.003991908973420052,-0.012100926407173898,0.0153261559057241,0.008446822019200719,0.003547381601260322,0.0048487128370421064,0.01867500941363839,0.019394344929875126,0.008313877548987866,0.014338124927152876,0.02801700980740568,0.008272970389804525,0.015326090094493632,0.04935535758492496,0.006571504262242448,0.005902434813294906,0.015479675634108264,0.01781523572178478,0.02815524876986303,-0.008323667191215757,0.01797321981326022
2019-06-06,0.014574859165822684,0.01569097304291695,0.009081436911120979,0.002982205860833375,0.0009510469338901095,0.017540561965266013,0.04651304989708485,0.0072046832797439285,0.002176862248309169,0.016970823707434773,0.0092083767794553,0.006071457596058858,-0.003920803476004639,0.0024373496542206357,0.0061079173726388885,0.009299101969368636,0.007084726476766397,0.005475983603346245,0.00392782772285463,0.005399690594216413,0.012135627737437892,0.01177541107142671,0.00637208995976069,0.01806008194065236,0.006586175826977386
2019-06-07,0.026268708341543878,0.027623202978324143,0.027918906052417206,0.01947949959869887,0.02938632738103715,0.011891832093491515,-0.0070654213857223955,0.005065982296790276,-0.011023800998141242,0.013588759873206537,0.01857780770858182,0.012861808794623907,0.02026285915319947,0.0006589957300743,0.030443783900036128,0.006030927291469405,0.012152984938401836,0.012227990902151932,0.010417936380027774,0.00490506392218318,0.001749555576445429,0.011226066879927998,0.014951418495680569,0.003626879644000161,0.008997396117594599
2019-06-10,0.012698785017612728,0.009090894361098119,0.030892108542121512,0.013379393032859963,0.008444219041135613,0.019937237100150357,0.04016068793025789,0.006538058011435281,0.010751983583523094,0.0033868220846684396,0.0045179307246962005,-0.0004597884677279852,0.005536564245720607,0.003794440565439146,0.001127827195294227,-0.007051699193107506,0.007806638306727957,-0.05401564095949248,-0.02485824221429159,0.0034884034317235603,-0.0021385268625790255,0.0008985771776694074,0.008722710761973848,0.004414970611723487,0.01367187727387084
2019-06-11,0.01151291165344502,-0.0037775221662951068,0.0016485738255397314,-0.0015898256801772336,0.018588201792331456,0.01550944528455592,0.01962942455513551,-0.0025616813271586896,0.00307655736312029,0.005451796947326489,-0.002990109617340426,0.006052234735857782,-0.009190280579739958,-0.00020231709441415847,-0.009211499319623884,-0.014624699290093216,-0.015638541379092267,-0.017429672550896714,-0.0021044631014189206,-0.009330280018839001,-0.0009738726420076769,-0.0029234912129488203,0.012155582709051337,-0.0009349088575551611,0.0038989203110431254
2019-06-12,-0.003187730055544254,-0.004628808945374163,-0.004506557485555057,-0.0017960713054767407,-0.017330613404752948,-0.030647344612700418,-0.03678052946367268,-0.010019526902551765,-0.01282141719985105,0.013501184163478511,0.00748734737906167,0.0027389608496179254,-0.005587543392496788,0.004686176570220613,0.000720272933335609,0.004726711940867283,0.003075110952690579,0.007497717427384057,-0.016388844827109304,0.009562759273007723,0.00602102231755022,-0.00045046787736857733,-0.022130641367465412,-0.010882056819580837,0.008119541849797515
2019-06-13,-0.00020604377924695206,0.0062926598298253785,0.008041663860675924,0.010976362115760311,0.013787107115260568,0.013991982635102219,0.021977829297588538,0.002050973254359697,0.002468022564907631,-0.0068697690012786,-0.013139736876875143,0.011151910442935353,0.0018796141028141246,0.016995457759131593,-0.01009457796547511,0.043400472712720274,-0.0019525209963922536,0.00039661214349497644,-0.0061830196426562335,-0.013555123719489519,-0.0021487129039614136,-0.0015031913147909328,0.005533981944245441,0.008741705131390108,-0.0015635714399188964
2019-06-14,-0.0072889166641231014,0.0009819489218350565,-0.00033692003755475005,-0.0043265272668898845,0.021517143879201985,-0.024719592772658984,0.004710492177676777,0.0008289561130582222,0.0025530257716714676,-0.004416009822008431,0.0018285454181387695,0.002611484976510812,0.006090995165186963,0.016760197905711042,-0.004219926558495354,-0.0006352830659582159,-0.007337709783427108,-0.008827136204023107,-0.010832090874303325,0.006099332232195892,0.003514065880098357,-0.0015809312879280027,-0.025605142503246407,-0.004428389081045912,0.00385821701966872
2019-06-17,0.00594871954819623,0.0030156340055593166,0.008712154694986924,0.006962854246215288,0.04148114156658114,0.002692710712978143,0.045967846334089235,-0.008222481413477527,-0.00547848340414883,-0.004651017122761485,-0.0005897651531063404,-0.0018904108616760252,0.002442277028495771,0.005863311327771603,-0.0034660064875312504,-0.004812070887633038,0.004801083320195579,0.001864846968507127,0.03155185185057674,0.0028022949645515574,-0.008612443180914338,-0.0015835053095204893,0.011802269093304724,0.009903744578405923,0.0008246051168291768
2019-06-18,0.023246500507497655,0.01723850396823548,0.008100570364277153,0.010322338029710948,-0.0028610087060202817,0.052712722814930696,-0.0012895183084361763,0.012356985678537354,0.013549834818377965,0.005649740358436405,-0.0016525524384158952,-0.01260259106150013,-0.0010983248746842663,0.002412612141097922,-0.0015062432331668428,-0.01234788507193531,0.004272401101624403,0.001994117932516491,0.01836888641192718,0.004421017268573359,-0.004531403344088203,-0.0034770357747797827,0.011664264317311466,0.0086186274022795,0.004479273269190069
2019-06-19,-0.0029271986292825117,0.0039139283778401495,0.003894877641195274,-0.0006607205770478009,-0.005266632635746001,0.0015685446355748847,0.007491632206456829,0.0035856492676568565,-0.007252094300613559,0.001567550303378291,0.008294839525817327,0.007453824316511596,0.01810952225183965,0.002214408318445265,0.004087452737726798,0.01199333374697345,0.05082166466201593,0.023300319785494177,0.017762438662154812,0.009934637530979604,0.009434013988234593,0.005964125555669755,0.0014264701149770246,-0.005560685513158603,-0.00027402418121767595
2019-06-20,0.008003667116787915,0.00924299682240489,0.004912512407217872,0.00783689136124755,0.010875011109894193,0.006379789202643546,-0.030537099002804925,0.0062200027290691354,0.002543939259018991,0.012453627647420727,0.017711141222445603,0.01188344534490359,-0.009760127125029602,0.015792812911241832,0.02628026660800343,0.007775467635330697,0.03674651393023223,0.019657749394794123,0.004638179262061509,0.002296196065831746,0.010507957477920804,0.009812288136021094,0.02254811495938358,0.016982248256106915,0.00636539357542489
2019-06-21,-0.0034153516631427916,0.0001458678839749284,-0.0035983699946725073,0.010873117253472848,0.008458869887027676,-0.015301232864688019,0.010147814582238825,-0.00883523706229777,-0.006829213558914139,-0.0008444994869364618,-0.0017286379023994168,-0.004844267738239119,0.018078803422283338,-0.008843612356011572,-0.008733482716919485,-0.01268399758598537,-0.009244542124335564,-0.0022927431128672324,0.010893098605500964,0.001604060114902437,-0.002131406498640605,-0.0014914746322630874,-0.006641209297827229,0.013998538707176314,0.0073155003385690824
2019-06-24,-0.0010065928183103244,0.0058959593875894814,0.0013593775173540569,-0.00773383287407549,0.007609552348793693,0.005912964764753956,0.007991062700448779,0.003098822843812554,-0.007153295701131975,0.006803341161099573,0.0023614722464714434,0.010110557304733508,-0.010519499802832469,-0.01875256847711346,0.003133154197753564,-0.007228552907360053,0.0018024322684253473,-0.02766836322430169,0.004944249273810831,0.002058959826331106,0.007151651605837051,0.0013425320301490766,0.0026268465835633317,-0.009570377555980723,0.0009893889894584968
2019-06-25,-0.015273572416882413,-0.03208102070808673,-0.018791923549513204,-0.026422936588032964,-0.019715671319682302,-0.007759842579726718,-0.017501531619481567,0.005880674332848802,-0.008316726341012303,0.00821449058189908,-0.014893172937554907,-0.005445340355743603,-0.00796328509675712,-0.0037051979712379086,-0.021219050459049715,0.005158604831062287,-0.04049271884119941,-0.021332219152858153,-0.029372892100823878,0.0,-0.0030862655599646345,-0.002463072403476657,-0.019424890441530458,-0.008876154487474966,-0.0046853873181497184
2019-06-26,0.021398629070538494,0.003740121049221785,0.010360034971862483,-0.006697876433073887,-0.006268171736120567,0.05008454785483228,-0.002232228297383763,0.0021123786273482994,0.006659092427297185,-0.016707999110579016,-0.001285452724548144,-0.01797301332522328,-0.01706291208200608,0.008172087229819448,0.006026744163115197,0.0032814661512144587,0.0026010522799663582,-0.002010825674131206,0.00525959527791279,-0.017752996824883648,-0.012441937025152885,-0.011197663104049098,0.009229727363244329,0.004317014846696307,-0.005070315806023142
2019-06-27,-0.0003003619759218805,0.00164125624098873,0.0033927983928228453,-0.0034212799171758086,0.009757184587238206,0.024622048490860422,0.016150172309638413,0.016693654621586087,0.003313033269328365,-0.008211501316885523,0.0009934494402629684,0.0004558062946995994,0.011718976048462521,0.0029026606742935113,-0.0007655376823617749,-0.007865538945848688,0.015499956918330234,0.011010042266026601,0.021360449388509083,0.010183064910737725,-0.0007826245112795593,-0.004772409855437929,-0.01549070264221419,-0.010234778841671083,-0.0005450130271778004
2019-06-28,-0.009153529420160301,-0.0014167424110015665,-0.005608294946465263,0.005714308184457533,0.018301325006872864,0.006108131062248034,0.0027783929288936193,0.005409330859289841,0.026832673254298427,-0.010072851791341425,0.013457817270830489,-0.0011849973010802544,-0.00950344505800157,0.0045781409246679365,0.013051323653771981,0.002437604154070412,0.004830869088616376,0.006877750567780137,-0.007323668166639886,-0.002536013442050582,-0.0031373736351144633,-0.004261776310882343,-0.018106388022146234,0.0106263738512638,0.0035358615770989857
2019-07-01,0.018174387818684874,0.012757583912087448,0.014969473796872794,0.01575998451446657,0.0,0.011743083843788846,0.016466221724361078,0.006779038892556464,0.016675866760598228,0.0005743478027476933,0.002244801339576498,0.007631515287167256,-0.005630313926360423,0.011045989846992618,0.008431890329622991,0.014291568880111185,0.021222405494060858,0.01523946742739729,0.019625405196213506,0.010334253499332403,0.013265661044178433,0.005627434433256178,0.00018255164262825774,-0.0009136434553241303,0.001175961551769592
2019-07-02,0.005837588681547597,0.006611130640655657,0.006285541940847791,0.01138937375054143,0.010309256061634556,-0.023996648029095066,-0.011600218839631889,-0.0003728298729759879,0.0010551551289041017,0.004796319021596099,0.007674444847573079,0.008920065303477685,0.005466285660978351,-0.0006658829272481561,0.014144289467543831,0.006193554777135657,0.0013945596810518196,0.000389456739906654,0.002213250638250386,0.010228673308969694,0.007337404208415268,0.004237769867248991,0.019358575482865965,-0.01103262709949352,0.008820096974978101
2019-07-03,0.00825280090535029,0.006422855560253426,0.0024216723035965513,0.009295257192684425,0.011218839293627417,0.0032005031704029022,0.04506146454972541,0.0028857845504037696,-0.0015941542087517626,0.014955777306138007,0.009030028348121949,0.023055179868268293,0.005069686647194146,0.0092841169914752,0.009233810945560823,0.003151945829765638,0.014199113083620535,0.009492824292847889,0.01661536252573558,0.004062128438331233,0.0023058255267765135,0.011710821081310533,0.018224601645935822,0.009463960417759099,0.006430917101168429
2019-07-05,-0.0008810197440885026,-0.0029144098095232863,0.0020145063009627206,0.0085829298908667,-0.004065080078489465,-0.015604943896031055,-0.007692338334116885,0.0004181888823980069,0.005921144267411958,-0.01110695764996098,-0.00118764187591099,-0.008185887242672052,0.00723288547228736,-0.0030221505405166097,-0.0034481752881230306,0.002460202966824513,-0.0056423229182659485,-0.006512318141218652,-0.0030697960011065177,-0.010869521711753906,0.00019226452780504055,-0.007265456086618724,0.0021222959873846855,-0.004063672870362826,-0.0030316970778538135
2019-07-08,-0.02082936334060095,-0.0007301387416296498,0.004831530386180489,-0.014119374374376874,-0.003264019760909367,-0.019027811325592177,-0.01191106882403326,-0.0005576240482152169,-0.005478086714929577,0.0028415710961477102,-0.00266439740665999,0.00792260949710145,0.0034355551915575904,0.006833578669747162,-0.00213617799161442,-0.0100893369111263,-0.003493157336649882,-0.011516711992201892,-0.011602967923154312,-0.014217266372660771,-0.002113070969209702,-0.003464155028722614,-0.007270313036777869,0.004586812566232754,0.006586527365405994
2019-07-09,0.006080934658900398,-0.0036570480547799857,0.018261630021034286,0.006693351920475235,0.017470304498689863,0.0006358559494072903,-0.0012163699243967914,-0.0017679583952602209,0.0042438632644889685,0.0031164237877864343,0.008702815184976901,-0.010045943855243917,-0.007451922312266777,-0.004283101130363047,0.0077492437034118525,0.004175004670469359,0.004216631380219943,0.00743255204180582,0.009972411218934048,0.0016151011540935624,-0.00791622505281318,-0.006205042079400479,0.0026661473225533423,-0.0006537973430598188,0.0014181111974966003
2019-07-10,0.009840055503926014,0.010134841628060328,0.01453448569859851,0.014674466685831793,0.017515308446960764,0.017330533546079555,0.03778869128614836,-0.0033583744553135463,-0.0029159482557812896,-0.0014154532252837909,0.008850594972499492,0.00741198869784394,0.005998234337121819,-0.005913566403567053,0.007435487964222331,0.013536896378827544,0.009097214720178472,0.014957548405544108,0.002812309048870246,0.01578477505375522,0.0044486889086523315,0.020064497024344825,0.013924507540964467,0.014031746236963391,0.0008859822480737741
2019-07-11,-0.0073091505724583675,0.003981530625194613,-0.008132486532284676,0.0027745482649646556,-0.007426545917613885,0.03812457545926885,-0.0013402808651119414,-0.004026225553593433,0.009510811522769598,-0.007820154746304415,0.007943431901860833,0.00552333909161506,0.05380355011006373,0.015490114233103024,0.010619415596043017,0.0001393311853630945,0.0020176228001892245,0.01668971636839236,-0.003944718137894239,-0.024817581492566902,0.004236229485363786,-0.00044648138268563766,0.002971326984833112,0.0007734446077373355,0.008285199639648091
2019-07-12,0.007653652094513598,0.003606229014831997,0.004950130483804872,0.0011007362132877067,0.017927357758441436,0.007966429115082977,0.02679618785170417,0.004353263247958546,0.010461826373666612,-0.042352001476261183,-0.0022709930608031544,0.005318723096399973,0.0179870059774242,0.01938670277750873,0.004374137183352461,0.009152873660293558,0.0058993632135199234,-0.005173844190623153,-0.016606160079750482,-0.01358648624844195,0.0015362455917884606,-0.007996403569888875,0.01127988743779481,0.0007735165379644325,0.005951548392946824
2019-07-15,0.00935114499940263,0.0,0.004955344390456677,0.004503870374260579,-0.004697010412442699,-0.002030471049401337,0.033779097347802406,-0.0026190867940547626,-0.012216342435066864,0.0030485128543158474,0.001329840614245623,0.00425233527561784,0.0002257431880484858,0.002150994812128812,-0.0006085322671308033,0.0012418060344777631,-0.002135312977204351,0.009882611230141768,-0.01797712561638039,0.008220678884187595,0.0001916513892276363,0.006506341628536295,0.0017241541408166635,-0.007110141928196167,0.0033104924289153372
2019-07-16,-0.0034659567186128446,-0.013189545310377441,-0.00550248861151783,0.002560779650531976,-0.00034351363032366256,-0.0011364732818235856,-0.004427953346815866,-0.003095487703003563,0.010654012969693698,-0.01654157393451679,-0.007002279455303237,0.003544152096683313,-0.0049000279606801695,-0.006605874516205309,-0.00989242493360336,-0.005253243713211833,-0.009960038881987427,-0.015910420151679486,-0.0016653473023938803,0.00233636914891411,0.00019206400059334326,-0.002612280006003782,-0.007435079072641891,-0.015031868532354276,-0.0019150800154794203
2019-07-17,-0.005639524201554848,-0.005926512598429543,-0.00893076292309193,-0.00584302914596486,-0.010058079196216617,0.01561809963233487,0.009778567486270942,-0.025838317538292598,-0.009864176133293939,-0.004842221490156593,-0.0008931011768829427,0.00043111233382673285,0.007491199804367375,-0.00762330349748097,-0.0048555393467431,-0.012061243446454754,0.011998395514079918,0.0070394389341242435,-0.00974705490116737,-0.002570319517158236,0.0007666301573790397,-0.007652573208667451,-0.007140908548280936,-0.005944547245363972,-0.00139541241343586
2019-07-18,0.01129592111739006,0.0011002524102271423,-0.0071185921362067655,0.00043599880682013023,-0.005067462392141437,0.0027656817845866147,-0.005192847091315009,0.0025515686213681346,0.005947720063115172,0.0015913603594680595,0.007673892851153131,0.0021334990858592464,-0.022950463313305615,-0.005441448668758888,0.005434038810472073,-0.0066150791775460936,0.0022276210560280315,-0.0016444433592106733,-0.1083878043466093,0.007459332708125533,-0.002878664057049998,0.0007530307584686128,0.00922150139878249,-0.008514992366908761,0.0010465222111754665
2019-07-19,-0.015040318910720423,0.001464687444946789,-0.006787722315432412,-0.013770670054686476,-0.012126126182075056,-0.010277233234597604,0.018135442365715914,-0.009711367646440995,-0.00990331887614581,-0.013415666105614427,-0.007171397397486532,-0.0037319353233403797,-0.015273290978262308,-0.006549972001888432,-0.00427232290630764,-0.012647670876932252,-0.010406096172942518,-0.007816369237347194,-0.03158106866617641,-0.006757645737721202,-0.012377062560645503,-0.0212200841860282,-0.006602989502346606,0.002002198006191411,-0.007173233888488136
2019-07-22,0.022596906191853904,0.013161508078048207,0.010688342420228144,0.006746588155782496,0.019767054811766212,0.01695355690254724,-0.009730316261804303,-0.005501364326544976,0.00640893157440561,-0.012898621436087842,0.007392885178519534,0.002518327428939802,-0.005195783848542094,-0.008343139463573592,0.010862150829630135,0.007053920501072951,0.005459675979143216,0.006042378123499567,-0.014319747042890503,0.0011686437324626522,-0.0033131636541741606,0.0014595613289638482,0.006429718225724911,0.0010662205090273148,-0.00952722575141361
2019-07-23,0.007787424299736267,0.0061935241861115235,0.00445214230282264,0.00772982124308063,0.0001976848984409931,0.025017378958336528,0.01740861417421435,0.007877552839968835,0.018124601397107955,0.0015535132517121373,0.0018258691938120419,-0.012655381171280261,-0.001214741572426984,0.008531015564480202,0.0012916100487890912,0.0029777060688287635,-0.002173752678921252,-0.009237182889147736,-0.010745854743995701,0.006285668796138721,0.05894637197809537,0.003524458779075299,-0.0003463098429692441,0.003988301510931661,-0.006491886183839257
2019-07-24,-0.0008143712622742758,0.010214044443190759,0.003163662575726461,-0.007273460186602062,0.011301841105805996,0.016934217543282913,0.01794158228530698,0.007287122843024499,0.004031206345784511,0.007269499767817271,0.013343532554587796,-0.011040329492226456,-0.015332199308596875,0.007620509865622181,0.004577683082987617,0.0002124179307404335,0.007732738214302654,0.022152891480572295,0.034038251169592845,-0.0046522844060168395,-0.0101751358537875,-0.011771416467757671,-0.008352502876041756,-0.00013244367989842732,-0.0008032663973768523
2019-07-25,-0.007938858486713668,-0.0037735891658026086,-0.013581296228977947,-0.0033308171865671444,-0.01948909448052259,-0.029998885184319996,-0.14634118145360764,-0.00033667889341381827,-0.009633019545750394,0.010271975293366228,-0.0095363447748497,0.0015086774277655896,-0.009723486618174414,0.003904514781700144,-0.0032168052926034255,0.013497464918880812,-0.004975706638221978,-0.0025069455309816883,0.02644472151176035,-0.005142707438678476,-0.013289844626652551,-0.0017039810214894869,-0.010715875373491246,-0.005722421045956446,0.0019623397851748093
2019-07-26,0.0034718526329488926,0.008169717682997887,-0.015711904843454392,0.09185168550111097,-0.004794520131853518,0.009700322421999663,-0.0034146189824959317,0.009574032242352693,0.004397970907276837,-0.0029786200017069254,0.01149810525702418,0.01723123908213042,0.01690514403000525,0.006289588076677263,0.009689787627370886,0.01000511528637601,0.008193523345799576,0.003883023629794842,0.02814873032993788,0.009794991844695214,0.02051556024090236,0.01714025798671294,-0.001590428133155762,-0.0016027486098920143,0.007103484405281038
2019-07-29,0.00929544451425741,-0.0021958209908892667,-0.01587374871748098,-0.002718183119228343,-0.019258020625026826,-0.001428615397948347,0.033335690122837366,-0.006164714766382992,-0.003188509359498788,0.017365404261992064,-0.00261662414288563,0.011008534647998695,0.003473070984299479,0.005195836623028926,-0.0022356883375846894,0.01195720586768874,-0.013096560153079239,-0.023785050943304187,-0.009214960467934543,-0.038803082006604296,-0.0033283122595381765,0.002359444183261451,0.007050624947180688,0.007059263604946643,-0.006657621526707284
2019-07-30,-0.004301578433663614,-0.004833218289699875,-0.0073052312577508716,-0.011207281976300547,0.0055981637489519375,0.003596598930837657,0.02715478226865056,-0.003842294027635287,-0.002246946073818289,-0.007091875379800852,-0.009212084934482325,0.03731250947782213,0.00436340759466691,-0.003123345080607186,-0.011722936326138475,-0.010023491287475662,-0.011721269903038178,0.00478985778731299,-0.020558608279470845,-0.06632559740567733,-0.00501359330551204,-0.008014760481223085,-0.008112812206304573,0.0001328928688785942,-0.001872545106568197
2019-07-31,0.020198859541929192,-0.02950110579913054,-0.016864897630143417,-0.0080123683968576,-0.014363632399485293,-0.03911361528354513,-0.0026867746162287836,-0.011518881303054326,0.0035407252008115217,-0.01418234925413754,-0.019637558508718445,-0.01987899576601972,-0.02349573611322316,-0.017028504563097884,-0.02140178669113473,-0.013336206171262924,-0.015867650092479355,-0.015796913384869684,-0.009061232126862316,0.0012879037225563528,-0.020499018311047088,-0.020675267732228365,-0.01912998650167628,-0.01322583111202836,-0.01510543715821545
2019-08-01,-0.02187673945270102,0.013049922817801516,-0.0061578127469772434,-0.005284041612185401,-0.007752892422600148,-0.022779624158824344,-0.032644893450348864,-0.018274252053315194,-0.026733198373700084,0.0005375821571566404,0.006551729760990307,-0.01115999375359922,0.0009631780482642687,-0.004032602175783909,0.006916966466208793,-0.00814435832269247,-0.0014062715149929,-0.02417345433860586,-0.010864058680391784,-0.005994787053624237,-0.011465801647640566,-0.005255784274570199,-0.00018042244964934658,-0.025883353981347848,-0.009101112744157102
2019-08-02,-0.021385016340635745,-0.008437354659531191,-0.017442009143555034,-0.012840351633566137,-0.01943730523909102,-0.022877028940675545,0.002093199627884857,0.004747975898568901,-8.89140704506477e-05,0.005968491921990952,-0.009815215346880917,-0.002487593392805452,0.0032046849849824153,-0.0032003485520380485,-0.017328776451667065,-0.0009874942768751248,-0.015976058903333444,-0.03447101607978936,-0.0020992705085811276,-0.006557445340720438,0.005749333809733657,0.00611596722641623,-0.03940138344836919,-0.00984675634071352,0.0001835525413362283
2019-08-05,-0.05376764674917956,-0.03485908729219801,-0.03239082144570347,-0.035366186782239455,-0.03933072346742061,-0.06669562611628822,-0.026024991318455336,-0.024676589371373556,-0.030204409417821706,-0.006966866471885986,-0.049449750525920946,-0.02928026385373802,-0.0201580313863746,-0.03457632463790192,-0.0479296611095244,-0.024357504912171087,-0.046518417497088564,-0.019964541544381743,-0.035760249181224925,-0.027749954489679245,-0.01307947812095723,-0.027902708008097927,-0.03594346661413499,-0.020700757379205494,-0.03327181035814258
2019-08-06,0.018753403540337582,0.01858412886559521,0.012778275729818725,0.014042593595590451,0.015181553050184277,0.010292263149105562,0.010586762848221487,0.014161165307816668,0.007818192519880317,0.004675750296101636,0.021211109683409703,0.010555785922413201,0.01305413774051712,0.018659605141506313,0.030068576446320654,0.025485879482894915,0.020651337874041102,-0.00014007278603819765,0.007997055480355078,-0.0002703964729772511,0.011932252705754173,0.01634474285506346,0.023661669366581078,0.009629264491363202,0.013609790996046273
2019-08-07,0.010301845103796666,0.004370696052927024,0.003110618555960309,0.004115992601176122,0.0034626069920102682,0.010057525427365656,0.011504500337382999,-0.011736498850605976,-0.021972988477181002,-0.004291718308671923,0.016331765404624495,0.010791979772087639,-0.007397999539045619,-0.004271496945543285,0.017341481214268626,-0.05067389676929235,0.00977007460034569,-0.008156446238668631,-0.018913611349786367,-0.010064138071975866,0.017259656804421954,0.010463038376133542,-0.004955339568929795,-0.0065035805048405315,0.00863175449581795
2019-08-08,0.021816201340456948,0.026335600729540495,0.021780725021871127,0.02542427175733448,0.026699531744324562,0.028001305093450217,0.020691055468529226,0.011586905119810996,0.016797958854733553,0.011226407792742183,0.025788103354300155,0.016484186557567723,0.004736135666653021,0.017450702763391397,0.03190170926663891,0.022218954162972242,0.02985910287022065,0.015274183142757717,0.03744449050077772,0.007896694351492466,0.009544317686388092,0.01313912351921369,0.015545533150922122,0.026317254687360233,0.007863583261752155
2019-08-09,-0.008274481079973105,-0.008531783453878611,-0.013905054350440298,-0.014438133630414332,-0.012222019109550106,-0.026118341551806288,-0.01390239815697271,-0.007357948924268784,-0.0010925932467489863,0.002729880107640676,-0.004735996720553836,-0.005635738844389149,0.0040706990410528734,-0.007353126418390163,-0.011175645156274162,0.004558736080303488,-0.009956081226728775,-0.003134303123541865,-0.02231100998106124,-0.014204291158965146,-0.005041504000333042,-0.00674217659239082,-0.013827183410305274,-0.021506314521270966,-0.011492176119527308
2019-08-12,-0.0025408346484423997,-0.014040765417547504,-0.012615288866911465,-0.012186082240350294,-0.013289880749677581,-0.01786533259170915,-0.025862371865183108,-0.009439084775881616,-0.018950260451620547,-0.0008334599198347202,-0.015251218739144612,-0.0064432074318936505,-0.02208174752743057,-0.014435781269676711,-0.018167494402995723,-0.020199899462706013,-0.021184013139427048,-0.018656437190885555,0.0061314421653882265,-0.026764947235030086,-0.004126657044005517,-0.0019460639209723754,-0.017120915276965132,-0.004870967358277854,-0.0193886604676464
2019-08-13,0.041476281269282225,0.020482336620845743,0.021844688318190798,0.01875027438571197,0.016478793580820654,0.02992090527684267,0.025819883534249913,0.008081699396825247,0.015298268590331978,0.01123083815900126,0.012790882073670658,0.010459715990378378,0.024451894582063653,0.00635634693492677,0.016639095401692294,0.009238838700734327,0.015537830981476378,0.02220770526129428,0.0046540969517242575,-0.005383059621490253,0.00562298377689095,0.012234926962102249,0.022636749519398924,0.012275205313658805,0.02059992727569302
2019-08-14,-0.030216982281843264,-0.03057700883163048,-0.03422406490530883,-0.02751559724673657,-0.04748821900165668,-0.03907467866120574,-0.06768680255284285,-0.015053890551889097,-0.04240852458623733,-0.023969852298554088,-0.02896949190610018,-0.012530160039495742,-0.024451894582063653,-0.03288757588563988,-0.027250811311046744,-0.030833022724260424,-0.032976340566710796,-0.029339414384473024,-0.04308886652953053,-0.027651566995850484,-0.009578111611739942,-0.006253811334173744,-0.04084560727266269,-0.04112346145635186,-0.011329023871874185
2019-08-15,-0.00499397864296187,-0.002241301542324483,0.007436962772528972,0.004345229603687628,0.015898672721751307,-0.008700545117024288,-0.01828835317150209,0.012686661739683844,0.0038097232077649833,0.0021471616298727745,0.017223464197072366,0.013723441990622426,0.004308114701844876,0.000991712908775999,0.017587454062257247,0.004206274935905794,-0.0033547437406595887,0.01710198928565679,-0.011263053393592019,0.006984605470355255,0.016470516199027677,0.012315629677484117,-0.09008784812959146,-0.005930404476767923,0.05931658395396128
2019-08-16,0.023320833865248775,0.018161152888071054,0.009219158337593528,0.008422235233491598,0.006060828938536424,0.07001905943096565,0.019744444624820005,0.007084941157802435,0.023671945293035394,0.006262070290524841,0.011057983857158095,0.015133378915146812,0.005878409389748942,0.009175431001314101,0.009043485308850182,0.013328086916403366,0.01662736749991468,0.01230683062224324,0.023524222388601652,0.004918637935122317,0.009974031571384896,0.007924498766322683,0.015234830271518025,0.015492935182744031,0.0026582574939593975
2019-08-19,0.018472440480250762,0.01660959047636841,0.013051989159110924,0.017843445369019603,0.013356283478398286,0.06795624685121107,0.030845997748934404,0.006089976439613691,0.008964481848986081,0.006752295533264615,0.0084365202876504,0.00885442914092013,-0.003996913649411219,0.0208946283596963,0.013431891777667515,0.0006654338727859091,0.0018073377466257758,-0.0015300829411745423,0.021497741690991966,0.015180016911971843,0.00513310744080169,0.006128606195889558,0.03226754471926712,0.016697222895242794,0.0072310830484188125
2019-08-20,4.746196752327834e-05,-0.008343017828385363,-0.00814931406190375,-0.01418653634696445,-0.012757645915384893,-0.017186526090052102,-0.004285505421123639,-0.01398207935015241,-0.012777887348886515,-0.012554843842026441,-0.0027859669616428074,-0.011206662356986146,-0.01876849680163911,0.043014436744663265,-0.0037110299367956586,-0.001183286941141975,-0.007879031815957071,0.01293195011484108,-0.0341601523016897,-0.016334931214403093,-0.014921625995324763,-0.0038542546846158632,-0.011822254392394638,-0.00606602426224378,-0.015584838271420771
2019-08-21,0.010780260849249863,0.011084988000739038,0.012226647744316171,0.006778591717251817,-0.0014156156431354865,0.019818001408973124,-0.022522132632969767,0.0054858669417284294,0.002791646420611892,0.00709589530111063,0.009440030359285265,0.002519680532225915,0.0007908196992017009,0.015131852421228878,0.017780606836473423,0.004651398861783412,0.020165631793214185,0.01256316922081845,-0.003954429748092325,0.007484114495121357,0.004074682178211561,0.002117939103943469,0.017373838476920485,0.00994615929744406,-0.00026795936240559237
2019-08-22,-0.0008468371625348976,-0.0073035911069005855,-0.01040746095441238,-5.03555229139824e-05,-0.008260513609433405,0.0014585461705089477,0.005959674684834935,0.008844474961818831,0.010262098569782331,-0.001978614065305564,-0.004708831584888281,0.0018442390668369068,-0.031315233298536437,0.002809435522374779,-0.004406764850974647,0.002354212450783488,-0.01325939224907198,0.005818353488007071,-0.0029592563713158144,0.006004194177714424,0.0071830431335515015,0.0024149512445019233,-0.012171600093007964,-0.002153648596361865,-0.0009826097243648686
2019-08-23,-0.04732293266655332,-0.032380939693179046,-0.030973573737141446,-0.03235953485698268,-0.023848433849810103,-0.05415771023922104,-0.04960079059483937,-0.019339030326010764,-0.02514769837363172,-0.02733757588295328,-0.02735719112799678,-0.01774145116821563,-0.00983605996272579,-0.016192618686519857,-0.03213818913522077,-0.032944084455023226,-0.018417372718606547,0.022215065852334008,-0.018662325699772307,-0.021320281540143572,-0.013859439618603978,-0.018180046774575232,-0.03312866176432781,-0.03035413749065925,-0.009697123310701798
2019-08-26,0.018821026756415025,0.015325241186923818,0.010942233772083079,0.01514145702425625,0.014576690753398467,0.01836064029797266,0.01688593882877674,0.01530125122609578,0.00798513815646424,0.00801316269988175,0.013378208653213939,0.01690365812093013,0.0018189137695141285,0.005411647433094692,0.016560163304632995,0.02208294607278904,0.02206044808802233,0.023280344551723405,0.01207340820545039,0.014455158802655934,0.01477688885451888,0.02628830436745866,0.010457906336403608,0.005319849462908335,0.010412037634572099
2019-08-27,-0.011347917255301609,0.0021386440785708025,-0.003987853398843467,-0.0003073696243095902,0.005198420122457552,-0.022308602664593915,-0.004288207091923697,-0.00928367390579334,-0.010629890343098062,0.014294807300232833,0.004438466909885804,0.010255704802253978,-0.03590610202787075,-0.002014513405481242,0.0007595255904205316,-0.0008919059258064042,0.002456017318057215,-0.010171369092198576,-0.013481153353375576,-0.014455158802656002,0.00329497474404622,0.007597918911617633,-0.006603436972346629,-0.00977504624778166,0.003832106504613992
2019-08-28,0.006688064011158871,-0.0013268094138725278,0.001372654229947393,0.00249937471883987,0.002533947667379856,-0.0026015320385663105,0.007028701855971562,0.01053164613220068,0.009974698710846346,-0.0074327998874596495,0.0016242793858157515,0.0070260431945257775,0.01963296475892143,0.016994164730070028,0.005766836503647749,0.01520105709659516,-0.025614637769919065,-0.011395047096889696,0.0025394455663196778,0.021320281540143468,0.0071017718956734735,0.0031856805099451397,0.0017082628632828236,0.007266427764776236,0.0026650787442917957
2019-08-29,0.016789875811534596,0.018708314368234957,0.012476729930588952,0.017306441022722854,0.020745203374292472,0.03522367989582413,0.027991764077430346,0.01362587682185161,0.02240639224015671,-0.0034249752203412594,0.013895336755978644,-0.0018137598715718135,0.014280775033160983,0.02390667873980496,0.011221813757778717,0.009402693864403696,0.01582422752886185,0.026645737264909423,0.017025284382856505,0.007101497763758936,-0.0010894076651827868,0.006120689045834482,0.00849801119800284,0.011020839073959229,0.011992978574481413
2019-08-30,-0.0012924532509786882,-0.001884081444210977,-0.0056755109689405545,-0.003111536096605147,0.0005386048525022583,0.0030492719864384323,0.01743757434314575,0.0010329639321477284,0.005842461312243489,0.0009351898218080973,-0.0019334478177385505,-0.00787044831754034,0.0145497098197869,0.0025921919591436883,-3.515408192210384e-05,-0.004216749308729816,-0.007423765799239915,0.0008974076717555504,-0.010262041152833414,0.006207372231910653,-0.00018148474318134745,0.005206154977719442,-0.009778661084015596,0.0007303120075433296,0.001576483791240237
2019-09-03,-0.014670733640175317,-0.01328938503514679,0.007599287077514432,-0.01777946701758164,-0.01782370880487497,-0.02014063705716975,-0.002662996693731353,-0.01241642317795731,-0.011903728960420938,0.0029560329197605433,-0.008999929015834213,0.009354834136583324,-0.014549709819786939,-0.016992326506001437,-0.004488111765054586,-0.006945291168872192,-0.007266849668260813,-0.02163306103823934,-0.015299390730402505,0.01590681030468002,0.004712422591307852,0.0053248306539342,-0.006644781501976884,0.0011672711307302427,0.003320381937605044
2019-09-04,0.016824375854952733,0.011619606971899534,0.006004836143353969,0.010817134791416274,0.025709820910242143,0.027575523973491257,-0.01943116129601614,0.00640062001399747,0.011995044193804249,0.0009317014703032959,0.014239990205317802,0.015128737425080705,-0.017011442527187372,0.006445059108400031,0.021158750298854993,0.01152456113405227,0.007583120112046155,-0.001769218333158196,0.007678953999434356,-0.008061172405751516,0.008463348677708883,0.012219624425813194,0.017480744931080414,0.010591542321324907,0.011017246182482716
2019-09-05,0.01936286233251752,0.017430856882506937,0.022025802871529235,0.024992340049885417,0.01989275647964737,0.06303358764085099,0.03953785869897743,0.010087938374839515,0.02249895629967437,-0.0021751323280119208,0.016152979898933936,-0.00365888847750072,0.012535142811809874,0.017687700257915863,0.02068634462115081,0.006865981767103919,0.011007340500296418,0.00855571720078617,0.00591688482287449,0.014133568896573134,-0.011723709606033236,-0.016157778397042983,0.022979732022647026,0.014044342672219443,-0.0040633705919400805
2019-09-06,-9.392420546804155e-05,-0.006806596580211582,-0.00392468200476568,-0.004854137752476319,-0.01802432766947106,-0.006082753057944582,-0.00932113182298983,0.0023962171668676087,0.0021333397459740743,-0.0028816903969325933,0.005452615347880649,0.0008955452840574261,-0.002573056307659549,0.012977224556980525,-0.0023994140073638763,0.0051010774631349825,-0.009813407244765095,-0.0177146804303502,-0.010558548589208818,0.0043932149815571,0.001993922422086382,0.010170097776141468,0.008636452425728216,0.009348374122861984,-0.006169118890958218
2019-09-09,0.004258197774608597,-0.011423821162088739,-0.001178781440171449,-0.0008708110633304484,0.006750966254179842,0.010302030708483671,0.018901418181459875,0.009189316793722294,0.024474001818312344,-0.009876494307906115,-0.022816745132565285,-0.005713272314581655,0.007309406228948133,0.007499726221755099,-0.02791028058768093,-0.005172939221964869,-0.019992211111901536,-0.010179569758781683,0.01426859729330743,0.009000523808128958,-0.01293857950119691,-0.007086378032296606,-0.005337469313621337,0.00786415230092228,0.013849577748694223
2019-09-10,0.011743578975288034,-0.010526167364314321,-0.005914756798134451,0.0003565181519507303,-0.013816164921990177,0.014738852950881627,0.016048960489895236,0.008146009286309916,0.012657853603353305,0.02027374908222328,-0.029060509454456034,-0.018922277092509404,0.0076867218853421924,0.0005580630255751708,-0.03970355122230308,-0.022140768624765602,-0.011378392710179557,0.0007352513055555231,-0.021809812361204804,0.014822963781637714,-0.0022037067536634855,-0.003966600472437734,0.012884991852111548,0.00808005790985038,-0.002410081906440811
2019-09-11,0.03130007734100214,0.00029331747016766605,0.0013393751130937493,0.011790768213296011,0.012384666916547975,0.006258093116148992,0.047912327846942035,0.012404176485136958,0.0027344984620719004,0.01242718880226196,-0.007799111681171636,0.011528200389320939,0.007500155642619404,-0.001460077846158797,-0.008777497110899033,0.002941540490120773,0.005921392558430866,0.02923755703161891,0.0009717794190150694,0.0008020113759811885,0.0067785893649506025,0.0036734132447016304,0.016525989520106244,-0.001944136030865511,-0.0002583981296501448
2019-09-12,-0.002238609900121063,0.010232849894146785,0.011215049350112213,0.012195795859337775,-0.0054261861488472535,-0.00032542502949221353,-0.0049902167042224325,0.0021786096350643763,0.006125010355909658,-0.005657492442598912,0.016999310423173333,0.012293310383440241,-0.017704202438276986,0.004888090987473647,0.02361200699506104,0.009572904299167012,0.0008635849390458899,0.0042741738531553814,0.0020446012677614264,-0.0034806504672591646,0.006188605213204128,0.006796772657209454,-0.0020006326321797573,0.0006948599874862153,0.007727119802460546
2019-09-13,-0.01964580761771297,-0.0014553227159293152,-0.002286194656506738,0.004088846514206489,-0.001494590413594705,-0.012725466954629922,-0.002728713996813491,0.010541796130938664,0.019484733389417804,0.0026798844893800044,-0.003996760273454086,-0.005308465193263291,0.019843797421690564,0.0007691418983579782,-0.00028931875959018025,0.0037746438232476942,0.0011863225243793237,-0.011503585848678355,0.018147741855025056,-0.009974603949100975,-0.008259127965190677,-0.006209938402957982,0.0020006326321797517,0.009127511288572874,0.0043524986960571665
2019-09-16,0.005243450740400975,-0.007235404557316105,-0.01727409924180755,-0.0067969550629682265,-0.005195378267487208,-0.00955402024417185,-0.009795012235959525,-0.01547419073428707,-0.00893927846541897,-0.009526799645435345,-0.006565428411804153,-0.01959804097282622,0.0035038598888853054,-0.01286085360363331,-0.008139724496648291,-0.01621527100170271,0.016320154779865956,0.00019591965009249738,0.00047583232981718076,-0.002169720741258854,-0.005544600186767335,-0.011499708609373991,-0.0014000224647085335,0.014893873826495933,-0.015965901923301534
2019-09-17,0.0036313196787132146,0.007745020225065671,0.00810390258526882,-0.0014219806212029742,0.00993864820845679,0.004760994345354739,0.008121454351540124,-0.000856202185103112,-0.004963725768307299,0.001003238526549517,0.0019288708012254075,0.01170568030374227,-0.008180625581485659,-0.00338275057866797,0.007886014153664845,0.0037482698716064774,0.006201386213244055,-0.0012423512713002416,0.014539200780742978,-0.009000523808128828,0.00517589792792469,0.006060775756703871,-0.011069952223012108,-0.007624177217879715,0.008100563759476227
2019-09-18,0.009335575559070913,0.00819083636131802,-0.0027967121376823445,0.002249574401576239,0.0003189996877113504,-0.006038045413941804,-0.005324674641613693,0.003562526136887788,0.009986479021415291,0.0056904855056116865,-0.006595858610731123,0.0020613385466521144,-0.008248469666025533,0.0026896006560317622,-0.004171396945134021,0.0035884219171851803,-0.01761177035042796,-0.00032729791546025463,-0.023859084321369458,-0.0032931758603349836,-0.0001844878963032898,-0.001474849428542588,-0.001417696864330023,-0.004794587190113261,0.005563453064910468
2019-09-19,-0.00815801471452605,0.018241957319253363,0.002220369938279536,0.00493657577784483,0.01057416074589221,-0.017034914245272852,0.012691671904217687,-0.007997722794240459,-0.003178299990378616,-0.0023032174099234097,0.003815084917026378,0.0040278917275287105,0.009666715361611181,-0.011809706922440821,0.00294002801744826,-0.025917899058915617,0.005490435963404619,0.0054184163302126095,-0.01715831115416117,0.0035670557041939427,0.005333392513590405,-0.0001476939583284975,-0.0030445038311688066,-0.006751860279988251,-0.0004266549275546654
2019-09-20,-0.014726042605189532,-0.011621477476320023,-0.015123356081273286,-0.007218674812768143,-0.0011050274364805771,-0.024312840411976778,-0.024548765463603572,-0.005271522789580124,-0.004028684835204853,0.01176648220625625,-0.010856753268894535,0.002785374879016624,0.00017171216478129283,-0.015239106086130027,-0.01732850658943494,-0.007756791026304031,-0.01198220971775754,0.010362646747500289,-0.05689159601015784,0.004918024956270394,-0.011251596822097119,-0.005699551357844857,0.008300067289575701,-0.0034624160288944114,-0.0011107769736810064
2019-09-23,0.00453663527255151,-0.002154256991658456,-0.004950486377768806,0.003935795415497808,-0.016509918046359286,0.012373430958325693,0.002532023019229352,-0.0007690271606472078,-0.0001684586530466119,0.0006837622770620932,0.004871563664674539,0.007984884942774334,-0.0178491813531964,0.007007837043701172,0.007274844285825498,0.0014354366767773134,-0.0016926310533912638,-0.0035501827368232468,-0.018000437969057554,-0.012340599033843498,0.004257053110424434,0.005404441585690562,-0.0036357043813510996,0.0006934144600552085,0.005456121880428737
2019-09-24,-0.004766443617632696,-0.012729643874191775,-0.024776514664445734,-0.013338856300594677,-0.03010291990650799,-0.01330041032685067,-0.07763784395676024,-0.007529781763820067,-0.013124047707661823,-0.0014433363545762995,-0.0024614342193278785,0.0031598945148629118,-0.016616778705823787,-0.003719416926974853,-0.0074593509420933434,-0.0037062131523948796,-0.01807618161216351,-0.01695486871150508,-0.043541082420914694,-0.006367189770902127,0.002950995634235911,-0.0005906184638354551,-0.006088973356823481,-0.013820510045903235,0.006609761392406658
2019-09-25,0.015272448159246516,0.014309646272336983,0.01522560943795219,0.022409240273081193,0.008350023832704804,0.0325038605113306,0.024298080060291966,0.008250784962040406,0.0056942684886962655,-0.004266180750158789,0.004574471989255075,-0.004784225276608793,-0.012657672588897165,0.011863164785910884,0.005994103605195139,0.00845114825097655,0.018040101933268812,0.006163096189997511,0.03913160522032296,-0.003059146991794585,-0.0023967142950007945,-0.001996812276170818,0.009926253399558436,0.0029478295534031648,0.0005907816227288533
2019-09-26,-0.005171024961813342,0.0012901905597036828,-0.016242438483099607,-0.0029338073543535154,-0.014824953879426856,-0.005006126548814382,0.058838046284869626,-0.005831233746488057,-0.008254427812460455,-0.016471937621829986,0.002108582254328581,0.010431274480882198,-0.03057446592518832,0.0073815989644505624,0.004171262931999958,-0.013769406815301607,0.022736368871612622,-0.004257792601615117,-0.005453977377517556,-0.00334838409729405,0.004052974720315476,0.0046524698510168,-0.01584716138581378,-0.005340076732765157,-0.001435754834673018
2019-09-27,-0.004877818074587596,-0.013055462410000135,-0.00830524237371174,-0.013240394404669766,-0.016853283241838136,-0.03197039868680689,-0.0017743788664326618,0.0026547768164023803,0.005878659858771915,-0.0019421285230280915,-0.0094378707327624,0.0020894132029478318,-0.0010216699064615868,0.0003046215672216368,-0.01753233907123024,-0.010029514859007424,-0.022339893853720573,-0.02714737596285094,-0.0008738316193155494,0.012222576477879433,-0.001471839014416844,-0.0008841612534879654,0.00020418175947715695,0.0071604313571227126,0.0012669805792561027
2019-09-30,0.02326238414910891,0.009394505487094619,0.006043915850105009,-0.003931215389245064,0.005518325944825863,0.013359194738886759,-0.005217380269892639,0.002743917395624153,-0.00025492058155484313,0.0060468731490240235,-0.01150296624734914,-0.0015264073158769173,0.009524323011614192,0.009353164702141228,0.00902537425215717,0.0027662695233517075,-0.004658844898974751,0.0012135770562487582,0.017109841484006554,-0.008039131374136227,0.002390799742271443,0.01100087267259498,0.011603537370875694,-0.012245811961169027,0.001940084052942639
2019-10-01,0.002764472165839553,-0.014198224631155214,-0.00014979419150042044,-0.012475729308758858,-0.012828989920788311,-0.0004020192237839982,0.015734771560612624,-0.006317372172901574,-0.018350759066784243,0.00470393041457784,0.013168006888541917,-0.004270321053176851,-0.0005063794476000464,-0.004059645297796647,-0.0023223460348256765,-0.00592598724685906,-0.012897324652425093,-0.00506547750731965,0.007297167725007104,-0.01401354883764457,0.0038498438873281284,0.0019675664873594037,-0.034383099900031557,-0.02379023412454775,-0.007018304549816965
2019-10-02,-0.025387210115151944,-0.0178130366405228,-0.013001530778686167,-0.023558979262800834,-0.00690621348534075,-0.005532498618091091,-0.006395828716893808,-0.017618378652673822,-0.020105337427739192,0.015344308512024068,-0.02592236553575665,-0.02261957965565386,-0.002119812521253991,-0.024222317758663278,-0.024131905421243778,-0.00316997652211413,-0.022434475758971714,-0.023775732277278718,-0.005766303344561513,-0.02081925935175066,-0.02914886938485641,-0.025286189616183462,-0.0250280844643877,-0.02645271931062423,-0.014788508270292204
2019-10-03,0.008458816828634528,0.012033079751105319,0.0065103035515946435,0.009723951610266537,0.027008826309249855,0.04668544527288014,-0.04242918829553246,0.009213893921996104,-0.0014254273199749872,-0.006155289909987448,0.017741705120964783,0.005436062387212635,-0.006433642157771078,0.0055706990210754505,0.014302890783118014,-0.007695649113247633,0.021297099448346315,0.019092578407230998,0.00044764958749801323,0.02138355711094575,0.01421631505689038,0.029354365907489993,0.01822719068253977,0.012284728893416651,0.0016351374321641485
2019-10-04,0.02764601352698704,0.01341101368846763,0.008793152669587833,0.017939248536263438,0.005947312112619405,0.0036335789396319228,-0.006889680536428197,0.015010237380048839,0.02142863397297456,0.018652496813899144,0.01783074961306363,0.018394089060592644,0.02040697458351122,0.004926267035401681,0.02127856645005497,0.016407909629890874,0.016601508706438076,0.006982435381412545,0.017155698448768658,0.013449251078449593,0.012917675859622208,0.016894217241003432,0.00972725380630566,0.014458020650517623,0.01578036262118184
2019-10-07,0.00022022454183188712,-0.007266068981889449,-0.004026085267119779,-0.002240380094032885,-0.004276428445434386,0.01288566093742262,0.026816005504508238,-0.004045061487279342,-0.0021833976211643557,-0.0037477187810643657,-0.006156161389301581,-0.009398872218156827,0.006530019913088629,-0.00523459156359428,-0.006846929647120875,0.004824270809896015,-0.0002166524407440212,0.005188316410457539,0.006103255913829978,-0.002786813888168379,-0.012360738695514559,-0.013926215506671428,0.005247434932838594,-0.013870148581277641,-0.00790166277016551
2019-10-08,-0.011784237262740065,-0.010631128826763614,-0.015793681068500286,-0.015110513330329508,-0.010799283583666752,-0.039279327614738964,0.009753676748550492,-0.01531651337140106,-0.022548755780550885,-0.009962468630854345,-0.014281036863634935,-0.015670988896693695,-0.005120783007625644,-0.00030881387925838085,-0.01777619595023741,-0.018738218127945315,-0.022165139946809433,-0.01961327835743563,-0.013720404690019174,-0.011226734949476144,-0.005397834107064503,-0.007983159668905476,-0.029314382576105275,-0.019596696319080426,0.0029807859794675116
2019-10-09,0.01165217827167815,0.018766126641635378,0.009616472379736505,0.01025707792827905,0.011745102179865397,0.01944520280615278,0.018490843294478566,0.012659042954188252,0.007218061495454297,-0.020072534614515698,0.01416664524691728,0.008645420514584876,0.008910259577497026,0.009964573217488329,0.01917304230343051,0.006671828291235369,0.0126217144142034,0.007782879936101015,-0.011853375741319607,0.007311687046725752,0.004655297489890578,0.0044350021807412765,0.00965382477502009,0.011033323991720898,0.01141642751678924
2019-10-10,0.013388361920103287,0.006201471961854942,-0.00100518069222072,0.005862669662240981,0.0010003653171561416,0.01275632174928497,0.000858418039820759,0.000822140864544518,0.013930619626989313,-0.00123909234154303,0.0,-0.0003280301817179161,0.007402315777811545,0.011595120452551825,0.0058234309486553055,7.732242352014199e-05,0.00258542510027668,-0.004361954207213956,0.04727071386488564,0.0027981134933728227,-0.0031632465534617176,0.0002903561967211673,-0.014840719848425311,0.011939147112673184,0.005701155454642691
2019-10-11,0.026250688775331054,0.004160724478846265,0.006755179581182764,0.005146117114872239,0.022844416401217576,0.01604316485425892,0.012788621436352825,0.005880391039947637,0.01675749720854651,0.017435907638281813,0.012388596598862855,-0.006995043145097798,-0.007447081420862554,0.013082906318811371,0.007567294195188771,0.00524370628509157,0.011965358442081051,0.0200155741631214,0.008697058195412645,0.008901041624472004,-0.00673143800257824,-0.0018148092074464998,0.008845124511031956,0.01063946903553518,0.0052538067403009
2019-10-14,-0.0014404632038193558,-0.000930844442384845,0.0026006849008286315,0.0016929541749751023,-0.00495292935320525,0.002899139819431472,0.03593539155955349,-0.0008173185709456877,0.002665590109033493,-0.004655543574546663,0.0016930500371177908,-0.00862573727616307,-0.006687019297000248,-0.002047780828327098,0.001701904589529595,-0.0024640734145674166,-0.001834337050780941,0.0,0.009147593412635999,0.005248060098658214,0.0,-0.001381520664995015,-0.011014380069032007,0.0028949688262954005,-0.008939076175772208
2019-10-15,-0.0023343190854826323,0.014371402930436426,0.01766694892629402,0.01989481910347737,0.03014994107211453,0.05140867729987208,0.0036127226196520047,0.007045494842333789,0.029696233985511297,0.01608767552202711,0.007806515294495507,-0.024026304285594234,0.07844084034310603,0.006130198188870866,0.007856669850905188,0.00046234027413977614,0.005779278538168785,0.022310812925767535,-0.004492978959297173,0.00549461656437718,0.00393228546041149,-0.008181763781569987,0.006709482479691322,0.003463365062558346,0.003016124962995026
2019-10-16,-0.004045322009988358,-0.008227850732484467,0.005670218199067944,0.0006116224422587893,0.003487927869989663,-0.011060647326651796,0.007186524142577059,-0.0004299882889158558,-0.00233684347850424,0.017387667307851584,-0.004935179847534816,0.002811394888874161,-0.006728547590121473,0.0011877366070856806,-0.0010411136146517433,0.008441755803990533,-0.024236373016612835,-0.038508716782128444,0.007116256141228304,-0.004393214981557042,-0.00037378404872913666,0.0006601731793488521,0.0092325792061849,-0.017290893318611403,-0.0009203199023307264
2019-10-17,0.0038752633265161417,-0.005140739713049565,0.005638333382188143,0.007853319007032272,0.004421709594071179,0.00041200350163918384,0.008510294825121641,-0.003206426080100873,0.00558278319617059,0.007371074940495317,0.00039349564166348856,-0.0013194177481679037,0.027796741983832512,0.0036812192212789066,-0.006345010845084171,0.011472713650504548,-0.012769195743698955,-0.0054581355887587165,0.024396042231046796,0.003296568937652829,0.005592835322906404,0.003950417708929675,0.005115931286721627,-0.001319857813260124,0.0035107512759536687
2019-10-18,0.004791231666940961,-0.016456596732539977,-0.016908737986876143,-0.0067195264624899,-0.02413464322289753,-0.019752134490640366,-0.019348511759363377,0.0006708486193838886,0.0017435057974350794,-0.06422030397455726,-0.012611643096737882,0.00717646218257385,0.006830252194241823,0.0048870563571345085,-0.021494427494210832,-0.011243836104184347,-0.01391301283636559,-0.014332275771877926,-0.06350496707220248,0.0,0.01823727549966216,-0.005197489169650375,-0.006827107445732478,-0.0078084361174839256,-0.005858398870092105
2019-10-21,0.017194224766189474,0.007395458302257287,0.015889987789337544,-0.00010447458473591846,0.020820175071865236,0.02856548584673594,-0.01351766398714735,0.012992501556378854,0.024498259351742754,0.002502708472274311,0.004089234711899076,0.01361254989027962,-0.005804951320315332,-0.005182786412186442,0.013469504494597377,-0.004824700892453158,0.00495908808225668,0.003187432439532641,0.009939527518865194,0.0,-0.010090683373829928,-0.0009546330015114489,0.014452750397124169,0.016575134262822557,0.005023478408738887
2019-10-22,-0.002289430973828313,-0.014992611749057916,-0.011223871111253501,-0.0024783801380654272,-0.03988714265072225,-0.0020429216340633115,0.008171731125572387,-0.0041222032488852445,0.009986365450489004,0.009175138791652283,-0.03207919758116532,0.025699715949566194,0.022538707733828305,0.0021103229529783516,-0.0487061653253847,0.01629533800500503,-0.02178405267402686,-0.015477185030682464,-0.04171400597889378,-0.0008232932954722208,-0.007031993457361868,0.003959243942824846,0.0033707386699636604,0.005078818040411961,-0.0013367583400590891
2019-10-23,0.01332937938081546,0.006359144039094314,-0.002018214434825777,0.01315028165721908,0.02067981214456756,-0.002661473022391352,-0.003527697705131321,0.0016130351009317296,0.002640951136271359,0.005403143928581016,0.0026885100902632854,0.006689201036000476,-0.006756849539610868,-0.010723542128061588,-0.0015706671703814203,-0.009638564618921108,0.000880576557028295,0.019481727046977627,0.017027706037398387,0.00928983526725062,0.014563969483695784,0.005764051121628258,-0.010571003846515622,0.009507501984944973,-0.00192567792791498
2019-10-24,0.0016436729788789095,0.01948242455494354,0.010505509905438084,0.0011762078995835078,0.0012348071840360953,0.009031515034226329,0.1627073867407585,-0.003323739848233366,-0.0007196472839995368,-0.018648549968647253,0.027859432843865693,0.014447976093538959,-0.013365767712669778,-0.0033296159868582806,0.029836157396663374,-0.006656773386083857,0.031564537406874274,0.02039282281180381,0.0008474606558901892,-0.010387987308754678,-0.0005492567629816887,0.0031963298724414445,-0.013696074630130145,-0.00950750198494494,-0.0020969308763604208
2019-10-25,0.012240859849261787,0.005629213543040405,-0.010982306485900742,0.004113441966068044,0.008069181144513998,0.03827099802986308,0.09069467139827266,0.007297613553876667,0.007966175128890392,0.006644668577909221,0.009547865640863734,-0.012417699704819063,0.0016344588900020008,0.00209317559442581,0.005343830945129934,0.004901161810668468,0.004734782554031736,0.015873883323197984,0.019405321481731533,0.010387987308754587,-0.015873471814745733,-0.009106616843057634,0.010502948148817803,0.002313124826033148,-0.000503623541949028
2019-10-28,0.009967380096670676,0.024289004656123207,0.008902345419024592,0.01933259817044706,0.00800450911163165,0.010940112592903032,-0.0012807947563152676,0.004992227904300038,0.0038017277460063734,0.006445804720811233,0.011126981686775773,0.0018644798697311786,0.008700187566877949,0.010272201350950212,0.021021731755701153,-0.0028306076623938066,0.0013644650413288004,0.028172388769069495,0.01804307619156418,0.013774952570614412,-0.0033542025928367846,-0.0005124369287878663,0.005740326359641821,-0.008847495567102674,0.0015108463343505314
2019-10-29,-0.02339955680869146,-0.00947650964487223,-0.008119150571146162,-0.02221586809251496,-0.00047543464099808615,-0.01889194662992681,-0.035690931583353486,0.0007044116956174909,-0.0006326543942846357,-0.0004645174035591278,-0.012365023128924943,0.0009715235100791608,0.0209882709158366,-0.011296943533653996,-0.005961136233173487,-0.00807669446677917,0.00036848231862052,0.0019364017488828844,-0.0023087915053411,0.024640095662797696,-0.002991268492979128,-0.003594498356517651,0.001482981798065708,-0.0029183020701756632,-0.01751553891638032
2019-10-30,-0.00012344446613223834,0.012385138538089925,0.009755331152435024,3.185153718107134e-05,-0.005614995779630552,0.00039403912191236134,-0.0038337382146187405,0.001126099195887647,-0.005552052809502919,0.028403164607188714,0.009078937643196977,0.010783016150039687,0.009899900337663322,0.008929178326974084,0.010372766310841264,0.0009265826621202515,0.02531685518787741,0.02036003283563034,0.035766748706486454,0.007041374593498566,0.00987423345718272,0.006007831050510814,0.006751061895209489,-0.010575546001167224,0.008076767398083393
2019-10-31,0.022357737478710463,-0.008611708127629174,-0.0018725073161205933,-0.0015083252462395743,0.017899972034782576,-0.009801518743357223,-0.00028577073587868494,-0.0031467896528677053,-0.0064630561603921674,-0.006040624499878384,-0.002178214971969747,-0.003447782073961677,-0.00827619337913228,-0.007051628619588381,-0.0012274801349766258,0.002465972308075219,-0.0017256034388999813,-0.011373401428321626,-0.013958739523415557,-0.002862572220068478,0.00904350209275736,0.0019702344042740842,-0.0010519327826454758,-0.0022176273880860258,-0.007137767455928673
2019-11-01,0.027985637322319276,0.002438200237325827,0.008284550823414213,0.010628116576131734,0.010226710813889449,0.007780176588390517,-0.005125560958197391,0.015172672535740336,0.02279284576782459,-0.0063819195902728105,0.011506886822967393,-0.005153240898730615,-0.0019407465644131986,0.01169722606519099,0.0080596832067886,0.021548655883420108,-0.0003958087377360298,0.020555462060753538,-0.002089773565747695,0.0005207854098649958,-0.009785419839142828,-0.001751271174911786,-0.010154688563798883,0.029600331720550217,0.003065070659733126
2019-11-04,0.006545475080941015,0.005758331383463837,0.007352477288485275,0.013552873500415806,0.005665131292505521,0.038301337284421574,0.013190251778298889,0.009912226606261473,0.007949560839287894,-0.00742069557446899,-0.011003676906562634,-0.03952106648378043,-0.0038138267016469183,-0.010248785534841615,-0.009795495703219269,0.0012797877630543147,-0.001152515145933961,-0.01348733611468596,0.020874688051063392,-0.009421654362545434,-0.014200377745224133,-0.013010385951735693,0.009523075215507028,0.029307924411036204,-0.0004250925317120336
2019-11-05,-0.0014378886503270993,-0.0006223049776971147,-0.001635984259248522,0.001417994675833646,-0.0020562428075012688,-0.004237141116385123,-0.0007877741614317626,0.01321629386715377,0.002171360667917346,0.001457955304408772,-0.014522558241879223,-0.0014287934213073079,-0.0037880971167680235,-0.01164600384203131,-0.026884117178822206,-0.011120670577658294,0.041608741541476965,0.00348374642425849,-0.016630031264446947,-0.014567833700713202,-0.013641941688017781,-0.008545134497051157,0.0058799560906315695,0.01961900686291242,0.010912582066459176
2019-11-06,0.0004277581198320609,-0.002773199975717771,-0.0033023668647886115,-0.0003329041593245513,-0.014357474107821448,-0.009491234150579604,0.029079338851648973,0.0050577921442031505,0.0015478995527324708,0.004131818791104094,0.0022654319607269876,0.011871992095090137,0.0008787750902458451,0.007764821218474567,0.0031921256497738832,-0.0013703481317490038,-0.006554722320048301,0.0049197630243551956,0.0019423459013012646,0.0034625474928574756,0.007223221015054021,0.0032038239992333508,0.010621721520963365,-0.022133809980474352,0.005369842906405847
2019-11-07,0.011475168663925787,0.001387281230194611,-0.004224307928792128,0.012263660324795948,-0.005916707470007966,0.0034139344447382367,0.027066259147669382,0.0033278147544507173,0.00539903230675928,0.003582388396013479,0.009346637716075672,-0.005834992956059778,0.02343379678706723,-0.004583025014579369,0.010798831407550129,0.012792039434303699,0.011657586459755889,0.00358006720299848,0.0033901194821008376,-0.009169383093300171,-0.009706176304059901,-0.008365784105754398,0.0031026397784294085,0.021038853646304388,0.0060901100720475885
2019-11-08,0.002733002008241611,0.011715381222862026,-0.001298291684538671,0.001574871734234857,0.0022030766539482536,-0.002691216406464735,0.004757095497985115,-0.006440774094022572,0.002919016645008406,0.011874794436520803,0.00302227861134299,0.0006687087285786297,0.0019866545301633165,-0.0004293149246656762,0.007669068299634552,0.036915543129670984,0.0057953370986551485,0.010043413701302082,0.0068830107746907605,0.003785626521702812,-0.0015310835685558122,-0.0014261786710907311,0.008432288978344889,-0.019173522993177927,-0.006592362164362799
2019-11-11,0.007887921478492741,0.0010272679540301994,-0.007999998745449705,-0.008223211224746561,-0.006465918201713011,0.0019229177771810284,0.023307008242272685,-0.0020806568536969505,-0.0035346116105275317,-0.007698795432594111,0.0031797952051797348,-0.0030956952275301756,-0.011270904958264456,-0.004476483090488253,0.007646253364120009,-0.008882456960144563,-0.0075163894954800225,0.0041500465034493145,0.008911699940604246,-0.0032439130259084925,-0.007111847797627571,-0.005573837652270807,-0.015062853638408289,-0.006094601427353003,-0.0033544583686958545
2019-11-12,-0.0009160651962865012,0.006548896068592284,0.003577876408002885,-0.0008245226164315185,0.025308580093051265,0.006845598335125091,0.013927860226281246,0.00018107160657736474,-0.005866708359850731,-0.004784935707942364,0.0011133131633045334,-0.0005029883453066031,0.0045551359246410895,0.005678238726401499,0.0005050267063490332,0.013366439469586593,0.004982955829686006,0.006653666141516432,-0.007403744421300186,0.0010824005391667556,-0.002511039388690922,-0.0031018809180138394,0.005597516189130402,-0.01388590811769596,0.0006712663274533094
2019-11-13,0.009535947468698838,0.00163059949282695,-0.014097774253444028,-0.0007942233544694602,-0.00660367595267564,-0.004973897803228527,-0.010976517536210168,-0.005083272906867474,-0.005278874467911426,-0.0006091684211029353,-0.0018378635206223433,0.011503786794977114,-0.0066037372373845046,0.007180666773467241,0.003350093763595868,0.0706173456146834,0.006219502992423448,-0.0015977565357002442,-0.030952511767082053,-0.01005834265303321,0.013446209653881868,0.009876864690825346,0.0018589294014244135,-0.008250935637565442,0.015494175224154227
2019-11-14,-0.006943359010227395,0.005078417051151957,0.0008495689742594642,0.009956544062813464,-0.00020722843585842843,0.005832286968255626,0.009317706491661899,-0.0018673457822966874,0.000933381258096078,-0.002364283270895034,0.0035669282918500207,-0.0012438387029203822,0.00887318181337396,0.007425628490223604,0.005594340298602272,-0.010612811254722371,0.0033669160381104572,0.0027635639118193836,0.022734171406719263,-0.0013672069462178494,0.004189060672017713,0.0003000786873792947,-0.07607849302919721,-0.0043699140826955925,-0.0027313761181122793
2019-11-15,0.01180941155917303,0.012817636827139262,-0.008648952687683294,0.018458984429875976,0.010045147824645823,-0.027056162776196366,0.008039716546772512,0.00173083567478192,0.007205860125177855,0.029938439202138626,0.00011155015817392167,0.00033163280452211483,0.05168417477217264,0.003123451654601764,0.004104181628290468,-0.016997060805962156,0.010033363654615662,0.000980904149506297,0.01850733966433503,0.019775939003905528,0.0007598138044329004,0.003593729408135579,0.004000213233232441,0.010022541826368562,-0.014863256480060457
2019-11-18,0.00502961068847876,0.0024642293604132657,0.0074684960238794,-0.010326620744387656,0.011719791122742063,0.03885517232317125,-0.006209469761818026,-0.001776398833518739,0.008379817753816902,-0.0008155081209633474,-0.0006122148364869238,0.01113733800253203,0.013017862397746379,0.006552784692033004,0.00028516790510666406,0.020389255856620075,-0.0011434983783834602,-0.0026994959092456862,0.02523559977416086,-0.0016109623834212208,0.006811679862265917,0.0018664970818671458,0.0013295151093429163,-0.009730604558369821,0.011542704300015517
2019-11-19,-0.0030372646048535948,0.000332347008157998,0.0001483515094221294,-0.005507984597482203,0.0096795735671254,-0.02041605563038702,0.02686525453277175,-0.0014599542748063602,-0.00030621952267630403,-7.426257520595524e-05,0.01716217075770512,-0.0038632546285165444,0.004752126848608723,-0.05592047032785457,0.0157196933909354,0.004932027439812677,0.011509771016016027,0.00728438881289835,9.915426713285484e-05,0.011752382466043933,0.0009424295027303716,0.003797068062366802,0.007062674217958939,-0.010268408884271173,-0.002998350863064887
2019-11-20,-0.011709883087965495,-0.0017359357325183078,-0.00415064502033856,-0.008208544250815386,-0.009122471161183603,0.015220908508114122,-0.020513868869493704,-0.007101828530465983,-0.007301672658056839,0.008272957169611272,-0.006091663681920654,0.007139664334487891,0.004838134374624656,-0.022205133438431113,0.00024557887408269667,-0.009820488543098664,-0.0016647248387232525,0.0014626013618549666,0.008424444805198446,-0.01633029700053545,0.002634069818597655,-0.006186842637643374,-0.008613844596853477,0.003091444943397905,-0.0063595065008816235
2019-11-21,-0.004493826226664941,-0.0009366059792529444,-0.006217986458149935,-0.0013220850044325448,0.002124310400187387,-0.004746512717280752,0.0073828123156505394,-0.003916020961342802,0.002311298526718851,0.0036712850632982896,-0.009791203413152788,-0.016074207874505732,0.0035862331350013216,-0.010741237287803709,-0.003264251617531875,-0.00020394246412118455,-0.004341360379450765,-0.008071480236072383,0.021172870476656554,0.018452320436434914,-0.0048976931731872595,0.001270113721483124,-0.005337921113233485,0.0238211759231837,0.006109072069031743
2019-11-22,-0.0008779798930755177,0.0007359170038544544,0.006326901323545818,-0.004988547930975026,0.004486546358879469,0.003372310974574413,-0.06337614052816848,0.006120738847033195,0.006597259489743626,0.011875978125250663,-0.002337560379562285,-0.0004155088337474528,0.0010480272071908406,-0.002336379258998002,-0.006631015923678771,0.00941761324454517,0.0016719616682394733,-0.0004298430967765495,-0.003889626327224364,0.015512246504156413,0.0013211938518592336,0.0011944315976679172,0.00022253229786350825,-0.004315299530048264,-0.00418026167619972
2019-11-25,0.017381874419243035,0.010903323798042031,0.015979589635143454,0.009209900390911031,0.0048668493704594785,0.04777565000415056,0.009859919333317325,0.005034063232575059,0.005337827604746391,0.0004373255753963082,0.008323269830387366,0.0018270682139201872,0.020840520486968234,0.001695470544050222,0.01767884956826731,0.009396611395836512,0.01978301018790452,-0.006779219261381078,0.016197659828754696,0.009089890873707564,0.0035764993213278774,-0.001792078502509893,0.013289579735101175,-0.006653325412340955,-0.003693212752124803
2019-11-26,-0.007838982270046705,0.005276458969057706,0.012938516318668469,0.005621476163862692,-0.004112748840800277,-0.019215057491347155,-0.02230801073802288,-0.0007306771045294086,0.0013679321462112073,-7.26867443926791e-05,0.008692905631124003,0.014417383536738576,-0.004503254402269655,0.010748167734020703,0.00613523872696075,0.012942869609613916,0.008545650846122124,0.005119533716153045,-0.009744671458349615,-0.01013400818099767,0.012695982163195505,0.013876232942954288,-0.003085448273927466,-0.0024702585918973618,0.0022677507411149596
2019-11-27,0.013342420885708422,0.0019055722648043403,0.011932253434933026,-0.0006629539458187927,0.015113644766211786,0.006435624878476714,0.007179607623328355,0.007282718240749917,0.0029573459264881875,0.004219449688809844,0.00992068117672544,-0.00409803316847674,-0.002597325235396456,0.01009549409802322,0.007985288232669075,-0.001055739926611629,0.003760389798682436,-0.006357220062980101,0.010948196857944376,0.008840439898535474,0.0009273112083219605,0.00154636741972828,-0.0015457906325383524,-0.0005817211912213712,-0.0036142605093027256
2019-11-29,-0.0022049663895319497,-0.006190498990588296,-0.009786452277548634,-0.006146171163771758,-0.0017838248812958046,-0.006896964250281219,-0.00408331183446667,-0.0009074272258669957,-0.0022741844024035817,-0.0018891554075536742,0.0007588753924825232,0.0024608051543050713,-0.0028545918355252398,-0.011228720392050692,0.0018155348351749875,0.0006600717111104346,0.0015195891104853464,0.008508248410979398,-0.00402800489696475,-0.002851528493479144,-0.002805095491543612,-0.0005887810563278218,0.0015457906325384515,-0.008331590540130244,0.0027747847099262694
2019-12-02,-0.01162965063998382,-0.012162468107080061,-0.010719163262200036,-0.011747473689026653,-0.00966762134749366,-0.035168751369306056,0.014831577778426516,0.0001361631255738624,-0.002203247793798492,-0.0009463143924137971,-0.014851707468284776,0.0053927548261943304,-0.0007506072567695655,-0.013192635778597028,-0.01990743302423869,-0.006353431899072011,-0.02214763158337528,-0.011670871767869514,-0.014952621589283469,-0.005988911405056374,0.006532824202247912,0.00036796884730996377,-0.013554255005547166,0.004247369766902917,0.0015944965336598636
2019-12-03,-0.017990866885337124,-0.0016060992958223466,-0.006554897641658675,0.00455188117204589,-0.004416299067081419,-0.007627344510446094,0.0039638352301946105,-0.010264454442132765,-0.012938054542042337,-0.0014569367427739622,0.0006051316363471592,0.0018723048281957008,-0.009918075284189474,-0.0167745811652583,0.0021620510368568174,-0.013636619348417651,0.0038242345591891964,0.003534118881746991,-0.012432240915406914,-0.006287416322461597,0.0009301297120874992,-0.003095539532330077,-0.009440226339348911,-0.007923688559247568,-0.0051269755831272875
2019-12-04,0.008787155532681518,0.0036103176791823567,-0.005251180813047949,0.018518589904741194,-0.0005534306126481471,0.008439368736764959,-0.009473685044135857,0.0014662395797748562,0.019533769042307695,0.016055838682433137,-0.007172791161612453,0.012768959814583836,0.008702011077974733,0.006843049032936203,-0.0008711701137268307,-0.002021149607571489,-0.004617249934663674,-0.03233005661952198,-0.006028062415511522,0.0023622381768287565,0.009066257320833208,0.01349193507122868,-0.008846573673243215,0.011280041447807263,0.00016803890557377902
2019-12-05,0.014564727694133603,0.0005334367378549576,-0.011544817962785503,0.0060619922933107875,0.0032657050024134213,-0.0032518771423789544,-0.008019273672589195,0.0054795215049127585,0.005425901194913654,0.0012906086552683046,0.007117539184958963,0.0007224986469767295,0.009548829743260285,-0.0051513625837956226,0.010439024455665993,-0.005681027148046179,0.0017174394231509443,0.011378035697200922,-0.004809123931267729,-0.0028882163082224405,-0.0018436310630026052,-3.687803816308071e-05,-0.008465964336421638,-0.0035022275630429527,0.004222845734882068
2019-12-06,0.019131972872208018,0.012066022249232568,0.006368715753630064,0.009323734163210296,0.008441439527293853,0.016297981302243393,0.016570487479172606,0.013613626774873107,0.014770666084110411,0.005858503051111964,0.0015384592128089242,-0.0034566505937764684,-0.0026022007414138724,0.005991463607836849,0.001895590537794012,0.001490881129470962,0.010504682999138704,-0.0013282036316874363,0.014716553858894116,0.006813394453855144,0.004235416940379003,0.00745358388887522,0.007326231580244173,0.01595137384014607,0.009394771525453822
2019-12-09,-0.014099079950533642,-0.002573158126989984,-0.0011939050988062398,0.002684120692119319,0.0014412766443589354,0.0,0.010778479484683797,-0.005540660190308203,-0.004676039189466202,0.0008544844608516943,0.004108524361844379,0.005460560714634521,-0.009502767984239553,0.010445588359428246,-0.004625005129506023,-0.009868182454734812,0.0026740715395487348,-0.0033598066467311473,-0.01590590574064046,0.0007831193115398789,-0.006452048239690999,-0.0014569114820059527,0.0013675024532518942,0.0021558506108847863,-0.0035127957580907195
2019-12-10,0.005827454729246879,-0.0015206896395600251,-0.005904754434733096,-7.435032398225143e-05,-0.002337082327452474,0.008494891762066581,0.02705113248298345,-0.0005422482337006095,0.0006691044363473019,-0.003636433924151713,-0.003614581239480241,-0.004816668614431759,0.0071088656628170415,-0.002913885292282998,-0.001558173607303885,-0.0007527166200081108,-0.0094237612414762,-0.006881661323820354,-0.0314991866149682,0.004166686541887733,-0.0055639861361332634,-0.006510259070275984,0.0045456860845186605,-0.008650694980293082,-0.0018450871275092601
2019-12-11,0.00849327228431864,0.003764216579457446,0.005453040216112708,0.0010122475942314015,0.006896086025440731,0.015580315865242672,0.011004409475391042,0.005903235997001466,-0.0023818951591400546,0.0070468957563666786,-0.0013729982079556348,0.003133501205746731,0.0034999336249790227,-0.01822895191563287,0.004977021855996864,0.010146860802655424,-0.0014147596272301964,-6.385379640959367e-05,0.019627329673212197,-0.006779638504700541,0.0033420881360275295,0.00607248825157084,0.0040731178916501454,-0.0014494049714436595,-0.001175568621574324
2019-12-12,0.0025449500706903683,0.010101003146646996,0.0066172609838292965,0.0031490416928472167,-0.027619903322046335,0.030495410541987227,0.01959693606267636,0.014939254422968451,0.028216708542632182,0.0025502510564756873,0.0034556949311532266,-0.000722194698092404,0.011025955507752943,0.00018872085138707528,0.0074195019738998325,0.0011510740895284528,0.007282306374573737,0.013969461114483713,-0.0016405175273913328,0.008338033112039204,0.003515437583502592,0.0005834497180075423,0.030908557733075614,0.019814184261571926,0.006366435187687153
2019-12-13,0.013501830583232876,0.008382541269044148,0.0003464055904998532,-0.0012018601051535277,-0.013509044298225218,-0.0003572297431875899,-0.003592907084336512,-0.00243747183518312,-0.008805782150242143,0.00028316714155328105,0.013595248646393967,0.007198941592921912,0.0065722280949610645,0.009575020398727915,0.013190668301014803,-0.0034099374881638254,0.03840834688611991,0.015889150916648193,0.00020104261046330641,-0.005464083153476013,0.005158508656294195,0.005524687351613492,-0.00813455330788894,-0.015906026961682272,0.0044156530396977445
2019-12-16,0.01697314473402551,0.006450541657844086,0.004685424827782585,0.010215854317938542,0.019437980491989543,0.005165467939029665,0.06248899060660185,0.006545558650672379,0.0038666160462448333,0.0028957360061479566,0.0059241408140264925,0.0007169445891936252,0.022684634200500257,0.0067500407593678435,0.0029342958384534898,0.01410972876018965,0.01826331013268789,0.0051378190719342035,0.018948291233259616,0.020912150010082793,0.0,-0.006399955915570053,0.01489957157331097,0.011060635226067804,0.002076055998173188
2019-12-17,0.001962947328056833,-0.005415613094195995,0.012051086000576885,-0.004278969438934974,0.0023718749505109273,0.013850120261328714,-0.006600966624869255,0.0008812379693810403,0.006097457163679871,0.01240584376552452,-0.0038737226892596494,-0.001993102134959771,-0.005356353633021436,0.010109648171191728,-0.0032381696868319537,-0.004929429182038897,-0.002938165566651974,-0.0020395272149153795,0.03637706232503606,-0.006150661232242952,0.0,-0.006514550998245406,0.00995459679871501,-0.004581688897533161,0.006120327581662977
2019-12-18,-0.00239200053706612,-0.0020707206293453296,-0.003709385461905557,-0.002201903915874084,0.02050496731901588,0.0053299143321987145,0.036681334404645764,-0.009025449736604813,-0.0010137522762676192,-0.0025805857903032727,-0.0033474296322677233,-0.010428293788700761,0.0083307038282266,0.0012855523800038716,-0.004266106753398464,-0.010000486029742633,0.004727845134709402,-0.0009283649785848978,0.016722633899614675,-0.0002569636302402362,-0.009415705884448069,-0.0014697207918044056,0.004297397931457195,0.0027229791380254625,-0.011777442050135017
2019-12-19,0.00100057421490396,0.008642890703844398,0.004613685162964642,0.003345162210426617,0.017427537586980426,0.025594502922600834,0.0273227300440061,0.0008885088163441363,-0.0050111081383976555,0.01497224002950095,0.008830264894696646,0.007311215622428741,0.005855411218438665,0.010131728961208848,0.009421467951274649,-0.0007524646133728625,0.009969254668884094,0.01139136485991253,0.03497947066719019,0.0020547683246592576,0.00757673817365115,0.0036704290686299964,0.026239144825484912,-0.0068936764079557625,0.0018337014489332273
2019-12-20,-0.0020735036253970852,0.010858771926925094,-0.003230170321979381,-0.003855577179534613,0.0011640188407607962,0.016469508157260754,0.0038288839658321035,0.004872399940164218,-0.0008009073228658874,0.004872789635696728,0.007796706854197743,0.003516088227831325,-0.0069139564392881716,0.004395090462127282,0.003489477880612267,0.0049825885531285365,-6.110595065807928e-05,0.007441587408580263,0.013988705912622834,0.006649592900198733,0.011894835320669421,0.010568922407072596,-0.009021252645920928,0.007894921497487507,0.001747357021365776
2019-12-23,0.016186407691178777,0.0,0.003631847326724357,-0.0004368598140119918,-0.0005819146408063157,-0.0023006582046050236,0.0330530426375991,-0.0036742857396882015,-0.00029164506002976056,0.0025983432532493,-0.004905858026425374,-0.0036759329981008323,0.008507837984433329,-0.008991854266402132,-0.0043637266171898375,-0.01509162991318056,0.00408196881056056,-0.004934475585897065,-0.011343323222712481,0.0022915425032510052,-0.0010921852031843336,-0.006400953603705593,0.013605765265820061,0.004991892695871392,-0.010530131696574347
2019-12-24,0.0009505021707026737,-0.0001906538578565917,-0.002116000655262421,-0.004601105004960491,-0.005154306366520397,-0.0008375155757986638,0.014281404577191001,-4.4326452623170933e-05,0.0027657795122894174,-0.003488797427513578,0.00261584064163461,0.002558475673133172,-0.001865360224856348,0.006638148808434392,0.0007064003098050406,0.004207426036585751,0.0020953936917795543,-0.002997130638666801,0.0003001147065276835,-0.0007631259741253956,-0.00364875026648127,-0.0010953071026748122,-0.006675112888016953,-0.0038485282424385978,0.00402446986493904
2019-12-26,0.019646027396233782,0.008163134236581548,0.04350624357368459,0.01332923312853822,0.01293280644977869,0.002385573303769702,0.013291643487754986,0.004337038713244751,0.010556093490115529,-0.0006854855494150825,0.008441017715987978,0.0,0.003761432784618889,0.0006796707044812309,0.005765291590619907,0.002818016332582844,0.004721265035218602,0.007688725665600789,-0.0017121253265862902,0.002287908851062629,0.005650095552470628,-0.001461714683775332,0.0014637727148292755,0.0015696509723733924,8.384297354059772e-05
2019-12-27,-0.00037944604063826367,0.00182610384583372,0.0005509958634312385,-0.0057634867109225526,0.001490855117837995,-0.009746478658722406,-0.0013003685301450005,-0.0013698827176030328,0.0007190161179405593,-0.0005486895790811038,0.001215093553117718,0.006923819518239692,0.0010817435043711866,-0.0038567823287359755,0.0051340574261511925,0.000343175389568983,-0.0012387005896818328,0.0028525911691683133,-0.010699494165153213,-0.0015247828769371446,0.005980031786512652,0.006198912354225627,-0.0016729475373677147,-0.003428046696706161,0.0005854519077688597
2019-12-30,0.005917355507301673,-0.008656241457266045,-0.01232833213461872,-0.011082771313906468,-0.017891110509897792,-0.01939595317860813,-0.0371131230011561,-0.0016818100354716787,-0.0036722484212029158,-0.003092087015457481,-0.008270872267284325,-0.01293118296785863,-0.007188927139939354,-0.012166321163199736,-0.010093039972239731,-0.013678047260523766,-0.007434113065434581,-0.015515470189089685,-0.017719626720910733,-0.010481902918569843,-0.0014465052372272962,-0.0053215461051599995,-0.003775270534167136,-0.005883673417113622,-0.0015901506140339127
2019-12-31,0.00727994534376605,0.0006978537042424832,0.0005142525969060166,-0.00023877582882029087,0.004100997878069414,0.012745841639126353,0.008715179630272204,0.003272481150459926,0.005539352673554591,0.0039151641608189515,0.00037226541595122343,0.0034488877764857827,0.0004426414736398487,0.004911532998354039,0.0029181482148450265,0.005964039565913184,0.004467077957298599,0.001230509470671979,0.0008037708191700241,0.006915147159583638,0.0014465052372274049,-0.0010241084077356269,0.007744346140100253,0.0043084099965670095,-0.004700937046955623
2020-01-02,0.022560069215511996,0.01834705317068569,0.026788570977962715,0.021632436334023362,0.021830579981038985,0.019402401684916998,0.02811910133608081,0.00830974639073293,0.01205035938383755,0.0006854841826207472,0.01699180132884463,-0.012001523268635435,-0.005047399159725104,0.005844450861647828,0.015947938549320913,0.0243837860360365,0.013910844534375624,0.026394789357074632,0.019101274797297528,-0.001021523106639779,-0.006525311092395762,-0.0062384288752544825,0.016870211424546557,0.015923061157403134,0.0008410529621763715
2020-01-03,-0.009769707796214399,-0.01252992054988874,-0.012213314472679244,-0.005244921740558723,-0.005305192606549437,-0.01613552743675768,0.02920267893223429,-0.009723581252897552,-0.013284349927642686,-0.011645553876629045,-0.007984741928030666,-0.006748379205817291,-0.010170587556799242,-0.0033289896503853776,-0.009804897787501697,-0.011537189378115972,-0.007865059622566164,-0.004922574034503309,-0.011926110012005595,-0.0053795385777911636,-0.005470559657903412,-0.0014000460388363925,-0.016449997702928643,-0.008072019085495024,-0.008867117439595135
2020-01-06,0.007936671149556354,0.0025817387433393424,0.014775871094842,0.026304937162293054,0.018658404756628756,0.004184911187218004,0.019071612174755247,0.0035748777867130556,-0.0007955871783484934,-0.001248045977125995,-0.0021647592506765794,0.0013860757582277868,0.006917552434654024,0.004693951788969326,0.0026594724563576205,-0.0058190575522265135,0.005709818156680369,0.04287803040284378,0.03001449447192089,-0.001285604807478386,-0.00036570831821506895,0.003826666499408002,0.003562833270319208,0.007648999968171239,-0.0020381268564738883
2020-01-07,-0.004714174906121387,-0.00915979089445443,0.002089436023074214,-0.0019333868579301636,0.0021612904471479447,0.012033988833519858,0.03806670586808656,-0.004725041647640692,-0.017146636912792883,0.006087925445670374,-0.002646588620244597,-0.006210705235308052,-0.006054874374781945,-0.00656853536864391,-0.0033917367868286433,0.00034329319934748995,-0.0009593069352474966,0.014594466881491514,-0.015242258935465866,-0.0033490248305771443,-0.007712378973578326,-0.015843043517978727,-0.006506305080469444,-0.008217854652761338,-0.009307740651279163
2020-01-08,0.01595832166475252,0.015802627867144703,-0.007839287338238396,0.007092419638711632,0.010086906296106797,0.0018734101701865676,0.048032568493066904,0.00030982861282765185,0.007770714694488867,-0.00013799527712234669,0.01697329125149213,0.004253532073167933,0.020864708303728875,0.014853626207147468,0.017490941834289203,-0.0020610995180692137,0.013348171859679455,0.007528522634953579,0.025403910325612396,0.00796833370036462,0.0018417639606459941,0.00513598371419046,0.0006313151036031507,-0.01519506325196337,-0.003437791970562571
2020-01-09,0.021018424702217448,0.012415878191844603,0.0047876954600311996,0.010443179023260004,0.014209630826450803,0.010923212989964199,-0.022189385476863444,0.011701648597534925,0.003644598295377834,0.002962428949507747,0.006905849085244488,0.01087843729753686,-0.005693634226753197,0.015213367078061346,0.013024958578241187,-0.003927917693280443,0.007607116121365776,0.012719822756775809,-0.010667937138360098,-0.004361790347000951,0.018051578744944917,0.0006677646790322707,-0.004217640515088938,0.007626210763874408,0.01027769721615357
2020-01-10,0.002258539040631838,-0.004637933140094919,-0.009455156242405702,0.006437838570647839,-0.0011001381921028346,0.005334965550961294,-0.006649355680979626,-0.008917839004194546,-0.01001781394723542,-0.002272830714584055,0.0026873804214079104,0.000968477545175545,0.00308831468386541,-0.00431661578399299,0.006674534232810884,-0.0014511449857563083,-0.0018816770884418467,0.0033353052696376228,-0.01988912144494268,0.015310097719291078,0.0034275389464792725,-0.0019307051964162312,-0.004023239269480304,-0.008927404752260584,-0.008385427826994
2020-01-13,0.02113897407214719,0.011952775959695875,0.0043132627393767525,0.007717291428277779,0.017501710828594384,0.030870725128798973,0.09320702322102224,0.00804277024457881,0.008270045983490355,0.0044022781663548855,0.008018343985666854,0.007313638814862498,-0.031948728394091436,-0.003932327597316808,0.01289981796756987,-0.005129793528108297,0.016982222149243442,0.020052751673659993,0.029554363101517118,-0.0020276839638775274,0.010746686889120702,0.014757056639378877,0.01766624561107645,0.009500798179399599,-0.004305322833482092
2020-01-14,-0.013595346483481622,-0.007068130621044679,-0.011625527046359843,-0.006577122778039269,-0.012926069141574405,-0.018828326873998432,0.024578286172624794,-0.005618726835897837,0.011594324434248522,0.005612371438108852,0.003679450486416923,-0.0015224602891556658,0.008326299140784326,-0.002376054543674883,-0.014604718498635382,0.00913235429050977,-0.002897460914608413,-0.009454413515965154,-0.0006788214888722782,0.016608112327855803,-0.002318753201735309,0.002341144943564808,-0.0037595693728928858,-0.008633269624346887,0.0025848158641264872
2020-01-15,-0.004294655179865984,0.006455236729845571,-0.003977024437111101,0.006000462108152004,0.009495347337563246,-0.0069392808090001,-0.03676981311758122,0.0051809385449364835,-0.015098853053456445,0.0033387636764558156,0.018947195082230823,0.010133655273668413,0.027950567424918422,0.00795713258694924,0.011554262780160274,-0.0060789601572879635,-0.004915880060992409,-0.005837426663593311,0.001121400424781998,0.01486297677813496,0.012422662503577393,0.01702604938952008,0.0045929433108404605,-0.0015909097349789219,-0.007776526637119544
2020-01-16,0.012448581731907396,0.018157506350203693,0.008513567549042408,0.0075866329042945735,0.002799747256022122,0.013590011798036225,-0.00970946227670784,0.0060251213465481466,0.003869066180633291,0.008062063215195992,0.005739163951883333,0.0008728997653415335,0.014502001996136108,0.01865909330804475,0.019069264297789452,0.005527871468848064,0.007089762424278822,0.008962342070338627,-0.0013280995614086358,-0.0014765833384069048,0.002114166552223947,0.0029412591275349525,0.021430847023095077,-0.003915650854253138,0.005364211136026949
2020-01-17,0.011010298670918161,0.005581204103064075,-0.007064556764163625,0.020043768159132096,0.0016668999714428744,0.0014047618684012394,-0.005839913304383257,0.0020437953244677363,0.006897751263906004,0.0065237679045665915,0.01848911688202359,0.002693291806267748,-0.0075762800605184595,0.013413816271764935,0.010435199442203065,-0.00545861389807503,0.012544719068953013,-0.002521240775233293,0.003096009916922606,-0.0024652914955744496,0.0021097873683141198,0.011749295541737764,-0.0006118038465909645,-0.0037850966157878994,-0.008143981621142495
2020-01-21,-0.006799954701440326,-0.0035973092414721022,0.014523546068980422,0.0018435270403022765,-0.003156141347184985,-0.005389874795177901,0.06942373110021945,-0.006843485327830227,-0.009889648702617389,0.0006702639492725289,0.01257349944479712,-0.0025346451439587523,0.006877860332202808,0.004474353898160176,-0.005359030413777827,-0.00534941980881699,0.0007431611204744581,0.016544701035014313,-0.004603219502593546,-0.004205472296590922,0.004031029746600565,0.00423869397032383,-0.004498097964335543,-0.01439734556716065,0.00546558085157079
2020-01-22,0.0035630740659151655,-0.004816209897120298,-0.0024024329949913796,0.0010922528271748587,-0.0005420484499504864,0.008714006741700347,0.04004983514491321,0.003972279300329051,-0.001169971665383443,-0.006856650254685279,0.0029383710588959683,0.0017433118206252836,0.0001996143916980826,-0.00021440491548217197,0.007365807667224753,0.0031297104429647126,0.00017140690497914138,-0.013695196149463093,-0.0364739761340691,-0.0037253361230394225,0.0076669089872177364,0.010657622545486656,0.005517407344476066,-0.005787534458312298,0.004402199706496709
2020-01-23,0.004804307458323851,0.006136526649730033,-0.0015270766138826273,0.0005523631076277846,-0.007073708245120104,0.010935134813242197,0.004624413044606698,-0.0006972387799183665,-0.0010249567667332646,0.0018868572684488062,-0.00665970650840391,-0.004581931812763673,-0.003766432980417924,0.0032146773677800035,0.0020636742055937527,-0.012648335094238666,0.004844591246297264,0.006707963842983735,0.0698922830329218,0.012855462083579555,0.0038116432714764645,0.001881648766180198,-0.0014274178713201359,-0.0062703657702737736,-0.002500931524959567
2020-01-24,-0.002886117788756398,-0.010127863576435095,-0.012247117354347813,-0.012552359829585658,-0.00831604981354535,-0.009456905242457828,-0.012981499419033645,-0.011046948402048968,-0.025141202917402815,-0.001414885605911951,-0.007387432934839521,0.0011993178246010275,-0.022457046643985314,-0.007086670138627725,-0.00403889359738129,-0.01502063886326262,-0.0011093672172377304,-0.010216064133869211,0.010131648015848487,-0.02210447022683235,-0.0025974602261894723,-0.005095267366203767,-0.003065805371087038,-0.0067625779234439095,-0.012511946489662952
2020-01-27,-0.029846093332517545,-0.016864387648158518,-0.018049378179086813,-0.023770074736081018,-0.01418667628486756,-0.04190715078731823,-0.012112331857897394,-0.01963074628812682,-0.00844708265277055,0.00289498814717049,-0.016278087243999553,0.0043853520390953376,-0.030232568310112524,-0.003497343482995328,-0.024710621455523444,-0.030294507160595657,-0.012803249036246911,-0.00771737664975255,-0.029540786396274735,0.008502272643191113,-0.0034733000238459507,-0.005472698465479778,-0.028656830197727367,-0.024112242263559194,0.012943725472074554
2020-01-28,0.027896521982864825,0.01940627808738635,0.013532388730052893,0.013024851123919571,0.013498095839779305,0.03183607533510939,0.01578809278786119,0.00707762247679785,0.01801450273058329,0.005029218142227774,0.005735081818020077,0.002701515977168,0.006245984031871988,0.011482806086535235,0.014150067395143228,0.018012096435585843,0.022038469817895968,0.01177271136869038,0.016315172299690567,-0.05160790470825356,-0.008210603608536293,0.0021086345916036934,0.00630023919456355,-0.0013908728919285857,0.006366871543547802
2020-01-29,0.02071604167891898,0.01547233648965896,0.002559818728975466,0.004265252731854312,0.02467127383785536,-0.0098483268003402,0.02455066473079113,0.0020957411723088863,-0.0014888362073477424,0.006932354003330223,0.009859850644307565,-0.007726220381975952,-0.010443781047254281,0.0006839235980289144,0.0001562901326598321,-0.01683528127853122,-0.008410196068975695,-0.005924182458332061,-0.015498785670779098,-0.014791654985637524,0.0,-0.00499674924249289,-0.015187054015714192,-0.008387929187732766,-0.00610776439989495
2020-01-30,-0.0014500655529223153,0.027817269549894576,0.00680130777131683,-0.0016832253651262005,-0.06333576070680906,0.0010991643122570769,0.09799952270077929,0.014943488857007305,0.012290869179183168,-0.0011960563680919552,0.016220459659810612,0.007091313484165296,-0.00680990480915934,-0.005269978509596292,0.012841759514462807,0.012779924519890748,0.014342387625357075,0.021228819777980284,0.013258158234568428,-0.0035006769915847833,0.03193529650277993,0.014708356082132223,0.004030163510705306,0.01055116141640587,0.005935978596140141
2020-01-31,-0.04535169422511658,-0.014868649589420316,0.07119570893188107,-0.014873647700861466,-0.03704473096286761,-0.038906727247104866,0.015115867923964223,-0.015255374121651672,-0.02631995606521182,-0.009959214882877291,-0.04539315904930536,-0.010615865847965363,-0.030828422977181073,-0.020352311984302457,-0.026609981733656043,0.0036216077856912397,-0.015822151697665682,-0.01826238402587738,-0.007649804221013578,0.004575625151186885,-0.007845751263722679,-0.012664369111955112,-0.027251964501783733,-0.04208345823766904,-0.018090276046884318
2020-02-03,-0.0027501468463325698,0.024086402006479796,-0.002252704013802056,0.03418048432274289,0.011228907322434364,0.016360878312366683,0.18144500086765858,-0.004286639598877866,0.007601542385619055,0.008694666556158498,0.00920499873061501,0.003924213350298176,0.005746005504676938,0.014968127004768598,0.026794949326360454,0.021529411449168475,0.01934794034283765,0.016914996505507474,0.036727745233975075,0.007223861820466499,0.0030774526990906092,0.003444367050666015,0.012108406051590389,-0.02263031580092172,-0.0019234281037189777
2020-02-04,0.03248040676472318,0.03238607911593222,0.022433811849720944,-0.025404235963041723,0.027246743227896067,0.027901520172592186,0.1286186970285338,0.007178720381419662,0.014293337694339403,0.0094773206115089,0.013601766971710899,0.004386614346895433,0.024583848170115254,0.014832934749747284,0.014075111866919577,0.023842887643554432,0.024120137092120762,0.015625217572044204,0.030290805319172887,0.004787458925888863,0.004428582115542774,0.004969532809290167,0.023155290976453073,-0.012593261084155163,0.008713050511009547
2020-02-05,0.00812133097570033,-0.0012219424999169368,-0.004792703414039184,0.0004427976262160805,0.0013335825522844738,0.014581796846556656,-0.18845037343186985,0.0157365207101525,0.01685759767019024,0.0156421088703184,-0.0036913271251426904,0.009109869832803052,0.051661791191645504,0.013147192595771866,-0.002433377601158562,-0.023489409418038464,-0.003250088147098837,-0.015247695917879401,0.0017869197738330789,0.012654826804870942,0.00016979419399577902,0.0075124525959036174,0.01727970126888882,0.04499519802574796,0.013271579942719727
2020-02-06,0.011629045366346237,0.020521857459689763,0.005065879625856511,0.020479451495327764,0.0035156288350444986,0.01382165707182007,0.019223358515689473,0.004189796751782617,0.00014537827238707548,-0.0029914474487140585,0.0011334374015704487,0.0025991066443591623,-0.011118652312738718,0.0030612460303576445,0.002980324567278889,0.0093641258895703,0.0052114105918470485,0.00666260077537215,-0.0073850995080258245,0.0023553440562959767,0.0023762098172701537,0.00020789175357522507,0.004941015994502013,-0.013642550423163239,-0.004289333421861657
2020-02-07,-0.013685934140851801,0.0014146516116607915,0.014069692433392624,0.002125298838641641,0.006994756725680754,-0.010517340585289305,-0.0011890304222129079,-0.009759571986942125,-0.003202424266602563,-0.010739574212616825,-0.0014784875481906135,-0.008372233160693441,-0.01114046988089335,-0.006468618437026318,-0.007009186259390189,-0.01184276264361781,-0.0037352511290150137,-0.005423591835571147,-0.0004906928334865659,-0.005503821658894932,0.0033846979678539887,0.007179943220881397,-0.014897471533663048,-0.0066478169762415155,0.0012027404886603451
2020-02-10,0.00473831184719238,0.02582073259765135,0.02593435798738784,0.01978134486685421,0.003432092286867178,0.04423945423171659,0.030554904345579816,-0.001188163880226427,0.004146769874362481,-0.0001975520769004747,0.015903316303290473,0.0007133020428618154,-0.007600822756211221,0.013851973976698606,0.009980750624728599,0.011071409298568853,0.010623810829715774,0.01814154530493687,0.0116557842705175,-0.006327561758017404,0.009416533882483343,0.0019930481772613647,0.01858758291037499,-0.010617053274476766,-0.010358322031524822
2020-02-11,-0.006051495021746122,-0.022834009256061077,0.007883866478429244,0.0009275628179080915,-0.02793750093000306,0.018536440185914292,0.0040112052857509935,0.0009682300708927747,0.0018858891665309817,0.0008556976196673952,-0.010002045483596442,-0.0160588191050085,0.013014554747935603,0.004271834838243792,0.0019360140221203646,-0.011142403286980553,-0.0019478450642202902,-5.288791774292205e-05,0.007035880706010955,0.007378156111808647,-0.002681313815181423,0.0028792063148107847,0.0053061317451710485,0.009461323011214724,0.0013008488730551465
2020-02-12,0.023469979118845973,0.0014625980315965288,0.004268347229322045,0.005659231410559688,0.017083739971771785,0.0172087583636705,-0.009197828567077742,0.000483763711165702,0.0,-0.0059390219883551365,0.01701633087386008,-0.005735045863733009,0.04271448902140834,-0.00020706107747283975,0.009742827025969392,0.0059393880416850255,0.01347576027158602,0.0018492514077979568,0.016770990890772032,-0.009231285853045718,-0.0030254464418984716,0.0,0.01615228901134709,0.012151188443677277,0.003891777794826299
2020-02-13,-0.0071465019954185085,-0.00542829353244049,-0.004700848772083054,-0.003456407904628464,0.011229239615836786,-0.006478684086898742,0.04673438827304504,-0.004273986867256537,-0.000870119618753841,-0.0066406012082763045,0.001254247659734429,0.012157599764804157,-0.0042266470076861105,0.0031821791502912294,0.005014826754679664,-0.006719767981038378,0.0014683376401935116,-0.00433756946857891,0.0036511234550572025,-0.021696207114098854,0.003360965377056092,0.0026660019983757,-0.05368901000848927,-0.00556482923530865,0.013631325819629517
2020-02-14,0.00024645222144089115,0.008887331191334079,-0.007001620314183051,0.00352215448723542,0.004867430949363418,0.06785000812702899,-0.004949986662921484,0.0014560940995442648,-0.0030504749571711475,0.0002661772730935635,0.01383835002825488,0.009398601616510611,-0.011381583159446275,0.010956398135190074,0.015101349326006226,-0.00969919657298507,0.012803231252813657,0.0069204473729040095,-0.0026253224246678805,-0.01143791203803014,0.005687358512394707,0.0035442149340664713,-0.007424020431976407,-0.004605818312091194,0.0038245165995233693
2020-02-18,-0.018480236115708204,0.01009179259566637,0.00969583372641929,0.0004674966369887837,0.0167604232470273,0.023126667718502567,0.0704209168261074,-0.00013227849662104696,-0.013328964925414622,-0.006615376819837303,0.004318016852335744,-0.010119242344709673,0.011183032355182402,-0.0044583642434041035,0.0008500557906092309,-0.0028705356347979013,-0.0021621252506216285,0.0059836393247923005,0.01921481061620658,-0.005217892781162732,-0.007030420461017678,-0.00950151574649277,-0.008122760235966335,-0.01277707137622958,0.014651735982403012
2020-02-19,0.014378863250649163,0.0029948500762111874,0.006726973190216665,0.0035671791589744835,-0.0014241987987114648,0.05933647409492941,0.06649517653196184,0.01083320683334061,0.013546934959142661,-0.0013424515782666298,0.009940996241117323,0.004554409255574863,0.010437140159841507,-0.0012304085065597686,0.009682160072984142,0.015404462573692438,0.011625424901959325,0.009271770496779817,-0.004108702449051157,-0.0024810123871021944,0.004023477487567626,-0.0004807246863108489,-0.006460322608336346,0.007652609059171459,-0.01643490946140522
2020-02-20,-0.01031186145911897,-0.015389421569720464,-0.007919906743473367,-0.005181048200583437,-0.01347039849017718,-0.019249753933079945,-0.019826354777620056,-0.004678556513518119,0.0,-0.003834003536290204,-0.00875792744010576,0.009047058988140384,-0.010470254502603683,0.013777464245594019,-0.00031934472460149333,-0.006603363147172076,-0.011335153322832291,0.002537430322716689,-0.0004921329715924419,-0.010543923603719738,-0.0008368003433636595,-0.002545956514109321,0.012025106028712958,-0.007986794121937039,8.535879780550885e-05
2020-02-21,-0.022895500088427338,-0.032122786957041544,-0.02689219882130043,-0.022350920499666527,-0.020718241807857283,-0.04855229103333799,0.0017662480443414094,0.005071065127725913,-0.012294314815073188,0.010458964583420865,-0.012563796547832807,0.0009474369422266744,-0.002319720561057857,-0.006824358250228529,-0.013885890583161966,-0.010023885721872605,-0.015986240934963716,-0.0201646556403207,-0.015481884455163115,-0.0036330417239805097,0.006841978829206327,0.0047424767613015876,-0.011808936218903908,-0.01226999974712174,0.007533698917039962
2020-02-24,-0.048665313348678206,-0.044072532076841045,-0.042235023870589,-0.043818895910420604,-0.046053386845407884,-0.07332081031850321,-0.07752369493467591,-0.033882001641681446,-0.027243562437385016,-0.020821779670918524,-0.049175798564127786,-0.027201610398425453,-0.08167241607431117,-0.023256714833200843,-0.045253643727536125,-0.04383366820573594,-0.04256080269753902,-0.018964951998013957,-0.030372169208791953,-0.029835841764012164,-0.024921369862349232,-0.02225490774626955,-0.05095232424584607,-0.047978817900527715,-0.01924294402382197
2020-02-25,-0.03445911422535971,-0.016639543591804553,-0.018357980231590378,-0.02390541948913394,-0.019875245840904002,-0.041961704179577314,-0.041482357972054684,-0.016555612334110834,-0.045669985102841454,-0.008673403929783498,-0.05368155000372949,-0.015282461990245804,-0.05322973224940766,-0.009725842991854451,-0.06943949422261247,-0.03691067960422696,-0.027256025612310733,-0.02543651219319557,-0.02362930742242021,-0.021575248805044567,-0.014252910141677452,-0.010855017467598172,-0.02905450831983822,-0.03907872422178992,-0.016731126896367594
2020-02-26,0.015739060985288517,0.01241742731789305,0.0034663008478506324,0.0029891207813638903,0.0021827475651471774,0.021144991916472903,-0.026744949535016983,-0.009168272695283482,0.003005036899596775,-0.006728114058333119,-0.006336242457938997,-0.010513741091474292,-0.0014816308481460593,-0.008886294144042451,-0.01614187055594907,-0.03840667984181336,0.010126838339638537,-0.013328124069369802,0.0518152755689201,0.02301622019192463,-0.0038121437933218566,0.006217343734016797,-0.013663436464976081,-0.022200627487585594,-0.005347140427128263
2020-02-27,-0.06760254291315022,-0.07306456351295391,-0.049333390430740226,-0.0558431919608283,-0.03851090115878964,-0.05727482201932388,-0.13713311629061195,-0.03960586305141948,-0.04250443769728636,-0.03225146260824978,-0.03921898075491373,-0.0570215027364265,-0.03513503664201828,-0.04587648719869417,-0.04186571797085247,-0.044083308964855725,-0.04012966989604511,-0.03829329996551598,-0.02005522547154752,-0.018018207116085334,-0.04746298185659756,-0.040314778448199404,-0.05159287335075675,-0.06206360737239196,-0.030156858896523694
2020-02-28,-0.0005849916442354964,0.0239245092611834,-0.0002918893180325476,0.018311106596331637,0.014232804998025775,0.06687389310202867,-0.016347950327421108,-0.006424996613458901,-0.04430585471848928,-0.03392156680592614,0.009675106311225937,-0.0023814775431611466,0.0040877260624222755,-0.031138664815279892,0.015380527053134974,-0.003309436363379623,0.022267433226759205,-0.010217434491856468,-0.007236080704352145,-0.020142980317823612,-0.026564593984137734,-0.032342453326071094,-0.0027507088336806624,0.03199947164738651,-0.0249457731551885
2020-03-02,0.08901813992012367,0.06441899978777439,0.03658851566405863,0.034542964583132815,0.020416737402861464,0.02327644453805027,0.1072570247859105,0.053271119637985545,0.0455408971474903,0.040369748437936864,0.05652535228658255,0.054397076307189506,0.0687676311732728,0.054057399445577484,0.05525768920638681,0.019610927273950987,0.042989335034647816,0.03664408149172383,0.032052649857974604,0.042759224083955924,0.0444269288888071,0.041176460994038454,0.030581446982809384,0.04634315972069525,0.07339124624054862
2020-03-03,-0.03227446601521477,-0.04910557520167702,-0.023278669366774255,-0.03568618441249406,-0.05520191801146343,-0.03887490299821773,0.0025383850988232293,-0.04137165967230625,-0.03824703059539324,-0.03214983379043747,-0.034918798997507806,-0.011694197492891504,-0.04382263002013709,-0.008735771446539621,-0.049246590161645905,-0.029863138369902367,-0.0337024997367279,-0.0427070812111128,-0.03275747441934856,-0.01676836878833015,0.0025006414303435447,-0.014643807585830596,-0.027830738149128717,-0.0490686549574771,-0.025964097106828704
2020-03-04,0.04534103900758892,0.036057278994380035,0.03441420829326915,0.03227561421872391,0.031089413665336296,0.06768552681220798,0.005337746224066965,0.04242792156590469,0.024409063781015053,0.05656002107858152,0.045057966334594225,0.05218164119415125,0.1018272878299806,0.05604634533808121,0.03486472856036286,0.023172971237872923,0.04356270777730073,0.036635268950468466,0.0399224564611555,0.05942355759993237,0.04975796003004436,0.04900800443918239,0.033160358733875336,0.02159761550284855,0.03361480685459428
2020-03-05,-0.03297489271250556,-0.02541560945288118,-0.02656658154602768,-0.049588240333724866,-0.034970232882855334,-0.0402347804815491,-0.033869376791647296,-0.041709779237894984,-0.050305689422273106,-0.010298247785193521,-0.03845708537894704,-0.023322096525650086,-0.022573529578410117,-0.026352105390313487,-0.03922354536459285,-0.044611824887118484,-0.03587002514642133,-0.035278233129187965,-0.02910714011165183,-0.026163518932911686,-0.037701044655047034,-0.02386208248978544,-0.04496767051731263,-0.04506779273704023,-0.007305738772941101
2020-03-06,-0.013369063245747409,-0.02867493364260042,-0.011994572145720599,-0.014571980555001276,-0.022280185037814225,-0.026887021956639005,-0.029497510135476336,-0.014363822262441438,-0.053063354756220545,0.00014092218151804428,-0.014004306203003414,0.0002466953452107091,0.003210833242790308,-0.027196870310138486,-0.012878106843077646,0.011254024927376271,-0.04147151427745663,-0.033088574964837705,-0.010273107475774392,-0.01248606096906469,-0.02643017503177756,-0.006101127855533458,0.0027758150011768503,-0.04949889352053788,0.011237425810520193
2020-03-09,-0.08239514319006257,-0.07017826852760109,-0.05430184971456644,-0.06368797622372145,-0.06614121932455275,-0.08059391338861782,-0.14586457137702016,-0.06441549338851532,-0.14555244535530432,-0.04015330848293528,-0.07446661881582518,-0.04712301850998048,-0.03743415444196484,-0.08228434466443767,-0.09113410528328,-0.0995264790432566,-0.09650155235184105,-0.08168447973064939,-0.06286141457217666,-0.036642666041500745,-0.06350153709694144,-0.05311244480616916,-0.04431462756378803,-0.1303907250950113,-0.0005971348989919565
2020-03-10,0.06954585740075649,0.06614747864022581,0.04941384267449418,0.04768551967764323,0.049997519298016234,0.061774275719352185,0.059586929551683376,0.048511460838441635,0.07482635015349724,0.037403648644640894,0.06487417665119873,0.037957479244541334,0.023707540082082812,0.06991108890928245,0.0684406642334268,0.06591517382960177,0.08338028759764009,0.06484425122370924,0.04965698930479484,0.02428782534353937,0.034119992779249764,0.030119470293782435,0.05434458195701096,0.03635907061888753,0.022199779019074092
2020-03-11,-0.035347649133752046,-0.04636054977512366,-0.03823045590680999,-0.05171565473841425,-0.0456412423208649,-0.05758680441278786,-0.01735009892797303,-0.04072332806599639,-0.04821429005073161,-0.07200291233252509,-0.054295341909392086,-0.07723328295217283,-0.0079602606411878,-0.0517630801953611,-0.03929061335094014,-0.05486009918661033,-0.05297634141845297,-0.04286666670817416,-0.03980632378697697,-0.07252998504203749,-0.02739382585558369,-0.033274571982077575,-0.07860881905564716,-0.03349645121318692,-0.045777378187383325
2020-03-12,-0.10397780833423724,-0.09964125890485709,-0.08253503819368388,-0.08560845553073303,-0.09720925775990276,-0.1305274717404631,-0.12349328402408655,-0.10083816243880421,-0.08602667737981802,-0.04969713675647779,-0.07732874770453001,-0.0914284449939423,-0.10372976156395768,-0.11065090925818692,-0.1106635058381037,-0.13908443176201618,-0.10081338570272574,-0.09479944864339307,-0.10433861075444795,-0.0691705754103921,-0.10172794540672467,-0.11772526412712864,-0.10971867641809091,-0.12142271887186429,-0.09509158709875129
2020-03-13,0.11315739835020873,0.13292890357538437,0.06264454451479513,0.08838763241732328,0.0974440093725046,0.10741994616945104,-0.02516454136147571,0.10983983194273571,0.16562017251386293,0.06841301578189228,0.09384385344700408,0.11340929463383169,0.08717172946906555,0.0761485389963314,0.11159009797188994,0.11033655793555291,0.16313277614308605,0.049876840527421445,0.06463768776252701,0.08581691267543196,0.03613105862754125,0.09983991082174869,0.12551763421095086,0.024968426753552046,0.09220408668286653
2020-03-16,-0.1377079798732027,-0.15945366683647713,-0.0551930111496119,-0.12368448914455202,-0.1537688482282911,-0.2039790440331309,-0.20552230217550044,-0.09966276087516351,-0.16210568530765582,-0.054791259538469556,-0.14557119026021081,-0.05006208845461733,-0.1896708838564107,-0.22056996672014664,-0.1361119339897751,-0.07607566062494887,-0.1595252602558407,-0.17302658823114084,-0.1180953113587774,-0.08050126501232137,-0.06852155442644632,-0.11954004768043976,-0.11027321702302341,-0.10006970525152102,-0.06649219110091993
2020-03-17,0.043030830910564755,0.07912210618994356,0.0679073394904408,0.04113629320670576,0.023085847842761874,0.10098725823972511,-0.03398134500612111,0.0538214651386173,0.05931914628750493,0.07177338782889461,0.037952097512674046,0.08596639687270918,0.08179112253122962,0.05128095819413174,0.009419003641378524,-0.015699875299587752,0.08629732396462526,0.08568302773798947,0.06763111324096954,0.06354366398675357,0.0415465517488317,0.1216563995690549,0.05173853515590707,0.06510006820005876,0.11072273607683991
2020-03-18,-0.02478459781630532,-0.04300747573980739,0.012183223280898315,-0.02432602646298394,-0.016600563927331495,-0.06882180453854285,-0.17476304366003273,-0.08426270506991729,-0.11123196973307274,-0.01200518927974726,-0.061448261233286554,-0.006704044517510502,-0.11789570844620419,-0.10950261908893007,-0.042727836029790404,-0.05189554075708313,-0.05674162205824533,-0.02376260156476109,-0.013475834038547642,0.00619988134880399,-0.05064681704562293,-0.054711249439082864,0.044622978973827776,-0.1056322992939047,0.02745770969280195
2020-03-19,-0.007691621821354447,0.016319376799133124,0.027450380856149387,0.018594474333111094,0.041126731020649794,0.04883250847489727,0.16879451260286096,0.012906322651072005,0.01666804718071142,-0.06039775197361647,0.025073502477523064,-0.058015130440741546,0.012544457026076735,0.034730210415459116,-0.003428080226042605,0.06675300427209366,0.04285524073782258,0.05315941804756213,0.05116168127475585,-0.06182285816408637,-0.069709626564319,-0.03005362985668507,0.01576940289334584,0.038790995272370885,-0.021450983886363885
2020-03-20,-0.06559023592186725,-0.03828246934411145,-0.018696493799985447,-0.03987900957682533,-0.022453315956658032,-0.03448978354434161,-0.00025720668994270134,-0.026804385086510014,-0.02132807420589539,-0.05800591433674659,-0.036248528045397604,-0.07881794497909606,-0.061982001084814754,-0.057344926469293366,-0.07176386179388633,-0.09902494841833508,-0.0403804161541095,-0.0007891064409778204,0.002406577913934056,-0.047459686139494625,-0.08816408020900125,-0.12135794696726758,-0.05757956684029259,-0.05033076848393065,-0.04696260157779895
2020-03-23,-0.021473250272871863,-0.010024866463029322,0.03027242280070844,-0.013268453464876389,-0.010946166549689712,0.03317397535414221,0.015688043665694176,-0.047752788922872456,-0.05501884948449478,-0.07578417369015866,-0.07853395413868351,-0.047277958647870134,-0.058454699791611685,0.06513408339961749,-0.03916395759703722,-0.002562068413826628,0.03959958149903029,0.008360889706031476,0.07922188466041068,-0.018087381039588672,-0.019509795709218916,0.01195551605553404,-0.028491852979318444,-0.040198477286416665,0.0027163203311904053
2020-03-24,0.09560611347513062,0.08699946536564966,0.019397213114498144,0.06951065621735501,0.08339249949829293,0.15833980436030262,0.15084593365171223,0.09450798523261654,0.11238340282023226,0.0698443108332326,0.12964677204287461,0.055445325171354504,0.12043670087642647,0.1288401744144084,0.1536729678551051,0.1346385581120279,0.00884549333417283,0.08926246397346796,-0.00822206692361401,0.04159363873881982,0.04909411531735193,0.07912091920226144,0.10939857173175885,0.11944221291238225,0.006541519633410038
2020-03-25,-0.005524140789763617,-0.009618783726179093,-0.02836614678504326,-0.02544472028526737,-0.030078814545278783,-0.014390167440801594,0.06562083944686455,0.012658067825985091,0.036638501895717046,0.0018443046999876197,0.04584931601647249,-0.023018953212779126,0.0646950438203001,-0.016153875747184725,0.07869509211873446,0.02625228788254303,-0.01328134446374932,-0.04377139394400216,-0.04268130339066588,0.0016821722682685304,0.05330651928396921,-0.011840667405299316,-0.024388515771688685,0.05088415175868145,-0.05018187287623485
2020-03-26,0.05128527901432825,0.06067310096079415,0.036267437779002064,0.05415218796837935,0.04463253491993357,0.04622423465194475,-0.0207800386755252,0.018827532683727582,0.06734189524560143,0.05831623383123171,0.04295085584818335,0.0620458885796431,0.08537862968645268,0.07138888739445061,0.025787430436607302,0.044939472841482586,0.05333921773262565,0.050840688759384876,0.05842488790545657,0.06506376692118418,0.062418536877302394,0.06670267825666616,0.07441181232494322,0.040210331875817754,0.00383132373063657
2020-03-27,-0.042283786447588394,-0.04192798248747741,-0.028734293362178226,-0.04633978245454747,-0.04092655012938249,-0.017688046020189044,-0.026475805312348537,-0.02332590223634184,-0.07390436034891565,-0.02731127389860137,-0.04431195445900769,0.02565079200659251,-0.05199617556767576,-0.02416142069887426,-0.06082157799690515,-0.08887686449124288,-0.05360082263528836,-0.058074943951029655,-0.0163033696197749,-0.027136899497848633,-0.03398736492159293,0.001661701586825338,-0.04434007263382375,-0.04937001701890235,-0.002187594872356478
2020-03-30,0.02813827676312769,0.06797689865468476,0.03305128565768252,0.031953850045870175,0.0567792541787,0.04963218380402621,-0.024064387275638185,0.019403039806500915,0.025674340975744954,0.07694029330646758,0.02451750500294982,0.04290755876648561,0.035772281486370655,0.02871036354227608,0.022360401458641207,0.03466201416860115,0.040247744336904034,0.026028192931058514,0.03802234801067773,0.05570130465092121,0.049890658422090416,0.04082863121229361,0.03791191357477956,0.01477543358647874,0.049928177415741536
2020-03-31,-0.0020426844586956595,-0.015852201708915763,-0.0072719999659999635,0.013551593823710116,0.005108965064649631,-0.0075209030995059,0.04263263821287683,-0.001912466635635211,-0.03781851700215488,-0.014235209678730942,-0.027244283965198256,-0.044451999233000555,-0.007589998914037166,-0.049068614622250976,-0.047258984271140586,-0.032589496369720354,-0.0004713080303754307,-0.03996028087418164,0.012164192704394113,-0.000918462471744799,-0.016807014880858246,-0.043821685037701584,-0.025368556572594708,0.012455239803171987,-0.01372362310685503
2020-04-01,-0.05405201054098717,-0.03615393116160087,-0.02178742279295421,-0.05288214439717101,-0.04412498445132307,-0.08108352827994117,-0.08446087652228773,-0.0383569229323468,-0.06504987332899537,-0.017850813078763492,-0.050993039729170915,-0.006109518822831492,-0.04956833982679756,-0.0442396359568523,-0.055100630851755344,-0.017544337551149487,-0.054998116882140013,-0.07138688662486105,-0.03088480119330735,-0.027645942681327727,-0.0493326702641519,-0.01662367587313692,-0.025245990684357313,-0.011655520182393509,0.004566219723133127
2020-04-02,0.016549039083930087,0.020497061147806753,0.005817252037933856,0.013455969156205637,-0.00887381952464453,0.04975567011718007,-0.057898921000518445,0.02125585456925787,0.03666004944313041,0.0331378641615673,0.027570131727955458,0.04533041320879891,0.013061071350804965,0.0148918302460239,0.04394399624430372,0.021367341426168474,0.009088418152420685,0.0019375731115374671,0.01634553312240751,0.03466771433447435,0.04253021524377511,0.04745083021296223,0.047070372225664625,0.07368875433744028,0.038752584643663976
2020-04-03,-0.014475751616178307,-0.009252940162416512,-0.006399314195321289,-0.022021882594876353,-0.025675984442738185,-0.0463056120573158,0.05467504939194526,-0.007763880820083502,-0.030003614451943092,0.007631595929163537,-0.035833346919744616,0.005926367202177002,-0.0466111964109906,-0.014499924936941423,-0.007774613451051699,-0.03238435244563729,-0.034643779474551585,-7.446596609086239e-05,-0.022738210559879776,0.02315528641950901,-0.0027345346778424426,0.005876354274029858,-0.01876801450179167,-0.02989786209360732,0.006970800599111091
2020-04-06,0.08363994550252674,0.07173227844371835,0.04662517920980072,0.07956262038162754,0.07115257565837631,0.09567904465032542,0.07276481895829454,0.037960491094550936,0.062380242521746045,0.04081863993450024,0.10960554993452074,0.023445715194730078,0.07893933253478325,0.06829117759918038,0.1150837759638804,0.05894403401636504,0.08334625236601256,0.09401634746250802,0.049084969198061344,0.027270362159079208,0.06278346182806008,0.051389695230153604,0.05890639350277752,0.03162914263081606,0.053688461157202494
2020-04-07,-0.011649754206181666,-0.01082862693047847,0.006988976113008688,-0.0005326756574467024,0.019618905176518577,-0.035534649867459224,0.05503939414254686,5.3952909337306844e-05,0.013103790072907797,-0.01644814404012564,-0.00502901343774417,-0.043722651672974476,-0.0012088345778072487,0.005004813135061454,-0.0261338459418537,0.01653247474150094,-0.03248386827190882,-0.016950546654397835,-0.02041966492129206,-0.02816240918786309,-0.0034344883162504476,-0.0051978442291686884,-0.019252584804730393,0.01884763627536593,-0.032898565713011564
2020-04-08,0.025272765129313316,0.00998130843263872,0.015488887252484295,0.020456422740434695,0.03177098921985878,0.03011760940029207,0.006195761068727163,0.030619489762331444,0.039585359609996304,0.04118276585886229,0.03697314664916496,0.020450948312187096,0.0767622319276914,0.013071452457858899,0.046342677088610625,-0.0016805449293137912,0.026354722669634085,0.04085774725540981,-0.003120829245693223,0.029029928255628345,0.027776683268591198,0.016192424749814,0.02670741312402537,0.061366051343850724,-0.0012300033049820966
2020-04-09,0.007189979165255672,6.05048772272036e-05,-0.00011749136016937198,-0.00035638906167827764,0.0052078631083086364,-0.015097609422981623,0.043078797207400474,0.014707303677308606,0.08591502966306366,-0.014271447520354186,-0.007170843190510637,-0.003830206410913934,-0.013910796149312947,0.033862147980066565,-0.005737271443457527,0.033373705103987954,0.00478084674709137,0.02244344891158772,-0.0010784244695442868,0.022575521224260885,0.02437609386657169,0.007662421422068359,-0.013021691390505878,-0.016555925957718286,-0.0003288005662473518
2020-04-13,0.019437893424747166,0.002237857752682939,0.059904424788693025,0.0031775811907978103,-0.0022859089236002155,0.025902504062248068,0.12754711640906993,-0.02650369220203773,-0.045491673352714694,-0.010391447260082785,-0.02743266351141471,0.011187645857174753,-0.0023498911116436017,-0.01368942886480524,-0.02275093583941068,-0.009615432707139318,0.006099906834183092,-0.013353186505902389,0.06778374167206945,-0.007089039930920919,-0.04316296429018048,-0.020717579770733373,0.00048531675149730694,-0.00861553079870959,0.028330386959002706
2020-04-14,0.04926900569304816,0.04829799604476939,0.05142426317898339,0.04429473702128484,0.01915299373157717,0.05093192037003752,0.0866771798728856,0.021849906982316068,-0.02777818839255075,0.0438139544511182,0.0327724175757243,0.04230107400461101,0.026180509759403628,0.0412907435750502,0.02763903676436675,0.02415049263808667,0.06085756411167325,0.03359339448771956,0.04154765057974094,0.03632696352165255,0.04152912784236184,0.055790558173668466,0.0371469512610177,-0.007747458426739924,0.029101808250736917
2020-04-15,-0.009169523656591277,-0.0105326858673063,0.01061218674730437,-0.0062873549610268815,-0.006757936727940926,-0.011013070356094036,0.02770162075738181,-0.02290994281643582,-0.050577068887611175,0.011100210865610905,-0.05086513604775468,0.002147113029799732,0.040499525406692403,-0.042851214619201314,-0.05146444171958604,-0.02540729619464614,-0.02441754264864963,-0.013276457931437382,0.031419928727858044,-0.012981464617095156,-0.027143456975670117,-0.024650872278734186,-0.029895103971977158,-0.04704748814398968,-0.0018622282688185686
2020-04-16,0.007914417089282933,0.029578957987317314,0.042632714874196495,0.00010339275693389984,-0.004076565842321138,0.04817283120097947,0.020854428493631318,-0.003240119625405038,-0.038855041547464206,0.013520252874339698,-0.02156136380207565,0.0023072107224228052,0.0577638258509487,0.006879004949003271,-0.04120449200858621,-0.013145906435676293,0.03006527647765611,0.009146455647788656,0.0286882338854291,-0.0025056321721708247,-0.01076990252167851,0.004507038761477377,-0.00048213777952315723,-0.03340764131626791,0.027348449488946568
2020-04-17,-0.013661467527736672,0.00877307962899345,-0.013877991515518532,0.017008702430908382,0.01682208373089927,-0.008108848303914387,0.011580411041559343,0.017090774701950494,0.0860757008637127,0.01557923793535764,0.042903677240730846,0.025916306842473206,-0.026725184264752126,0.04677439042812855,0.05215008689172127,0.044195895080285826,0.004105866630761217,0.03478840193542767,-0.0376089318432561,0.028302564380042722,0.020177098989111148,0.013983487583651245,0.02334016205030463,0.09890299409007247,-0.0015878287675143569
2020-04-20,-0.02097514409289235,-0.020019993302732863,0.007805217491159297,-0.014054660526932121,-0.005594757844180289,-0.018192630383126428,-0.010038465581097953,-0.012896596527090258,-0.03713847435297529,-0.0023047273969139122,-0.03188211949832368,-0.033351364371632046,-0.029406611052145606,-0.016223030362510434,-0.03220926216146372,-0.0418461416046589,0.0022352134653925043,0.0008605052349247281,0.033776215110852895,-0.02274377242051239,-0.03235272350758926,-0.02205159881311745,0.0014114258961254735,-0.04835060560905689,-0.017330744188055417
2020-04-21,-0.031398545305598026,-0.04223676399633431,-0.027741595250859077,-0.03962004280047553,-0.042637738306150516,-0.0630510149123058,-0.08328137479063667,-0.028317741685866985,-0.02943341573264777,-0.01320771340432938,-0.022726041255256617,-0.007657852093760844,-0.028582152260184915,-0.026755882499387956,-0.025671204556032445,-0.016963014269107762,-0.04716921911388452,-0.07791519787149466,-0.008401122020329024,-0.01283141076608927,-0.025025675131974113,-0.027196769380666664,-0.047909124282835495,-0.005356823027989439,-0.004940966324739922
2020-04-22,0.028396717610923387,0.033400742527379415,0.015078276370104332,0.037445079365620824,0.06505092694117962,0.059910722862740316,0.06400415510269586,0.01675446490332566,0.0032511385389956187,0.0218730866074476,0.03705461171901564,-0.0023421887906943505,0.010268384319396494,0.017590167452466426,0.04603989088164375,0.00446589360388998,0.023372846661031496,0.023499593865027642,-0.02902281839368086,0.017532142842637304,0.006588903927195365,0.012748911813519625,0.029403023351129678,0.028163865387989897,0.018252222875540108
2020-04-23,-0.0038826705714152827,-0.012175950276838488,0.015100238852104056,0.010088783618395014,0.015514122395965262,-0.007506872289896108,-0.036839791089286374,-0.005104639821456058,0.0005599122770363192,0.016337722611317124,-0.0012609761188419534,0.006646962580139351,0.029556549439260123,-0.009102170315409833,-0.004095323318706253,9.897123277758315e-05,-0.0041657867531652805,-0.015824428113156985,0.012451226746297516,0.012064646576706304,-0.013443988909736729,-0.01795558242214119,-0.003357888439701578,0.030850903162786415,-0.023529117178738918
2020-04-24,0.028460485421351225,0.018094623782356024,0.004478467862372162,0.0042625163902861715,0.02633430491826141,0.019456806873275907,0.02728753098899391,0.004783023321164288,0.014658662441277726,-0.0041887044304039925,0.005633685401945103,-0.005206162351834176,0.020673014543926206,0.04758401564918331,0.011270670105999376,0.0018793664290076072,0.025697945150191307,0.014785975999751524,-0.004015495120734542,0.01863184492232265,0.007956070184087694,0.03099022557675525,0.021393628483935678,0.006423106493167719,0.007055284645072799
2020-04-27,0.0007065303708755486,-0.0028688455694656843,-0.014299615622890095,-0.004506481028062661,-0.013613735312095152,0.02553539512551132,0.09666945779957149,0.005027030286970055,0.04220128611250146,-0.0036879128642926372,0.02618983175521399,-0.011260486457842276,0.009192302249859499,0.025958842376673286,0.024281561802894043,0.04700515371312949,0.012705899659522409,0.023427862506665082,-0.00853060117457286,0.0250967935802059,0.029282923520377854,0.0007443083417941498,0.012619983695565417,0.004791054074359371,-0.00884618085071621
2020-04-28,-0.016341916463686323,-0.02466234812074707,-0.026406206272373736,-0.030576209109255795,-0.02478469937956547,-0.019441944574900775,-0.037801017814305886,-0.0018154289518997288,0.007055871923013654,-0.018974378661612536,-0.0029734656962344106,-0.0047792959046024245,-0.019302055294995735,-0.0005972533654926304,-0.0019633327113996514,0.0014133348252861832,-0.044145264513983144,-0.0203153347729279,-0.042541068020911246,-0.011017764213287696,-0.0008551083354774387,0.013738025262549709,-0.013325672669590873,0.023170297928969148,-0.0023409002007105622
2020-04-29,0.03231703583135831,0.04389567982644968,0.025020524430829326,0.08517754971857254,0.05984283494971554,0.024076519291986717,0.040002020280935593,0.013219238083724745,0.02661329055844637,-0.007625195938253031,0.05972764272013727,0.0016241733448560957,-0.00246497752083568,0.019024859360581858,0.06966276145150682,0.05531009230536232,0.046065982391549895,0.037922366489204426,0.01976232043954319,0.005524020667371549,0.008097071242084952,-0.02195274202027884,0.019807355227507865,0.05389194594198737,-0.03497985804865033
2020-04-30,0.0208766953180777,0.009982365068961774,0.041803503952607714,0.0033619462206733487,0.052757474892726454,-0.02092369919213844,-0.023547759980736722,-0.011937431158048415,-0.021692892713800486,-0.0013322257363861292,-0.017031804392306213,0.00672481472242863,0.0166173432211367,-0.008966774758047396,-0.031220034538219976,-0.03720923068000245,0.012720539881348513,0.009430091699569269,0.019141215761657896,0.006276196153022657,-0.02645034090908443,-0.008055798577388338,-0.02239965099569821,-0.021080394456189144,-0.01672482077589091
2020-05-01,-0.01623039748759091,-0.026232835222132492,-0.0790151691799427,-0.022057853254377167,-0.01199092350591094,-0.033043007531034806,-0.10873700220740792,-0.025350666842294697,-0.026561163461726264,-0.011732321554364362,-0.01778264220221836,-0.008948009314136796,-0.027593555201348447,-0.00574820518252545,-0.022917844644529013,-0.024808247905348642,-0.02810306571591395,-0.03506278630963648,-0.010968597788210391,-0.018947868210440318,-0.006339213172566586,-0.016385829545614055,-0.03505766171432576,-0.074356074285693,0.01120795662324694
2020-05-04,0.014049781717646155,0.024166141580552775,0.013016157575809914,0.004227006088971072,0.014673887516322287,0.029649950821619753,0.0819187203405193,-0.026178641458075847,-0.011974918396893602,-0.0001346685420064037,0.0032979311567116355,-0.009028876323049644,0.01059389722648372,0.014850339392495816,0.001933409955805768,-0.022235937258071246,0.015210594585139387,0.03209461494686276,0.03054464801846933,-0.0005316179405796897,-0.01013914174159202,0.0059758315732159305,0.010453430715489103,0.039541306206889455,0.006325695387440102
2020-05-05,0.014897591884742154,0.010678550870188219,0.0007812169559819208,0.01955212682502827,0.008779615349490765,0.008375759992464059,0.009180180665024101,-0.01084816668342766,-0.0015204904068358111,0.008261506541112015,0.01291683605439277,0.002070867685226607,0.018946980094600774,0.016851233426766903,0.01737776415727241,-0.020760600559708433,0.019908829615591976,0.010963286874538918,-0.008137660463315996,0.02338203362365885,0.005743383909299258,0.005712287421533661,0.002656672996949731,-0.0011145725279934273,0.008292413116669287
2020-05-06,0.010264164153671842,0.009798923870606425,0.014332930141282023,-0.0026647882566524558,0.006738171204108627,0.013693429763694628,0.018533023597782732,-0.020953057578132615,-0.018983368302857195,-0.009543743420879013,0.001903394970243171,-0.02540400219356931,-0.014678549842135687,-0.0075190829344362765,-0.005636785366904299,-0.001782774509882773,0.01778376843682957,0.0025693565258123174,0.022307493913531314,0.0,-0.014420889329593947,-0.006782332757619069,-0.007504812989774501,-0.018914918720656024,-0.011531368443858818
2020-05-07,0.010291703959791712,0.005790304042660842,0.006929629421755726,0.017571491612247605,0.013294401990858282,0.023497093098002853,-0.003250973870209664,0.006360923794074085,0.01035911420179016,-0.0033145320230325917,0.021799070074957756,-0.008256813106311744,-0.01314147293144251,0.024396338767418105,0.02189182665249461,0.04544252954435567,0.01168259505938702,0.03735776458075582,0.00521369579650001,-0.031164939300502514,-0.003357442136174534,0.005870467353618454,0.005331696711305267,0.0056668103515771775,-0.007111962627184511
2020-05-08,0.023522756372814573,0.005865004331828044,0.005055588339379235,0.010938529288125038,0.005146324865244464,0.024718922658167882,0.04925154604829151,0.019126535082581837,0.01620398140988347,0.00749273490218057,0.012886879752923552,0.033143385441988006,0.006992925260265501,0.021471950766186878,0.0141555444177298,0.03344057981834954,0.0019883457989142163,0.03470576045849253,-0.002247491372341285,0.0070098663553581865,0.03329610007654753,0.020167770354064165,0.038411477732045236,0.042917720286914755,0.00857716479709442
2020-05-11,0.015612634224979466,0.011092821539016633,0.012275095742505182,0.013809345275046006,0.003900925468596619,0.03187079171337121,-0.009971196406895207,-0.012462120674997265,-0.029892046847811368,0.0027535726559207163,-0.008300449488697775,-0.005534769109848896,0.005871125700758969,0.009044921661203534,-0.0042932257793791935,-0.012815489724435325,0.010582978177891549,0.03776558955787596,0.011346197766646372,0.0233679858795177,-0.012438670233823109,0.0011168912609847636,0.007646856185226655,-0.009574015811991254,0.00592015358388599
2020-05-12,-0.011493910803407534,-0.022912174810427153,-0.02184325689933136,-0.020448329022617184,-0.01455333078284845,-0.0331515737803848,-0.0023199593370761967,-0.010533997808566248,-0.03322340291512214,-0.013299910883828247,-0.022533270617101225,-0.006612648284397251,-0.0034349624019200573,-0.015592893787157917,-0.032966197635399604,-0.030238193176088824,-0.01716222853836156,-0.028485297629601395,-0.019946988665173,-0.019613741125307255,-0.015936942215767996,-0.010773698415356463,-0.002310744863009525,-0.016856131118748004,0.0008889801248771925
2020-05-13,-0.012147394518887631,-0.015238101567262907,0.00464352271673132,-0.01971787172869856,-0.024085902730592877,-0.0028878791715550947,-0.02305818093053759,-0.01304689834576326,-0.035079156848312344,-6.801157254177989e-05,-0.011677105248749845,-0.005515008352578536,-0.034297242724237925,-0.012095014494229277,-0.010900833870134187,-0.015809126312851193,-0.018075302135274456,-0.04551746231524256,0.014826334779971409,-0.008332021007853756,-0.019829115554491843,0.00015039974041932094,-0.029824876874844773,-0.05091144562629296,-0.0005654686535741365
2020-05-14,0.006124849270887043,0.00432984761279906,0.008800091486279958,0.0063064213787621115,0.00830283503081537,0.031690579214937835,0.015518160889563192,0.0021082605265003935,0.04069367822618441,0.0034605058466624593,0.021286328360157706,-0.0009659036929782535,0.0443606999211587,0.018856307385331124,0.02983051609401618,0.02863780219793154,-0.008880184011159205,-0.015684672313031528,0.0083615954487243,0.023210536467572058,-0.005477189584906491,0.0009021306899874067,0.04429606993913263,0.008785415011784084,-0.0023468556523538507
2020-05-15,-0.005930186071380733,0.014463418949257695,0.008723388257937528,0.01186850357139914,0.019488853272263747,0.05573044496862692,-0.005191880165631997,-0.009877161326562217,-0.018683644816547815,0.018787367120269956,0.014215893033009819,0.0070045090994667785,0.0012038086675871882,0.02047310254409077,0.005860380012271092,0.02921674648777435,0.02750308115224262,0.02559762298618107,0.02731883787431223,-0.004228544269271407,-0.010119641579847703,0.02133664819634204,0.009532688038339728,-0.007117239912892788,0.020212238413122377
2020-05-18,0.023288084932897992,0.009509053564314189,0.006815562402388709,0.008788434042038887,0.010894434279345631,0.030104630762300168,0.01793204109959487,0.036034223172227445,0.05161310715519603,0.0005315782641492788,0.042100817047153266,0.0138638306744529,0.008214826073493177,0.02484229033276788,0.038539560904644374,0.06908459959188053,0.007282516039340817,0.006805745710334406,-0.0035510541942097803,0.008176272584371194,0.03876714023762878,-0.0031677237909272164,0.017687299228883225,0.07651974516175028,0.013564936331420726
2020-05-19,-0.005794956470898225,-0.006946536089426411,0.009463506026665746,-0.007812969199406817,0.017160356772083794,0.006294412431804325,-0.0069313094591098995,-0.017071839341799358,-0.019875080999904565,-0.010015162873596217,-0.010611193096354823,-0.03297900358649473,-0.014800504578539075,-0.02999508839125704,0.0028588084872040033,-0.02145233894878139,0.011429960580995773,0.02031386325161625,-0.0034085008862323033,-0.010297127643156715,-0.00960788230515658,-0.028365001245613204,-0.010036534395182295,-0.03136460570789773,-0.021456786488104014
2020-05-20,0.01926139024820461,0.013775438249034393,0.0196519053240098,0.02497664628654777,0.05860482866167934,0.018509141405444074,0.00930057241369536,0.020258353595440794,0.029557406643548386,-0.00903325344274361,0.02348616190201385,0.007442972561577607,-0.0036741898187802563,0.00037817589956085757,0.02737945783031729,0.04738600101883311,0.030247182139188866,0.005043099776701484,-0.007499713726922249,-0.0013278840853868338,0.029859503630445403,-0.003574343918357028,0.018434635937237827,0.03202616302707971,0.003993594935438295
2020-05-21,-0.007483511566492373,-0.012083833400703547,-0.020709907813958355,-0.0017116254705832775,0.006155632139723796,-0.021950240462230677,0.014654934735012084,-0.006154577270866957,-0.012782573006971191,-0.006589553258438049,-0.016854164237043254,-0.014762555389466425,-0.003757296928146134,0.011229919604518683,-0.015310493501098732,-0.017581830388068324,-0.0038129882190006763,-0.009483629420214145,-0.025840842152057286,-0.009881416878316864,-0.015814126699732693,-0.008031423757097837,-0.01776257393963879,-0.01801473205062839,-0.003673594980217789
2020-05-22,0.006417988094932376,0.000435941092430442,-0.0040379627094452065,0.004602837845315457,0.015097896273594837,0.028201664987702494,-0.013037700356063059,-5.721991463927379e-05,-0.0077930313199184855,-0.009170554496265415,0.001258198601077352,0.008741456854407513,0.01050551165955794,0.004142998289691344,0.0022064353106317626,0.0016110809594875753,0.008052885456847757,0.014669890414278922,-0.01601293038502945,0.006420742759976964,-0.003103953806384864,0.002071468418181176,0.005807652021436694,0.0008974843306028187,-0.005294481622875667
2020-05-26,-0.006796516061068042,-0.010627967167597748,-0.006182687942356004,0.005736144574434923,-0.011603414031694572,-0.03477589494139962,0.002433081947381517,0.03045808573231837,0.06856770868447469,0.0013154165016304677,0.012289362067733471,-0.005075047660457903,0.016928494838088077,0.002477395833852487,0.028150986806536438,0.024523195467189236,-0.022655170250483928,-0.007506165103235192,-0.03447836470824181,-0.00026686623119549525,0.023266904990014402,-0.005610625805619557,-0.0013371900421178667,0.028949014331694337,-0.0037871387560450788
2020-05-27,0.004347513534249221,0.0013209888396421149,-0.004747292931811086,-0.000767066010265802,-0.013265853535292398,-0.022328880163118334,0.001659467041868106,0.029665434636906317,0.0563058509729903,0.0022801040729605922,-0.002072337598677323,0.016466391199718336,0.029668302618701712,0.019925471800608104,-0.011806022542141706,0.004783993616234959,-0.0038839937613704095,0.000453014328734908,0.012268555995534775,-0.0021360748388992495,0.01379025996044719,0.00813649792886578,0.024670637302995513,0.007162272205030574,-0.011204011630585303
2020-05-28,0.0004398186798668589,-0.0022577498644986522,-0.0038615979869802697,-0.001437395816793853,-0.01619050458145615,-0.0044966108683514045,-0.017736751939729612,-0.003613119848368008,-0.01500779814438918,0.014253877574924986,0.007440009432157426,0.018874243661391784,0.000658110366920251,-0.009015041783999889,0.00840457821192851,-0.04012629054576154,0.012344456478013553,0.02516217431533006,-0.01548029045271397,0.02037390356501541,0.00767452527510142,0.011250586298991781,-0.007863600082646582,-0.02629415420791746,0.009830506802314004
2020-05-29,-0.0009745122864417811,0.010146983843555706,0.017041909136995572,0.010716383411742261,-0.0016424024267487488,0.04475932690081908,0.035583725409644835,0.002589813238089032,-0.025867587716927414,0.012038335226016359,0.005032229361902868,-0.0012071301735129703,0.002891238100952598,0.013532702466812789,-0.004675154347413847,0.0046999261400179244,0.01766683371359416,-0.03546422500827267,0.015099193268048015,0.00026176518251624795,-0.008745159548043727,-0.005609575954865028,0.0475364035979153,0.00950157539246668,0.0029866411299380585
2020-06-01,0.012222673638997868,-0.0022945714670406328,0.011670253098244966,0.0009410976887856966,0.029849153202620663,-0.007833375645030569,0.07284966703702293,-0.009420271611337629,0.013169150795781813,-0.010542564747645831,-0.004568662674518864,0.011408114937631315,0.0035361328479174,-0.004800697735022626,0.0016936912648789903,0.01245397256590926,0.007935288140910322,0.008942128202727011,0.014639875760713685,-0.07416845919146571,0.006619140034004767,0.010887058213168136,-0.0323020350174503,0.017657045463167376,-0.0008061430890624232
2020-06-02,0.004619132519908833,0.011312457376870548,0.0005542421239081785,0.005171838971159513,0.003486527846246833,0.0021554369139029856,-0.018588326218028427,0.011358259977432153,0.003341557367807957,0.007175496533975247,0.010288966803332562,0.006884675530959353,0.0012415720457580454,0.021681045787758695,0.007239419977559449,-0.00016833276692278815,0.001948443856908757,-0.012151103908088842,0.0032582085748130837,0.01954836397080996,-0.0019168994480584468,-0.0027108803882905925,0.012662119430561631,0.022012121546518628,-0.00016146631406683304
2020-06-03,0.005489856074343036,0.0024304086224945466,0.002419803318654912,-0.002123890067836451,-0.011061173667551676,-0.006337596283009629,0.0015867839932886055,0.02590655954877919,0.05257119629250057,0.002694585045678881,0.002593832497585748,0.003972959777360286,-0.003139062004816234,-0.0008365330031040755,0.011398018258478713,0.02847490557120343,-0.0013326902456780984,0.004352591690514974,-0.012575533376131908,0.0,0.021097663732155752,0.0014315659925454875,0.0010660429731665598,0.03998454047944769,-0.003799378394173701
2020-06-04,-0.008649392017286222,-0.01325093510993782,-0.007207963182428161,-0.01748743919518009,-0.01695745699227128,0.00011462761974869632,-0.02126741082055923,0.006425156975781085,0.02059769887908588,-0.013000351713334269,-0.016542666769589758,-0.021145057623044514,-0.024096720797579515,-0.008200724117832807,-0.018737172651335177,0.012283062455424399,-0.010622555483246993,-0.02049561328750632,-0.01827146284399102,-0.004156980120259867,0.000417482451261271,-0.00935325586663318,-0.0017057490773337185,-0.0028474686575238545,-0.011075892680806112
2020-06-05,0.02808275500986778,0.023128733665355308,0.009062306094701045,0.018022307004482006,0.01960423546344066,0.01735830819010577,0.024320646383694,0.043856181065439905,0.04401871960450217,0.003877013027568141,0.030364519746286425,0.019456521774866644,0.04516044025716529,0.023619196798715134,0.034280088088016095,0.00909422181879848,0.01823604219908631,0.014132314646973614,0.012639129353453663,-0.0005553796959022831,0.024122323459194166,0.014220275648416412,0.02048852625351004,0.07794134203659812,-0.0045141642416085676
2020-06-08,0.005895392139080685,0.006177658168262512,0.01640122058468097,0.005554125309303708,0.002726257966909563,-0.012976408246480317,0.07004464847857836,0.004475139952056495,0.01976219189989054,-0.0036045431123741638,-4.9953856430175206e-05,0.00606635669519977,-0.007628970642784961,0.00730950049334437,-0.004724464500361323,0.01951670851054808,0.01234397453642383,0.015238601519103405,-0.0002621357000506872,0.016533755493331446,0.015362979351011214,-0.0017378756630768094,0.006252879327380684,0.030794519378166907,-0.0026358936345283156
2020-06-09,0.03108966489204675,0.007615682719312838,0.029973414532654237,0.002785932945114188,0.030934034176224704,0.027002957041822144,-0.00978535494822048,-0.027615316017392262,-0.025984636007421392,-0.005533848866923702,-0.0026086338994313263,-0.005981809642107583,-0.0008727572427232454,-3.899908140928679e-05,0.003472890309167322,-0.026995307614299205,-0.0015598541801767776,-0.011335634034892827,0.03411998771121542,-0.010439860871465303,-0.017198174874798054,0.005731930366966771,-0.001663728761062471,-0.022539397863544645,0.0009067895104590594
2020-06-10,0.025402042591506392,0.03642031051026571,0.01775474019639406,0.008653487667946597,-0.008161601019359628,0.034843605446740665,0.08590431690632504,-0.02353177778741585,-0.04137260546312851,0.012527078588947149,0.0070074232103722895,0.007492405502136656,-0.011253007829924404,-0.009037383713520137,0.005315287304816174,-0.013898685170471636,0.02403161379179268,0.042287498032871525,0.0009902498583152875,-0.008041008179685965,-0.007785102521374319,0.008685717531189224,-0.013197990683032304,-0.05511633395106113,-0.0015671051959551738
2020-06-11,-0.04920149990231043,-0.05519401568537414,-0.034386807792203426,-0.04382204858790551,-0.053356446814032864,-0.06284055149820733,-0.052277046427824686,-0.07304407036435771,-0.08713155383507831,-0.04802238905999357,-0.05960223813899316,-0.02522542707794498,-0.07474451600161461,-0.060676249292061626,-0.07250078524025433,-0.08129850314894,-0.04821634827503828,-0.05677077598957094,-0.02074401366133258,-0.07573680439814333,-0.06544373498270152,-0.04803012966396371,-0.08238260560775341,-0.09239210490381257,-0.00887047080091701
2020-06-12,0.008596583095766074,0.007860973517472383,-0.005071582137180358,0.007830062202526914,0.01832249173318411,0.015370764762434541,-0.03937370329089697,0.01776068924359003,0.026995933359690756,0.009045692044356941,0.01773660158394375,-0.005520123312274767,0.004992226428868274,0.012367361858674692,0.022207137445764864,0.024987081384677687,0.047527849246577006,0.01762916914204964,-0.01775707927124743,0.013422940415921555,0.010360325165775112,0.009033188517909836,0.03155511230604322,0.021210892887125517,-0.01976251317592093
2020-06-15,0.012291407526141003,0.006371328676249545,0.01080967380014712,0.005519371859696933,0.017003847239078933,0.02664941383306766,0.05776761532071402,0.0018744978955383758,0.013723195165893891,-0.006351607563051165,-0.002604276843298782,0.009211954534541735,0.003954800102621084,-0.004505946847600901,-0.0020844497558093725,0.013673542482359411,-0.012873406915799466,0.019790212342997184,0.017616066443015003,-0.011622451601959868,0.015234214064969772,0.01140759536638707,0.006193411445135865,-0.0006359923375016009,0.0028837556934288174
2020-06-16,0.02615720470063617,0.024209825880245096,0.01641919546995653,0.017948255096305817,0.013457494991794468,-0.011539407344694112,-0.008889888882897297,0.004122583755116804,0.00796814022269932,0.022470955402581805,0.005824060670067181,0.012265026026617947,0.023202358693569902,0.034971453003823524,0.024300982505150965,0.01154906499408305,0.025413150911225483,0.010415303380882502,0.024675410170233506,0.001198022796018607,0.010100033623675248,0.009078671737645894,0.02461201704205693,0.022237144150503017,0.013208269715287409
2020-06-17,-0.0013931909363820098,0.003455326089515617,0.009782656419923274,0.004187614454286498,-0.0005092886205940178,0.018302611421876218,0.009787666254598352,-0.00793044373787098,-0.02560419125421983,-0.003050445322663843,0.003519403314156819,-0.001694709524039197,-0.0013662143346825479,0.0035940283486240038,-0.0023676368491302594,-0.0066924197513983435,0.004411216612005046,0.005084507551829894,0.02633937701500815,0.0047790587291956,-0.00407043059976937,0.0006832778581464108,-0.006692040750464701,-0.033114941084248506,-0.005195299317962487
2020-06-18,0.00039848286907692894,0.010651306539647703,0.004910408831544251,-0.012762459561473568,0.0017391409138863688,-0.0019509801197594191,0.012196058432993926,-0.0007190734795260946,-0.005443173383844977,-0.004244574878211,0.0018064489796129316,0.011382455721233593,-0.0038350356953049326,-0.006559108746175247,0.0035820340390524978,0.006101158886078544,0.01671602295728918,0.033927338963808354,0.004678924016964739,-0.009580906458879596,0.008763091573764462,0.007711567446279329,-0.007390906949211954,0.006199918818514159,-0.008775875476123693
2020-06-19,-0.0057308388452658185,-0.00597749156314434,0.007892706403668376,-0.006631963419022508,0.012007015982547496,0.0046806853422033815,-0.003052506049991116,-0.00560409021331742,-0.011486570482178441,0.0029242851043585795,-0.008857933788831186,-0.0030225813039960843,0.003474083180766128,-0.010325623478052898,-0.0277727414880139,-0.034551424145326914,0.01779725289699462,-0.003790671569331884,0.008521662726469374,0.005400600037648198,-0.0208585787036165,-0.011361122856724233,-0.011190706328952423,-0.020237416976333255,0.01564153950957045
2020-06-22,0.02582740942314567,0.027394869939207162,0.014404049034053084,0.018099276017566678,0.001799250961772052,0.02826468877360737,-0.006595797039905825,0.0025007484704720234,-0.010896406726385824,-0.0030636401942256046,0.01425802803047392,-0.009887210591080468,0.0048981479821747775,0.010125048368723253,0.026426846404150054,0.013636413857042355,0.024532481879737018,0.02482972142561104,0.03107347659589408,-0.009319301742165154,-0.006102903726866854,-0.0017535925593174496,-0.003536679821738608,0.009523889603420847,0.015153652668103305
2020-06-23,0.021119828275441357,0.0066588636018858945,0.018470070932883553,0.009140088606358591,0.012545169634650431,-0.008088537952219236,0.007474555771254048,0.004651408546483954,0.012122396806992565,-0.0037028892361426974,0.01532116438354837,-0.00016987324126760406,0.016704413060130992,0.004604831273947563,0.00798279537287662,0.005763158432857419,0.0043448541132041435,-0.013606426725138744,-0.003810373939703293,-0.01032177244354087,-0.0021886876750364633,0.0023628237273407436,0.006841095582829635,0.00601376889872684,-0.00502595021468935
2020-06-24,-0.017809419356767615,-0.020363535486931872,-0.010915222785479236,-0.02159806457954104,-0.03452230062900953,-0.02296004750185209,-0.04171541244464825,-0.019412646168497305,-0.033961443810465036,-0.02150940158950488,-0.03369764428948718,-0.011189445890465355,-0.028700962958770518,-0.016840236308766483,-0.04284304610338,-0.0395397145722535,-0.020339362551508505,-0.018739955411615605,-0.01820179044683704,-0.01785761740000646,-0.021930126591206463,-0.013797724041274427,-0.01596134587915376,-0.04825501705848807,-0.006380451768175228
2020-06-25,0.01318810609444572,0.012557208873582098,0.007352966946613356,0.005845937724409822,0.00706819551725565,0.02718368599119558,0.025817844628587844,0.007407897988808644,0.03426798035557567,-0.001073589452434278,0.013337333388028885,0.012547549209777941,0.02405284314880182,-0.003051904834100597,0.013513214645320678,-0.006355548626182457,0.012134243957846414,0.014924302769017609,0.017450857689678665,0.00403030884205679,0.006251322290505655,0.014178183807251526,0.010447971454315015,0.014943864949542841,-0.004916450613631724
2020-06-26,-0.03120763087631371,-0.020218756224536394,-0.022657517035347675,-0.0560560601475004,-0.08682611475575873,-0.03593835728157743,-0.02697370050614223,-0.019649499993193386,-0.05637827898180136,-0.013406312005773498,-0.02458068130645523,-0.022821787529817172,-0.03203837966366354,-0.01796966639263048,-0.029524589607417898,-0.02050335039818419,-0.02322212651211815,-0.02783402001873771,-0.049520173287189155,-0.00870108637056786,-0.03073678950697856,-0.01905261579546789,0.02381853638421653,-0.03491742363342125,-0.011679255731250185
2020-06-29,0.022785173037329985,0.010689802511506308,-0.004648937652200358,0.02509818140012107,0.020883617442509897,0.004903608839678997,0.05039944763683731,0.010324617110159993,0.0044185351847282495,0.008885728918024607,0.011086642526816851,0.020868938239819772,0.009989141675309305,0.020980814961447266,0.01233162747318244,0.02193916974145938,-0.0063916025911653586,0.0008730363837921368,0.008623040820329364,0.018553459502246662,0.017969486159466225,0.0165382906234217,-0.0034612380070765435,0.0159206297929786,0.006234658706547258
2020-06-30,0.00831292219104137,0.02522834375324684,0.02884445591830274,0.014833876367856791,0.028726109059648307,0.03185092118559852,0.06747855280845434,0.007421974338712772,0.011333107027602323,0.011370651933224783,0.009309321090764653,0.016102709714547893,0.017752944571588686,0.017679648376050572,0.0094118182793675,-8.977462792971499e-05,0.025853344441308605,0.021583879425577806,0.01729002127578901,0.0018363738221473557,0.0071877466339589306,0.008961883186938814,0.010561824832967135,0.00898457290512281,0.006029471135399158
2020-07-01,-0.0018933484756886443,0.005830075978033225,0.04253577590541981,0.01674834210720021,0.045119753040931784,0.0033898020437842674,0.036213124954005624,-0.002917191486288718,-0.00854143683830026,-0.001779233307312332,0.003153104356299893,0.003423201368464245,0.00938100283069349,-0.009465509097811575,0.018329378876862618,0.013362070764612322,0.01028439457063681,0.024050436062433705,0.06508222898935231,0.031309026422540166,0.003128345813595469,0.0007556687302855309,-0.01251398102910661,-0.022843940254283157,-0.0007520733766491448
2020-07-02,0.0,0.007592151977960246,0.004021512351305945,0.019183679882790416,-0.01753870781748273,0.008593834292150982,0.07651403502187115,0.004708244338157789,0.0032427504244997253,0.004193926602899014,0.00970589344091818,0.007473141227298802,0.0017789521288520314,0.0014095241276342158,0.0041417305741370545,-0.007371602325826692,0.007114114497405333,0.003329843425958737,-0.01818175265930326,0.022565055352440522,0.0013378883599396445,0.003695196301988437,-0.00153256856063776,0.008429263507598853,-0.004018390463782606
2020-07-06,0.026398826490187207,0.021297929983833015,0.056086861548230546,0.020017135120743507,0.02896534894060163,0.023341127049750436,0.12645108117682743,0.02151928900935121,0.02494019732705759,0.014157543796859929,0.010624720520753528,0.0061853470144430725,0.015139474512372875,0.004216409798001279,0.010361836631223406,0.019858573220582664,0.02152970588263462,0.02660002940861779,0.03486499927618752,0.0,0.0077681557174213885,0.003381614498609224,0.017164815813996426,0.007008060220293293,-0.002687821877382446
2020-07-07,-0.0031076632428847506,-0.011696053179686968,-0.018794894393650154,-0.006509442241973379,0.0024110752709460273,0.003297739501566085,0.01323965619758905,-0.008629549500448733,-0.028615963040637526,-0.0009096346366109903,-0.018165593004096574,0.004839080179113784,-0.02055249855654752,-0.008854859315236498,-0.018696316840859505,-0.007015720964517773,-0.007162314673430213,-0.0068003633792618895,-0.0013171349588766707,-0.014006564480790452,-0.0004421466088931307,0.002023547887005117,-0.017164815813996377,-0.02624836307133818,0.06559470787995954
2020-07-08,0.023022957995683116,0.021754430356399644,0.026637631211038765,0.009139976451709818,0.011229582108436421,0.034277540708899594,-0.017404076436543424,0.0002759931190208996,0.01055930073606891,0.002936232540278298,0.0044701216131842044,0.0054669331822405675,0.005748127296138298,0.0073312064148121775,0.0021347638958138593,0.02631611591764678,0.018345918331616917,0.01966473555060982,0.019318992882631187,-0.008262205006383657,-0.0031014179683979356,0.00485449356956441,0.003936900530479923,-0.0023152404366511906,-0.019969684666743023
2020-07-09,0.00429089765577431,0.006976393975542979,0.032418003431597016,0.009966116442934669,0.003769836800894262,0.028277056398441348,0.020579243780394125,-0.013333496959537908,-0.02188848029659255,-0.005459344491675967,-0.014770037209569344,-0.0033418606500997925,-0.024427788015834843,-0.004868150720793362,-0.018697748450381784,0.0012849985119527108,0.00688066926590854,0.0022942001787519127,0.009856217981337071,-0.00862956445914414,-0.026075018338394623,-0.011313984716255958,0.019241819871506485,-0.04213656855688494,0.026251359513237718
2020-07-10,0.001747641919469303,-0.0030372920559742123,0.005442909266691453,0.013311032013605882,0.002328533891101065,-0.002835060343440183,0.10241918272489342,0.022671642218629412,0.053225006927904155,-0.0008423910472731928,0.0017671773439851019,0.011446213772924986,0.0002400613155146097,0.008633428828438516,0.003693104141296615,0.02142784226770953,0.01156384956250798,-0.009308816709925035,0.07759762304634497,0.010997247055482667,0.027848320001956653,0.013100591583979906,-0.0008570561647113369,0.03071330612704089,0.022676820258992012
2020-07-13,-0.00462370119635755,-0.031375663785865496,-0.030459227148096752,-0.017553994036084562,-0.02508032785004984,-0.04160065050232774,-0.031294179797161696,0.006702534371377453,0.014232877826242687,0.019751654379942783,-0.018503296287910854,0.0012909064012363552,0.028702066426655883,-0.0019610592857219286,-0.018776417927213174,-0.026491495116083546,-0.0522420844874058,-0.05445296032781738,-0.04325636147866443,0.039982065164099315,0.0022125148323784024,0.0033409205188750443,-0.015768878651925333,0.00023432427377106433,-0.00891660631526846
2020-07-14,0.016413155431541957,0.006162312443666972,-0.006464146747407976,0.005690687387556975,0.0030497529256424106,0.031795622030170764,0.013099686323903579,0.02985456935719602,0.005718448714458827,0.0184902979961388,0.022546005697493002,0.008348705513048902,0.028971128290791476,0.032205505647147296,0.029775016607507504,0.020777280287388962,-0.019835177978004232,0.006456753496059615,-0.0011805305303141471,0.0005680572459458746,0.013608647029459,0.004511462793771371,0.00715933033145875,0.03251781793190539,0.01904231166086886
2020-07-15,0.006853755639536038,-0.0014891272400637627,-0.02466286482562469,-0.002620419161810396,0.0022915468530297516,-0.01453624438080491,0.019074500672006927,0.004470467040631281,0.015358404725479866,0.0022957655409095623,0.016518085249480542,-0.004727720094246258,-0.014528487062509346,3.870721046763284e-05,0.02239349763571357,0.01870141711012942,-0.0017766453434358727,-0.007785027240514675,-0.003091168718848174,0.013812853213975742,0.011488069469965482,-0.01359550239544565,0.0030218245323456773,0.01262689822620604,-7.571308754001143e-05
2020-07-16,-0.01238143543289978,-0.02000245168255899,-0.002985648858511928,-0.0012930870269292965,0.0027015434048357277,-0.00908527925049112,-0.029785727485036655,0.002358661143283312,0.0028037217645861907,0.006655442743957907,-0.01563922489112361,0.0020861246138441426,0.01007831561421413,0.001085436457251253,-0.021056330032622295,-0.012233277944145433,-0.01564095909495863,-0.013811751937705346,0.007861806159518283,-0.0033653213983274,-0.005402508450675797,0.0014201113614225398,-0.013452032522337879,-0.007873398508799902,0.00151410931335114
2020-07-17,-0.002022316210295973,-0.005113126330662743,-0.012724365220700149,0.0012731061730493804,0.004555359861981566,0.006564381821101035,0.00013329605943815782,-0.0013096893047094592,-0.01867142154126303,0.0006701407195125514,0.00818351522240337,0.006949101677508544,-0.0020206948310806183,0.008872715267545937,0.015611534497549961,-0.006552380024600835,0.014277483334972585,0.01216226152404319,-0.06745139718091306,0.018093684258874063,0.014413764499476959,0.005809141729400263,0.020966931938503332,-0.017312184466251504,-0.0034856033098273967
2020-07-20,0.02085522011075382,0.04208297079349429,0.07630823511693882,0.030508689288739583,0.01390926940266781,0.02986404340578618,0.09049888548491682,-0.0014688848851824102,-0.008799645383983942,0.0016725210988515955,0.017177003336356123,-0.003109141888868424,-0.010065563343906507,-0.0008067232627961075,0.02564982762031848,-0.007274640129510187,0.051493256199896545,0.038189974406330957,0.018927656361080417,0.006872935604345384,-0.015064027341042447,-0.01157714555917885,0.004694987764490394,-0.02371688921359773,-0.0020515949111145817
2020-07-21,-0.01389808279411643,-0.013560611596155736,-0.018484694634580835,-0.005077320313137681,-0.015066934961563385,-0.017491708187921704,-0.04649333201590645,0.009353476656761438,0.021453601891517553,0.0009350394956609955,-0.010077278260717956,-0.0013584109300540572,0.005422357787161026,0.008610839849824806,-0.014074873120117888,0.007021677468392276,-0.024435633865508632,-0.02223527841621042,-0.024807124221110085,0.0051919707441057585,0.023147198024109885,0.009867673813833662,0.0010638752160303522,0.049350391320520416,0.006519814172715642
2020-07-22,0.0028053257795758466,0.01426924748588725,-0.012305027339411448,0.005722969967524325,-0.007807067255424367,0.010617912146439595,0.015167860710440668,-0.0008845548582910742,-0.00726915525976103,0.0018015719040709729,0.012040380835582277,0.008518876371372781,0.005230438794418452,0.010424872265678498,0.01858423600443166,0.00345038342691095,0.0017316164251704588,0.002669410379152887,-0.0005714727654507246,0.04971130750020292,0.026757401596400474,0.011684909233585119,-0.0025554545759290223,-0.023568183978483093,0.0024910665997276847
2020-07-23,-0.04658480605700654,-0.04446895929707212,-0.03725419917985109,-0.031220268450306708,-0.030776745562284213,-0.0300482175059401,-0.05105769412846385,0.005968585920425164,0.002934200110829103,-0.0026699436049393726,-0.007217096129148526,0.006449331371183289,-0.012269050444475538,-0.005142079597640146,-0.011134503100165234,-0.007674355347083618,-0.030363075388987002,-0.014584877091752511,-0.025306271889036405,-0.0038976728613340467,-0.004134085058623517,0.007836083253605245,0.010815558658863045,0.002062184211856672,-0.0077186973516002256
2020-07-24,-0.0024801816468809712,-0.006141000870730481,0.007458986752838637,-0.005646170887181456,-0.008158756247387714,0.0063715329632584635,-0.06559870288489437,0.006550320032175107,-0.007097182757361005,-0.010009271425155512,-0.011615337722196776,-0.001586813665736398,-0.007221298280688834,0.005669893947778756,-0.00966259055317487,-0.004327008106929814,-0.003317659086305277,-0.0002653633462719711,0.005991453598453796,-0.01971926929047592,0.004340551828708265,-0.007468561534513394,-0.021533866479620148,-0.0061978857056127,-0.003043331941015169
2020-07-27,0.02342378999524434,0.012588058851188402,0.015270459525145965,0.013971555593853248,0.012020518038521276,0.022022592922981386,0.08298067038819532,-0.012310737694712097,-0.014141174819471743,-0.006366341155726754,0.008978154791204968,0.0028541747972593043,-0.007307606224357989,0.007921542988960958,0.006300768023506176,-0.011115142169379,0.015656142331729628,0.013019212105347564,0.031146878160003194,-0.003191685239258787,-0.00020646677008462837,0.011763328217605864,0.016882743864519763,0.01462906811416187,-0.0002283950909413876
2020-07-28,-0.01656430158471444,-0.009017693326451715,-0.018126069617507432,-0.016999848034692146,-0.014581038429125087,-0.019964506002877136,-0.04185494718429495,0.010252229578443014,0.004325206053658774,-0.00238086112430561,-0.0008637148303515487,0.012273869728082894,0.0044444674903201704,-0.008034580116224951,-0.008225127126385403,-0.001118305988284207,-0.01113473418513991,-0.007675029653272707,-0.014510027061337041,0.038667580111470624,-0.006207224798222565,-0.0021083730219932707,-0.019472096969960204,-0.011869808871863808,0.004182670004450819
2020-07-29,0.018987132604299285,0.010047210103754213,0.011004699826417956,0.013121441023185581,0.013681170614105644,0.024177739720784495,0.01520390470417943,0.011727830382900827,0.02396049664532334,-0.001977168763132515,0.009308975162759395,0.0033568840539611013,0.022255474738300512,-0.00233976106331625,0.009648796584267252,-0.004918111958372024,0.009302770503248355,0.02145691072093126,-0.008283788477540233,0.006131612499835974,-0.003326518220396644,0.003995431474669664,0.009248113411328264,0.010961526295463599,-0.008153741227415887
2020-07-30,0.012027614546178522,-0.0007844509648270418,0.0060308083157400725,0.009706512485976287,0.00517333211057542,0.014090007003322462,-0.007781454581928156,-0.010800957676521927,-0.02704800640866463,0.0020452162942677476,-0.02302480541371412,0.023948898552877216,-0.004739187285409374,0.006214924102047224,-0.0009705890674553294,0.000432272289781436,0.005895986163877204,-0.00991420787822963,0.0027208650264458085,-0.003607130088747258,-0.006895829941935812,-0.0017416870959306666,-0.005797195149827161,-0.05030180291998607,-0.004371069391792524
2020-07-31,0.09956346321013712,0.005429052831780577,0.036294147981264194,-0.03332399394808313,0.07857869582563828,7.050398904925104e-05,-0.038884339639871014,0.007588201508392213,-0.003924592619688199,-0.007381921386307531,-0.019039976592322563,-0.0022851137532093266,-0.00805920571228009,-0.00308403923166686,-0.0015221386240420632,0.011006121795733648,0.012319001727683026,0.016298269071293184,0.006320016314808019,-0.006734113080948573,-0.009480701418756737,-0.0002178995163649869,0.01411208518023474,0.005003226873743479,-0.005548434411854304
2020-08-03,0.024885323528717824,0.0547166078935183,-0.01682166001089732,-0.003494183262649747,-0.006763745018571742,0.03658214266078042,0.03720897247565101,0.017618903450680068,-0.005603240999994239,0.01084901731725584,0.0015216324326819725,0.001295581398058653,0.002737666829514298,0.002595630079874109,0.013073497772546468,-0.005058143764560189,0.008181228569432193,0.04191133383243036,0.019727202232395272,-0.003383932682297614,-0.020099075735883584,-0.00699823962815825,0.0012729745095016645,0.004031556384596737,-0.0007734364380910497
2020-08-04,0.006655846809509176,-0.015122397856215499,0.008619861276316521,-0.006400449370799248,-0.008489671731039388,0.01956179930194621,0.0013458747004375454,0.00490619750753057,-0.005739495335660668,-0.0008824018962873788,0.008355629695625299,0.018862608350843024,0.0029269877964681512,0.006329151262805492,0.005741921123491935,0.008046746718629046,-0.002346630887841125,-0.0087986267717808,0.021860335078923328,0.0010423668493644894,0.008388013249094299,0.005617083576661669,0.010756062109096182,0.028466720532258526,0.017935738496659404
2020-08-05,0.003618391599911383,-0.0016422112623795948,0.020871316739287018,0.003922324653114044,-0.0028461476518195808,0.0052409521283727735,-0.0013323884879125765,0.0167388131426062,0.017223773365453304,0.007983171469407455,0.01962010019221898,-0.002619034355077833,0.025837395624936442,-0.0014571379476377084,0.04237902445869981,0.0843292620368049,0.005778484606117767,0.006088302833343048,-0.014885417865836935,0.0015616529445331801,0.011287444495714909,-0.008914185056105951,-0.0071576791769686,0.008703794520259493,-0.013999243517318082
2020-08-06,0.03429421782031048,0.01588671578700694,0.0062115284906952865,0.01733265628814373,0.06285131361020815,0.004310119201217602,0.0030659693985973365,0.006852068495469733,0.000308648918678276,-0.005744340334282546,0.013523787443838782,-0.005486052488155301,0.005075542528289737,0.007041204161077988,0.0065037941142506,0.02484348058847841,0.03196343920263335,0.02509688187615363,0.013786003687375507,-0.004692225346342092,0.0054909841480954135,-0.0028665581191989857,0.009253482187164421,-0.004800562161078573,-0.003549510729533716
2020-08-07,-0.022998117592148926,-0.018049498356407477,-0.01800293843304236,-0.004381598587987439,0.011841366395229924,-0.012070495954815685,-0.025063424630081085,0.021520692821236385,0.021768701698123054,0.007091299065928284,-0.012198677522775037,0.006309779165866697,0.009412536484688021,0.008392020874248554,-0.006442943231434981,-0.006826479822041912,-0.03182997486677375,-0.032974214387495815,-0.028593043134426104,0.004692225346342027,0.006717391044054866,0.0064563771668292155,-0.007143115582279713,-0.004593602435787078,0.004781407523330381
2020-08-10,0.01443016978721742,-0.020108515896874946,-0.006111826385309402,-0.0010352175705632318,-0.020473286098170035,-0.0030852466641404907,-0.023781465364230404,0.014690147703189478,0.012598714223985502,-0.0038435134520685473,0.0021874363171256145,0.004109867627407312,0.006507825671289352,0.011311045330465057,-0.015793603768465617,-0.008812719428124088,-0.01406738398052556,-0.019538024426137387,-0.02320903087818763,-0.0015616529445331426,-0.0016752885242847493,-0.0055733240044425515,0.006305548162174925,0.024333231840616056,0.014588778779161057
2020-08-11,-0.03019131442321953,-0.023663142238410404,-0.02167112480516848,-0.01093596950326708,-0.026468865979568084,-0.02861875498429101,-0.03163934754750347,0.00037626672450903696,0.03110896910348827,-0.00718613842331803,0.004967692390767135,-0.006508989127134857,-0.011187195581164997,0.000691268152297461,0.017377979535882136,0.013113497721714001,-0.01834955045362471,-0.026572320869110575,-0.03462374920138443,-0.015752912903493062,0.004391187441413226,-0.006344711691993112,-0.011378178680464694,0.010281618791468449,-0.012820439120909086
2020-08-12,0.0326941450589517,0.028166800965499315,0.026133573522779383,0.01787330279360995,0.014573296081530317,0.052972916405066475,0.12331118921207428,0.0027236542716069408,-0.008512491858235414,0.01813730453876248,0.00489264628786681,0.016599656313318306,0.02107263817631116,0.023936291425209477,-0.002773801847555256,0.00991313613773554,0.023008258752008154,0.0032759457394981846,0.018124436632539306,0.014188748627197136,0.010377768384343254,0.019640060265999803,0.01909988389121768,-0.00022654263517960066,0.012896314882217859
2020-08-13,0.017542837892882957,-0.0023451185037070255,-0.0003859062604570367,0.006223805913211224,0.005410693105352495,0.0002400466187076666,0.04172205380429948,-0.0059264072709471335,-0.005552422392209818,-0.011153741806097874,-0.004343352636492464,0.0023593473296276367,-0.0023300179834745607,0.0002841456906236734,-0.0044049826453245846,-0.006317767786124834,0.010409090824183799,0.012997904691023061,0.012249286380619664,-0.004182967493912224,-0.0010328219368832606,0.002174982075201498,-0.11861473725884489,-0.024800576684316816,0.0037994533234583525
2020-08-14,-0.0008917278026132971,0.0009579087849920364,-0.004121037907113718,-0.007956981281935801,-0.00022967441839328348,0.010518731704521738,0.018162259872136134,-0.004823336573749884,0.0003908588531026212,0.0016204853173316565,-0.004768634053673619,-0.005020292022609727,0.006757482823650717,-0.003949024723952509,0.0018685720175105785,-0.003288953444584466,-0.00539201173434313,-0.008646444369968169,0.002800846943861987,-0.0028860342233272464,0.0014456709383813223,-0.003918181484909793,-0.005163170885051904,0.004408198097277306,0.005672202683953896
2020-08-17,-0.0026140004998416663,0.006584344095971684,0.010865072977043023,0.00768660704734877,-0.0003061576090302502,0.06470604942701874,0.10618769683979797,-0.02001315361518336,-0.026718592164772795,0.005046608559395674,0.014088544180028036,0.0029560456353378887,-0.009903765004757495,0.02704189674695021,0.010440948266003502,-0.00892648774856817,0.00885252450631057,0.01681222428650951,-0.0006839361800227029,0.007590799144170951,-0.004966037581939501,0.002613759987644521,-0.00969400155758154,-0.013047667954436468,0.022372171967002683
2020-08-18,0.008298049707330208,0.0057375111756134325,0.04006138810950659,0.02574342160244981,0.004508223090207954,-0.006199617874348012,0.02764276800974182,0.007467949474337192,-0.01403877104494351,0.00735555575171466,-0.002108269476723189,0.007426461225888557,-0.011611371203846305,-0.011304177143253909,0.002328830691168765,-0.0034844373276457464,0.026075466234885127,0.036285961956357526,0.01954445524944743,0.00026069359209705215,0.004346653307252699,0.001376784523801,-0.0026167877856806817,-0.004937315168876502,-0.0065850248549834435
2020-08-19,0.0012540980348329331,-0.0060852510035943825,-0.015825714532805114,-0.007205512235698163,0.0009523656786590603,-0.010020957965773215,-0.0045463782503080055,-0.0053905655592326905,0.0023368625306246713,0.0019968307151801497,0.009900174832287579,-0.005435504909183551,-0.0044603255928048514,-0.007537409792527797,0.004220832446865157,-0.008960357337777117,-0.0032414238086670346,0.005377595933729597,-0.015035128866510185,-0.0026102747621089746,-0.021923743211523763,-0.012092230651476696,-0.0026237610457119135,-0.011138924929961377,-0.017221372666791218
2020-08-20,0.02194693869393163,0.023004651759848907,0.011250743012291311,0.020277042851686918,0.02415472592597235,0.00020598284455685247,0.0635722137952821,-0.005274304399411347,-0.012045904594581098,0.006825530534408035,0.015599714553542417,0.007922680879967106,-0.006584848982130192,-0.00773678651404273,0.01469311599127833,0.002735569191838025,0.03502787869080193,0.021224894188655925,0.027219941382705594,0.011951288006939212,-0.00042235938622443153,0.0019766794883309094,0.010454097197473816,-0.01537001982605005,-0.013993380816452761
2020-08-21,0.050248559487381175,-0.007296595029402917,-0.003843813244746528,-0.0004314071706563602,-0.007462475404349321,0.04371382359051614,0.023768211540485355,0.006335398277852662,-0.000513507920028665,0.008810559079994383,-9.800749220670641e-05,0.004302217611279972,0.0025818184545971725,0.009044228044022,-0.0006525937371934476,-0.005321639836051122,-0.011054036479671927,-0.009495583470034959,-0.011290693116890613,0.004123536799325618,-0.0014795683020020927,-0.001903508211095489,-0.001419319167846417,-0.00753101964892493,0.008085343837135908
2020-08-24,0.011889220518416399,0.0031404708845386166,0.006899163550113672,0.00606194416718134,0.01627075421067196,0.0028931861438906666,-0.017607920006301417,0.02466560631232882,0.027765448074495106,0.002632688492906975,0.011107363116042187,0.007754888233901633,-0.01701521905487884,0.01235152463679823,0.019215159999589032,0.02518249291554702,0.006487482960421013,0.0044712985144622725,-0.007134702392257793,-0.0010292912123060084,0.014488573569517063,0.008610205848091506,-0.001658351166597949,0.029078265121034882,-0.0022816197548420868
2020-08-25,-0.0082376057767956,0.012925449056606933,0.01173146611135582,0.012974124130095351,0.03415707801680732,0.0023359484032216683,0.004527486632740915,0.0034745338809720984,0.004387624556433146,-0.0005916894321728178,0.008154372531202027,0.003963240349481446,0.0108846235494814,-0.002164936413781436,0.01163048789146036,-0.006910544301291699,0.016925044751383695,0.03576268801596393,0.0036144606870313644,-0.011132809315205938,-0.0012515594086350093,-0.0024734984757016974,-0.005229123354934744,-0.03225306552287618,-0.005344646215163945
2020-08-26,0.013507537326482683,0.021389159291909307,0.02809711446991023,0.023558218193799507,0.07901771946386002,0.0018023699795169292,0.0621915738853809,0.006121359871420747,-0.014129249348284896,0.0015769442576521703,0.010326074127459051,-0.00482980687999925,-0.010949404756421442,0.02006832572749196,0.009617961773777533,0.018247010513598564,0.08705093824772318,0.23146807789120225,0.1098288873983631,-0.00941662174240592,0.005204559875634386,0.008485452823367289,0.00688747452153261,-0.021511858994883722,0.0005359686715326337
2020-08-27,-0.012026301708144347,0.024257088160313228,-0.012233678809977448,-0.009539731584092912,-0.03580848071224343,-0.011397155944126477,0.03897652873348478,0.010242675051963258,0.032369874059283654,0.004455191512905856,0.0036554868254385325,-0.0013015147476234707,0.009186411117640222,-0.011368750853788617,0.01408750323000057,0.01165825047148493,-0.034985870891142544,0.014581600982645264,-0.03960285646297564,-0.005005805598932253,0.001452364323214894,-0.0005059919417082823,0.0009463654779985646,-0.006770764829061983,0.04437198085304663
2020-08-28,-0.0016212568458858587,0.010230811118320353,0.0005292501453169122,0.0066769297131133,0.0014994909300053195,0.040314098957782,-0.01138789608941323,0.007716762107596075,0.004094848328672172,0.004304957423195178,0.021934596758122035,0.004043790396750152,0.008625445010233278,-0.008140029647060799,0.028030607244877617,0.013443842723610641,0.011921125747986483,-0.019071629631322,-0.004532630694357046,0.0013197083893137064,0.032636058744668614,0.011066205227191666,-0.002130850340530544,0.023624024205446698,0.026506372390888107
2020-08-31,0.033349972831115134,-0.014875760895114805,0.014347795491567642,-0.00605691539561779,-0.0015677793541107965,0.017099406259409474,0.11839534141276628,-0.0023363338688094514,-0.025424887650697607,-0.0014983029191065927,-0.01739595279060348,-0.003175840678748827,-0.00580642488072572,-0.004375940972731304,-0.021897631475019313,-0.027450047503972844,-0.005923301243657029,0.005700993481857103,0.010764759818464803,-0.003170970210845137,-0.0060386403316565794,0.000857058084127921,0.00047417595722323565,-0.018604243446762776,-0.010388654566731794
2020-09-01,0.03905956303562983,0.007685577331370058,0.013858994770032553,0.015557817561338689,0.007610821921112521,0.033138445840330315,-0.04782238606695396,0.0023363338688094848,-0.0004990508901720956,-0.012396180294448821,0.006395133401166021,-0.001085182592719892,0.0008955265886929932,0.0031522188548006817,-0.003608033862001228,0.012659310838010852,0.027965786583852816,0.031055330201961603,0.0497104947325483,-0.024374853557337935,-0.008312473843523918,-0.00623124490569905,-0.004510449163630718,-0.012851397697606693,0.06104384618299852
2020-09-02,-0.020935911120074147,0.019088676330283005,0.009197048337934825,0.03695612577119127,0.02361563309267931,0.03731680634993242,-0.060034084286439256,0.014220032242138423,0.014966394967541154,0.015130515687496689,0.014564113109545923,0.016721653855207744,0.023411000695078482,0.009656750847782631,0.010590880992491971,0.013683580813824023,0.011019608728159507,-0.016346308678091215,-0.006688356093822687,0.008639270998708308,0.04127802064332507,0.029030605979730995,0.009236162235572276,-0.006105228558527624,0.0006097858295432368
2020-09-03,-0.08344777844841725,-0.0639485755680825,-0.047389460231042485,-0.05252631152804565,-0.03834579377428157,-0.09736509496125376,-0.0945727929773044,-0.016051995924030053,-0.003153032084765594,-0.02821751705680926,-0.03535513889134317,-0.016142641171788936,-0.012600871650527203,-0.04475421252823137,-0.047869920837911015,-0.016007538132753775,-0.04993356887072502,-0.04313024430758919,-0.05024280681775791,-0.021739827039429425,-0.013966804688178758,-0.020573182622444133,-0.03526802052730508,-0.002043346434239564,-0.021491812536448118
2020-09-04,0.0006615111412822759,-0.014135482133085707,-0.022028208040287028,-0.030088772043168087,-0.02924297099850322,-0.030659858525571966,0.02743348445504921,0.0007790383570799624,0.021382243326273708,-0.006440111761978921,-0.02079302062105714,-0.002172069229948212,-0.013466786847225813,-0.01826262942929379,-0.026016341878398696,-0.009425707013341715,-0.03173088243257013,-0.03968131791836956,-0.01862217795284568,-0.0010996022683753411,0.011032344188525592,-0.004386661442814595,-0.0031797156996508156,-0.0007672248957199047,-0.011900804446037526
2020-09-08,-0.06966616796082467,-0.05561381784353963,-0.04493916629572862,-0.037114615235916006,-0.041783458223011355,-0.057850678767448996,-0.23651789445767657,-0.002384685437567376,-0.03539485436743097,-0.008990976043127485,-0.02243269174954983,-0.014750568904601689,-0.015341287222902063,-0.0014844979860531027,-0.01543110913833626,0.016605029049715597,-0.0625105154513585,-0.05416971919864442,-0.017653207217425155,-0.011896678633550371,-0.024393950203563712,-0.023405000475901067,-0.020292596983342362,-0.023299156127674178,-0.03114600425360418
2020-09-09,0.03911155452688148,0.04170193089171831,0.037013109131374684,0.015390465638712254,0.009396642455850703,0.06515202957288863,0.10366923114657202,0.008367110048049424,0.009462693776384434,0.01643346317577219,0.019496717926461096,0.016126536945529846,0.015405408200565235,0.028484364591104518,0.029157108366038575,-0.006279141535279275,0.036814205444860124,0.037262694738130334,-0.013562397549559943,0.0069341424381172,0.007599884829242316,0.011442864815634732,0.0032446815033030747,-0.0060422919232179404,0.010347010558218007
2020-09-10,-0.03319058497631474,-0.02841837017426375,-0.029022560577017922,-0.013783794359861223,-0.02078312450174306,-0.032228295688152865,0.013720031040026988,-0.008367110048049289,-0.010363983637253086,-0.018812668800339372,-0.01242600024548249,-0.010551241307250386,-0.024067567660405277,-0.015789511607233048,-0.020103878258767534,-0.001050230779942136,-0.0066965086918403995,-0.010557424390790802,-0.039807054473475635,-0.014757550347920863,-0.003792450501973841,-0.01728800805537086,-0.014052804655900298,-0.025351353800580786,-0.022263433718399554
2020-09-11,-0.013215944073368381,-0.006546136831531495,-0.0187214757293059,-0.006765658682735785,-0.005535825871554353,-0.01203205817171303,0.003709375196707332,0.0005966521889899492,0.01234444809183923,0.005904213253556624,-0.004276480568815137,0.01047914472947901,-0.006183694614306171,0.013223254077263855,-0.0082354443938689,-0.011095659412541623,-0.01036301330944679,-0.01914887269746328,0.002825342516623155,0.011712607584204317,0.02097816856143016,0.0077613369109110165,0.007803624536294779,-0.0027064216885652414,-0.0008041378896920711
2020-09-14,0.02955888466680678,0.006741114333099469,-0.004261050710177225,-0.004582431103628912,-0.001726751310278979,0.05655180735446732,0.11852211424147706,0.009180916283522954,0.013756750076018221,0.0038497390993405857,0.021200671078568826,0.0035408245624501764,0.023245033493555212,0.01551272179488005,0.02527241686342766,-0.0038023941066900584,0.030422498311846433,0.014456798727515166,-0.012042422355738769,0.025726570106345402,0.0011837986648632305,0.006312457315741853,0.012212022153790985,-0.0065253885624042595,0.004525170233775149
2020-09-15,0.0015590737299885503,0.016272721074395067,0.016986906487693396,0.017273956511791217,0.023284976758782477,0.009183065117293825,0.06936453038904387,-0.004557062155676838,-0.03162565235965887,0.0036333875685567755,0.00199822547110433,0.0,-0.004351905893480226,0.017413967561059337,0.0015936701731442203,-7.615984908799933e-05,0.02391380465047895,0.02022857904926021,0.040591833480369696,-0.0013518938831487577,0.006682525778833626,-0.007712309294943802,0.005681037858801057,-0.010695296879204563,0.00029133128196281354
2020-09-16,-0.029957844064434448,-0.018026940352787797,-0.02503409881608985,-0.01511573428315715,-0.03321567482547645,-0.037368895769112884,-0.017947393738460667,0.0029644237534283075,0.00422129339258974,-0.003296627605959402,-0.0012666814466248501,-0.006731172033336428,-0.0023139989631916387,-0.013928014046329413,0.00795934647745635,0.006455806162901088,-0.044519379522074104,-0.004300288001168849,-0.024760104069597867,-0.004881992468004779,-0.005105920451208608,-0.004730275393202332,-0.004443227886153376,0.041582555642477044,-0.008040619971684978
2020-09-17,-0.01609234782080825,-0.010491276416864596,-0.02279449983567252,-0.016705134411007214,-0.03357186658963374,-0.004083616395937684,-0.04237854336559032,-0.0070377462964139785,-0.011500091044352281,-0.008322850123513534,0.0006824311698284265,-0.0013079764859665684,-0.005036574664755308,-0.005947622286463649,-0.007104425263958254,-0.014258157550481971,-0.0035778470848256056,-0.02452012786985003,-0.02863749563112935,0.00108690902776728,-0.004736758635236973,-0.013274920582088236,-0.0012378099726475748,-0.0002644257380499648,0.0031510320941044462
2020-09-18,-0.032234168210774884,-0.012497225050932767,-0.018049831297685878,-0.02447260602461485,-0.009027427058703227,-0.022249931341633937,0.04326101937694436,0.0007335243464997109,-0.002132652268597717,0.013565386074690796,-0.013043449237167378,-0.0010916419941573137,0.009918112781496624,-0.01718468284820707,-0.01236147950220046,-0.012285406815741067,-0.014333738373643422,-0.007182282120514067,-0.000510595558475871,-0.005173533866382956,-0.0019801791713838384,-0.013073193964005794,-0.013968673089569252,-0.0162691406238937,-0.010295009994169976
2020-09-21,0.029875171374189782,0.01067182581993935,0.0018798451658920037,-0.014542607210787583,-0.01749679807023435,0.026553154594789855,0.016241895082045352,-0.024071854559315906,-0.03139808424774878,-0.027730681617420656,-0.025797387403723757,-0.004815741983542684,-0.02908581309767628,-0.010373967269169981,-0.02235024725536113,-0.02535160817966621,0.017155027593747024,0.009306639463837803,0.03633501302410148,-0.016793427579017927,-0.02732730901760005,-0.00175067394067107,-0.019531342474022304,-0.02064729956246343,0.013071059862007977
2020-09-22,0.01559344318800319,0.023808519344177104,0.055362197019776946,0.020540861082601947,0.026249350895446874,0.009580595143244726,-0.05761528541471742,0.005337338240334434,-0.010971812880836445,-0.006152474583201354,0.015628065243257955,0.00910183647139604,-0.016614883689894604,0.003518598990078005,0.022499402716914054,0.014250867806598073,0.02315097676062053,0.011078824619474714,0.007807748547271343,0.006365000922841523,0.011544453770514105,0.006909779290292838,0.007146240056747104,-0.025015088438537007,0.00900577932202818
2020-09-23,-0.04285130034988588,-0.03348258768416458,-0.04214463095521935,-0.03515627167156075,-0.02274937564098485,-0.04152173256236944,-0.10915761260898618,-0.021474752167659834,-0.016363161315841833,0.0015935039495607556,-0.02621829523389582,-0.012032067701124347,-0.007230742180451133,-0.025044669328288544,-0.032677685608046084,-0.03138104485780854,-0.03425010413122061,-0.04875166407794222,-0.04276056880946672,-0.006920194950550857,-0.02963343188517716,-0.008740299327241402,-0.026805558745334936,-0.03261183100989382,-0.016915995255602216
2020-09-24,0.010216572787225509,0.012878386312355685,0.0066217097971920415,0.009511796235296617,0.002045803537211077,0.018327624582375267,0.019345803747202597,-0.004255017467319564,-0.000863049532623052,0.001591030267013953,0.000767351410040277,0.004464845325351279,0.00177863945105504,-0.0031940760006491623,0.01127574269977336,-0.006428827766404443,-0.005799221291413448,0.006588703608688558,0.005234735954362502,-0.006689209737059599,0.010112508797328881,0.004417919644768014,-0.011296506830814498,-0.0020373501979057238,0.005207252427578695
2020-09-25,0.03682953610043729,0.022530956583214832,0.024642604582375296,0.011321190063958732,0.020978446337264523,0.04169634094877759,0.0491842305281949,0.008254434038480089,0.008703991372889576,0.006819893801082061,0.008809566075850248,0.0050995064805213226,0.03306947442955424,0.010669131612421933,0.010818577068608297,0.012252166273870263,0.02556471525279376,0.021612757114166,0.02050365929274675,0.008077275232208692,0.0004111434051918433,0.014860685516944938,0.015727425083014362,0.00928080599837392,0.0041609764781354325
2020-09-28,0.023588527731012235,0.007764802666565265,0.025178461064278568,0.013528230757535422,0.007818070369104974,0.012447412799022518,0.033459528236176775,0.014576056593888394,0.02837293758400888,0.009905511574991317,0.015444132433416993,0.0028296397344057863,0.0024103129672807225,0.013977414620123276,0.01972669791485102,0.015920965054894286,0.01803229913553754,0.016060508660491444,0.015962876371265138,0.009386700662106928,0.011428213074244685,0.0325602947606788,0.017531066700008806,0.01915683253228809,-0.00014566079611201413
2020-09-29,-0.007596729483069479,-0.01046328521314078,-0.00923261654532486,0.0050330286598813685,0.01916697968121082,0.014527839802482116,-0.005069748902601041,-0.01462354884531891,-0.008459564125542067,-0.00033965294719447007,-0.004402814320932346,-0.005448958219768829,0.0030297368180235286,-0.0008077791521923966,-0.006403528820618903,-0.0046938953298222225,0.001677118959971274,0.003157165229502926,0.005751307882160499,-0.006063955828872273,-0.007332027816498742,-0.005887787994650633,-0.0017908121290228381,-0.02960398572043499,-0.0008019180735907802
2020-09-30,0.014963302995700974,0.014703948002349152,0.0012233973846267278,-0.00028653635161536404,0.00042016469264915,0.022780775797816746,0.023442192423042928,0.011809858887648173,0.009602696822444226,0.012299696432832822,0.002653844563071675,0.012525133350786541,0.02474435712431619,0.020370830414648933,0.005753558558133548,-0.010582085481217337,0.002245461315034691,0.015518449382398818,0.013185741119812206,0.014546708461200984,0.009156779590544924,0.010443744883423778,0.008413023482446201,0.0014576514716999269,0.019997174142902793
2020-10-01,0.008426368356543746,0.010075722443483167,0.022773457377156782,0.015100881360000838,0.017899315405288038,0.006188815523605366,0.043670173422939704,-0.004329817355522875,0.007244828107012622,-0.010533454340393378,0.016761525133413033,0.001796949664977108,0.00416150286701426,-0.0003242519059203731,0.015259727303339651,-0.0062250476118613125,0.018345095090617474,0.008439482116893385,0.053499748437864945,-0.009032300156881208,-0.0038559226728091455,0.01574824684250762,-0.005910307769409587,-0.035580398286598,0.022404692652897233
2020-10-02,-0.03281260835990336,-0.02995573517862251,-0.030338326155417573,-0.021947326520850855,-0.02541097170639441,-0.04140883903179343,-0.07665503512528221,-0.0039698143001505775,0.009442754109463566,-0.007357712300793388,-0.009337870560342472,-0.008075896885732983,-0.003487752617324356,0.006069119601881493,-0.013310151916980645,-0.0061823474780433076,-0.0419479374803225,-0.022342817172438034,-0.0474583696760645,0.0002745941855742114,0.0036533064436134396,-0.01965205246924235,-0.013753711610373805,-0.00453803689105653,-0.018196589207888223
2020-10-05,0.03032653322281268,0.020117640157124868,0.023466537334268914,0.018534267669458475,0.017957178151593662,0.04346352902660457,0.025192518630920653,0.005572134893589669,0.02091600326389295,0.013515948561748172,0.01027149808301944,0.009152442844742167,0.019583666414589706,0.00993942549926738,0.012960583294506212,0.00666884687634881,0.015495537301938153,0.014738609497965679,0.03436856217237597,0.010119242811320196,0.00040500917793669127,-0.0009418923922679161,0.007808496033070898,0.022782765305263228,0.00921022802772079
2020-10-06,-0.02908861505589598,-0.021476327430355484,-0.03151160525254176,-0.021685649708696127,-0.022893856566236263,0.006866436824396914,-0.02787018407731412,-0.009938116567500592,-0.010352358625854189,-0.013379543004991421,-0.015297434382794002,0.001577421949739917,-0.011697643322498593,-0.020159460918082732,-0.017100963556983293,-0.019976136832816002,-0.015516371457568352,-0.005541507218670829,-0.028798249723958644,-0.015908245301214152,-0.00895015355475354,-0.01629991062407006,0.0,-0.010427605671673926,-0.008285562517688016
2020-10-07,0.016824811439521848,0.018858553360389867,0.030413812448158245,0.005580356047369939,-0.0020898718848544715,0.016426276685987673,0.026977120398229415,0.014307876553177742,0.017295127871072957,0.01101544408345784,0.010026738831932367,0.007776895767729402,0.0273532221839781,0.02260229277143937,0.01899283212661778,0.016240541980891178,0.029154509200725025,0.03858385640678998,0.055351268557007574,0.008260070298699662,0.012589053804673392,0.009607571458071059,0.021290947779495042,0.0032890942488389367,0.0018473819962821147
2020-10-08,-0.0009563217637053251,0.003567719492211425,-0.0016097349459189387,0.016509747304072266,0.02161494747213009,-0.009010092960851306,0.0014567215247855486,0.008682720340671305,0.02034707090870983,0.006806581778089938,0.0025156183881104286,0.006729256512592468,-0.0023547926179033054,0.006098849454922414,0.0047918203097334945,0.0014634058211272151,-0.004695173375967372,0.0009227780928389659,-0.005382332793812218,0.01145061689735484,0.017996615926820118,0.00611201440203004,0.00984970338175716,0.05120375769227071,0.003330375973391943
2020-10-09,0.01724653550397651,0.024532793539108075,0.02967554216621051,0.01805077598417116,0.002612962984542954,-0.005507202608230031,0.018793074176697643,0.0024603628492566934,-0.005715152866356511,0.0138735900165324,0.017870740969056113,0.00892611717388903,0.01670182596402166,0.004908597547785627,0.020759492672252917,0.015237960642821007,0.022800599654546023,0.021893607479643428,0.014282878313473362,-0.0027142876873022955,0.006912307044004437,0.004270913047757933,0.001507032268833044,-0.014857472095127975,0.009995152486261477
2020-10-12,0.061584577100195506,0.025572597504760517,0.0464540159772508,0.03521604398063734,0.041842084942372924,0.03310586219158056,0.018943822515122916,0.003378979782408184,0.012178878284268278,0.005746005528614626,-0.001162075150505227,0.010925036242863131,0.006476127685887939,0.0034564086261891845,-0.000993640141543583,-8.004327714946365e-05,0.017235530213576083,0.004089757161598741,0.0006856381837438399,0.0008149456359740347,0.005495543138734568,0.02630518477280991,0.012716738514690755,-0.003171299545833672,0.010242931517741843
2020-10-13,-0.026885554471471756,0.006572755483452043,0.0002033158031418585,0.00158385445145836,0.0014134353591594585,0.0015629327406305046,0.009786884708723409,-0.019127314291069765,-0.01633745176532744,-0.023185598046995274,-0.01012860132093623,-0.0019396294910550688,0.004384971773494461,0.011953260857709902,-0.017768633605614276,0.03142864083040262,0.006671860233655,-0.0008990993894680763,0.026109928450681063,0.0021704946135204716,-0.017175571553184804,0.00987138977623474,-0.013721436219719831,-0.01191039105659457,0.013632899705486798
2020-10-14,0.0007429233137034935,-0.00901463084208179,-0.023481628688544316,-0.0023190568885308703,-0.015767727040446735,-0.010796411555652401,0.032273287618783654,-0.0066159396956528595,-0.0055720368735286945,-0.0017539099246444768,-0.010430116568702883,-0.0011794396939053234,-0.02930090640109019,-0.011325971870642826,-0.009120659731191829,-0.018548849336184812,-0.01567706665467832,-0.018916388689317575,-0.023076401057775517,-0.0010846941754952255,-0.0019929348997018443,-0.0071311058268236065,0.002007602828845658,-0.0020474819832449237,-0.015784190120606216
2020-10-15,-0.003968672598471372,-0.005448204728389674,-0.007478033616218114,-0.0051107673602332915,-0.018940710411313202,-0.00892575176549937,-0.02729299577407529,0.0035024185682568753,0.014856082648062648,-0.006163598265341997,-0.01319243502971015,-0.0014589466450168843,0.008415370426867005,0.001566442429599756,-0.012124562578844582,0.006064242009294986,-0.01024367980268767,-0.0158216771670473,0.000904564180961854,-0.008446133693398824,-0.0025973434700776116,-0.007677779241410707,0.0020036922348172686,0.008746326266917986,0.0040902702946752235
2020-10-16,-0.014099400157583914,0.0,-0.01994812848396483,0.007831775114579038,-0.002966515635241057,-0.011410367272116913,-0.020731092265373598,0.0012277353847570172,-0.0020667542413754735,0.006163598265342082,0.0035515485939682082,0.0038857228128187952,0.016288544704087114,0.00041707749747899275,0.00244837534266626,-0.004327880821722268,0.00332682244684097,0.0032153849744467346,-0.020788862939212078,0.03758845178659446,0.000799922128749472,0.002118909405676075,0.004742295004541549,-0.010211525411707351,0.0012446566854821155
2020-10-19,-0.02587373792985534,-0.025077383889451885,-0.020216949722746604,-0.024374479240804426,-0.017181288694232532,-0.02297874957593951,-0.020310891071385614,-0.01387524329941286,-0.01698891400702236,-0.025854961666883572,-0.016564616044629003,-0.017325065770532076,-0.017367366008428635,-0.01375608045824864,-0.02303904055579865,-0.020555193896818265,-0.015270521717601354,-0.013786301677859974,-0.00013188702282078678,-0.003960176069791039,-0.008228991815811148,-0.014569884456168856,-0.021646933234547493,-0.020143098796603174,-0.012236551884758425
2020-10-20,0.013105748641803167,0.0020052506291549383,0.0030508956211158598,0.013716363221475347,0.023292248299034587,0.01088695745527511,-0.020850455371877373,0.005106762357707126,0.00569521736805893,0.001592475285321454,0.00369894775867927,0.0040089038854082696,-0.002501318249376388,0.00810848609953154,0.0001507843781506771,0.005778935437385654,-0.0012528556176768764,0.0037574757766852466,-0.010036609470467969,-0.008235089781257646,0.01261675928671873,0.00021502847073389325,-0.00254766591351886,0.008343572801636247,0.006623527654623557
2020-10-21,-0.005461280325746425,0.0006986718375342854,-0.01001890884724982,0.0222572809641955,0.04089954859579501,-0.008888571826279034,0.0016576578966101716,0.0005710790178810705,-0.010013216360489357,-0.004298490861186504,0.003685716062171382,0.0053896515942251765,-0.0019192123255785385,-0.005362986164654614,0.005111865257810714,0.01335581242863267,0.0027863706791681647,-0.006820839860574064,-0.07173323050145304,-0.010996345928987948,-0.005187689599657202,-0.0007874976180202231,-0.003577923495862943,-0.01615372471319638,0.0034685791883050502
2020-10-22,-0.009629448922177434,0.00041890942246887794,-0.002684886825932588,0.01294881709050435,-0.0021908030421316092,-0.012181183653310666,0.007425427859397711,0.006780689140916062,0.03471304336224542,0.007958190753098898,-0.0022198721478488047,-0.007108364075781502,0.009067028155243876,-0.011844644875518078,0.0005396051815172674,0.007317369125127954,-0.02523712972094901,-0.01809937729665237,-0.007841727972463089,0.009394953370336637,0.013708369015159733,7.146319005723696e-05,-0.006163458753743031,0.04999577143202385,-0.005903797338380435
2020-10-23,-0.006152730294583084,0.006216263322292566,0.008776346822349299,0.01624890485712682,0.023699309116237865,0.01701266522258278,-0.01219258008931434,0.005184806508032797,0.00899874799126048,0.0011023825295470235,0.00010088632413435417,0.006553716491921818,0.014840461303641389,0.006523017356505202,-0.012032450843897391,0.006174216655297408,0.010081340121199798,0.0033987993832509866,0.006266012873215697,0.019839210904316364,-0.003162115822043724,-0.00035820957029365275,0.0,-0.02028449693248498,0.002087766113882633
2020-10-26,8.674933314318194e-05,-0.02885418851187629,0.0008235515832760146,-0.030270008398192765,-0.027337446590932235,-0.03359653388606911,-0.0008324460631960825,-0.020038662433696786,-0.025068301981614586,-0.008782784766845558,-0.025264535343441696,-0.007614613409156763,-0.023070969785931813,-0.024901221714182433,-0.03566996847999354,-0.03399566388098976,-0.027603677746205514,-0.034683719177499156,-8.187856304255007e-05,-0.006832944860962386,-0.014353991113020515,-0.010806194794315627,-0.03007177165618775,-0.02399774033518728,-0.01181818584889776
2020-10-27,0.013382326041378814,0.014976983062795332,0.02442300268945314,0.009167003493910695,0.022056410086580408,0.0192558926442897,0.010414737676610572,-0.007752166179643209,-0.019046224089041525,-0.005711638056080886,-0.015712979800625707,0.007473931405619148,-0.007924920689453174,0.002894031446605225,-0.002991296950951304,-0.006063856283605752,0.007045796043438322,0.03380524067436254,0.001412246662977332,-0.013006266043354054,0.002005998448078606,0.007648561390829924,-0.021465580070015495,-0.016019718550163372,0.004982157280845419
2020-10-28,-0.04741882882560054,-0.05083689699454931,-0.038319991707740156,-0.05666403481011961,-0.05671602756324306,-0.059174864259133035,-0.04493353448533056,-0.03032769802897287,-0.02849007499600302,-0.03403397224123575,-0.049561244945279546,-0.03357206259567073,-0.03981339098295649,-0.02605559604367865,-0.08462031185871668,-0.04004169887495276,-0.046163843883551575,-0.048584584953661,-0.00551702131077638,-0.05434945708919215,-0.03965373317403133,-0.036229447186508425,-0.0319672655796139,-0.03883064244638249,-0.0200070917062315
2020-10-29,0.036380596600935323,0.010014980533185053,0.015134134911874026,0.03004436355330651,0.04799449127795519,0.030956564428703755,0.011777078527549948,0.0040277400901525,0.006504455638693327,-0.008492183801417454,0.021874099708702858,-0.00065376394234467,-0.014125551327452817,-0.0003334060897613505,0.0061581175408222215,0.025583662735118053,0.009018848582775825,-0.00542506971103624,0.03629053593787335,-0.004806942017984802,0.0012501543928874457,-0.0013423792860186338,-0.0005604636692601777,0.04339082538342431,-0.0008571585491834022
2020-10-30,-0.057648166105542145,-0.0110515352698191,-0.055995337191590895,0.037338226616649595,-0.0651774502563236,-0.03834867753924122,-0.05707106115006527,0.001933514401526724,0.008913760858757122,-0.0005833824572921815,-0.017240878806210457,-0.0034224768980916993,0.004796165932314562,-0.010888874410417375,-0.015606427979441123,-0.0023888748614721645,-0.03085429758801608,-0.020750241187327927,-0.05812136230775497,0.0056530509448250495,0.0008325376285330814,-0.005238036438655279,0.005867050662473615,-0.010672661428144272,-0.008397181030712715
2020-11-02,-0.0008273940762937214,-0.0006917918489395903,-0.010485731675678473,0.005067333883184216,-0.0066732533141381336,0.0037226585928299832,0.03163027338080621,0.011865941213799533,0.02229143067604749,0.01145771573804779,0.016537609244085167,0.010159457548300135,0.022553085080419047,0.01499712933825851,0.00459738190076108,-0.00928016247617473,-0.00484284978924468,0.0007747403979499682,0.017461269929314075,0.02091803882360676,0.011584902983266393,0.013858015198940872,0.0,0.0411410685918368,0.01182194214414429
2020-11-03,0.015237087332282614,0.020061095482878398,0.014515652838803237,0.013052026186652074,0.014962302332279829,0.03428034888654406,0.05675891678442002,0.0112913416040163,0.031034712976908276,-0.0013711201587685317,0.019299169188357952,0.01944875821464705,0.029207298131558524,0.024193173690465697,0.01851908961905831,0.03186846913569606,0.02020177863455669,0.01993332271628954,0.006382984936544111,-0.0011046191513973153,0.014902694735866959,0.013887745032421411,0.021494304451985344,-0.017211203291909945,0.016809425893583477
2020-11-04,0.040024906159169,0.047121078738140386,0.06131112770815112,0.059100132537796446,0.0799443647551972,0.057803608793100585,-0.0069123197353376745,-0.00222871560502667,-0.03103471297690827,0.006477351643081488,0.029454878127626722,-0.004115619359453871,0.0983466945089416,0.01910434957709708,0.03920242722842887,0.008430726930759866,0.0705950876665767,0.05580814219382693,0.019773642311351647,0.031014640557978597,-0.003654139749160225,0.0059658913496460205,-0.003003570802991181,-0.005402221937984275,-0.005759659128197671
2020-11-05,0.03487821902541407,0.031388983588790616,0.024635765802841537,0.009491801825503703,0.025084654621181007,0.026169282669396016,0.03983908014025376,0.006189269766874562,0.040083535309391675,0.002579136520179906,0.01874350614896259,0.012296389036151547,-0.00045145143250021155,0.011010222778454091,0.029918980075819068,0.014998464527094284,0.01878674775455966,0.037110828352389685,0.0332668083760827,-0.01527181016207748,0.005476396529140138,0.0013773188863728436,0.01788667517023838,-0.0018073422126070537,0.010580458748763016
2020-11-06,-0.0011367134118360077,0.0019239475267387965,-0.0032050668056014093,-0.001572896780562391,-0.004319143790785013,0.027994073644782225,-0.018755444602258167,0.006725988099516984,-0.013410055092246798,0.017659635259108884,0.00419091744537333,0.005951913085891572,-0.01977660969552836,-0.005647983985774194,-0.00917229775070063,0.003930502993601541,-0.0037130429634011815,-0.0002692094078644304,0.0018862633910254974,0.0002748032923160413,0.00020192441589135938,0.0023874348639323206,0.008025452438018516,-0.01182714218878789,0.015904118134947257
2020-11-09,-0.020169959892201945,-0.02411279058121063,-0.0519488297063862,0.0009598442615489206,-0.05118396660498269,-0.06608680939981251,-0.020418708541599162,0.058806269317608025,0.12697819499617996,0.02656816553848724,0.06915060932277199,-0.03727032560906223,0.007283588102190395,-0.05150794564362999,0.09402258078451642,0.11217065077026829,-0.04865469733839068,-0.003349570223725042,-0.08984654023021679,0.0741079926295796,0.06118383213466757,0.0005056540502263605,0.017695125550019935,0.11920558129809715,-0.015416190723095793
2020-11-10,-0.0030134378532478967,-0.034377010696981014,-0.03519509049367411,-0.013546382103710312,-0.023005313691731494,-0.06522965410766954,-0.026215382510501505,0.031026070966532555,-0.003255986649422619,0.014947942810598266,0.0029578466843106833,0.016316645930649066,0.010487320289601964,0.020530789440415424,-0.02879479944878796,-0.003371696843516644,-0.04147314102370369,-0.04585180182481986,0.02048999991214334,-0.013354022946568194,0.026467938453029808,0.023344270348982395,0.013520489146741787,0.021942738885132273,0.013974621461821497
2020-11-11,0.029900936249086775,0.025916048565566282,0.03317322672809136,0.0054577812294308034,0.01475688965533215,0.04949848926745594,0.016363110813065698,-0.004870035434859351,-0.015045680552092535,-0.003242150019719013,-0.0028637790239115037,0.012822025054896536,-0.005641763638841511,0.00787971662470164,-0.007164477323395731,-0.03065293072707212,0.034251785321967744,0.025985771100116354,0.021669271553810904,-0.004664301065571556,-0.007437836751549634,0.0152651106799041,0.015631854224552752,-0.010362845458625293,0.016488938012659216
2020-11-12,-0.002346012216193424,-0.005138880216986766,-0.008678484699991355,-0.002527233004607047,-0.005076521018467794,0.0028835920199878815,-0.012957330573612593,-0.01172343678876824,-0.012360486282588038,0.003376979241245357,-0.01958960422260465,0.0005632018931898714,0.007675905123831418,-0.005451376438421264,-0.012411855513768496,-0.016829276014084207,-0.011114479214764527,-0.018904475710063626,-0.008163520256416788,-0.024984883834575207,-0.010695309884816585,-0.0004171998032605046,-0.01692389987117726,-0.0348661194772687,0.0016876429643460796
2020-11-13,0.00041942858257756286,0.004954081477343258,0.005939975842648188,0.0167510409393085,0.0067750150737852675,-0.011942329588304653,-0.007948653293047676,0.01194333191705813,0.0062431641722989605,0.010731127012459115,0.010603262086025255,0.014872788518926438,0.0035487622766174,0.003361011813285026,0.020322558332224544,0.020739523772900347,0.014507958752335409,0.0003608405053384669,-0.008106349969978846,0.028096631286719277,0.00826606525032614,0.006030677377439224,0.06821694997499346,0.023840809390045698,0.015463843537673647
2020-11-16,0.008682639941822322,0.0033198393695265923,0.0007187867984453675,0.000998331829441329,0.007231214530412644,0.016280147356361754,-0.0010042223136041864,0.02466905208066586,0.02783490150218663,0.006318035978578485,0.010491787883678176,-0.012905338777925057,0.003228351284860402,0.008621758990250679,0.0012531764972071203,0.04459644018715563,-0.018037840964834205,0.0015218051568663532,-0.007776003345298676,-0.03397295029185523,0.007455776214121878,0.007229231450946177,0.0271639918166264,0.056049156709294175,0.012542174574636923
2020-11-17,-0.007593211050491107,-0.012833067125189954,0.001468143007621713,-0.00699729192071102,-0.01429720502922742,-0.006904820887134586,0.07893944622909929,0.0002573566579517302,-0.010196750610081858,-0.009993474897383805,-0.009399612166493902,-0.0038690881979922976,-0.013316733810719534,-0.025724221514076506,0.0031251985245618003,-0.001175693739561843,0.015071874962516657,0.024820462610287114,0.003188396907996675,0.01742480509506772,-0.0031619214922014114,-0.003573674860911882,-0.015636600151975055,0.013275952704549425,-0.02034448584755767
2020-11-18,-0.01145665806964396,-0.013271618870860103,-0.009677888280344956,-0.012003821963553402,-0.011079450397735034,0.00048434883340154315,0.09709745318946535,-0.013341286604153416,-0.007434462691216184,-0.013346369971514806,-0.013762376006409656,-0.01548430504812426,-0.02179215214171033,-0.009736567727562016,-0.0016654382771326328,-0.004161012183417761,-0.018287824725234252,0.0038572407826489583,0.002410614588758735,0.007738886158467173,-0.020134204047270562,-0.012889047459615338,-0.013461374749032272,-0.0384864920932227,-0.001876505368078587
2020-11-19,0.005154831016470093,0.006328373527494736,0.003715583547472407,0.010248221566183801,0.0035605103603505947,0.0008558194747645635,0.025622441945055478,-0.0023499076860200936,0.002686181446060104,-0.001562038940328311,-0.0012518256787381033,-0.0012173513862050599,-0.022039939065878693,0.00406838740845924,-0.006151043164810559,-0.015265288083617946,0.014991429517236742,0.028709490181270336,0.00595987526048855,-0.0035859373087950954,0.009835511890802158,-0.00041846068411611624,-0.003636927493171402,0.005093285427992235,0.020119806299846048
2020-11-20,-0.011017996416963148,-0.009602598794557226,-0.0056688516272875725,-0.012698465944711222,-0.011941798719984196,-0.026577499261062665,-0.019537882465358328,-0.011039689416952514,-0.008603619069551982,-0.0053151712280780404,-0.017937052292994034,-0.0016500895869542892,-0.006848419214664742,-0.004142610258721823,-0.033129302113405854,-0.004597024155206446,-0.007510801494980055,-0.0252934710373868,0.007338887652075239,0.013994080964824183,-0.00869570548831402,0.0006973792664873194,-0.004869867919445294,-0.01237588323261966,-0.012435718935347383
2020-11-23,-0.030194051980034876,-0.0013317075639890663,-0.0003259651773973119,-0.005092484357523193,-0.004720249105176435,0.003984600756807324,0.06377098448424992,0.011083231826651599,0.02839625470858666,-0.010234476421057718,0.020775623796347207,-0.003884055080447574,0.001074842223230944,0.005875944244764113,0.027603151798046843,0.03421336732780124,-0.005002615825838989,-0.0015514042578795783,-0.02408761367024758,-0.004916632929821834,0.00018988419555572927,-0.002793072277819662,0.016221245307992346,0.06345533576960084,0.004581975662626295
2020-11-24,0.01152774998991258,0.017690132088261933,0.006328425701275153,0.02081729471657183,0.031138581466913784,-0.013966913308835286,0.0622723727366544,0.01890189173042094,0.04520029098875351,0.0,0.007275350651905441,-0.003248191866407102,0.0028316105002681702,0.007012854758161248,0.030695059938170104,0.03705006800956657,0.004527256134490544,0.012343944863200758,0.013048636848756255,0.002188215195758214,0.010198371823583872,0.007037252035515247,0.023027834608272638,0.06444313074129726,0.002845195134981201
2020-11-25,0.007439491720967564,4.695135184984607e-05,0.021263218006347694,0.00013029960292744406,-0.004814502457263039,0.0211517494974468,0.03297682427747412,-0.003382909899866147,-0.010515866055187631,-0.0013215770888288583,0.005754096395632152,0.0026716059252958977,-0.008428041420126734,0.0023754883027967354,-0.003130315742687236,-0.01596950426067584,0.015823942125600444,-0.0552476714537134,0.0043807526454647415,-0.0019143246658269845,-0.005463882517986269,0.0009022074751863448,-0.0025851304477820963,-0.028265916146253088,0.0031001175081009484
2020-11-27,0.0048147341237509324,0.006338720182109965,0.003219256968037136,0.012891845027299256,0.008023224552497802,0.0020006160746064944,0.02028074420821668,-0.006800412727397885,-0.006659731971366949,0.0022248249174401063,0.0005213181349170872,-0.0005049517011531133,0.014155613618692485,0.007382141682374601,-0.006613562862951413,-0.013233682667248635,0.014676515012723703,0.0032763031307260575,0.013028198051390877,0.018980908716585337,-0.004354914425754636,0.00304771985210508,0.004694859078767285,-0.015309137959534785,-0.001515865907876876
2020-11-30,0.02087995084811532,-0.005403952954606615,-0.008580433078829422,-0.018422594215680016,-0.0030281411638904657,0.010520166470417697,-0.03149318478843732,-0.011466916904508552,-0.027939944138056828,0.004710900432925928,-0.0030852603541570945,0.0018742509907574139,-0.004746021075868522,0.005132434526238733,-0.007578692736894919,0.005963311321235239,0.003014136120585848,-0.007417589040700105,-0.0013441521122090252,0.02859620690739496,-0.013283435604967765,-0.002562334775649678,0.007466268508431396,-0.052616867367279246,0.007818925940911122
2020-12-01,0.03036188577450303,0.009947155102466876,0.0162931356533559,0.02307864049245859,0.03400371834764788,-0.0008584379941879,0.029784568093447848,0.0033580747220668,0.01565556839821445,0.01896495273957777,0.004032722898591555,0.003593855839887824,0.01431697163992383,-0.0029242775567578567,0.007018147965255175,0.009615209791637684,0.0014201724975202764,-0.018269877714863842,0.02789346681892334,0.028308642477551053,0.008490745340561066,0.01267679663098711,0.012015112375680159,0.009656964802378251,-0.0009820186683834522
2020-12-02,0.002929129673010098,-0.003892707315426051,-0.00515287341781244,0.01635804118996982,0.0033794390204345526,0.011472313957477605,-0.02763741793314288,0.0032167187392997836,0.01902611131589226,0.004668366209700882,-0.0048411321782089265,-0.007273146206551922,0.018498222740698175,-0.01464710977650118,0.003946114198963676,0.0275218969877392,0.0043939968471178835,-0.08908156733204049,-0.0023810267643469166,0.03466226436694421,0.00134433194865956,-0.009976357119939386,0.008006267342876183,0.036719973180217566,-0.013986502276375287
2020-12-03,-0.0011380406071578913,-0.005260630440480741,-0.005257991204430573,-0.0017165168549764217,-0.019917420895886006,-0.010728886752549401,0.04227093212295058,0.002600582691123452,-0.006576711678138654,0.005788763913513361,-0.010185908937993347,-0.007399506888085837,0.0032169349398606514,-0.0109782193880864,-0.015043804867451738,-0.0024115596289642984,0.0062555644202097,0.0008601680735504797,-0.011709642217791815,-0.017554940981435743,0.012775584445783231,0.0059224599702310315,0.00499986365999041,0.006737361588247048,-0.008138288226731178
2020-12-04,-0.0056284047030518295,0.0005598925224047791,-0.007607189417695092,0.0010532599424987988,-0.007657344287298329,0.012039049850576057,0.009493325730045684,0.0014274363807459537,0.00903190582031959,0.008487581915451332,0.022010204139124155,0.0009459749207398379,0.0070556677379861425,-0.015598121245738922,0.027110013717680157,0.005855822694159871,0.003545374581609877,0.021888457677580388,0.001586664326238333,0.006216845146356152,0.020069863083518876,0.009645666678569318,0.00610246326377491,0.03590573852074038,-0.002615529887619932
2020-12-07,0.01219542632423469,-0.0003264667028872259,-0.001449259101838023,-0.0036969887310094197,0.02080453549747554,0.003570523386010414,0.068886056292822,-0.009162228089141945,-0.0037671959159449367,-0.008688739241273504,-0.00014098031141228094,0.0015265098002526323,-0.005818803858604633,-0.005126869289256053,-0.009893380398747511,-0.0029886645475549417,0.012778093618741248,0.00811367216534477,0.03445790177824626,0.022307490731481534,-0.01609897139675965,-0.0032967793818552142,-0.0006759690645243095,-0.018891244820567567,-0.005386820089359527
2020-12-08,0.005077928816389469,0.007994253601776401,0.0060897673194401595,-0.0031418918879681924,-0.007662761731369685,-0.01904951289487004,0.012573321033348567,-0.004590887688700007,0.0009842345620267932,0.01717034103471878,0.0005641746148160679,0.002683877938916258,0.0,-0.003508985439878591,-0.0004985646504894071,0.00026033593237086876,0.006136539227068944,0.0007024295145525504,-0.0060674660267824275,0.03126325287769775,0.0035792508824676506,0.001031508011858058,0.00045059609547689673,0.03223746158053131,0.009006656422831152
2020-12-09,-0.021125130420706777,-0.019682239558272717,-0.023272568006966705,-0.018651080412629823,-0.01952608422969741,-0.03190826953793891,-0.07241913725041024,-0.002984456633131389,-0.007817228703550744,0.010175776735475034,-0.015106476685168811,-0.011951080738799316,-0.009967367049564267,0.014640822883497832,-0.011628972446895317,0.004607950401813533,-0.02357570463835904,-0.032516393479601405,-0.03788734983466667,-0.01682296355772685,0.002816367936209906,0.0011672438829245738,0.007186460326382252,0.01317032887825111,-0.007927068177484084
2020-12-10,0.011917299987295916,-0.006061490817095838,-0.0008734778193995013,-0.005759260373395384,-0.0028825345017079052,0.0032043741504774984,0.03668958724599977,-0.0007034622068473127,-0.006464394432055796,-0.00556739721143581,-0.009444288877316383,-0.0066196338181816255,-0.013917076750725729,-0.002903623382068359,-0.015949304113444574,0.0016821623309468087,-0.01430364529140165,0.010597914065234677,0.015060263856388393,-0.0028714242733648737,-0.005264112749254451,-0.00702566419983447,-0.008313886040803535,0.027878724655887425,-0.004681648186612263
2020-12-11,-0.006757438860897307,0.0129311259925456,0.004802302959357711,0.004036661370800453,-0.01296666436496493,0.0031558488036349556,-0.027615591895456065,-0.004231534071163932,-0.005921255838968467,0.0045874709458077695,-0.006620495555821718,0.007352543883775063,-0.007624963865594142,-0.000982299450730745,-0.01244453468847448,0.12746885318511308,-0.0020151383974637703,-0.0022454155933175034,0.004241673514982901,-0.014725430118367692,0.005639158195791794,0.0020714860536292885,0.0,-0.004782720128030717,-0.00027182633737129824
2020-12-14,-0.0051598611263986,0.004398100421258653,0.012927776593180737,-0.012781334645694245,0.0023370757380521794,0.02245345627060639,0.04775997018342951,-0.015760246265183818,-0.010594420236845288,-0.02569534994940508,0.004885194603548841,-0.004846516992583677,-0.002792706326803438,0.003885922832799049,0.011327632150569701,-0.03721963266696481,0.021843707413817602,-0.005183887331374249,0.037444450839723184,-0.04756287660599521,-0.0015006912526881616,-0.005117506901619361,-0.0018065493900292005,-0.036739965266164305,-0.009226081703863524
2020-12-15,0.04887589131558538,-0.0003267850457386107,0.0025782705182143205,0.005020792826843738,0.004947861720829672,0.0038808998601938126,-0.010337277993335172,0.00684213809715957,0.01693118723944035,0.010011927074757199,0.005341559650978099,0.005871689497292613,0.010476807024533259,0.008996318201415133,0.0075210840283680995,0.02703832919547702,-0.0078014113497417254,-0.005074453574135623,-0.005066215707852883,-0.012833838865453464,0.010643358757143277,0.0037370964866501413,0.010791463320661276,0.019235967033472707,-0.00048087596042418904
2020-12-16,-0.0005472855885802723,0.023766061028287874,0.023678659082595685,-0.0022111814564656556,0.0004356720382533392,-0.00887128787254763,-0.016688013184044656,-0.011069154107607592,0.0029046261739315428,-0.005995119618430839,-0.000432001055211562,0.004526947577416751,-0.0009722721411751601,0.005989643845588263,-0.004656239527758604,-0.004725496854195138,0.01493021170267666,0.015639085832652683,0.009668775733090367,-0.02273098270602823,-0.014593253582318126,0.0008283385248949088,0.0,0.015218114803211643,-0.001030721432966272
2020-12-17,0.0069391432354016114,0.0006383389946387964,-0.001506881775001751,-0.009537858830916183,-0.004326289316973097,0.007429319428160869,0.05183107739238726,0.012405224295221607,-0.008321470450853977,0.026049074967402597,0.013875181952327991,0.007113875603026018,0.006843071744005853,0.016116613677819414,0.014350108421430346,0.002480736201199772,0.011083465204178413,0.010232646271061796,0.015259373290015945,0.005008222708326367,0.003949894825174909,0.005643769742543167,0.0022335464222504706,-0.005046980254281855,0.004596341466514883
2020-12-18,-0.01597765782300263,-0.0037897854455893124,-0.010696397444651836,-0.008244103727390949,0.006970728338445327,-0.005203946316145598,0.05790353852575241,-0.005579001955212057,-0.004942577475532028,0.005776765406000519,0.0006158969912987425,0.005697869320365622,-0.009676035107489366,-0.012931451092764,0.010129268037243613,-0.003810224653281519,0.01520604446120078,0.006661442818760407,0.0029043685270313197,-0.00924590337278446,0.008784316941414537,0.008337798380560892,0.013738091977060309,-0.017399949690085403,-0.001027219125304779
2020-12-21,0.012319090198541124,0.018133699360999796,0.001413904523066775,0.00481964464907202,-0.013146776356142585,0.004529277687083952,-0.06715493498509616,0.0002685617917720272,0.036850504546520835,-0.009690202988309304,-0.010944396836203286,-0.010992194179007164,-0.006820480996490872,0.0019945346472681953,-0.017667569231686185,-0.012806509917571974,-0.009107853393199052,-0.0042297922720146855,-0.010419911876472695,-0.00799362754325329,-0.017457186633797875,-0.010467868543693299,-0.012400474282120308,-0.018422843557183977,0.0001367320356122588
2020-12-22,0.028066852756645885,0.006046529203160771,0.00010602891458408637,-0.008301388315057789,-0.02111678387848598,-0.004058534910567522,-0.01475762913420309,-0.007229977708766032,-0.015333517778210522,-0.0019623032760546968,-0.015283050955360708,-0.007078592890195984,-0.003188702332991061,-0.0035116993412582427,-0.006390537149805975,-0.0014070690245533673,0.011530606960612493,0.020540855951179875,-0.0029916921981442807,-0.017269628780604424,-0.0009472607409830547,-0.009536098267350796,-0.004242192007019115,-0.017069961186133787,-0.012199463439064069
2020-12-23,-0.007000472731424525,-0.013124942997677375,-0.006649178948489452,0.004645481930856058,0.0038116511414418835,-0.02046673419408433,0.00876920991536227,0.010580214159759885,0.027561211936060443,-0.005120362185509851,-0.002626619400995023,-0.0015392161499632115,0.0076715726596329,-0.00085226752884805,-0.009101001146721325,0.018023803595407097,-0.014504608869490211,-0.016311063679165134,-0.024669852925071026,0.01887343464618869,0.006047104985689614,0.002704297835939483,-0.006961087357334824,0.012770263864247802,-0.006819395896431309
2020-12-24,0.007682763286999798,0.007796637355249759,-0.003957235360226408,0.0034253581374119285,-0.0026515499260170747,-0.001192356218557649,0.024149533626973363,0.010160449741400093,-0.004407293219166136,0.0034818536203379763,0.016425260483903966,0.010071146080217936,0.009434645203907988,0.004105845564659212,0.020354827172769832,0.0010366211489176225,0.005919099360657538,-0.007281303809317478,-0.0009918324861121885,-0.004550769618454801,0.006759390336012528,0.004490912741906956,0.0035988760782575784,-0.004078567651021689,0.0019530754551414383
2020-12-28,0.035141029967984044,0.009872825011159483,0.034470151618254896,0.022691089035114288,0.03527190496882457,-0.00724116061465344,0.0028971067347807124,0.008264894598854357,0.006563442341451999,0.004711184550275666,0.018655889165444372,0.006946298111873984,0.01502763056020397,-0.006183408103852177,0.024895596230192586,0.029101046970613553,-0.0018221151140309039,-0.005061950999520042,0.009970160686122793,-0.012147471640306622,0.013383155274747486,0.0126728063784343,0.008495254918401703,0.003359981755672511,0.011914760468314956
2020-12-29,-0.013404295486497053,-0.0036071827657685757,0.011517048584034767,-0.009173975416610221,-0.0007947806382379615,0.0033470845761075906,0.0034595328945027123,0.005065750097961239,-0.002636065689705564,0.006182328415935017,0.008150047576071368,-0.001876568050643567,0.004038786255602892,-0.011430086089450751,0.006337527918045027,-0.008760167502078411,0.006313275224133152,-0.009751651729204688,0.022382157882620504,0.00622696087508183,-0.0005541628792754972,0.003465408174469616,-0.00625259188702492,-0.011324041137460095,-0.006355569355736597
2020-12-30,-0.008563523326569612,-0.011080659689887678,-0.01094170357368153,-0.012312622303459468,-0.01789894459413886,0.015524263474589392,0.04232058232357712,0.0003483584027782202,0.0027958055442817704,0.012315180185593692,0.018441615752152897,-0.004706821109561075,-0.006817545456820818,-0.003499586520109899,0.025321412584712707,0.021592599619286845,-0.00932411644531325,-0.00026986855156979243,-0.011900205965202115,-0.00840215426250904,0.00571058305406511,-0.0007465633599133669,-0.003590699098469052,0.007964059381787679,-0.0008317067425866542
2020-12-31,-0.007732053900040079,0.003332694715129226,-0.008840331459923346,0.009395694589677298,0.004733965851708019,-0.0069272893373620355,0.015552413007484785,0.009620464534149834,0.013548690537937209,0.008487058794683866,0.0016928223574559588,0.009894999811915375,0.016358586351359415,0.0013559211551442834,0.003901842794207839,5.5170963191177663e-05,0.005352986288936049,0.0005844028499527041,0.030303114780542074,0.0019036620846839803,0.0073206809782332,0.006698120921152618,0.006051653431409491,-0.00917624584739159,-0.00020824768165580767
2021-01-04,-0.025029938234532218,-0.02149546415283874,-0.02182109847190733,-0.015241332551901717,-0.015569595351505483,0.0044710049526820875,0.03358173995604568,-0.014859494077740308,-0.009488555667489748,-0.005607396987457633,-0.004444634025009992,-0.00953228617130985,-0.0033703562730839696,-0.006420510371634011,-0.015386429125368717,-0.019506866285880477,-0.02999839115105221,-0.010026362540295715,-0.03360638452643067,0.0,-0.03866675174947218,-0.027550526239786263,-0.009734041743490386,0.006769667749273305,0.016375849844506695
2021-01-05,0.012287761594928644,0.0009641619050280111,0.009954646073317086,0.00803200056870314,0.007519796583834777,0.021966755359297836,0.007290726849836652,-0.004298987720537186,0.005426576332194716,0.011688492532379342,-0.015036873483686035,0.006365027118341451,-0.013539374466561081,0.008038162519896698,-0.011646753016486282,0.00426819457585469,0.0007208966131088153,0.005477221493739931,-0.00394760232885789,0.010270367253426244,-0.011053706008003731,0.002975851261780809,0.00045476663195967605,0.047067654005433446,-0.005337163288217216
2021-01-06,-0.03424107366377097,-0.0262715863473442,-0.025211776834210834,-0.009916724332534424,-0.028676131417964046,-0.06076220446437928,0.027994766442436515,0.012234185093457967,0.0458866115547584,0.009366255926229021,-0.008850030170153525,0.01047132688119192,0.04110983871833375,0.005696998800777366,0.0003742428005680752,0.0038035483484022362,-0.04071992155543213,-0.024540254565817963,-0.03977851178544501,-0.008642082894523888,-0.03233011144310184,-0.012307468743102937,0.009504731246789775,0.025196884781193037,0.006223830014648317
2021-01-07,0.03355420118769772,0.028060012657048397,0.007548565530855581,0.029431323968438627,0.02041257766623603,0.05622006523455949,0.07644846869014829,0.011270768380778935,0.032311461140128506,0.0033727712646853115,0.005581253920980491,-0.009390364510267441,0.015905431916379137,-0.004907756882140888,0.007891024742413015,-0.003019186170683735,0.024215987240375287,0.00843066367243886,0.016644267708948956,0.005140314450567173,-0.011146600692406023,-0.00322334559295719,0.012533663845762297,0.007815050699884632,-6.837680947514361e-05
2021-01-08,0.0085939157854988,0.006074122627051659,0.006474509430722278,0.013151846134085089,-0.004363379687760519,-0.005052447336896167,0.07548123816080572,0.004925986647877332,0.001103664990433947,-0.0020598595820918914,0.007641080835450432,-0.00043220681430453795,-0.004502847202272721,0.010572419176630795,0.011339979881022371,0.0006156846958686201,0.01528843682262793,0.01845428387855914,0.00296286799166497,0.0018869066253721812,0.02217041049472959,0.011931009903577261,0.0022216885898900746,0.011059494128522342,-0.00013601428530880173
2021-01-11,-0.023523388306934873,-0.009745926545788378,-0.021754382256951105,-0.023376843281118397,-0.040927782494841816,0.0256349479286061,-0.08144231364811663,-0.0025670921318822117,0.014813894833232378,-0.004195173257781701,-0.011953228692433291,-0.006796166709505136,-0.007291705741751883,0.007921436429300285,-0.01609591764718487,0.0022361628736605136,-0.022641565757635713,-0.01721631171168049,-0.022388276549725215,0.017089841921978145,-0.017378048619281376,-0.01460202019643279,0.006635896179773629,0.029905091930787085,0.004490815339004989
2021-01-12,-0.0013964090223453943,-0.011840445125261228,0.002123540741920703,-0.010796557608187738,-0.02264195294984028,-0.010089803499194732,0.046075003355075396,-0.0017150195165857728,0.015596865353096203,-0.0078110113269080645,-0.019111246801300236,-0.005820235568927946,-0.009413419213577209,0.018628305182382007,-0.015279662143506194,-0.017461354135908512,-0.005476329920420114,-0.012587442400372845,-0.009765026803883041,-0.015744275546014472,-0.001794478775697519,-0.004656053701173807,0.009435212714326112,0.021960270813525536,0.011341553560007758
2021-01-13,0.016096479541296886,0.0065389179177365525,0.014335165650269394,0.005636130456506008,0.002188045586047632,0.0034791314850969946,0.00583390055163722,0.006331012072488572,0.0009265041347692409,-0.0015190222232380898,0.0023431460612299993,0.0015311841458019362,-0.006540987951453972,-0.008285205005571707,0.009894653169498717,0.0007383468419494944,0.0008477141638212239,0.012266596989126083,0.027026516448075223,-0.008643614827156792,0.0009973301765779027,0.00816839125623699,-0.009435212714326052,0.011215212361570475,-0.010255581115134119
2021-01-14,-0.015242930738783642,-0.01546535223056383,-0.01220978211670719,-0.009390062653791581,-0.024132367348880992,-0.0248029076634839,-0.011074621019438693,0.00217242760859171,0.005825659146290522,0.017329601502322316,-0.03643320378076603,-0.010693751019090586,-0.012784261800775035,-0.02105567761654839,-0.05764607489622677,-0.015391540217888465,-0.018774872567523884,-0.011895543868464514,-0.013741371392910037,-0.0029889357472466407,-0.018714862608010082,-0.005837622876795551,-0.004640695908011934,0.03829082411585491,-0.003260626627880168
2021-01-15,-0.013825564721199004,-0.0017384183427163892,-0.007452299659631569,-0.001908355928268708,0.023018998090669113,-0.02615307875218238,-0.02254816438492551,-0.006531361919190822,-0.018084340225210518,-0.0021810069622764682,-0.0013383415980174544,-0.007539394599952057,0.002193857330700856,0.02665942291560924,-0.011289195865771245,-0.011540793887213007,-0.011266201714658967,-0.011475622794593894,-0.005766669352861058,-0.0013616580485190642,-0.010824047672691654,-0.002613326118857657,0.0061825608658804465,-0.04929713838954533,-0.015980645909898592
2021-01-19,0.005412512111908855,0.017665890316034997,0.005304424924284414,0.032376705856543744,0.03801733897506265,0.012807113959282673,0.022015499815695144,0.004529524619843608,-0.004337104715943538,0.015352543181368725,0.0003472543078977115,-0.008793449075104634,0.0025302684632144672,-0.008746747521467396,0.008256544285526426,0.004771694051071546,-0.003455112001704176,0.016841406946755302,0.007581887953495065,0.0008172846853611011,-0.003909157593999115,0.004727289976145501,-0.005296994189628755,0.01964258547637794,-0.008679971221674848
2021-01-20,0.032327918707631756,0.03584928114481124,0.044686981065348005,0.05218752716318362,0.02414143599334271,0.02580578169015506,0.00696170884124915,0.0008948945054849593,-0.015109274226530457,-0.002460431425001058,0.02134148560292539,-0.012578882784841008,-0.0038403180045760168,0.004054833163073253,0.027148513497074544,0.007979238035499856,0.028569384902565,0.03035230348940407,0.15575799657363162,-0.0062817204032069975,0.003498386209085898,-0.005151943575995985,0.003314005744781114,0.014029215155355216,0.01467672178531647
2021-01-21,0.03600241909495437,0.0028041635469299745,0.01327491862890803,0.002167902861294278,0.01995043492427,0.03685235087251218,-0.006440854103183227,-0.002559034268093566,-0.008419542481954943,-0.004010939050157368,-0.0042319076608214766,-0.0009841867288135726,0.011787485434906568,0.01716860088152168,-0.0014042711938757188,-0.013684592761109365,0.0048632493564851175,-0.00570024561825776,-0.011147583429498325,-0.0005478995062311978,0.005531136116866387,-0.012244611616156548,-0.0050857274905370935,-0.02908861132404633,-0.004546044951648661
2021-01-22,0.01594578991071052,0.004346862129215532,-0.004473303364494828,0.004453457957811614,0.005955888063720809,-0.01124016652103069,0.0019507385857471659,-0.005309618915360624,-0.007743364730242026,0.011190271287538519,-0.015326139079674528,-0.00773930162262597,-0.021209135346269798,0.017583517382898213,-0.016430377935158714,0.008719531958627657,0.0008894256172268269,0.016074143749683828,-0.025625682807372714,0.001916878079528346,-0.009441626750778203,-0.0073327540049617735,-0.007565777169158491,-0.014234983506422558,0.010165554156849615
2021-01-25,0.02730744722360194,0.015719901427051507,0.0005374909810066927,0.0009084262352541823,0.012706032177610715,-0.004330198758961555,0.039555086200732226,0.00038630841724948944,-0.012560865428599109,0.014748969124926363,-0.005161306552077824,0.017084125652525393,0.0007478784110058347,0.0037958728108859058,0.0006078112678465935,-0.005164364743744178,0.002114433897338,0.0006640927006750046,-0.014956326559136592,0.01977571096785521,0.005962479261878016,0.011407417491982217,0.005790713973967203,-0.011237244096898134,-0.0008885832331964434
2021-01-26,0.00167809760552014,0.012125149589946314,0.009706872588035214,0.0071906825454533365,0.014427172174175492,-0.016095582029306756,0.002596544878530684,-0.006199112266463799,-0.0040955424469218465,0.026750542928779365,0.005111626375074335,0.006406946382691003,-0.013605418139189735,-0.008737577769735824,-0.004536274448435795,-0.013647923302215464,0.00598072021134157,0.0015038376366933667,0.009207087048279036,0.0008043755114517042,0.010401066563362654,0.011490128254001513,0.005094642077933024,-0.022206430332628903,0.008920396601798102
2021-01-27,-0.007713360958492703,0.0024502322779871933,-0.028528919404602372,-0.047775434505416485,-0.03576767501921927,-0.03927957754259342,-0.021669174678462418,-0.01834756822509541,-0.02867894340092545,-0.015368775038397314,-0.03547124005232756,-0.03603063586084315,-0.029938493376408824,-0.030722244246236714,-0.03797173809747196,-0.03927261648775207,-0.03477942453683892,-0.0065625750752062485,-0.07126062435590287,-0.02909773979865319,-0.015539230758623306,-0.02687434731613543,0.009674520536663704,-0.011401147090659779,-0.025194585387922096
2021-01-28,-0.03561201840234908,0.02556162216132423,0.001557905206109897,0.018659972657425736,-0.026586836815361115,0.010262395258384242,-0.033811459334112025,0.01566655662937477,0.017444261030145687,0.007595703814938998,0.016531808191148092,0.015305086474646769,0.015377047243357055,0.014490453000472775,0.02748009154777615,0.052862386958312683,0.012250768111526221,0.007622667137119247,0.028856514969465917,0.00027894219156908835,0.012694791620324256,0.008296535896995286,-0.007908371928868407,0.015534475418885986,-0.0006257531103359953
2021-01-29,-0.03813875020444148,-0.029605669561472463,-0.009752051571646207,-0.014041666815772168,-0.025492017952993454,-0.00470419552037683,-0.051455133708131096,-0.013425954186729195,-0.011129298626094308,-0.03629752730358761,-0.02539274358044524,-0.01663026753850046,-0.013606849644690465,-0.02634641548170091,-0.0249477494771256,-0.021821136656841232,-0.014928286393307063,-0.004158644727802758,-0.011596918042512122,0.001114991329328242,-0.02055581285760882,-0.019002548225960224,-0.01690436107058981,-0.026844209923070645,-0.02293930981561046
2021-02-01,0.016384992059353513,0.03261452918735977,0.041746274050055085,0.035327546174351056,0.01414491473571567,0.018855325468027376,0.05668432585298431,0.006343170503086665,0.00735617988551431,-0.002577822668793033,0.026098853071782283,0.0059101822874505884,0.001258215438556993,-0.0027730934914391445,0.01652492772795966,0.01651264744642503,0.024183723502744277,0.012774977721721446,0.0124134935358398,-0.0027894708579758237,0.006830175862070914,0.0029976319555892416,0.01822695291577704,0.0017827676390036232,-0.008721931727585175
2021-02-02,0.006316782142775564,-0.0005844380192890905,0.011043015400718599,0.013666910979413775,0.019165430802056002,0.02386864971724089,0.03851924269165984,0.012652903390298217,0.030317963303931033,-0.00901350215614469,0.0211992088804216,-0.0013967084695104227,0.014032740936924656,0.0077088364748612815,0.0390637356162112,0.034435724777258814,0.03127184081624795,0.024814200069793235,0.01677748244985072,-0.02288577370531536,0.009852430962571102,0.010168557117136587,0.009426745155674671,0.015682122099424187,0.010712834422839412
2021-02-03,-0.007808721547088417,0.014466355891043675,-0.020163489626646183,0.07029547033996372,-0.0016111257926390789,-0.0019381502860138847,-0.020956118951172036,0.0018927441955770325,0.011386181295492181,-0.004662317974083796,-0.0061884352506064765,0.0012417877639536471,-0.0024534569777639845,0.0073583615622180715,-0.004646059861898828,-0.0029996153648030955,-0.006226382485883856,0.0026439834971171677,-0.016017153312679645,-0.004296156082349072,-0.0038883576472499392,-0.0026047525016771405,-0.0013101745571357792,0.03847874198147563,0.0030499192560712123
2021-02-04,0.025431654693979625,-0.004082410114926538,0.00556035766663457,-0.0025533091500124848,-0.0006002109572037286,0.009836593780381375,-0.005514295631595512,0.013192684102587867,0.022752266017656248,0.00924067731643866,0.03843546518726126,0.0006202823041018144,-0.025690362004404485,0.016817924913775897,0.023782044630144286,0.021309523417244975,0.015361140749618354,0.013367223861986214,0.02328775582448138,0.0014338932588903825,0.004908919531494035,0.011955001918042765,0.031823674119756076,0.019008478942162642,0.009375285371688665
2021-02-05,-0.0031027573393245895,0.0007848607215941143,0.0063293425623789645,0.016995088997403887,0.006023359723730372,-0.005375429387891592,0.002631883215661463,-0.00259062256060625,-0.001954943745197115,0.015071993243072415,-0.002296572647045332,0.004176182145401927,-0.01471335527553564,0.00014354917742881207,-0.006121587803350302,0.005146874851710124,0.0055832854858858015,0.003816568402611116,-0.0024842669265422957,0.0008598128329107971,0.012974148805152057,0.009122516891414597,0.017413717731067407,0.03296977067773271,0.012757630738592996
2021-02-08,0.0010962375652338635,0.0011140206936150843,-0.008751967758836224,-0.002065452720930914,-0.005685941908422861,0.06050779963303623,0.013044842106937113,0.009564567806190789,0.015533201241407273,0.00285414047059394,-0.009046185370365181,-0.003091832470060281,-0.0005241083798357681,0.004186640475986876,-0.005090361454102406,0.047643530899716194,0.0033270096829038295,0.00016732923335824313,-0.005224297690301527,-0.0028677973965187753,0.005423189291809919,-0.003980553226044783,0.01772877178131199,0.042142648131814175,0.0046306703490485044
2021-02-09,-0.0065956394121517445,0.005347457680377709,-0.005413479034808956,-0.00438953342987596,0.010708699704246523,-0.012229193717972034,-0.016300455142510474,0.010433151363335351,-0.004003750146327477,0.008152378643440905,-0.001789863639402706,-0.0038786888590782104,0.016178166868188574,-0.011710001023432165,-0.010708910518458068,-0.009465757901971152,0.0046271145345654985,-0.009376931914280509,0.02014542812835163,0.004298827919123685,-0.0044165337864079165,-0.005714499580270876,-0.00903131310880759,-0.011780989650859075,0.005500788660505492
2021-02-10,-0.004568829787790986,-0.00390498261642256,-0.005588994815406755,0.005329447429926934,0.008940926644205795,0.03452241980956263,-0.053982110546516617,4.1658532393752395e-05,0.0005726081953855533,0.0032423480816999237,-0.0003873111868011612,-0.003503124230363106,0.01137218185930228,0.006913429899432632,0.002306490920488915,0.007516443635904944,-0.006837097515401238,8.45075987355754e-05,0.008052341687190073,-0.006599058442411489,-0.0020142353794937334,-0.013704003945451312,-0.026322563031673192,0.009631353688234314,-0.011726061729001163
2021-02-11,-0.0019220784325929454,0.006853928732991727,-0.007467083315264711,0.0010873119721020498,-0.005458419792450996,0.03241995824370206,0.008462878423046197,-0.0006671267115023126,-0.002796044229949783,-0.0045061412921723635,0.02178680465758308,0.0008573958047037836,-0.0009901657601784403,-0.0058661368023600925,0.02558165560737162,0.0067273023219870534,0.007985530321228949,0.018914176097814924,-0.01070315233128395,-0.008963600158562176,0.014014119010113632,-0.020024617792335865,0.007171418449045341,-0.02535799608267124,-0.000763143106257475
2021-02-12,0.0017741881941899633,0.002043206695985715,0.004764600739063575,0.003002201668849467,0.0004065762137050336,-0.01916502497279503,0.005479859012751231,0.01119837591174191,0.014117007356357148,0.0031267210757980526,-0.0033283486797850226,-0.005548060359029089,-0.014607376427034142,0.0016229372976752083,-0.005468765857609282,-0.01711698746247942,0.004460259418026512,-0.0036129284938380005,-0.0019207883813005767,0.008387855881110733,0.0077237529240540065,-0.008183369055689059,-0.006113807044892125,0.01355168700315109,0.0031193473129345743
2021-02-16,-0.016234474683015036,-0.005279684541032943,-0.002676197092374675,0.0074518379865228385,0.012746669856791648,0.024364560850466815,-0.024685864957400334,0.011563634137675301,0.02378502410627479,-0.009105935846074362,-0.009860057113535752,0.0023480484807845673,-0.01108986063308312,-0.007668647828317236,0.0006157264583837159,-0.007058459135599581,0.005597364445647982,0.03362566096991546,0.0013647014668613817,-0.0008646971765501514,-0.00832018848030849,0.0038026599593103264,-0.016631473898211967,0.029643169326560626,0.00820339427826933
2021-02-17,-0.01780192987890808,0.004350228551452469,0.012068471325383062,0.003745066048202659,-0.0014609521524726222,-0.028064382731470446,0.0024209343993348833,-0.00012231170125757694,0.0031066094252625827,0.003567653635021666,-0.0018774889820196497,0.004212548454235601,0.006876276826751402,0.019881807604885476,-0.011436401469281097,0.0004828844457865088,-0.02097028790550442,-0.003748077421093467,-0.01071615985690145,0.005748656540897345,-0.002788821361528402,0.000595036520500841,-0.005605738016805681,0.015445018709026754,0.010517133290637155
2021-02-18,-0.008673965293282822,-0.0016803538646429797,0.005903355134450001,-0.006064856083971801,-0.01539741329419374,-0.005178927731532907,-0.01358555824881115,-0.007161155922827953,0.0033713207404798867,0.0004826283501730217,0.00882782755576047,0.008294878962906349,0.004731161726039067,0.007553315934022097,0.003344056933950402,-0.018623409006806313,-0.0058391669610941025,-0.0026282018679109017,-0.005675017628819491,-0.009503019483851667,0.012686110332888268,0.006744748609241053,0.0019440096475670616,-0.015829414619699306,-0.06700556368762854
2021-02-19,0.0012328713458658398,-0.011634908672490106,-0.023816428691007405,-0.008105597834504675,-0.029496710054236038,0.0065533086390152295,-0.007751801260508434,-0.00679921801687097,0.01655283792892755,-0.01679257744798029,-0.022315278410969086,-0.018781023523550305,-0.011730788439834963,-0.012120201854365518,-0.0157529639832756,0.00354559274960401,-0.019122227525348465,-0.0018233570163466795,-0.014700188497169387,-0.00347820859039651,-0.01308516177154875,-0.021353528740292366,-0.01434484300611752,0.0067057321485236914,0.0049276367039834046
2021-02-22,-0.030252169917869363,-0.027174041407120694,-0.02151030634661799,-0.01667870658377638,-0.0047136681502359026,-0.038987655228157864,-0.08937612559287707,0.012818034544945275,0.009346774137437227,-0.0006178025536607368,0.01738322649908781,-0.004256980021784857,0.009383535948174109,-0.013645732423567997,0.022232106951541503,0.04321277841680501,-0.02491546026450174,-0.02301591305181064,-0.011992713955617186,-0.005240316642534643,0.01032375581813292,-0.003931749033496703,-0.005488027621118344,0.0361903144568699,-0.0047096613500260485
2021-02-23,-0.0011117353529506249,-0.005301700022607959,0.004316729031036398,0.0028485261233562368,0.021019788581510712,-0.015001433803110658,-0.022161184525391956,0.0022833753390558483,0.007999431517085506,-0.008873421520856146,0.01802985649303929,0.007398937165558783,0.005691071816787051,-0.031710453151421625,0.028247603079039046,0.02741595447832764,0.0010052105550314608,-0.022284165821391137,0.022909955843126543,-0.010268612942654406,-0.0017791363567890997,0.005967294998620466,0.001759350479896929,0.013717590325461427,-0.016254641917034195
2021-02-24,-0.004060453177208766,0.005472157087977864,-0.011007327640787778,0.011433706136210671,-0.005847090510993882,0.024930677597333962,0.059954347975619646,0.01182247137536782,0.01744221835268713,0.013311526388337101,0.03392802596345375,0.0010970460996000343,0.008160663059841871,-0.027580847113427117,0.04710091824394838,0.002128672859070928,0.01867868939502577,0.020290071926945652,0.013205436110539731,-0.004729439448831559,0.003357752097841755,-0.005210262467271084,0.005041043512813061,0.029532397519948413,-0.016823373163077575
2021-02-25,-0.03540192873982829,-0.023990419315085602,-0.03293690001850802,-0.03310741883725714,-0.03707551611488101,-0.08575194557293218,-0.08402401628244031,-0.01934467001567866,-0.01366495629465485,0.001045055258632526,-0.02622605851206522,-0.008495983265158819,-0.010104716310327302,-0.01832260623300857,-0.0353276598158458,-0.03362050914202865,-0.037320776277584816,-0.03983137582065627,-0.01219895772470605,0.002071941381297567,-0.010705872622289933,-0.015949032064945756,-0.004821232630120721,-0.01671746032650282,-0.00950352457585491
2021-02-26,0.0022293516615408604,0.014695593948937987,0.011632467716052848,0.0029520399311677493,0.011438491281010307,0.030125978451330908,-0.009898985904473094,-0.013135289866143525,-0.026882479006637445,-0.026774601722404357,-0.006382961823818967,-0.02439039591668934,0.010134947363456475,0.012032995418079229,-0.0020329074681827977,-0.010210106497877233,0.0011101287692312871,-0.06517340095290951,-0.01446296451430665,-0.009805299253793988,-0.023800960072532334,-0.006250097875912874,-0.014382251116404003,-0.025244258229472263,-0.015504352227010342
2021-03-01,0.05245128905108352,0.01943319966108835,0.017057488725899683,0.023341793539313392,0.02790477925827845,0.009235656013900041,0.061615106636751404,0.035534295576370244,0.022374711646504526,0.005412688212317515,0.01976649658841666,0.006133337274195958,0.007287777719425166,0.012616643454693065,0.025254448572022074,0.030938490753784718,0.021308527971993278,0.004792247189783088,0.021644015232378775,0.005954026395491896,0.018404957496498165,0.011008019979323325,0.023131149350977095,0.036656717035848614,0.011099025288491072
2021-03-02,-0.02111503371424273,-0.01304166726592101,-0.016540301818484742,-0.002505936150896426,-0.022562436579731258,-0.031968469664230094,-0.04554943930628858,4.01039531254854e-05,-0.0032613277127663213,-0.0018846569795283907,-0.003977717316692706,-0.0031425165685083473,-2.991182592176435e-05,-0.005096707036607671,-0.00022061915359338776,-0.005348131816100591,-0.006366478038280417,-0.018886496469693176,-0.005134429992003878,-0.005357215915308472,0.003999829078604644,0.0034392725795879394,-0.008748898234573112,-0.00586832379726998,-0.009637652006153094
2021-03-03,-0.024760775685071932,-0.02735155294592514,-0.029358478249911932,-0.02604244267059894,-0.013957887134296704,-0.04590462178040615,-0.04963546753524194,0.009305743656325478,0.019147808731818247,-0.01776460968091587,-0.00427274003593579,-0.005990613259766443,-0.005303425618566374,-0.011320532216910048,-0.0071085120240152325,-0.008700345054146639,-0.03965370009140439,-0.035620029218535146,-0.050772738826182884,0.025921989745495765,-0.0023978699122578517,-0.01483451209424325,-0.008604603382808173,0.007993817199301935,-0.019558321911514805
2021-03-04,-0.015938132700168882,-0.0036539788044124225,-0.009170074897274566,0.011133893127984339,0.00869326385116514,-0.034521947457847424,-0.04984401019282242,-0.024426328952762817,-0.01548802052442325,-0.020369876889257912,-0.01571530177171688,-0.008234484758685707,0.0028201187696706635,-0.02530181653706388,-0.03029473872349825,-0.02224708478971787,-0.021161147349260494,-0.0032577433459894047,-0.01823707876839395,-0.005540282419485601,-0.0008009269841682792,0.005549679139504075,-0.012710552004091278,0.03801529289004771,-0.0004700386985633283
2021-03-05,0.01068125119012058,0.021251839933334633,0.007658083796422065,0.03057122591666062,0.025445724418466233,0.007349412703305507,-0.03853223628041701,0.030766714189266214,0.002322117055199429,0.019601123437044787,0.01831821925340231,0.030873297558051797,0.03904124619028635,0.01026873085051015,0.03204187579663463,0.010370061345915444,0.0040232107037174395,0.026101421436465,0.009925317229981627,0.0055402824194855935,0.016877322252676828,0.03208124129561364,0.03722485500397903,0.03711565900578396,0.012390391997747411
2021-03-08,-0.04256687068157096,-0.018345156343128406,-0.016299583149453855,-0.043650957233343134,-0.03453055788097993,-0.07222087746457126,-0.06022747806878096,0.017464582184011593,0.013165903469224003,0.008293575472131777,0.022311014678789116,0.010501833070567576,0.008805497767031323,0.021501177215208108,0.028545754922454983,0.06085046656705291,-0.04555147389758851,-0.014528897534461507,-0.04568396774747589,-0.00116383466769215,0.0165970265263131,-0.0067885351875873415,0.026878597822992706,-0.0009855311470021097,-0.00964976936423218
2021-03-09,0.03984526534722678,0.027713857355948796,0.036879873274693574,0.016236020176853147,0.04003994064510798,0.07726963304769986,0.17932714140524914,0.005458479890803678,-0.0070882212788870936,0.0019042590031787506,0.0004083408653143885,-0.008915577534849534,0.005155642390790532,0.02263486176711719,0.013879946500775826,-0.03733852088869043,0.04180152589943786,0.01817571683465118,0.02622755151543914,0.002906837686984415,-0.015219895326279924,0.0009076344157504938,0.007966705708017559,-0.015563016698642419,0.007866883497604348
2021-03-10,-0.009208973415192901,-0.005834385392337755,-0.0017024656850275469,-0.002045660084145169,-0.003166130089152204,-0.004162006780204844,-0.008228833280182691,0.01900595026815213,0.021501738983394914,0.009152332979419428,0.012671266250595588,0.009151319351121782,-0.006784827239599554,0.011066118989179152,0.013663887255887484,0.0028237486266752053,-0.004953234665391257,0.0020309111180904743,-0.003758781893061261,0.013837264455207679,0.0113394934436652,0.010006491636931021,0.0083177240601063,0.03024062361779156,0.02520559462042719
2021-03-11,0.016368006363927434,0.020062459729766818,0.018133028189585527,0.0311139501928582,0.03333794680394422,0.041263386455426695,0.046130766690605556,-0.011735652342918467,-0.005234961082528411,-6.238274599061719e-05,0.013264645633049417,-0.0033823411398533733,0.009961778028390824,0.009755452500144314,0.0069966758180981985,0.008626634748175441,0.03164426245994248,0.01864924061475912,0.036049080926104336,-0.0063183154554102795,-0.010946062100805698,-0.002698406909286012,0.010505810998572212,-0.007474817190893296,-0.0003788381027896227
2021-03-12,-0.0076546670758227625,-0.005836574910792457,-0.0077703841773409145,-0.024354671543861225,-0.020211936686659684,-0.010638257338227937,-0.008425900400429927,-0.0034170254235300437,0.011788653164031814,0.0028859542953411066,-0.007946502630415618,0.009645132068249096,0.011781681420007281,0.015684437834631835,-0.004354196039470163,0.0020817301191928344,-0.01510038046825203,-0.017470536260119074,-0.009682359954128746,0.006604253106831835,-0.0019837402394408624,-0.00135210632895576,0.00040976271116988154,0.010707572752884073,0.01494897774360595
2021-03-15,0.024162399148464273,-0.003995275171227281,-0.002531144890792291,0.0021634770784106578,0.019737126737913,0.025743226499970302,0.02027649657712341,-0.02102554383526665,-0.005007521170717875,0.005124861072009553,-0.004870083405907253,0.0032722647225564404,-0.006028781762337259,0.019723516635647236,-0.002485421388017048,-0.002030848475639793,0.007377644163017226,0.002776423683356788,0.004295678987024585,0.013362259815719962,0.013216422877403012,-7.507762685219426e-05,0.012012718037775892,-0.025826866814770394,-0.005158042543051457
2021-03-16,0.012662617680017177,0.012274933071096363,0.0032979661178309406,0.014233077753107204,0.01999923724427579,0.0075520502184682585,-0.04486533694757771,-0.012289975507103118,-0.012043642175086194,0.00590451134627721,0.006384372495625982,0.0029513447478265093,0.00203248144073831,0.012629044174531784,0.001622947226147267,-0.012890123273727178,0.006569255675673581,0.007863561880008293,0.00723943765769069,0.011791214093494635,0.0037163629628818814,0.007339456775019118,0.005248431978619448,-0.021423538560077133,-0.00029983307002476355
2021-03-17,-0.00647144999114563,-0.0028227129617329105,0.014089129048404545,-0.0008017960186715388,0.01679493420795365,0.0037549596745705114,0.03616869761350537,0.0019860979716293243,0.010239899130609418,-0.0037248537456227044,-0.007504827151045115,-0.0040409103420044395,-0.0068481477494353495,-0.007294001810435169,-0.0097234352022174,0.005134968623850753,0.001042651552850962,-0.00636101043382502,0.0007820990253059122,-0.0011169658909419688,0.0003905530463064295,-0.0029140918119699663,-0.005046148724771848,0.00438888147135129,-0.008356131554366191
2021-03-18,-0.03449328074390633,-0.02702393967848272,-0.03496292546552067,-0.02967393076443682,-0.019160787172236037,-0.04748871379077868,-0.07184055905976201,0.0018237594070777408,0.0163717521885889,-0.0018678617774081213,-0.010638172734275591,0.002177945327128027,0.027640127835774384,0.011115535870422934,-0.03132950229433466,-0.015276895526108123,-0.02658019871784087,-0.01722708925317608,-0.03818852826767194,-0.0005589169255430991,-0.013162335162991081,-0.008191157270903372,-0.012624764002793533,-0.0440763807028196,-0.01314313853375046
2021-03-19,-0.004490323117851379,-0.0016050518041377693,0.015392830040768038,0.0027764518714418645,0.04041113299075258,0.009641006377844036,0.002614584056873359,-0.0058397273318392074,-0.016049516738576602,-0.002683506574429426,-0.06438761879854385,-0.005375778992843903,0.009702561942978862,0.02076020846626839,-0.02899994212297414,-0.005946570886172791,0.005268684903200972,0.01290090797778099,0.014533593541087669,-0.006732448195041397,0.004734826147545965,0.014755272920333769,0.003681652800240401,-0.0056490126038904135,0.01321894301815542
2021-03-22,0.0279417881107794,0.024189720207599356,0.011610547696605156,0.001838689059214939,0.011753746759653204,0.026161492217583553,0.02284097771296026,-0.002513235092265548,-0.027246821709579202,0.0028701870797184594,0.005302648782790934,0.016809785339182325,0.003495395231578448,-0.0005532666977226335,0.005287640626483335,0.008958437162587604,0.02441083638077209,0.013899360182119038,0.02111568618909158,0.013141889449529081,0.003732424599216353,0.02423908040984691,0.026592825939672583,-0.010320355175835317,0.004770598720073782
2021-03-23,-0.0069126896503483555,0.006714825398995997,0.008523856571831514,0.005225790075879514,-0.009962682375231275,-0.008797488274495686,-0.011770465503008509,-0.008221928761072287,-0.010051933413584676,-0.0009349566215436557,0.0007207039184048961,0.018418950824691572,0.0044602959735904665,0.0035930334987734763,-0.008771251467506503,-0.0216471672666729,0.017072347701970022,-0.000790607170660927,0.022643153195914575,-0.017937732075648933,0.007618131164555348,0.011974562281866441,-0.0057818889021732985,-0.012417996864500703,0.011791046574382619
2021-03-24,-0.020196065899845964,-0.008963382917703946,-0.016203881085462144,-0.004320238958767894,-0.029647560671307915,-0.03327329571026207,-0.04935894253519092,0.005301885407323076,0.007731086620777147,0.009681798833221743,-0.0003842904954793542,-0.0003017760940333149,0.0056827242183662445,0.009506845847197794,0.012252743068961515,-0.021476259587146208,-0.0190636614919353,-0.02577103181772654,-0.02704961939551197,0.007045261172991312,0.0025265058927997253,-0.004671737008445464,-0.007224515407289503,0.020079590368934117,-0.006216143306756424
2021-03-25,0.004154850296302028,-0.013339206119072524,-0.013307791454017294,-3.4441073049430645e-05,-0.01212420552217273,-0.008559330100195503,0.015929083234572167,0.004476585701397708,0.01273224908311499,0.0003704404616293244,-0.000480723122751506,0.00691614956939666,0.0013211530271181394,0.015018767953146219,-0.0035930484573647647,0.01178607780962063,-0.0011523979807196607,-0.019712840909993708,-0.03507352916874919,0.0016832691028933122,0.00965812301383071,0.0058899829566771535,0.017172772502206272,-0.002843875117432505,0.00673872389965322
2021-03-26,0.005128190949204368,0.017661768658407608,0.0018923206745425616,-0.0038104431248708304,0.015238444755070277,0.023962237369572894,-0.034440713289359076,0.02372427293293227,0.01651318396925936,0.018110059782391538,0.02638349041056324,0.014651207248576194,0.014420492186672674,0.02206453010526031,0.021477642184786455,-0.005310752966230744,0.03934949522992454,0.01761081401494673,0.010268086558071522,0.016129443430125286,0.019418046574557167,0.02174851181902808,0.039974372187602275,0.02686943941132711,0.008322733157569519
2021-03-29,0.00148402533760173,-0.0052572153282826545,0.007735312514846097,0.010347630663896273,0.027186813169849142,0.008453801635899275,-0.012065159218404247,0.00795216791705033,-0.015661647403354677,0.00670764014679798,0.0045790498771449365,0.01553034484917854,0.006829263279696578,-0.005313400475523629,-0.008861056740142832,-0.0057716914927700095,0.0004902142774196018,0.008002605746739142,0.011546119427009017,0.01015510855373441,0.015155892169092071,0.014677562823881298,-0.0009514213194739644,-0.00538591589879439,0.011331976487069483
2021-03-30,-0.012350592089888758,-0.014515690549040066,-0.006667777807782873,0.00033234090030564333,-0.009744011606080493,-0.005925553668556537,0.039029424523405194,-0.0024371102405717996,0.011720638319782388,-0.0062226848550596525,-0.012241991626410379,-0.015530344849178432,-0.014615574442948299,0.00863251119143955,-0.013063376434448663,0.0036718950077375147,-0.008258708602942682,-0.003659919278556263,-0.0010901894362842762,-0.01402468325711481,-0.01308417660627409,-0.015799697989414326,-0.014383078933959575,-0.012446831798792865,-0.0068280845271917285
2021-03-31,0.018591996162043774,0.016766145966868852,0.012616087083554913,0.0078120997859385055,0.022420285049311033,0.03635028171621704,0.04958242699342897,-0.010590766753073667,-0.014671931367568369,-0.0040079055014797015,-0.0008025949229852331,-0.0001479593872853863,-0.0039967423647760516,0.0014095241290233659,-0.006020332726509662,-0.005458696370005132,0.021067292350905795,0.008865414961423885,0.015980237762455655,0.003317819725876613,-0.00831257144918129,-0.007676152374151045,-0.001159931480004295,-0.015286314283135266,0.0006628817956547054
2021-04-01,0.006934492264542697,0.027525951516073337,0.021397878158709596,0.03209009299806505,0.01392492803100508,0.03413452300690224,-0.00929552576717066,0.010629534991584514,0.009675065196676347,-0.009291516350371225,0.02394003293011552,-0.008527356598397165,-0.013529274545490584,0.008156752747960032,0.020157992981644557,0.02383029737024465,0.016626894268752142,0.031819345236271966,0.033478471454359386,0.0019301155058106074,-0.003801995876702903,-0.0012027508723990114,0.00520772188919115,0.02755863212258216,-0.0015472580642509166
2021-04-05,0.023303566810526852,0.027351222837527885,0.020580800847156144,0.04101999114351807,0.033744194167530474,0.012644399113905119,0.043324388497766333,0.017125908409441972,0.005286788029288338,0.0036782472764808017,0.01000233791118628,0.016030876155648154,0.008436952069610813,0.024553899285724975,0.013723159550289622,-0.0024902453896588493,0.016985718236587552,0.0071524340607565535,0.002314622905481055,-0.0005510622592862744,0.005696874198046366,0.013219262608985814,0.015382032409795274,-0.015629405784914747,0.027705903718319564
2021-04-06,0.0024593258639144856,-0.004869930350540117,-0.0009022971624071701,-0.004381012375928764,-0.00861565180730926,-0.009049038283776619,0.0008244361718844317,0.001521699660427845,-0.0070553179758344,-0.00024516883115125793,-0.0017819903086093557,0.00036645422848911104,-0.015819697503571123,-0.005149408684506326,0.003387882795890644,0.006504030360265792,-0.0005697053579068589,0.0036251249809733563,0.007113884969551286,-0.0063596822566884485,0.007170049481277192,0.003556119710974724,-0.007276823289543172,-0.0028357286508395867,0.004793929926006678
2021-04-07,0.013301496736542077,0.00819684209724362,0.01709045911872312,0.013385161468511812,0.02205629656945295,0.02013994209700573,-0.03031223705748461,0.002126520002320557,0.015546501674208403,0.0013456447709388423,0.0028315413445083103,0.0017565394487493924,0.0034793387572192814,-0.004183752859342417,0.004077543334920148,-0.011503202677432846,0.004204133786486834,-0.001357882310601978,0.004507523688445108,-0.0038912201838778443,0.001690589637501606,-0.001811394762363688,-0.005009730824159297,0.0044275952473505804,-0.002143701426359656
2021-04-08,0.019050763742634275,0.013316236051752946,0.006052887214350471,0.005078599014831143,-0.00022341622161503152,0.012192652320626926,0.018941076007001657,-0.0004172987769232067,0.0012258497657949147,-0.00391924021225225,0.006500532949347275,0.0037960142923566336,-0.0020534201190346656,0.006253016599511529,0.01897499355905064,-0.0012803463199760868,0.012947561041374657,0.01644100081719186,0.013780529096723991,0.0013915381423866007,-0.003007814164574074,-0.0060850843110466955,0.002700737316353505,-0.010480537308326954,-0.0006439638236692535
2021-04-09,0.02004970636294092,0.010214141491777493,0.021855051421528913,0.00895373166575403,-0.0017908023814659732,0.005780430849388185,-0.009964638245883383,0.00944258378628684,0.0074501250959815085,-0.01061009831852316,0.008212716975678342,-0.006505550251991195,0.03079064967608511,0.015150744568945258,0.00617550633190006,0.0030381293574665742,0.00836760706965361,0.029976044270328076,0.0013154106883468601,0.01764086211650193,0.0011293341957000133,0.000210691576344508,0.003461536286250476,-0.0023243472409774876,0.0005008285729855302
2021-04-12,-0.013321606795524212,0.00023441397328968628,0.002129852126864464,-0.01153877866737261,-0.002948737400087693,0.054659262243385576,0.03620406408291566,0.00719178625606909,-0.0021137346170078996,0.0024157905723846025,-0.004729667526322548,0.0040251575297138836,-5.301447835485391e-05,0.004874471304541734,-0.0006316520730832228,-0.007479030093993373,0.003940306700848483,-0.010955671204541653,-0.004566394354186878,0.010058682922802051,0.003191336126579815,0.003151258130771634,-0.010032886282894463,-0.0066446237573562095,0.000143135250683715
2021-04-13,0.024016160346016068,0.010031244853522157,0.006080225513606812,0.004360735702772492,-0.005729750430702095,0.030466787433449424,0.0824615371588125,-0.0031025820606239026,-0.011998577632229404,-0.013453525044134914,-0.002034339033270631,-0.01330762639712982,-0.00474165447484399,-0.001216445907186282,-0.0045121173492165215,-0.005376631530512958,0.01729903694057653,0.014064067000878366,0.001717133025596336,0.005126234863464869,-0.0048851071810344275,0.0002097976506870674,0.001743506389359616,0.003776873198230589,-0.0030807479696781637
2021-04-14,-0.01801453263111924,-0.01128231629428175,-0.019902668921269934,-0.005568818957864359,-0.022659108878256586,-0.02600577282797004,-0.04027179907894094,0.001608562050652716,-0.01886708994362296,0.002755328870320019,0.0043342942251063275,0.0036203268944031376,0.003012549505641781,-0.0011867849991077431,0.0005025559435988024,0.010564558501162736,-0.008249723545460651,-0.0173039427238522,-0.02507106760098958,0.00026878060135061106,-0.0001884944809642563,-0.006592681893537188,-0.005629415973137247,0.028489899314129256,-0.00035867391036230935
2021-04-15,0.018535087996677628,0.015182160505250175,0.013733669660684043,0.019147129176784003,0.016376296026638818,0.054781971385370935,0.009000306677510112,0.006000039722607164,0.006328512693525108,0.0029347855439579578,0.019185957588689236,0.012021684098356689,0.03756803788123961,0.008463469690637602,0.021365465531865666,-0.008195305259773187,0.0244140942757879,0.021604908336020384,0.016892950385454658,0.011502319401034966,0.0046986638861122075,0.0014063055620472452,0.005242299012669724,-0.005949470681518145,0.006011312688132606
2021-04-16,-0.0025311041000314317,0.00476690106145175,0.006004280530908502,-0.0010944568153619673,-0.005341924085506209,-0.014025480710132982,0.001257911412789418,0.010974597735299626,0.007398526095494808,0.011468361370242451,0.0005742676837534678,7.275257991321925e-05,0.0025607574153666164,0.016410574584384156,-0.000828370356059084,0.007127811037913634,0.003491303156220787,-0.004689045516642629,-0.004891620250196146,0.025470804548077677,0.006541489595054069,0.012915944979321803,0.02221451651972867,-0.0056316239352646,0.0032052852699240874
2021-04-19,0.005055585516328538,-0.007699837453215605,-0.008101740463144907,0.0030660076497212832,-0.012951796226865061,-0.0352242289614435,-0.034587909254449344,-0.0067478883079905485,-0.004249282147251066,0.002769543645098973,-0.00274219398645968,-0.004673890449905327,-0.0029966461018247803,-0.00375580522641446,-0.010438020678439982,0.0009073510558600444,-0.017114529004531222,-0.00609852168464504,0.014351114048062722,0.009290302998654371,0.00594363894707349,0.004084213119676885,0.0009466405260330915,-0.0031820014671572667,-0.006421139901685491
2021-04-20,-0.01291315825987433,-0.0018571047632742568,-0.011129268476364956,-0.004705689150402284,0.0013556927561726875,-0.012478556384510278,0.006082481415169929,-0.008881950993819636,-0.022390754437185193,0.023028839033156386,-0.011178728286990035,0.008310168495652612,0.01701538715717887,-0.00888166753823552,-0.014576221667107115,-0.025067514118417244,-0.003804350418488461,-0.011080628390695622,-0.008822432155867314,0.0025653575172105182,0.0031432785279317437,0.006610302114884671,-0.020260533777995905,-0.021294450695441784,0.007700678028319737
2021-04-21,0.0029259303398350344,0.008943281203050775,0.008162267510845943,-0.000289646770701329,-0.0039064962041925454,0.01239720857512236,0.03435484924604316,0.015997292670792147,0.00847191173391448,0.0006604021729308349,0.01850364763011061,-0.006554723353673414,0.005733286433014102,0.006124165734154468,0.017032649171564086,0.0017491963195703918,-0.0036432654944626632,0.011340880433673798,-0.07688464599141735,0.012729052496864679,0.00808975922035544,0.008678073718324988,0.0026994411032735884,0.012759745265355905,0.002907593436646043
2021-04-22,-0.011754609993232815,-0.013172617093202435,-0.015883879438343667,-0.011401984401096119,-0.016555876058727447,-0.03378259162163242,-0.03338171795091616,-0.009968264197725103,-0.021282409517948242,-0.008500071648179798,0.0005276304557866636,-0.009977552949578718,-0.005708384058495906,-0.013870978831066036,0.0006784850336081042,-0.0019131748789935506,-0.00990567054408973,0.0034206288187175415,-0.00023585091422837978,-0.02277184307114736,-0.0031179132163246057,-0.006210379179715384,-0.00831494190004049,-0.013121625461721896,-0.01089465939113536
2021-04-23,0.017878137705805038,0.015357421656222104,0.009576191314045886,0.020829149513668415,0.015427572598251633,0.02756230134897493,0.01340170287553078,0.00912304292791236,0.01895496666414421,0.0020565103183440765,0.010621352708189468,-0.005138303838232778,0.009462479409299378,0.007530915035727488,0.009605330805186958,0.001421591925947381,0.016713842919074986,0.009293152182670097,-0.006368719113093986,0.0005177307041229085,0.000550931633938369,-0.001644188137951298,0.007929838096753012,0.005413336400136496,0.0016452840050653805
2021-04-26,0.002973222247000236,0.001530498148642213,0.020184691912166108,0.004338547546768573,0.00632258590278222,0.01384067605622772,0.011992516455123612,-0.004126546428684164,0.0024606178187635427,-0.008494118954448016,0.0014771835707026485,-0.02021207996846294,-0.011178756158798034,-0.012114103712266238,0.0010583966369704801,0.006806618080793608,-0.000271467212120213,0.008316269844397393,0.009351812574723064,0.000517209608455506,-0.014982410011184189,-0.017082855438895175,-0.005214960567751872,0.0019774156874580173,-0.01432656319128605
2021-04-27,-0.0024524738033660106,0.0016045849132729243,0.0024698649221989518,-0.008237567370757884,0.0017474352687419717,-0.006237999254903365,-0.046385859854230695,0.010247867139821433,0.004572147492109242,-0.0057437988713117385,-0.0018686816851774565,-0.0006095627446189091,-0.003441415674545631,0.001873295139409166,0.004121081746506425,0.0020058740119438816,0.0031364279773354103,-0.005322985479460247,-0.009351812574723,-0.005964154516398571,-0.0014918371413866899,-0.003283935976471838,-0.00524229901266972,0.01302538511220151,0.0034022758492183924
2021-04-28,-0.006045268337351264,-0.028693492187257363,0.011946146532530181,0.029275165091296667,0.011561162456369978,-0.006849759854451005,-0.014780794025162398,-0.0025612223354750277,0.006458332426022856,-0.007381189698939238,0.015279946168337303,0.0016755856275282202,0.0002282012225579242,-0.0027488601252868535,0.016770726914662144,-0.006792932115246779,-0.0035631851743008576,0.011335516565911747,0.0019168664434195655,0.00931941758555991,0.00018665303605606422,-0.00744592598152355,-0.0050740876488062515,0.029691492045162724,-0.003547284224237892
2021-04-29,-0.0007489919053320403,-0.008085670975819867,0.003697092085053035,0.014192695203435421,0.07043335930883372,0.003137221943963008,-0.02537683713134589,0.01689257766902031,0.019257758962084235,0.013612336715105082,0.014501488916473872,0.008412124452634014,0.017484827881739124,0.017456426286554916,-0.017079084323530527,0.010522847262941575,0.0011827533827152815,-0.010695347450060788,0.0048842285111588835,-0.005425771905785051,0.012424764980401688,0.014767246678068776,0.006824804021680621,0.014182018044700153,0.012539730055792326
2021-04-30,-0.015248890360624458,-0.0013075899857472085,-0.0011212645540177846,-0.016543979086092446,-0.013535589329919705,-0.02078592859454381,0.04680461290993818,-0.009591943268277477,-0.008932125311569393,-0.008993009431022799,-0.014030115231772581,0.006843742491297111,-0.006872046727782025,-0.005146161117653264,-0.017873243058811713,0.00371622248227435,-0.015130713076014272,-0.01738858206474508,0.008743560920742157,0.0012945624014411162,-0.00517356876283276,0.0015274490836020354,-0.01074566999994166,-0.02926695740973438,0.0020032192694698753
2021-05-03,0.008181943721330279,-0.0012699032962201864,-0.02361686640013657,-0.004437230478049802,-0.007720030601072046,-0.011576053051731823,-0.035203052789871174,0.015267401498757915,-0.002930011663145216,0.015125266058734278,-0.004075874962013985,0.011773034928580929,0.01764666050678139,0.020185837241514445,-0.006986714223387108,-0.0027453750338219045,-0.009646259699809714,-0.028895621492265416,-0.008527518014365248,0.0300735577798831,0.009219920168075655,0.011243472617528666,0.005093884823488957,0.027229058162949637,0.015672565710103042
2021-05-04,-0.03602702027742216,-0.016291651362619303,-0.022280927908247625,-0.015592108454849032,-0.013168421897298312,-0.033270180476978696,-0.016636360929421883,0.0038610697370898947,0.013728897573505964,0.015376453145685915,-0.0024965858601846205,-0.0034132899022713673,0.013313644531324843,0.007540943168408828,-0.009241168652719274,-0.006815215883973961,-0.025671280165010302,-0.02984758910975595,-0.01171611469765166,0.003008594846126325,-0.0062603652560985065,-0.012631718679364683,-0.009030271316485596,0.0062706728829707604,-0.009899743697390386
2021-05-05,0.0019536364448733286,-0.005341387758805665,-0.012557955081461925,0.0034361071307514174,-0.010546793507687734,0.007445494004147753,-0.003956776807325818,0.008880737252603391,0.013035503499140037,-0.004180979387401858,-0.012228036400005754,-0.008059612152597923,0.0028159778917768675,-0.002166013209160232,-0.018173758058973928,-0.014982765609376402,-0.008205592865862952,-0.008229868129778538,-0.01421073624582643,0.000500145265768713,-0.00258921317893246,-0.00048639751669846864,0.008248382966045477,0.029629197883460953,-0.0008531522134960077
2021-05-06,0.012721224516580238,0.013140092617303156,0.010895826077640012,0.009707527227686438,0.015747533170017362,0.0044510490567853745,-0.011090612633393284,0.024281877312642534,0.019924294250318327,0.004002284321780136,0.009163442875032521,0.01250934309309648,0.005969771176668433,0.016517123757727906,0.017029162268264703,0.00154143566629166,-0.006348608623208831,0.012227735465336667,0.006970491341713649,-0.009902259502926484,0.009950248861764042,0.01153920379687608,0.02529833471651348,0.009467893702229339,0.007114938053137962
2021-05-07,0.005313013429456848,0.010872426144418355,-0.004474051509126132,0.006218312509964043,-0.00294172708221008,0.01972093678458415,0.013219694470214068,0.004202270079177284,0.0034171765649543043,0.004520396059961137,0.0034524470701720053,7.373395752784456e-05,0.006437589699720464,0.004934433054397847,-0.00021314133120797635,0.016638332279913248,0.010531445741971908,-0.0071338464034696285,0.008551005108712716,0.009902382011852862,-0.0005501431668079395,0.0,0.01870278093703754,0.014196160558179188,-0.006044573360994843
2021-05-10,-0.02614299482164098,-0.021135910372195414,-0.031202294199865952,-0.025920438632823825,-0.04195454607864023,-0.0375930438516133,-0.0666139869184463,0.004800591965660127,-0.00012370902879060933,0.010449843625377217,-0.026852205363521262,0.018474346873510093,0.007727882523228015,0.005497318158026903,-0.024430412088096303,-0.002925618620626552,-0.019316599725001146,-0.012128682038112548,-0.03463139118723047,0.007049250564562292,0.007311414278115256,0.007937644859054968,-0.005066144036096177,0.002400081659883612,0.004412618798219412
2021-05-11,-0.007438132103836639,-0.0038507309615400734,0.010420336143649124,-0.009509565542310493,0.0018282506496970115,0.0028351752888303773,-0.019001672485714396,-0.023185971136434495,-0.016763292030904754,-0.008197077222598497,-0.0021708336236244577,-0.004951496434628326,-0.022076796306608377,-0.031143690670220246,0.003460848280951283,-0.014373087150091371,0.012046959331125873,0.007777462223602,0.017092010205304917,-0.012877535146005347,-0.010802917734326482,-0.0073194833881069146,-0.006227123748508218,-0.032316173938590875,-0.009059570004846215
2021-05-12,-0.025254526823905186,-0.02980259879144503,-0.022576744303825176,-0.031235168994518343,-0.013068960485398162,-0.03903992661062081,-0.04525703659502106,-0.009568445253805916,-0.006898847119521848,-0.004034550048663441,-0.02174434411717545,-0.010641293638460848,-0.015494597842770498,-0.04218879991901599,-0.03035172821750535,-0.02125121406713359,-0.027370934213955745,-0.023563671311620946,-0.020611678332931666,0.008603605892968918,-0.005168166116418953,-0.00979729669469386,-0.023557446080688604,0.0053439869519118464,-0.02620923700161326
2021-05-13,0.017760904339395374,0.016721383169837567,0.0030189822880309276,0.012999974290269962,0.00891733608991575,-0.006800849512494164,-0.03133918628539079,0.014004862906511026,0.025397177140072294,0.010409040486333284,0.015449035404395657,0.01595626850015347,0.007838426117073733,0.026214889067900562,0.009488880335308324,0.002751183914048734,0.004375187585247786,0.006250033174331917,0.0034580592083289234,0.010277163409851868,0.008659669572630285,0.014728514778398046,0.017100985097094026,-0.012401360600426977,0.016777829566647993
2021-05-14,0.019650400206463088,0.020848460188778683,0.019244482527551766,0.021893732029162737,0.034388519036391355,0.04140967496841015,0.031084853734470938,0.01308927883828907,0.015422125447990593,0.0015288424330860352,0.014201032739633126,0.0021031374355407126,0.003030498638659426,-0.005515744100920259,0.010746983569745431,-0.026362103348928308,0.025815393708421706,0.0270085380485919,0.013693701311826765,-0.0019969350582350097,0.004027830829478715,0.001501927021010785,0.007780688374064977,0.024486644163595875,0.009216499160836987
2021-05-17,-0.009301544575249197,-0.012040734186209195,0.01462764646007257,0.004615377883321666,-0.0015206093783887336,-0.005456172149270745,-0.02213414578006038,-0.005035332144270971,0.004015999630072752,0.000998028324471607,-0.0022057351199123664,-0.00203084766261515,-0.002858967320062181,-0.011248816680759109,-0.0016776805082224294,-0.02106075924551975,-0.007882032702488155,-0.012017143078468769,-0.009019632989725251,0.0022461811174040343,-0.0016458438152793234,-0.0028693198184009065,0.0007557366419265896,0.023097986740932684,-0.004525441136582136
2021-05-18,-0.011309506912045806,-0.008602029881093924,-0.011721487581113643,-0.011622968212878193,-0.017588566597415586,-0.010627565028341852,0.0018013224952045325,-0.005651806413325353,-0.014188610907572015,0.00035200761211322436,-0.0038493573903336806,-0.010290172218170973,0.0042733201169979675,-0.0102392163351281,-0.0006332313800221062,-0.0023545794860403897,-0.00440125928342264,-0.003400171585923601,-0.0054552473586981995,-0.0014970144174896445,-0.005505466380726532,-0.004525683840463033,-0.00018890141082051321,-0.02870843741104846,0.021510569553341574
2021-05-19,-0.0012823056079519304,0.0024709972403774093,-0.00014852585753418506,0.003983275991147827,0.011643176921795645,0.003560999501732662,-0.025252562795766022,-0.004775091846352226,-0.007667482301722728,-0.0021726901818465826,-0.0043539786906259615,0.0020520855241740986,-0.002146515495393428,-0.007287800203120144,-0.005772987451523887,-0.0024192783550361675,-0.0003121328871879228,0.03218301966524956,0.0029159163034832443,-0.00550838757382991,-0.0031333478004971628,-0.0005498303225722837,-0.008728601930602849,-0.024287586982560613,7.060628279601358e-05
2021-05-20,0.02079429893746182,0.0137257155922997,0.004901676923524499,0.015485986758748316,0.0158814295671923,0.038134392592024585,0.040553601408475165,0.0017802945788047931,-0.0017392419871342319,0.005803994854170524,0.008203336080959614,0.01019654008949072,-0.002102476897708898,0.0046006541396626565,0.018444592979843136,0.012271452974334242,0.02304299301603842,0.010963646704136928,0.028242057258965374,0.007254525512364383,0.008821765530530224,0.01230103498894048,0.007216104652529564,-0.0023763322969748263,0.0035168776105540616
2021-05-21,-0.014877152803873207,-0.00532910463198843,-0.013828021471269424,-0.005572723089255418,-0.007498026573363867,0.025622875497668268,-0.010105809239520404,0.0035162159433803426,0.011314177864479821,-0.0006434100170805857,0.0014564619818499302,0.0,0.0072903836176801415,-0.0004116293537836339,-0.00027183686127367626,0.006050905943200318,-0.007348933858625376,-0.005376887039974573,-0.0075633308479585055,-0.004246051732937966,-0.000549035552841988,-0.0008832667845110061,-0.007978781186404504,0.0013586065960673253,-0.004715629764418323
2021-05-24,0.013226328138724354,0.02262438064248098,0.0129993563234214,0.028748587363707882,0.026216372110760906,0.040539912136460306,0.04306162202970284,0.00689223206532101,0.005395451965314606,0.0038185317130564485,0.011182088999171703,-0.00028975510558555483,-0.0016533881907586083,-0.0029495757386351065,0.01291929190210819,0.01101789141524513,0.019799773116142144,0.019619308610195126,0.010012162869690122,-0.0035107164535587974,0.003290185565309562,0.005085834998174301,0.01814443313136738,0.011642805329988943,7.068597911328659e-05
2021-05-25,-0.0015747370049706668,0.003741168257841313,0.004323491452926749,0.0007747963795195279,0.009687121868500213,0.002287204752406444,-0.002889839951081735,-0.00877061305748891,-0.010387686526021737,-0.0027596220115842854,-0.0013091049766259797,0.0034009276848793886,0.005097046654600647,0.006048351155876261,-0.01395373354491959,0.010614078937492496,0.014458179673294531,0.00316698172801453,-0.0031068702799244433,-0.012130433273362405,-0.00018253130242326115,0.003038711019714413,-0.0014995386513576951,-0.022907546457434577,0.004083049913733062
2021-05-26,-0.0003940257902118766,-0.0009139983717704967,0.0018730010825371592,0.00735369195789946,-0.00039670486781223765,0.003333614877244783,0.023599290742317446,0.0004524545897614312,-0.0001235637124154714,-0.005956183935638366,-0.008550898842247443,-0.0022419087865506427,0.0003874228462150995,0.0018293030257246616,-0.012523048580104962,0.001701589363365096,0.0037547707663685573,0.008614087532767442,0.0020325042619418823,-0.010479303213968803,0.004370696767602153,0.0,-0.007531359557112006,0.011604278398747699,-0.0011952986121762659
2021-05-27,-0.012454225853850465,-0.008706291519373055,-0.010792589148289969,-0.007434172491843896,0.015414930620309405,-0.013595227932922076,0.018752900206065234,0.006832835519606842,0.01545181198187213,-0.0015392153765590656,-0.0009254641962744951,-0.02299635057709777,-0.0012351419332421504,0.004527731572787593,-0.0017939058333228141,0.014458142882988386,-0.017309411183428103,-0.01690461216679957,0.0029814878364418213,-0.006961582727130176,0.008324551973976975,-0.01214350171355932,0.00018880644027453254,-0.0064680500018836455,-0.0033819706930483607
2021-05-28,-0.005362318324471172,0.0014829048366601114,-0.002181807353604432,-0.002470632479702374,-0.012154835346897758,0.047688772474021264,-0.008964584890580543,0.0004838602948881085,-0.0006696035752457119,0.002603011274747786,0.0019377019353433987,-0.0009634510749566013,-0.0018916972783448566,0.0004388989094197344,-0.003930196613074906,-0.0021805739748870026,0.012564207886955284,0.05290834027687048,-0.002086153261865571,0.0020677715847883652,-0.003610935227910703,0.009712838419473114,-0.0003778981298005367,-0.003249703314274718,0.0023969971141378013
2021-06-01,-0.0026517420633323935,-0.009173481413789663,-0.0013723560569097765,0.010270114408627892,0.0012161446315205647,0.0012304995050728214,-0.002113500469111133,0.001381003869971943,0.010960458335206232,-0.02222423926309927,-0.0029519737364787383,-0.014716658895504005,-0.012703982731079349,-0.008185972679316849,-0.0021934246380370024,0.0010630234202098606,-0.01733190742270005,-0.00801186789953745,-0.007445907440873176,-0.00595632674988672,-0.00018075332702002558,-0.0020972257709258157,-0.005307212730649557,0.03517976793921235,-0.0026084873238360388
2021-06-02,0.00625630555266254,-0.0004040871610686621,0.004754641593085972,-0.00445718311661424,6.064694783017306e-05,0.031098382400395704,-0.030563287475861584,0.0006208142865835691,5.99529729060437e-05,0.004039561324135981,0.01328121779306291,0.0043555512351968004,-0.0021415209360137175,-0.0045551395073995145,0.019432554553181103,-0.01034183256741864,-0.00028237869151731765,-0.006711809346308021,0.0003205152726904716,0.007504323099070252,0.003971757880911008,0.0039885258604784824,0.006440811384626463,0.007907788927496431,-0.0021907495018495104
2021-06-03,-0.012228495051821163,-0.006450379196937004,-0.014633490299348802,-0.009753845581339704,-0.009493315083771445,0.011349087142701409,-0.05482031154624073,0.006701213206616125,0.0006622672105550841,-0.0009633211311972505,-0.006771937395242567,0.017749296627641093,0.00518546329868888,-0.00576327107116847,-0.013806191231785872,-0.004303082089289245,-0.005318948247913381,-0.01624224260695519,-0.019845472879128228,0.004629725228284527,0.0025193225021357206,0.0035613212198555813,0.0069621750662991685,0.0039305302824946455,0.0017670329755303871
2021-06-04,0.018843649379204037,0.02046383002354157,0.0060095641643640885,0.019400938183810147,0.013132586607454129,0.03523008565105416,0.04473860632554917,0.0018819414001347628,0.0016234809202595923,-0.00042161346034310884,0.008859827528997184,0.0007358574213523021,-0.005703098235699118,-0.0013495045901437193,0.01154111701887655,0.005319420046145833,0.022774700700780838,0.028358536923985003,0.010790887418943742,0.004608141903743401,0.010725914744650107,0.0011505308038769605,0.013780437601653019,0.004403532475990375,0.0017640019075202602
2021-06-07,7.931922124102194e-05,0.011970125500113164,-0.0025639767739557943,0.0036406404113832475,0.01868315528639613,0.0023153031560086273,0.010098272085864791,-0.010515914155980056,-0.00469723100466907,-0.006831650308331753,0.005114018865351518,0.003451060109612152,-0.013376807893721487,-0.0033815846193902574,-0.005314530869181957,-0.0010727236224705556,0.009803132275438772,0.002775332304080113,-0.00016170245187953393,-0.004095262786614837,-0.003562616391200514,-0.0006087741343386906,-0.0027783042919905052,-0.006530577191709186,-0.006719635929947709
2021-06-08,0.0066497086343335525,-0.004897560165172527,0.02045844509486988,-0.0016080517172448357,-0.00865338642348727,-0.009236810379797622,-0.0025481655598922595,-0.0009331687068590078,-0.003991951035697795,-0.008835453797744811,0.003150964435705877,-0.011649582832192513,0.0037158702089480035,0.003027896958530808,0.0032358035056785912,-0.003736118352369827,-0.000530081412891103,-0.0072489221448996605,-0.00459959667607433,-0.0035971878020337263,-0.006983555285297326,-0.009383924304278944,0.003887224369566909,0.01753560792884957,-0.007623155803109448
2021-06-09,0.003072542737782336,0.004030506723158361,0.005206770515708458,0.003952966147057705,-0.010332497337103645,-0.005443902370392069,-0.008000903407653626,-0.002111622643644743,-0.012563483402285518,0.013374891948707359,0.0011198854828275474,-0.0003707934723829609,-0.0015943186705446079,-0.011516601394314981,-0.005297947732326161,-0.001645982342404401,0.010704443429951763,-0.0013967334389351361,-0.013453425840690607,0.0244101347371101,-0.0030597154780903062,-0.0018465313597055884,-0.0020341912670840717,0.008334862319918507,-0.00537815900027813
2021-06-10,-0.008055643121063334,0.014290475494119211,0.020661910893956897,0.011228679569284446,0.006669570422045842,0.0038381425141556106,0.018761400839628444,-0.012798943562201542,-0.01571145024067968,0.008958052705583038,0.007034510756596427,0.007391722554272718,0.0009719348891897461,0.003151367062598913,0.0026665399774222095,0.0030061623008320218,0.03969293984841316,0.017217268514811215,0.0030007813190153073,0.021618373896326374,0.007720780889720626,0.010214848007548549,0.018524096855344844,0.001594809853644091,0.005735693997486949
2021-06-11,0.009784740279661731,0.002523877109672019,-0.0008421810689315857,-0.0020266225168107635,-0.003615854105074981,0.022710284164907914,-0.00037708912038201647,0.006681513060471122,-0.0006860988167174075,-0.012769760695395607,0.004308115532946543,-0.0068724317241919105,-0.009006864758450509,0.007947068444879501,0.0032884370697414743,0.00457694127167676,0.010661499004417919,0.0004993167043715721,0.0030736000394827336,-0.013113882687210402,0.004461519343893044,0.0006095123167718759,-0.004735813802147495,-0.009285853889195846,0.006200230903915819
2021-06-14,0.024280777654927206,0.007725215756299883,0.011006334685231454,0.007669548969287598,0.01649656083256147,0.010796584016575206,0.012708130416930218,-0.0115369334673085,-0.017114846746329963,0.002482176728828187,-0.003752394638322529,0.00037079369289257905,0.003186773335638251,-0.004676722949538986,0.002786775662350986,0.004499816231679625,0.02857571826984751,0.024458191067151715,0.022496033772418805,-0.013036307367806978,-0.0034142994994810563,0.0059404137670828975,-0.011015358901651506,-0.0016099934325617992,-0.0013508539543383238
2021-06-15,-0.006458487230389052,-0.005904485890262938,-0.00021872359760794925,-0.008414571699265166,-5.9548659537975564e-05,-0.012860764784394269,-0.03012429716067012,0.0014450234640463614,-0.01528380391406472,-0.005335766236899995,-0.004710398015281941,-0.0019288967031573987,0.002801612729648221,-0.009321510770318795,0.004355785144197485,-0.013105931439679861,-0.015361100252600965,-0.01505634184426117,-0.01611262659017585,-0.0010095047499552683,-0.0025235473062541576,6.739230480064431e-05,-0.00703988969773172,0.03576349121810666,-0.003991883719525901
2021-06-16,0.003926012135272925,-0.003800228041487484,0.009449397061352359,-0.005342917267976629,-0.01698078913292705,0.001221824276561276,0.009151155788618984,-0.002927493873547179,0.006999522641395939,-0.0003647324860404461,-0.014613833963912934,-0.013985441651566987,-0.007598478183667157,-0.012048436889700385,-0.011749648356304591,-0.006847013866929359,-0.009397489357793732,-0.0007835107753957923,0.0010363098441012336,-0.007352184074177716,-0.013444951215357107,-0.01001074736742662,-0.005966608975305416,-0.0035817602797574566,-0.020567055296123883
2021-06-17,0.012522006628994392,0.013583428464446823,0.02143330072900694,0.008007784343786422,0.01626812209541785,0.04646078764828518,0.0192069740346885,-0.015735401231229375,-0.02928536164214455,0.004793326693534169,0.011045019889626832,0.009071748609946946,0.00025172430865001965,0.0011223912548341867,0.009492739237747362,-5.7230537407631246e-05,0.014671025173290018,0.008380969888129738,0.01197084191769704,0.004569474802946369,0.005108718567294886,0.00960704006664321,-0.006379016956659423,-0.033471344830165194,0.004147337561620273
2021-06-18,-0.010142727091003204,-0.0056502491657336035,-0.000670883305820527,-0.013500118424866038,-0.020566129916855844,-0.000991842116498577,0.010823457790850165,-0.016825949412976736,-0.025628492788020416,-0.019805172380810875,-0.0075233544423345166,-0.014736275527237249,-0.016631693991729025,-0.0016840596468090108,0.0003536460322344117,-0.012850625574089428,0.025481554797083406,-0.0067732997526051475,0.004864339489666221,-0.01711595025320468,-0.021708302685088332,-0.021093639363959797,-0.02015267606826457,-0.025983968965050657,-0.018689464197935525
2021-06-21,0.01400499310875566,0.012259528521733563,-0.009491708765252797,0.01406673380389268,0.007946093003625547,-0.011412044766673134,-0.003986737073227676,0.011104361579341098,0.01682635904626058,0.01141730008163373,0.01682734409122144,0.007846281512086026,0.022098069426322194,0.01635549978043827,0.01531402860562278,0.008949449459666189,0.0031068726364287197,0.00697774851530977,-0.0075568656871418585,0.015595459334862288,0.010913056486613242,0.0078089207334993745,0.021093439508916657,0.03561646848977542,0.009058319326452261
2021-06-22,0.012618521768842204,0.010906064925352038,0.014794678093753032,0.004243311324114329,0.020080550918070865,0.0246298884952491,0.004628256702323586,-0.0006497695959300807,-0.001463480520000034,-0.0013435283655005028,0.0068473544068445875,0.00037552010430850347,0.0015563844389554413,0.016476105512568763,0.013180356051691123,-0.00270515949174654,0.014679798733254826,-0.005619286012298899,0.023504277382172367,0.00480811055605952,0.003672325514538055,0.0014999577044354402,0.0015029533450303173,0.018990820360903028,0.00460839870739687
2021-06-23,-0.0020919045390243585,-0.0009043045648105641,-0.00046229652298874693,-0.0016648167133256676,0.004590894347050185,0.008986807185219112,0.051343820984031875,-0.008194721864021282,0.006039914727561887,-0.006069121229743637,-0.005312255483911069,-0.0014281574382631877,-0.007881963038958086,-0.003331249348692431,-0.007700836447636344,0.010492262589954872,-0.0026261740253153065,-0.005237892727369451,0.007674541325381106,-0.0142387303950576,-0.00809705700455579,-0.013236234111870486,-0.009432109286539423,0.00734092155484446,-0.007839295364579297
2021-06-24,-0.002171079508845632,0.005338707036195795,-0.015746270765313524,0.003049411475928655,0.007575566511835555,0.0077490851094933885,0.03479874196476401,0.003017312409956557,0.00915590566615455,0.004539845202583559,0.006625533585943933,0.0006767807391067565,0.008332950665043762,0.0005451254270060329,-0.0010401322432637182,0.014720279553073168,0.006993632494926134,0.007948912891474728,0.010322200799853203,0.0035786728102706867,0.004976388268438453,0.005644929051705611,0.00037898410196631415,0.004037793295884735,0.006963030822768511
2021-06-25,-0.0022517015510092444,-0.0062814840292455725,-0.013902758645549816,6.951223294073489e-05,-0.0052880438906673785,-0.009127352236841992,-0.011763228305736152,0.01043580949401399,0.01004706856140139,0.00512864556566579,0.004561025029721877,0.014182556908293079,0.015128157577543938,0.0057239950347309065,0.012885263552644632,0.0023577994733964738,0.0024180670196665833,-0.007824848082625116,0.01724231998624523,-0.005372823288751343,-0.0012877267963667268,0.005066764278861482,0.005291000252875289,0.002167570516610383,0.011763339169555607
2021-06-28,0.012468417006048817,0.013864686824535233,0.012396928694551673,0.0002243904377903657,0.040952009599960475,0.048912704331819705,0.02476994196174637,-0.006378585429267221,0.001815607317523581,-0.0011577865408814825,-0.013703757263698737,0.0029604227927186016,-0.00865561145882073,0.0020701608767917427,-0.031931335182779325,-0.010030587669594004,0.01564486825483495,0.011101244305047685,0.011244353155344401,0.003585087745147179,-0.0011052028865293794,0.004294251182162913,-0.001886341854278534,-0.02584917009059372,-0.0031089324319701485
2021-06-29,0.011434215527992276,0.00992386888981355,0.0012332733462509843,-0.002152681265342781,-0.010600163426751043,0.002087079061538069,-0.011624991064809973,-0.0014471038785447612,-0.0012313427585023936,6.110964253504603e-05,0.007914138728435835,-0.0068221085911602366,-0.008404691703342085,0.012521397274244577,0.0008700095646805288,-0.015064534199942694,0.0033063693844012083,0.005057262584609715,0.0008813080439967542,-0.0005114223025754903,-0.007399182916922694,-0.0006802872608971865,-0.0009445069644508462,-0.006208744963183557,-0.005809926275592468
2021-06-30,0.004610687124909421,-0.0018443812905183123,-0.0023169853895690052,-0.0014978691804799923,-0.011949937149552283,-0.0012117166039342113,-0.0015582931945795787,0.006171935776359717,0.00904143837575191,0.004319197219434938,-0.009068296930266603,0.003935732640456366,0.005860804584415173,0.0020405266142938905,-0.00793921969842403,0.0105235061484525,-0.008687624729036284,-0.0062846376848242754,-0.009965126411183727,0.0015334829175992536,0.004630982338476265,0.008335811386931782,0.0016993046715618012,0.007319053159571212,0.02673357744780616
2021-07-01,0.0022607102461179598,0.0025810188126931337,-0.002092189192267082,0.0029036010248589426,0.019029124994219784,0.010419287374506696,-0.00262225819371756,0.008063258908930686,0.009852197132794834,0.007378241371604033,0.0056720129182223356,0.002294979291015511,0.011051339793965843,0.00827585965367635,0.015276270630739637,0.00844117216489522,-0.0015551225114909914,0.0029023846817454106,0.010040130487644036,0.01016276377402746,-0.0027761291048468057,0.00020252991750365927,0.00826753077030243,0.0028493583284123648,-0.012128237942831454
2021-07-02,0.019406865561294066,0.02203087092772633,0.02246941064938596,0.02271374145570381,0.0008742747104849366,0.013513986412117521,0.001444593124038416,-0.0037548303319081032,-0.0009610588861950151,0.018033730560615205,0.01469077100852016,0.0048682598406730605,0.010979582078818703,0.003601189349066916,0.011585890858378821,-0.0008465529126883918,0.014162279399135629,0.01305838916645262,0.0008243165693560475,0.004287821277620352,0.004068850230343869,0.00477949217098499,0.008817739858468567,-0.0014237003523550995,0.0056542405899953005
2021-07-06,0.014611358336341928,3.5769697321782046e-05,0.04585930904650017,0.007417166255481293,-0.005427669486549258,0.010270373342495968,-0.028870583198134143,-0.006469678899920873,-0.016934162292481944,-0.005995072468392813,0.004056638442783577,0.0005885891514994032,0.0021960260583730553,-0.010717413432241937,0.0029022667221511437,-0.019498965214928474,0.006437187850405952,0.0082254284164126,0.014243238372891159,-0.011136577647544768,-0.005552539036156591,0.0014761851676142054,-0.010515003654342627,-0.028908276850381033,-0.0012141608240729752
2021-07-07,0.01779587179074214,0.008142560115230965,0.0056535525885647525,0.00224796588623589,-0.006512419346631491,-0.01591195352546023,-0.02289574720602526,0.006899491645041869,0.001172730327563824,0.00853619888611944,0.0016682088406180587,0.007473067923958774,0.003406823529299219,0.013131454001964523,-0.005866250574594466,-0.005021374311299192,0.014750772238751167,-0.007258999582268853,-0.010542057212009905,0.0015257649548872155,0.008133221375635429,0.004415761833153018,0.0052711172669067064,-0.015766621092059403,-0.0016446485637639505
2021-07-08,-0.009242224027245142,-0.009007105015715276,0.009378115281815287,-0.011371107065053308,-0.013905453035499227,-0.02329083451345119,0.01257859403128338,-0.018578566553825934,-0.017404280259425284,-0.0019494677950238582,-0.014225818665618324,-0.00014617757527295337,-0.004162726767032484,-0.015389176426491001,-0.008848048334040168,-0.00011577348699759117,0.0002970862449915803,-0.010683255373367454,-0.009749598254125892,-0.0025445041062964473,-0.0035040347852455284,0.00046733800616664524,0.0,-0.004479285558762391,-0.0008594482728474852
2021-07-09,0.012970404190755036,0.0018724271175064356,-0.0032399471675578434,0.003787492113815141,0.013705791686811231,0.007383446543766279,0.006321812249024031,0.02304501331084469,0.031498017239824164,0.003954604465354047,0.00783037694206438,0.00036511932606903024,0.005255087221702891,0.011082813549294641,0.007400873911650082,0.02424070961877975,-0.002395824504926964,-0.0030150599085328675,0.009786893277408393,0.009130464260673597,0.006077993651774464,-0.0025387448598736496,0.008972278582625504,0.017962076268158815,0.0050735339905510065
2021-07-12,-0.004212728565340306,-0.002233008361899616,-0.00021237069203446337,0.011541029134286993,0.007788582477293446,0.022792905587615864,0.042832279170544656,-0.0013557080184230987,0.01421453079900081,-0.0015919795530879885,-0.0025194064264985223,0.00080237655408554,0.00949123208259436,-0.0010873846244893704,0.007000966505889356,0.04062325476398197,-0.007138716710308218,-0.00881209623463493,0.0024783514244878335,0.003779729651926072,0.00036715664459517064,0.00020057765247620538,-0.009535476461415412,-0.000980383408704469,-0.00178359445683515
2021-07-13,0.007858551452794191,0.013111580337856482,-0.011138754050319735,0.0028782323586675693,-0.0030343215884210137,-0.012879751056299436,-0.02534398967789286,-0.0032181746068357543,-0.014984996560924977,-0.0012397774731431,0.018658618860555844,-0.0012404977882316327,0.0059912272681768505,-0.014684290804814105,0.021468599811139247,-0.003967109833074229,0.007982049616582982,0.004559223083942481,0.006252430895811933,-0.0027702450551423687,0.009862933388246611,0.022813031918140336,0.0016891347815721916,-0.00475219159131496,0.0037774334555530794
2021-07-14,0.023814573939436506,0.005430606936585056,0.0011740849089997769,0.007007731167220969,-0.012747922658220398,-0.02037917122190608,-0.02293732311171139,-0.003228564700768451,-0.0034109247255249063,0.0067706817092059515,0.014907941157273771,0.007346975965246961,-0.009120797288949812,0.006821073988883877,0.01830916216861529,-0.0012531262779466733,0.0062941077089996725,-0.00653714717839776,0.013356387202149116,0.0075376423989357046,0.022287301597655032,0.010276446791312253,0.014338027492067308,-0.02242435232173949,0.00687595083197989
2021-07-15,-0.004502249740630054,-0.005252648530053539,-0.013806009042966375,-0.009653718460143082,-0.0091609214265638,-0.04511469583297002,-0.004263873629526309,0.00505351563864925,0.002189390019465427,-0.012101833108729088,0.010353272519378304,0.008515933380026562,0.012721881156825387,0.010873858104181778,-0.0014598677060100118,0.0039719047485394215,-0.004378664081792709,-0.020208627237340796,-0.009166807554222209,0.003498071578388867,0.0031942455922749297,0.004583920021287616,-0.008167770790913654,-0.009790749372830053,0.0007770798474696465
2021-07-16,-0.014175656276975326,-0.0009973594920221838,-0.015981254351190455,-0.00027562283969568044,-0.009626359985386164,-0.04338465269923631,-0.009854715165981626,-0.006527792414218867,-0.02310009345137649,-0.001604934515420078,-0.0017316248700616765,0.009653949138589012,-0.0008334634294299013,-0.003632123705355475,-0.00800148274425529,-0.02663446268572028,-0.00011549791167537115,0.0035713193385704545,-0.023555493099894312,0.0064643635825293155,-0.0007090117178016248,0.0036648053075415275,0.0009314689483357019,-0.028040007541775987,-0.000706121972463929
2021-07-19,-0.027283515695957963,-0.013410670639873262,-0.006749758546577603,-0.01901873954215875,-0.01241701270878433,0.03350295638581522,0.003099673103658058,-0.01903570359643438,-0.03305973856770611,-0.007283970304436208,-0.031566570353133254,-0.0004979726669468481,-0.025678317511829793,-0.008338578075576584,-0.057605218104258775,-0.03611360208517736,-0.006704470614202317,-0.0036975593478466378,0.003707970876788758,-0.004968660405360996,-0.011950639843034981,-0.000128525904561633,-0.01198972072847461,-0.03497295337871621,-0.0023339275111894367
2021-07-20,0.02564235556686013,0.008304505499065563,0.006626609097477396,0.01301113516641035,0.013881669285833812,-0.00897259604403262,0.021857165705963834,0.015394757118586507,0.018471334688716996,0.009363808502659525,0.009480353006488888,-0.005354860709125933,0.009512970692908183,0.020117892415073054,0.02416847948241192,0.02173385369452804,0.011017865677159743,0.01071904726201979,-0.0023135085680416998,0.022168158526401104,0.001792906518780785,0.00012852590456159714,0.009752458554397343,0.010960392890827949,0.004521430531297252
2021-07-21,-0.00514469642896894,0.00741916286191564,0.0033554749445127334,0.010557455769764596,0.013287134861509937,0.04198170117351339,-0.007919294852611359,0.010740589016171325,0.0208224743374924,0.006155269200246551,0.003947420716495492,-0.0035141702229536083,0.004035602402279388,0.0030994343853894763,0.01503117555594738,0.0007916822813148853,0.005798701106631647,0.008294984504206196,-0.033353028464006236,-0.0007307327184701143,0.012813764362038836,-0.0037291881826078893,0.005583676643764325,0.031659383727380544,-0.004946264922766318
2021-07-22,0.009582627869608226,0.01670369391908636,0.014628121323517897,0.006817105238530146,0.014223937718650256,0.009435145694170642,-0.00924460786068585,-0.007819519053415292,-0.012706373037913965,0.0028867483676594855,0.0019680442627133346,-0.003838580223700365,0.002721672158476274,0.000919212299103894,0.005510456092480684,-0.009999374329787265,0.018480359729401014,0.025165009775932362,-0.003627872698205831,0.010910461555031087,-0.001415454049385385,-0.0003222045520718061,0.012174857835843081,-0.01131716051287182,0.0007079858108871969
2021-07-23,0.011917931439100027,0.012261522811840354,0.005102345801164877,0.03514409241216427,0.051608049585235294,-0.001838866628205814,-0.009097683584931696,0.0028406787432367535,-0.0019231465649877611,0.010591881896175498,0.019791621506592916,0.014337913670832658,0.004631236008511038,0.018741691825156295,0.02863133355955853,0.0057505372290423,0.003505269425256253,-0.00012092390492924105,0.007087438555810639,0.005050800884083925,0.009516933861618398,0.012741371997640118,0.012571911370955407,-0.0012267648468043666,0.008177562972740342
2021-07-26,0.002890032017718797,-0.002142815862175461,0.011739458318775493,0.007639198648972105,0.007194262516917214,-0.013590469395463668,0.02189168871378688,0.001112518088570789,0.006682258733288059,0.0004656547212778024,0.004927017480166316,0.0034989535833994246,-0.01000926988358163,-0.00499987661081218,-0.001170273466280102,0.01465299258572652,-0.008133724795279016,-0.002621697391849692,0.002093186067573675,0.0031144746726823676,0.0008765734454576148,-0.0006995126383558523,0.004336212835588836,0.024932136533403742,0.0014032994355797639
2021-07-27,-0.015012322049109413,-0.008721564348401458,-0.02004647134574264,-0.01605731777783028,-0.012563167737633761,-0.004467435655859117,-0.019718078031379437,0.007076805094081042,-0.0013196989848797747,0.004585900358657147,0.002713535887715734,0.004055226097813458,0.0037653760783664765,-0.01190686500898822,-0.006461863674798177,0.00424311042822779,-0.004067472537026264,-0.016656601363191748,0.004674541767041259,0.006912155017963057,0.003499090589333199,0.00552319768126307,-0.0034312206876582403,-0.011177123114433916,7.007916344915108e-05
2021-07-28,-0.012271045042349991,-0.0011170700910329713,0.0010831503488784933,0.03130201049726336,0.014762364314425952,0.01524149519780581,0.0034062276545409947,-0.00959065700914575,0.001649408523979901,-0.002783660379666129,-0.016028668177999358,-0.014949695866807918,-0.014388761740314896,-0.005330964734663838,-0.017655649095918418,-0.0022308752025918693,0.00426074496622462,0.001846237165663877,0.000751321351160075,0.03156305363395481,-0.00912273205614092,-0.009223216903991959,-0.009268520899474334,0.006721519931099896,-0.004074531162735734
2021-07-29,0.004541964401268034,0.0009771999839536536,-0.00840919910387896,-0.0023281806661001486,-0.04090233802546815,0.008119708341449273,0.04587275846182932,0.0059513444751559666,0.008533049500901372,0.0,0.00396088118623076,0.0051755668490548815,0.007086823380187977,0.005850442571051141,0.013907783005253692,-0.00419638545374018,0.001255459275394821,0.0003278676175198565,-0.009772243029846856,-0.006289946389363737,0.005448496076045924,0.0020427908914121867,0.005462291781720973,0.01212117394651375,0.0012664141526735474
2021-07-30,0.0015093438701599669,-0.005565021762602402,-0.07866330887549154,-0.007770636036975129,-0.005653458063239963,-0.00832459477577268,0.014437208664382839,-0.005268361517914619,-0.008005853666187338,0.00011581533450563305,-0.006190437636434675,0.01952430321835224,0.0003396661900112843,0.0023181672589805227,-0.007409088195021583,-0.013150405697237605,-0.0001126126182598204,-0.008683709243924118,0.006435267405693039,0.0004671772168060945,-0.0003506139998852679,0.0008924175216066695,0.00543277504126153,-0.023348648432061483,0.002176971442013029
2021-08-02,-0.002333544473431633,-0.0003156728123209794,0.0011683541547145397,0.0009497535903226176,-0.012283872476319622,0.012790256905999787,0.03217472594711166,-0.0005391294281953836,-0.0040268632065268576,0.0004065658513724044,-0.027193671817018386,-0.0024640582921027104,0.008093972428887711,-0.002959877401266885,-0.028062848642095645,-0.002673700865364177,-0.004643754409054152,-0.0044325192981705735,-0.0046866725597541035,0.02650861625785124,-0.0026335693700299044,-0.004022052365177493,0.0014440475589262004,0.00017368494401627987,-0.002317700070711214
2021-08-03,0.012564829300482234,0.008042562639144693,0.010379692962522098,0.00573399230028687,-0.0020194458834275186,0.0032856547175552486,9.862134908657855e-05,0.013072919430349736,0.011313604174306257,0.012231397934352342,-0.011282080209970222,0.014484329299034452,0.015117124090156074,0.014321666571748696,-0.02062355208272425,-0.014690101858916012,0.004080599256126545,0.0011203750891397536,-0.008440816545190482,0.03837999033016789,0.0007027988983944084,0.0022365331170593277,0.014324134610656725,0.010709974352848695,0.011187536052771702
2021-08-04,-0.0027861288980319185,-0.0021264280235058696,-0.003428109147843768,-0.003726740128282819,0.021629967126878955,0.022900221360521326,0.001661168327351945,-0.010774620223504422,-0.010851031429398353,-0.0059239794019898,-0.001773121396624288,-0.010615235299005904,-0.0008536181392363181,-0.004922898535456169,0.0011147044736881406,-0.0023728423450720547,0.007057133448315501,0.012528448797778037,0.012702347850761473,-0.010784739643250317,-0.01451087415901064,-0.016864425551395768,-0.01000556033531889,-0.023644920077086653,-0.00683754083630844
2021-08-05,0.0007482291347216064,0.01045055167556059,0.006320347457217287,0.008298508293540282,0.01122057174511317,0.017746155621096917,0.005205072568156722,0.005116355642080357,0.012550113869232007,0.0019016860408508736,0.01484667235166893,0.0004913327379719477,-0.024859371955110957,0.00844132104407149,0.010622381310207233,0.02364895211486893,0.010176948864604875,0.025833665633776256,0.014469046747038198,-0.0028807811614682184,0.007104635131457269,0.0016860919228385012,0.0012563501524531433,0.006313618294739922,0.018382175517122415
2021-08-06,-0.004778365177099895,-0.00020748828924718602,-0.009239891315900388,-0.003772385948730651,0.001486456271744955,-0.013218707423991744,-0.021971130346089583,0.019157992495508275,0.02800761535226247,-0.003344979669552391,0.00494180308473793,-0.007678389155744459,0.009512286481072439,-0.009865163300930808,0.006939372689503858,0.0023740584671619472,-0.0011080877376153737,0.00011974735176783512,-0.00830273581232432,0.0002219016274729456,0.0024750012274837997,0.00012988149678644245,-0.003053339446471652,0.011472377248960709,-0.0017885715129062505
2021-08-09,-0.00034221763558497535,-0.003911191076989639,-0.0009181548153357011,0.00861577737668002,-0.005240403155988007,-0.0034923525407112256,0.02075293960905606,0.0055860427319865584,-0.001079807541811985,0.003460089805197336,-0.005816159408723804,0.005430150293349661,-0.010290666794678806,-0.0032796297193113167,-0.010332802761848555,-0.0023174066938867217,-0.0034269972005866412,-0.005080898416440623,-0.0011148014866515495,0.019989676302038555,0.00017641310315677175,0.00012963540433244224,-0.0021609577760956615,-0.011472377248960856,0.0024070507772382174
2021-08-10,-0.0033594516767514937,-0.006576434159935315,-0.006361004973165342,-0.000774528506575292,-0.0013281789523637668,-0.01784729148053555,-0.005295892009324611,0.0059357357581789295,0.012192194803387915,0.00034545191096668927,-0.008074362675570362,0.0006327450134058191,0.002212339858447832,0.008239227365650519,-0.007691148969398181,0.001978587759468303,-0.011958927301402932,-0.024072158992845084,-0.007974516517778422,0.04694489722125899,0.0026444802853656797,0.0005179154158248979,0.0025205983422234173,0.01698760315132422,0.021070710324969932
2021-08-11,0.001783868857061487,0.0017790180229717949,-0.008640868502137664,-0.00386676464379424,-0.003245257126577246,-0.011959242437155836,-0.003061037245157465,0.008065937125592339,0.011859702484991207,0.00017253050187619428,-0.012723958679890122,0.0024571914313654395,-0.009859508074923706,0.01651537487186926,-0.009834916640751411,0.005743928776149028,0.006876356860030337,-0.00457098766987269,-0.006691029999354331,-0.039793394532319844,-0.001233287710693437,0.003942249093295897,0.004485371116717542,0.0029176018567226556,0.008905407456016302
2021-08-12,0.02056051441227633,0.00991730898298488,0.0034538388189029033,0.006691626072416563,0.00744521863810364,0.010403419650612672,0.020181504916966016,-0.0035768663963064657,0.0039015764359659,0.008022714139310579,-0.012646829405382162,0.0023111274442668005,-0.004375320557855127,-0.008881802745328252,-0.006224210381191171,0.006715495375087146,0.013202474027495739,0.02490593933084154,-0.003284135445006786,0.01988306266529765,0.0019372308031275793,0.00019372758516641723,0.009443305399997283,-0.002264034038318572,-0.0026796540028257315
2021-08-13,0.0014093850044048126,0.010434999660548824,-0.0028889970825907705,0.003881016866888889,0.0014604979415901184,0.01411717873315699,-0.0070584091033222005,-0.008129619665840873,-0.01125042073855862,0.005975399168363501,0.0037034395497930485,0.004815111546473983,0.009097548121819767,-0.008116156952103028,0.0021252699172037044,0.009934279019560635,0.004655375463714525,0.01268155260625791,0.01013022903053968,0.025910439145497306,0.006837868970186568,0.00930705516691283,0.001417636027861063,-0.010164750723764259,0.0031480102279356223
2021-08-16,0.013457135933326397,0.005958182566706001,0.0015227871766333222,0.004216576811233555,0.009263601572887501,-0.011859379845077907,-0.04418754471286682,0.005404099084000506,-0.006585019386867741,0.00898073623919029,0.011581078040662541,0.006937826657006322,0.018237576833143,0.011194750307354338,0.002230303854258507,-0.011050270311001467,-0.0005807261174584472,-0.009425737397618181,0.0038690902774586727,0.00883052843302295,0.004358880134557378,0.009727841794420983,-0.003370279625188926,-0.014728295818810584,0.008125760168253822
2021-08-17,-0.006173014271851464,-0.005173165775468939,-0.017438191452478862,-0.011986639182959532,-0.02237310265761022,-0.024970928424860008,-0.03027123516946714,-0.0012099425637813995,-0.012154180887857241,0.009124032719639434,-0.0035326230229498806,0.0016581688045401606,0.01089422344240077,-0.04361743414003617,-0.0009081123305069206,-0.01837086505950873,-0.003034701267240789,-0.008908004332356154,0.0019096487332556328,0.030405841882375426,-0.0034855981392399277,-0.0009497258060251129,-0.004808923921268266,-0.006816185302055516,-0.0003317411345404736
2021-08-18,-0.025831938132114568,-0.006137968040041483,-0.012646113476257194,-0.00891187613838,-0.008404453137535553,-0.02171631660319732,0.03437259258571844,-0.009522960760366524,-0.009149587667402707,-0.012785651370054796,-0.01244229874705579,-0.010965770347319706,-0.010630410233324157,0.002491005579400177,-0.006296951004707193,-0.006218578970253304,-0.013061083837685783,0.016981189481765305,0.005688084608073018,-0.022260722730143706,-0.013710988673944217,-0.010312799242073567,-0.01547340726282874,-0.021283353101635327,-0.010673838135133538
2021-08-19,0.0023202132372964267,0.02056234742447705,-0.004216696494284563,0.0017040180523987519,-0.0009288974318569211,0.0390388934183998,-0.022783267048393844,-0.004304475630053052,-0.008390838961811602,0.0077583515109031975,-0.00025893929435986875,0.011724460429597862,0.02501291605956856,0.0041897116154498235,-0.01013565423373226,-0.008563518765504855,0.017225505477574447,0.007337122273806278,0.04099746674667654,-0.010396778207976201,0.0063516235158683175,0.016688897461821985,0.03772005703423202,-0.030995777801368658,0.006751007415129014
2021-08-20,0.010105694724250385,0.025254075695057318,0.0038198497898503034,0.012811843163612925,0.011896854886769427,0.05014115349391727,0.010031571629142592,0.0004908279634207543,0.0028481702206819143,0.004860123261306143,-0.0009073958700504671,0.0006895104624412052,0.004244055577680579,0.019444161171061836,-0.006514054185287712,0.010735843344128032,0.015066516458409502,0.012019027755951433,0.0058134081744118495,-0.0016403929129412322,-0.0038766222883846683,-0.003530069333445162,0.016452179320369537,0.0001897755716050868,0.008887268991815278
2021-08-23,0.010204989674897818,0.0009524714586037942,0.02039103748353467,0.018827657124323785,0.011014043644586356,0.053409308153384114,0.03756503320848795,0.001226177221874501,0.012715893965462802,-0.004326033109974192,0.011944127852642122,-0.005113396911411625,-0.010174537685664247,-0.004566486689580896,0.0168157505301149,0.014400196419484923,0.014599183397740639,0.01699461164442282,0.011725176972153023,0.02453228813677502,-0.0035373049153215146,-0.003162916772049803,0.005481299087784719,0.04032121878043322,-0.006624796737948206
2021-08-24,-0.0006015266855156665,-0.0066858025344714005,0.012146253464241655,0.008673919335746454,0.005927016440941549,-0.007542475910531515,0.0030958501857263057,0.001399461104438192,0.006171069270686177,-0.012578012668055484,0.000427152205298952,-0.00813845631193514,-0.004594743383176194,-0.00870301747775932,0.0021309745457423956,0.004548923953875257,0.0005783500501707192,-0.0033067612587688562,0.00014455825569486034,-0.03153560015589086,-0.007648015353387114,-0.012494238500934686,0.013236269233856525,0.008161862070399978,-0.010355888348741335
2021-08-25,-0.008456851840780407,-0.0020177392051989335,-0.0019985098458953207,0.005770620529284477,0.00784868587587849,0.019088653692163973,0.0038177489873267093,0.00446522346270649,0.020403193058226337,-0.006635942399878892,-0.007068837199534652,-0.003568098521523481,-0.008705837284858126,-0.0031442050730533253,-0.007435585673205013,-0.0008969543683898917,-0.0006696941724886326,0.004572422047629011,-0.010590570984009824,-0.018146382033416272,0.001070690108435543,-0.0044363597997842475,0.0005055399007404574,0.0018047628913556294,0.0004029362844634036
2021-08-26,-0.005542477946928949,-0.009715670689924162,0.005085305152845157,-0.004504136670983925,-0.010945085236094457,-0.006548934696861701,-0.014217568331421088,-0.007090861789019243,0.0051444134964524334,-0.0053521425339927734,-0.0089397346597537,-0.0017538877831470043,-0.006908725741932582,-0.007437825630007963,-0.01752917846708342,-0.009862907864644744,-0.006736974489343048,0.02625774009042639,0.004627895959014999,-0.0027402182023808733,-0.009497556104876702,-0.003679130185756293,-0.0025306282403409364,-0.013615503268238925,-0.01086710995453679
2021-08-27,0.0071587903454765935,0.0021043063842161786,0.010090674197310714,0.01796200800630793,0.022388686846160112,0.025413051493623818,0.015229452832627683,0.004651474982930333,0.00800508843464535,-0.002137098347733206,0.009369461343439932,-0.0007725676171466664,0.004571484830220821,0.005892984390827323,0.008100427612178997,0.02007357699765827,0.009352357375871128,-0.004716250695712049,0.015869864527895877,-0.01659944796428337,0.001978855004078958,0.0020027154147685584,-0.00304515753918844,0.01918955358359064,-0.00564886265993358
2021-08-30,0.02996382583857858,0.012829159069176019,0.021249618004886027,0.0040643415162676215,0.02132068087860933,0.002294534786123259,0.026324794631827943,-0.003285231436056605,-0.016136898684995352,0.004212362644448502,-0.006294137895692394,0.004347099229544042,-0.0010992369452511187,0.011437525883117878,-0.007562435711935637,-0.0008886354783404551,0.011279718310194385,-0.005870260116646048,0.012905729749881684,0.0034273885270637554,0.009478634445940616,0.006818034057948611,0.0018622981633674208,-0.010998139987275541,0.008021422801519879
2021-08-31,-0.008460305979092936,-0.005648666905471466,0.014282714711431693,0.000739761162686952,-0.003368291026053166,-0.013268703316460502,0.0065592749200010505,0.00038494777778706664,-0.0030588764969695058,-0.0030565069677090987,-0.00925442054107005,-0.0037850187524313727,-0.0048648004797292475,-0.002816404041005063,-0.019506182411058275,0.007307454438153525,-0.0034443822050546904,0.0011313107602713807,0.005302225639933846,-0.014865841659533086,0.0023114000059545688,0.00249645487595841,-0.0018622981633675526,-0.011670322769236631,0.002704376739560076
2021-09-01,0.004468644110918139,-0.00016566457473029687,0.0023626160329893353,0.0035735565830577274,0.007013122764132416,0.0024985349100946665,-0.002217981262751364,-0.00178617370269245,-0.0014389113113938725,0.003517225753116777,0.004442532845632494,0.010131444256390234,0.002591102263784038,-0.0027462094190877796,0.009600393843279915,0.011952431098200109,0.0032942551879677926,0.011432204425227263,0.022376452970619427,-0.000651499128328438,0.006725671407818621,0.009672822363867305,0.00033889137974627004,-0.01385196979272811,-0.0021629652335663787
2021-09-02,0.007446811451794046,-0.0022555147904604386,-0.004574927931495782,-0.013369217304042821,-0.01787907411694405,-0.002007425973621275,-0.00231847373209337,-0.0007365186759809822,0.004622566180731868,0.0068257917467450455,-0.0261518192163815,0.0007646523933116845,0.015124284572961683,0.012588641381365668,-0.024000676352184818,-0.008868369462072487,-0.0018789510048359416,-0.015663240719578083,0.011071149084533816,0.017226845153862507,0.0014102747879963715,0.0007330720986509717,0.008265072231778726,0.024071162900813084,0.005264069525880116
2021-09-03,0.004221734957990312,-3.281140070269911e-05,0.004301820154126882,0.0031529198482814643,0.0026080944241937518,0.019762410701295183,0.0016098361025145228,-0.011147584769655751,-0.006063443005872945,0.0006285635922217784,0.004139897918831246,0.0006946695649300994,-0.0020081772247436897,0.00790195440925714,-0.003081335910649025,-0.00474019539198267,0.002929641821397045,0.011031343706864361,0.003358585441308119,0.0,-0.0007050437088104315,0.0008914823192213927,-0.0018494060365125107,-0.0038202150260502102,0.004634105447978148
2021-09-07,0.01537056745193417,-0.003192897951809974,0.008941925919554996,0.003756758416215621,0.015611298362449151,-0.007954964531296991,0.026035942688487673,-0.010663703134559551,-0.001757228003848615,-0.01566106567177191,0.00514003835654486,-0.003755593532323405,-0.0038385575588319185,-0.004216848239086135,0.013081519430806836,0.018284839501288275,-0.007831501411055984,-0.007026210329040233,0.027030478542334643,-0.0019231796134307822,-0.018861630039693357,-0.016430577611616887,-0.00912935034075339,-0.005848771831296558,-0.013355138515099412
2021-09-08,-0.010135102433661718,9.958967794986224e-05,0.004608538783881409,-0.00409418410975874,-0.012135697487280083,-0.014355499538174277,0.0012609548743898497,0.001576392018562177,-0.0044695102683785844,-0.0024403635022785873,0.012385802045570918,0.007566274756221599,-0.01398492833993132,0.00796317772453733,0.018196707620510306,0.004384528473012379,0.0027630128703814366,-0.009814063842525363,-0.00108845770102287,-0.005147220334962974,0.013382393256378433,0.014072301195056083,-0.0034026614103188834,-0.009208258261937767,0.0012892274834523617
2021-09-09,-0.006727354099134007,-0.009908553615372039,-0.011795296134862758,-0.001044364365624768,0.0011381705993125078,-0.007278530129927719,0.001312369553312357,-0.0026167628885907664,0.004343968436534628,-0.02253228068544638,-0.0070088822100724596,-0.004227413091913944,-0.0020241485289392283,0.0005733895546640869,0.0010536754906803742,0.004096427458315006,-0.0023246716936007115,-0.007184203071665371,-0.014141229123511956,-0.010373775536003467,-0.00997528326354997,-0.006336934810036093,-0.001364134060334027,0.0007395303166565141,-0.007077689306309457
2021-09-10,-0.03366204357981544,-0.005194214799715616,-0.004317307606338972,-0.01874055381494134,0.001823743255816645,0.013481442281977932,-0.024935356375548032,-0.0036316512597935474,-0.011562662028085655,-0.006566586992459921,-0.011405765851912029,0.0009719052042191309,-0.022497410323703386,0.0005420097256306352,-0.011505686066131955,-0.009675013963007469,-0.004149557292972277,-0.013669771790153882,0.0019728163704873713,-0.00960474977261642,-0.004485418226880781,-0.001735041633313128,-0.012190048915221446,-0.0020356490809548323,-0.0036262303439638815
2021-09-13,0.003885854589050905,0.004319222598194677,-0.0034592661286029646,0.010285718670188192,-0.005773318726227266,-0.01460941114545469,0.009099139444443169,0.008322645409954336,0.015762503257571333,-0.007031638349899226,-0.0012458280441042088,0.010696459838950996,0.02592908468497634,0.010488813434612719,0.0012371698486591102,0.0046599725503910045,-0.021149601281240098,-0.01208686131854084,-0.01587563369560123,-0.0224029465352224,0.008237702435643523,0.0019277260779346232,0.0036208499451838025,0.02542441895312274,-0.005705722061349028
2021-09-14,-0.009608190089889465,0.009383738816549901,-0.0020761346389200496,0.0014882817190027598,5.309702273178092e-05,0.004054661389072641,0.002003341828722264,-0.009764584676674853,-0.017606884840227766,-0.006049764742254567,-0.007148259139939379,-0.0017175001184102933,-0.004788267629587795,-0.0069703314296881945,-0.005824531967123358,-0.014045574050608639,-0.0002170500484867669,0.0010227281092623156,-0.019759862482951782,0.002911430492196678,0.0007185870938313909,-0.003924289548784716,-0.003966474656600111,-0.014370466986857233,-0.0052527923832311136
2021-09-15,0.0061248985574115814,0.016639289717611114,0.007447589064120205,0.013137405438436733,-0.00695572652301633,0.004441160857544053,0.015117058319369686,0.003529048497264163,0.006915613679593811,0.0037549179244477553,0.003491156379871836,-0.00213394267791219,0.011999389474502147,0.0007504364882188388,-0.0030411794787961626,0.010959322928690505,0.024609051432198745,0.007012405735808195,0.008805581024871863,0.0013415110581885877,0.003405942533463953,0.0055923677058621005,-0.005371262171098881,0.033156076378931275,0.001730725163551402
2021-09-16,-0.0016114353921205837,0.0013113567224037627,0.003575505609499879,-0.005690152526755805,-0.0023026836320097304,-0.004441160857544181,0.0015335851645735571,-0.002411356086505088,-0.00044265582893583807,-0.0012094460903494838,0.0023209192755411666,-0.006983691855940751,-0.0016299683498351104,0.009018101120740824,0.0045148587155395895,-0.00581908969456107,0.0060775313622704755,0.016263006787965897,0.006208538653637791,-0.006723787562435426,-0.009529903803571526,-0.0029529288312694995,-0.004003760609387455,-0.010691280421058609,0.003315411871348353
2021-09-17,-0.018518495528926687,-0.01768415208295833,-0.007400637151307249,-0.019760999692166225,-0.02260947712733676,-0.015495736679501809,0.0032970919669145526,-0.0027062638472697235,-0.0025968434565432196,-0.0028487807001378097,-0.011567788113119442,0.0015944655029845115,0.007933131142420275,-0.0021425570921997437,-0.009487186773878064,0.0007087574156637799,-0.016111421123247555,0.0006524962193991537,0.004847563864148103,-0.013128296538513226,-0.01657752265239429,-0.009235161862043147,-0.008408067104224851,-0.011894254379403349,-0.0020707496532697406
2021-09-20,-0.0215924998134764,-0.018749167062995887,-0.03132736193754281,-0.014886538047177388,-0.025042262109715,-0.03659765373491949,-0.03936976129858423,-0.009292928269219323,-0.030391174713487346,-0.00572213023730034,-0.007695716452443402,-0.010096891552295892,-0.01791453782808229,-0.01337619743713959,-0.009813693801828907,-0.0268465151705281,-0.020359258919078894,-0.008905803399363562,-0.023902683300915537,0.007038174360805109,-0.00700440722804679,-0.0033794995531873017,-0.01703045804180802,-0.027011380734884217,-0.013845053187404586
2021-09-21,0.003422188650259738,0.0016975165376838172,-0.0036122637458179565,0.0022575038490331655,0.004991920022447582,0.006279839568525565,0.012534643183807646,-0.003726919883143722,0.00013076730831428388,0.004385696460323382,0.0005451276492794562,0.0015387562512889543,-0.000872803986650212,0.0090470345983784,-0.006823524555703238,-0.042547296492010465,0.007147494881269719,-0.0009687594312076327,-0.003987574080729164,-0.0063549904961601525,-0.00018509472723298866,-0.0004557972824430264,-0.011336374000337988,-0.0009316819404140681,0.0019596511162194015
2021-09-22,0.01673146414938063,0.012740692953063194,0.010833453848678572,0.008953951575552494,-0.04073704581493487,0.03218834411643098,0.01684451236014587,0.0032526831726988684,0.01897156611980797,-0.0036534806273414355,0.011650106749799206,0.0034182804190021595,-0.008866792519187825,0.005103162231673759,0.017715087481281793,0.014384394259676782,-0.031151047566555696,0.004641079764919241,0.030093601551300843,0.0006831547928422533,0.001478913102112782,0.003056521940605718,0.004694088190914931,0.028849082566802835,-0.0023099264846011785
2021-09-23,0.006696622954505684,0.003276799245206408,0.010579777062858911,0.006625218082329625,0.007980625467238104,0.024357830536013817,0.002258262820491851,0.014669082737839756,0.03324296737215592,0.005657093575831706,0.0246543051666679,0.004100212160890069,-0.0016406593509574264,-5.9337382314297046e-05,0.030569647894536797,0.014861640686998922,0.007574121431639602,0.06963288808157761,0.004409152930657919,0.005445565811519349,-0.0016641228046124492,0.0007787748950245115,0.020854682151521305,0.033309837930339446,0.0005604156979434926
2021-09-24,0.0006131657517845159,-0.0007013888251042418,0.0027829969154169873,0.007049387401668828,0.020031750771468224,-0.01799739491490678,0.027160841972020323,-0.0008992968263448326,0.011473898449882277,-0.003037291623072816,0.014264118906697902,-0.004448365149845662,-0.0023311824680174783,0.004692413321002873,0.011485066690248133,-0.001419442878083681,-0.012971351057848352,0.027580164555834914,-0.0014675800980074487,-0.0056733415864454635,-0.0027794370717614905,0.00045416685183782097,0.0007053565926906808,0.008895058477223602,0.002797800799329311
2021-09-27,-0.010606238715209304,-0.017455459535852917,-0.005773469524888403,-0.008069532214657489,0.001754860378899684,-0.01925056632220454,0.021677401377557137,0.006635746351707529,0.02387834671437205,-0.007266781512805288,-0.008629801656616953,-0.013253818255212386,-0.004456256369444461,0.011548324909430535,-0.0038884802588771777,0.012759105380994604,-0.031086355910009647,-0.02105133323201515,0.0004219560111986972,-0.008456113749942153,-0.005209395552757188,-0.009644364915956945,-0.009030547357531192,0.029260584342675915,-0.006446811581575703
2021-09-28,-0.024089101805788125,-0.03687503876513558,-0.026732621677354657,-0.037866447880703286,-0.03725410203755688,-0.04538187347922969,-0.017592195347548873,-0.010529980404904122,-0.005404661144971328,-0.0022086148543484932,-0.01775247701616306,-0.007582052417158297,-0.016544762025970952,-0.022542167873020283,-0.01579215586008164,-0.021203600719056196,-0.042089404437554045,-0.026815070010320026,-0.014943059214404348,-0.012238695544974677,-0.018259314888064083,-0.01099502397196574,-0.01252949138668074,0.010400882166132724,-0.012378486818253629
2021-09-29,0.0064619354035729435,0.001691528454946189,-0.004485396155336227,-0.010929523595817899,-0.0030577136763309904,-0.008831383903919287,0.0048111864344248965,0.0018047939658469418,-0.0007829906753786722,0.007404298824651825,0.004953081124057457,0.010120085785782844,0.004480635145899961,0.009333083412096715,0.005706857965601979,-0.010599281446714397,-0.0018504718672927851,-0.006558953820652767,0.02571765872389875,0.011320321777583338,0.006060613347365006,0.008241025984616387,-0.0007206559911284826,-0.0006677023440012868,-0.0004271173092604315
2021-09-30,-0.009355077853194662,-0.007350935791152558,-0.004882981617736262,-0.005055576298272412,-0.000648027364666176,0.00965288770628418,-0.0074897880450971975,-0.015811921005813145,-0.013711915674013319,-0.01548320288930218,-0.017489226524643315,-0.015754829146207783,-0.02444670846093741,-0.02606902583833646,-0.015723508767616245,-0.020535962127105938,-0.003433343410516629,0.002658476887719654,0.01865445494240039,-0.01201781382225756,-0.009295293247174487,-0.012487427740712737,-0.019107175655606858,-0.017860827195795667,-0.007576469369349628
2021-10-01,0.008094205535687111,0.025149289410448073,-0.0005420246980202862,0.021220677572829867,0.010609754204751765,0.0012539373902638086,-0.00033534501293734615,0.01009755793411674,0.020797322425536453,-0.006398260793981643,0.03402725160955466,-0.0015753405918319083,0.0043156882584810445,0.004862143156558085,0.035321381017475076,0.0396365304827503,0.0030350617543959623,0.014785662660685558,0.004593396370956901,-0.0018617637263629544,0.01042768835064667,0.003583859797924455,0.012959945571679973,0.035243776619578594,-0.016858041863059812
2021-10-04,-0.024913751804409794,-0.020937362111969973,-0.02888485808454832,-0.021343947627116104,-0.05015687774028073,-0.04991877542233962,0.008106673348889567,-0.007536130264350197,-0.0010774645413420398,-0.007819673182120375,-0.02517777650740519,-0.0056757571594480034,-0.013907597338878962,-0.010330195041105564,-0.04538093878270474,-0.01459371156536312,-0.033419746501260075,-0.016114131990747915,-0.016112137465183068,-0.011950927716908573,-0.0005657080295236563,-0.004980883655245244,-0.009908478612727083,0.012882409087368693,-0.00967837066862979
2021-10-05,0.014059119623943557,0.01976047119180318,0.009739950346903852,0.017528394981403416,0.020419566197632723,0.03578992138310631,-0.0012035741082394261,0.015987482306703396,0.016198188853186482,0.002258248119489045,-0.002004369133960417,0.0038834394268325474,0.016452405769680628,0.009177787149025441,-0.0028805009117457495,0.006607854527266082,0.014593388955888745,0.0033542178121347185,0.050828281311427366,-0.0023602740644631166,0.0016967400960949005,0.005907900897277993,0.008446701230293266,-0.0016214921480900504,0.00653580912061966
2021-10-06,0.006287436465515237,0.0149522172841969,0.012651646071788683,0.011272640948235893,0.002040412978040772,0.01210189107575681,0.002763320999873195,0.0077741035680329576,0.00213236120121044,0.0020658074925134673,0.009893824478263353,0.01326114712814562,0.002082288021278019,0.0026671213715207197,0.015840998250360668,0.004970115454914228,0.006349983642692472,0.012796249697649987,0.0067352086117230025,-0.007113746623135259,0.01179887223318683,0.02529164851790828,-0.013808488565583806,-0.018508493509666265,0.007292895076522689
2021-10-07,0.009043335181340645,0.005918908656919967,0.012315060502089633,0.011994686638253618,-0.013336548276095532,0.017953873937485133,0.01377889392912291,0.009695233431223676,0.006310582731711924,0.008902772532223003,0.01767888339585096,0.007971569470396334,0.02616059568096912,0.02132339764214503,0.016122178537904652,0.012628035986657718,0.015053360150994819,-0.0025099149923294,-0.01140888832955656,0.01698931804946473,0.003160118989119454,0.00918547079713573,0.01982463588263202,0.0028064856802425494,0.011702947806667998
2021-10-08,-0.0027253508664518873,0.0,-0.004190573462060326,0.004017905257737171,0.0025177822715535475,-0.011645388853106498,-0.010284539562274665,0.004196879266981135,0.0007640904814286189,-0.0025444171460770617,-0.0012151953027082516,-0.004154198936519279,0.009248180517038466,-0.00934771087186139,0.0029622047912433954,-0.005473252958247579,-0.0036338511510078672,-0.007677312326218394,0.00128108876927588,-0.006808220860342934,0.00444462496514685,-0.0023043191444388424,0.0010897233348560599,0.02474881469595704,0.0030117791566791315
2021-10-11,-0.0006299833234905462,-0.0021050866920369906,-0.012952121105274618,-0.006254129174268469,-0.014035024389577112,-0.006549883779504596,0.008177997401230774,-0.011361624088520334,-0.021256022249763057,-0.0042343000193104255,-0.022663529184611706,0.004154198936519261,-0.008531693527864787,0.007835300914575996,-0.022248190294399457,-0.01838688388358686,-0.006591691275949753,0.004650039220953893,-0.00892282313164732,-0.009229965735723667,0.002030244878955763,0.0013448594974554567,-0.0027267752387553,-0.010021023986557223,-0.0009314533521467711
2021-10-12,-0.009144492028367767,-0.004598879856335804,0.0003172241904451794,-0.017904116053920047,-0.00517558553099152,-0.0011604317679094636,0.01725061613832015,-0.008256673155911482,-0.00771066155213153,-0.016103959753116657,-0.004719870143755477,-0.0014764684920475512,-0.004330382796272571,0.002459903398723093,-0.005227258358950045,-0.0022500199622195443,0.013209169755359174,0.018996518631165523,-0.0033546747502365797,-0.005005256795270628,0.0,0.004406628597937594,-0.011904147179458341,-0.005211866022710404,-0.0010755652766529318
2021-10-13,-0.004249041286150631,0.011643454566306593,0.011314351840536129,0.008269225935984512,0.0023753228204409,0.01288144373502697,0.006630349593761303,-0.0025875139676242074,-0.02672074117933191,0.009529913768023967,-0.007121839616456014,0.0023191093223520753,0.0007683255190957523,0.0014200130494234147,-0.008695949510467064,-0.0009824223912750685,0.0178019783819044,0.019204983455220814,0.0076831852189698634,-0.010328052215824678,0.0001845608612770687,0.006731787698267217,0.006244440075070193,-0.0027798690609951555,-0.007272707872529169
2021-10-14,0.02002389669179061,0.02150095895490723,0.004732543058962018,0.025609951728451222,0.01221952390620441,0.03781666834460681,0.008886865672994949,0.013368396876676857,0.015224948312914856,0.005700006783225016,0.012152595387094853,0.011239958773481351,0.040811105099884566,0.016913183270800207,0.006492523170072005,0.00834841829817848,0.02734961783929293,0.019532960947400337,0.006394642063881777,0.0060175873788040415,0.006798206938614747,0.008006335087555529,0.018681926697567467,0.015113858170186447,0.010782264703520004
2021-10-15,0.007484131390732656,0.004810906758490589,0.03254486320029431,0.001536208946801883,-0.011541759974399055,0.005319865109541685,0.02974907491710917,0.009083659804694515,0.01902632706576427,0.007404826350258386,0.025474218632413292,0.0025653801017773183,0.018175499693095346,0.018317113250600217,0.03260442341612093,0.011685393867760593,0.0042378792273138795,0.0056390722610116135,-0.008731643619897408,-0.004328893768476241,-0.00238317739399059,-0.0028298144174553844,-0.0072136994824216994,0.009470904699381952,0.004850023018796199
2021-10-18,0.011737351640341063,0.01007373425991106,0.01100400576947037,0.009924310744717264,0.032058309908085954,0.016333036687239223,0.03161711443997285,-0.0057163005057646165,-0.0003602493309453449,-0.007342160551496036,-0.0014729199535957437,-0.01450762132198049,-0.008092301186439497,0.013041953053299136,0.006830806543583261,-0.03061238735172323,0.020667104508859342,0.00013695027887601356,0.015289453678446106,-0.004105671890598122,-0.009961389991036958,-0.004543936659028093,-0.001086683083020444,-0.0004792975937623928,0.008007774844829263
2021-10-19,0.014967226286051157,0.0030542029083679657,-0.0007517249304827118,0.0032099002178452574,0.013771375907204272,0.003055411850341043,-0.006734486474692475,0.007895392964860762,0.012055766017930455,0.02314975991441896,0.012366473179904693,-0.011872666767317712,-0.0005655000346666631,0.008359173072699285,0.01015912187523106,0.0002337791328918958,0.021034995895942394,0.002191729347771583,0.0016132040887749646,0.0184632995549918,0.003885534962846986,0.012634433782003672,0.009916271726435177,0.014913722329587408,0.021022268525027584
2021-10-20,0.0033556927248110206,-0.002663778291139934,-0.00848206698962188,-0.010301496574983521,0.002321068973641117,-0.008424798380679404,0.0017687488821671587,0.009295579129274242,0.013376083598346054,-0.0005495246210023108,-0.009033501169405192,0.003902464482137066,0.024923781107273443,0.0006701191411086836,-0.014829173641213804,-0.0036870568834522777,-0.005833973533063629,-0.007726372537488773,-0.02192885458090007,0.01672780184823888,0.008825392608324469,0.007529336151675382,0.008218893362596841,0.005496815873389164,0.009013118569272886
2021-10-21,0.0014727568568193258,0.010838661731844819,0.005824760045406363,0.0008247442830179594,0.0032224975720010584,0.026298992067571962,0.03205181901693134,-0.002333176218199674,-0.007874467766081706,-0.002322971632774975,-0.005112093008416971,-0.007222779936722562,0.016390160546370318,0.017680307498704563,-0.0015708108702887913,0.0046213538127752385,0.009897531186677754,-0.0009656534855611718,0.043846527526549266,0.0014011113794669284,-0.005138729073024775,-0.013292445839430471,-0.009116469084164748,-0.01833478588412231,0.005532516767523672
2021-10-22,-0.005299062432817879,-0.005162350289693036,-0.029382296136388146,-0.03091623195228503,-0.05183524539113188,0.0014970201276731795,0.017387072543931938,0.008401892706691559,0.01336175594752744,0.0019565954232846137,0.004290745685204283,0.010707877764809135,0.015436120236883228,0.0037503663281631587,0.006882281086324019,-0.011269130356629622,0.007674176642595315,0.009444328216960469,0.01763395990795108,0.0069753699046752864,0.0018382474547868734,0.004950892438349442,-0.010469262337768268,0.0068358678778111005,0.010367870701547138
2021-10-25,-0.00033624266007103884,-0.0033369593923868487,-0.004561377086082202,-0.0008691203601809813,0.012490553454438258,0.01917637144899663,0.11921843486746743,0.0035203471429222314,-0.004901915531391549,0.0021965638801032567,0.011395131776771115,0.00014236693159243454,0.0007343086854398404,0.014296685731960511,0.006087200154367599,0.015171778650760233,0.0052535143033124254,0.004637777072842615,0.010296154447124558,-0.00023205679928109082,-0.00404864636779786,-0.004699702568500598,0.000544277875987587,0.019299137302238614,0.011528193811207591
2021-10-26,0.0045644338611909585,0.00640529561585589,0.016636110939323188,0.013452482244636795,-0.03997413844325112,0.06480532161252675,-0.0062938149592970775,0.00203058465524658,0.002687550739612449,0.010126676013286888,-0.008846898665728322,0.014099599647498897,0.011392406311398517,-0.005564274872348106,-0.00985830302167885,0.00017440731178549232,-0.006933063521674936,0.0040405773386109865,-0.004685990995241893,0.009457098023417718,0.004416082880016424,0.012172887690492004,0.012077612001047186,0.022890595730392302,-0.008768025766171266
2021-10-27,-0.0031523653244485495,0.04125154830460929,0.004851848967382222,0.04840406276716236,-0.011432781777508456,-0.010819964669083387,0.018898727534898532,-0.010611396248389096,-0.02104858318199087,-0.01220109957500554,-0.07170172500744683,-0.007166132394096158,-0.0025545852817158766,0.008415473231368976,-0.062354220387117895,-0.014579125299592894,-0.0037736215279632885,0.00013545428960425274,-0.00841195806894846,-0.013637316366442933,0.019093183685448604,-0.0034805958697486567,0.006607660934540848,-0.026315279808357916,-0.008235793107625946
2021-10-28,0.024684117207177256,0.0036446369214618583,0.01581542696620515,-0.002523183270174331,0.014941364401292425,0.01984190713044257,0.03705562944417333,0.006718648447035735,0.014962276576518335,-0.005450268105122441,-0.02791418311684881,0.005975117607315263,0.00431278361517979,-0.002016515920167866,-0.008044739454007405,0.0007664727318422585,-0.0012506063472816874,0.010884326754035624,0.016649957533855814,0.0048752256681325505,0.009322260211024547,0.006268595632943287,0.001067698299665604,0.002802892318000077,0.006216800444325969
2021-10-29,-0.018322155366726513,0.022166366094623233,-0.021745984346714802,0.014951369507921813,0.020765954534085113,0.024789502085701364,0.03374062327713504,-0.00939785115694711,-0.002762799739097017,0.00018429011558460432,0.009155549541805051,0.002170504854868789,0.010983703296490968,0.0004573416499840989,0.007448670363878474,-0.0036014625678715295,0.017183444309641163,0.004380663977690039,0.023836472391635218,0.01288569574992833,0.005871618790510054,-0.0001235045728702872,-0.004812792100429957,0.002484989809297039,0.006512841393426994
2021-11-01,-0.005623441358456943,-0.006807658597390141,-0.01623822909338356,-0.03120906476527221,0.01961662950544276,0.010117826611150769,0.08149724419582528,-0.0026865067400714234,-0.0005298350175024756,0.0008591813101100032,0.0032529473190233324,-0.0024507063870487125,-0.013908387273457685,-0.014250712262233421,-0.00439091415206588,0.006602578359048013,-0.015745386600480783,0.010191785720826118,-0.013328886019327755,-0.002289073505015048,-0.0035545501480453677,-0.0021060551459933276,0.002320184768220173,0.017832982835007102,0.002473199228385783
2021-11-02,0.007090788772467501,0.01135087681556739,-0.0016167159617979095,0.0133978104045441,-0.0057745256253710145,0.021981690024798457,-0.03074274797958024,0.00588678395660753,0.0039381787009814895,0.01564169190088148,-0.015749904300712374,0.009906070134962227,-0.004568956214692362,0.0022076878540808723,-0.016814662329847865,-0.0021175101592427813,0.000312372642414461,0.0006273797256832946,-0.005077590278532484,0.04063896807506594,-0.0012467997841404464,0.009135727438107071,0.02673394611075627,-0.012418717193863409,-0.00046730008047793164
2021-11-03,0.00975090351858931,0.002607910502420163,0.021279781969291613,0.007982287109939187,0.010732206462051709,0.0074338587306504965,0.03509368755165895,0.0027399949624121456,0.00035176599183052676,-0.003205599587538786,-0.0049851586198719,0.006848644400025815,0.01163452929957169,0.0045636278718133695,0.002888195551916638,0.0014709738541066367,0.022816976617790457,-0.00019810967858167514,0.015476025213150228,-0.013958559250123037,0.003381014699069902,0.009540352778507084,0.0005205745902037051,-0.013825605315348755,0.0030676814930672485
2021-11-04,-0.0035046039817292008,0.007279220115937821,0.02711146442608225,0.011323877711002628,0.012674953696806664,0.11370600678662841,0.01313564628546233,-0.0035738445517811916,-0.013222301857276367,-0.0027907975040777004,0.00326243659587231,0.001859454114824922,-0.0012469211392437392,0.008662279639277225,0.01804906658243586,0.0011751681243841313,0.028438827720053038,0.016859997404473838,-0.029323553401970695,-0.013140251529344598,0.005492058121399985,6.073938655934232e-05,-0.009236016580184407,0.007480348698914694,0.00729785356546285
2021-11-05,0.0035758325954581838,-0.0011302246893420019,0.012004091021206855,0.003934470420244832,0.015598924835080404,-0.001645534479363903,-0.006378469186125081,0.0006602235901460868,-0.0014273730359341806,-0.0071334577735881356,0.037094349753185596,0.004942488020594293,-0.00208200124360083,-0.01020819772763932,0.0390567289928701,0.03093539371334388,-0.016996289583347843,-0.002567880039530655,-0.03452079038292619,0.10305462840086958,0.004231329028108516,0.010232537226318379,-0.0008756528701042932,0.009425686638942951,-0.006965044719964413
2021-11-08,-0.005567703408449154,0.002763307620023887,-0.008564519878774466,0.001201733392278622,-0.0073849867596920546,0.03474822801451799,-0.04961124617557869,0.003190621149675791,0.005992092926449621,-0.003432515667022225,0.017476719954368645,-0.0074916428004580425,0.014829787412180056,0.000515448149572499,0.0025202073155649934,0.007035407507232762,0.004967195444646665,0.00878136854452322,0.008834644569636878,-0.005776638521254161,-0.009012967363949945,-0.021740469330239973,-0.0012274016469391038,0.010708649806468023,-0.006410728045064549
2021-11-09,0.0024559255812281224,-0.0030908405137342544,0.024699674045048896,-0.0007550207142527658,-0.0096442458362623,-0.004783607863601148,-0.12772318728902374,-0.008519504595811366,-0.007599969727445555,-0.002212901014853576,-0.03273082132129916,0.003030754444210285,0.0037327347403251906,0.005573365689119846,-0.0144606128777193,-0.010000511093234472,0.0028486508542350858,-0.0008066344140467132,0.006944933919851139,-0.021542333619771255,0.0028364112849222495,0.006627092099782654,0.007689647464394716,0.009691137263931409,0.00347753778697678
2021-11-10,-0.019348748708546377,-0.01544815814004257,-0.026687971077505174,-0.02052244655497019,-0.02331892104153666,-0.03986135964247133,0.04251283809069096,-0.003603477074717683,-0.0009540448087975715,0.010772199224427657,0.011876823470885553,0.00978751598436655,-0.009629485242718788,-0.005600405062059849,0.037835820884667144,-0.003776216371972413,-0.031049586725389194,-0.03295465777805364,-0.013938319520259769,0.035718082602079246,0.004063014238377795,0.003236152781005657,0.00572879079104109,-0.019897313472366885,-0.00905329349989162
2021-11-11,-0.00033834412978084197,0.004915392664903719,-0.0027463665972794556,-0.0008708934117528492,0.0003051396722845067,0.031113856528116043,-0.0041661953768667185,-0.0023510491251137093,-5.98239318569961e-05,-0.0073934116067295155,-0.024133846983517126,-0.002864514106449672,-0.005472680374811644,-0.002580714310088051,-0.01010840622290485,-0.07336298589182519,-0.0067097451590135805,0.010984956084658387,0.01635926832926679,0.023388160630644902,0.00035273387955594613,-0.008263609429427039,-0.017637862493475702,0.0018675251997403684,0.0004040212464734937
2021-11-12,0.014235070361204607,0.012822211497078056,0.015048234458080111,0.01977687195122888,0.03933932015714767,0.0,-0.028701065279561472,0.004696477071946115,-0.004484719437593076,0.011888158502691279,0.007905152971742081,0.0010920443918228098,0.0034919366482318035,0.013508918209426115,0.025522531820351607,-0.015416491380526235,0.022187758201282833,0.01204028398889383,0.03735723063357346,-0.009008164890143524,-0.0022938417160368817,-0.00024604760507999587,0.0010565645178919573,-0.007648405788063437,-0.004995659546317967
2021-11-15,6.674223165008111e-05,-0.001932322634276485,0.005806911669058077,-0.0015211448393763888,0.01937748864181557,-0.012083085783598041,-0.01957254315692035,-0.00462614920360948,-0.0017993290577370722,-0.009070828342616093,0.0009896934054401496,0.0057153167042070935,-0.018004538622552357,-0.004168296362942415,-0.0059048556302018105,-0.0075458988855827405,0.0032338241899895104,-0.0037900991386303137,-0.004816710916156615,-0.0016098729033614647,0.00017649407848857674,0.007045593450081627,0.007888433229513804,0.008581137199613861,-0.0057692938752665094
2021-11-16,0.006644186099984638,0.010184052292649032,-0.001405473377029005,-0.0038875575472701045,-0.013323566110016864,0.005910800715508124,0.03998366090579434,-0.00461253948423055,-0.007230592274893899,-0.005211930463169071,0.013474419705322656,-0.0014257697648964714,-0.002621085103492114,0.055685585066924066,0.022438584546074496,0.002521762765031859,0.01698325821482666,0.005224001347398009,0.011809334773735775,-0.001007620303142577,-0.007089449158845528,-0.002996003687186009,-0.00472557350936593,0.010047083331104156,-0.02578723450809464
2021-11-17,0.016356162432121672,0.0006785756624873191,0.0023413880700420314,0.001155623765052104,-0.006406135732443365,-0.031685593440199555,0.031984216103858806,-0.006266023054423995,-0.005396986461904535,0.003742967806294066,-0.04817211146011176,-0.0006117168922190856,-0.0014912313950540186,0.006402816956259422,-0.02851724984773429,-0.009489109171618916,-0.0005367017844309811,0.003023720347319676,0.006221526498137178,0.02528252719940827,-0.005529515870178004,0.0003673424141025155,-0.004219424238039912,-0.010979814742654649,-0.008628491058927944
2021-11-18,0.02813608934585887,0.006319726779246952,0.040601497259703,0.012028531474100095,-0.0061223706410109555,0.07927207102702197,0.006744812791821567,-0.0034150061753998704,-0.008671100493201855,-0.005404306130979555,-0.00847250440304722,0.00013577553242214474,0.001157704884462127,0.027477608937523625,-0.030961419950590485,-0.01118531120675873,0.00043236818789494605,-0.016464997550306077,-0.014078825899942388,0.010559305776000895,-0.008983229036769479,0.000306033551665838,-0.05672332609509943,-0.010944157536013358,0.008558757862937036
2021-11-19,0.01683352027560382,0.005377167118205456,-0.005287066211290259,-0.006105471235143135,0.019328459286899677,0.040524874432061805,0.03643213445735007,-0.0022832397419093597,-0.013149651335447548,0.0030127231717211943,-0.012221974831491525,-0.002041135864886809,-0.021294563931571774,0.006973175558698779,-0.024712803129227637,-0.01020761626674711,0.02561692155588767,-0.006024825373362143,-0.004732541039210318,-0.011936415723678791,-0.005065971821311315,0.0023837670364834267,-0.007110429708094075,-0.04732149366446338,-0.005393312320153681
2021-11-22,0.002923272866983547,-0.009605412167253587,-0.02869509488188082,-0.017779885473861282,-0.01250196664309414,-0.031692532436090354,0.017272096909531555,0.017630062486533905,0.021090847617893965,-0.013249158530061844,-0.02663855197872743,0.006652706836899897,-0.005606445977165491,0.0002448320165662481,-0.05574654121070301,0.0010384716375584759,-0.021734540987177878,-0.014481566828138713,-0.029299542079414355,0.007843299070282587,0.006148324242487287,0.002073304624751114,0.02503586358943554,0.013750474367881719,0.01664566421732407
2021-11-23,0.002419277234933203,-0.00634696431956768,0.002088774763957146,-0.003560479009681919,-0.011087367626624042,-0.006593330242142573,-0.04223229344871564,0.012519112280809314,0.02363106427559833,0.0061800783116291984,0.014769126069621724,0.011035096058394743,0.02168111966266397,-0.0010280790427051158,0.023682795752581174,-0.020512409663374274,-0.012564363147688471,-0.018427768220800504,-0.007827887512053973,-0.002346481209731064,0.007364183802377188,0.006678882424353925,0.012738880843139662,0.025996242277339692,0.0070891098912028135
2021-11-24,0.0032781254128322525,0.0006810063828309169,0.00010331000315118602,0.0023157844391405074,0.011234012357570095,0.02881292885825747,0.006265105659810634,-0.00444568246597781,-0.00787502384737147,-0.0028044220375980974,0.023697933104357128,-0.005233109990107935,0.006753763951433796,0.009116578338486468,0.03288772058832441,0.0020503927597439395,0.00473953886275113,-0.007750858824895944,0.006446536569517307,-0.003726489023638721,-0.008085543217364618,-0.009179704250846403,0.004330504399577584,0.005528830714678634,0.004993926693577258
2021-11-26,-0.03219110376940664,-0.02465718057262841,-0.021412317856405228,-0.027313216640954992,-0.023555529336691337,-0.036496990608743896,-0.031013582803841335,-0.014692490318226331,-0.030590339820326547,-0.006511709626761429,-0.027938866032990343,-0.00803738889269153,-0.023032900610394518,-0.023098190513961992,-0.047677607533190725,-0.021573825233510282,-0.009350546650893339,-0.01730128293869684,0.011103428909371566,0.05931757985809923,-0.031149656362587923,-0.016006346957395154,-0.0157882253346402,-0.035760939404918195,-0.011254407825759082
2021-11-29,0.021637808766903143,0.02086199257571873,0.016136535670027943,0.02327067871915209,0.014631668457802904,0.0577545436962099,0.04964715675134432,-0.0034323603180203602,-0.004332231248193665,0.0034489673076178863,-0.0069047189915748515,0.010456047299006137,0.027111692147389604,0.010178814084863359,-0.0035846272471238305,-0.00202752811601792,0.0376307047185214,0.04314290749416725,-0.0027078317458864762,-0.030077651193986574,0.015696110914485854,0.018446263144846813,0.01974166133547574,0.005535497827622958,-0.01579019455367612
2021-11-30,0.03108950073687828,-0.018105593764945437,-0.015420562086679022,-0.025280656276833284,-0.04097244125026382,-0.021196365501928334,0.006810578672784683,-0.019434740293052335,-0.014997271619570717,-0.024202906620215153,-0.012921193703315076,-0.030247764847581526,-0.017362008543474788,-0.015382524186110122,-0.02536480617046459,-0.019883710430716236,-0.025993499499707473,-0.04050742490310747,-0.033608630687497365,0.025064952446713216,-0.03208223530298753,-0.02692200601463912,-0.016636919765476592,-0.028825332673898682,-0.014121412065216802
2021-12-01,-0.0032114792272259864,-0.001543972656462919,-0.018228623739821467,-0.005980005577868226,-0.043656239326986965,-0.03859656099972227,-0.044440653310942796,-0.006126657072781636,-0.0059356923115965405,0.013694219305571886,-0.01880600026721079,0.01250989942963069,0.00027023584204260526,0.0036530018442269695,-0.027818926555490165,-0.019161177173107873,-0.01874593857291861,-0.12490581742821018,-0.03831633953475239,0.01752655872378877,-0.0028640891226096566,0.00237569718641965,0.0034584922758435924,-0.0008357564514818424,-0.025130208127254004
2021-12-02,-0.006148739377546385,-0.0017887767755885328,-0.001848596514633391,0.01348164168859232,-0.0006761709922134994,0.02174404759195,-0.009543130353379798,0.014763199660398291,0.020809100756406376,-0.006282436738505192,0.0418647225175622,0.00585695759676526,0.003773507536721218,0.01818911005116907,0.04444630349842616,0.03490934214824933,0.021771928713173502,0.03784321766172766,-0.002106577592937907,-0.0304516768185122,0.014615382123989839,0.009602571392342723,0.02014818249763468,0.02461514791490194,-0.012252074551955813
2021-12-03,-0.01179369577580549,-0.01986277527682869,-0.013935728778151546,-0.006768967536547104,-0.011503266783969984,-0.04563113395135914,-0.0663521763056877,-0.005965674613924311,-0.018279109216644072,0.01447228656979718,-0.00998460759398697,0.017635529745846142,0.01062799104517082,9.81901014498059e-05,0.005947048172011998,-0.006679698268363016,-0.08597272967627534,-0.011086989571678718,-0.023536259604679685,0.022925250389407056,0.00881743778968905,0.02514496691050926,0.00142379573565179,-0.006384533125821799,0.01494661110999123
2021-12-06,0.021274749296223455,0.009796779399898417,0.011025217696555534,0.008090111978358435,0.03531597658201995,-0.02160475903999734,-0.005889394805839068,0.014137463589111918,0.011744448513819436,0.02209091616714729,0.03188221159427897,0.015031410810033482,0.023730152373270683,0.01916255445291388,0.03423998686909562,0.02798659358768476,0.008897333289679373,0.001662994547087994,0.017385725214779994,-0.05277814550058522,0.02526640322972035,0.010328321044649862,0.012898916883577777,0.011268256507012131,0.01077707512950898
2021-12-07,0.03483259119609321,0.026411668024923396,0.027602038798318594,0.028336442088871962,0.015421277737881363,0.07656109505153487,0.04148581070093519,0.01267782955166334,0.014935652818669994,0.0025740181441628604,0.022876332838445028,-0.0026323956245276566,0.009991245658966811,0.0011538862932360483,0.018370342023976236,0.0029216980642473365,0.04390649231114789,0.03134874289969101,0.020820083111951857,0.004651039998755804,0.005448695779884715,-0.0011421391412063196,0.01947216850270088,0.011142554266560694,-0.0032424213034203944
2021-12-08,0.02252730222816939,0.0001490255229494259,-3.689939734869626e-05,0.0062071779173481275,0.023724402749908148,-0.018707376661538246,0.016230761245708623,-0.004396075217442153,-0.01150735954699902,0.0059814852527028395,0.007781813507503813,0.004471295024187488,0.008847235787797189,-0.011916387635203316,0.00830102521170563,0.016636986643446663,0.004819363186055292,-0.002550296728667692,0.003988327564827681,-0.006206329836194941,-0.0038109202993185194,0.0017428517742669029,-0.01841915958486127,0.00288640291046041,-0.010156130881194981
2021-12-09,-0.0029743731516365707,-0.005598065517688423,-0.011343741238858878,-0.0037046546566058157,-0.0022410870920913117,-0.042885004384174544,-0.06289341727027524,0.002815670615382166,-0.0015567031540304407,0.00944759204116148,0.01141830583610963,0.005821736387685338,0.009467836558519531,0.00021859046263221916,0.0063478967152364885,-0.002612065156191185,-0.03193932153353884,-0.007500226568063375,-0.027570591312853877,0.01314299093272978,-0.0025486270288151217,-0.0012619135849708568,0.009251761062636409,0.002558739484484665,0.013813344772458824
2021-12-10,0.027628354777630898,0.027945624386191983,-0.011311296797986634,0.0024555283059504046,-0.00021217556745042277,-0.00962294775693565,0.013093827482800639,0.01295529939165233,-0.003996447725655383,-0.0024744247345060435,0.009463527500646782,0.013861229608859396,0.010320012029616996,0.009821891579207072,0.015552356852273823,-0.0015048384280351176,0.034004308896821135,0.0064485328197152695,0.001079644367641372,0.013351084978448259,0.025554564480689566,0.015867663523325908,0.029111866192191218,0.006368596559845432,0.01810239850162341
2021-12-13,-0.02089113609533935,-0.009209239697405103,-0.015475202151186945,-0.014804707805491852,0.014272196940112034,-0.06983763758471664,-0.051053775924629424,0.006156628174617955,-0.011959941377022562,0.017728135090621915,-0.011215379517013117,0.01411580205444625,-0.00018805542591708823,-0.024762504850504127,-0.013262046485797423,-0.015043020474571739,0.005865529040486756,-0.0010155147523174877,-0.011675636652128138,0.044830907388491145,0.025957209615927263,0.004959011751887979,-0.010860347475719422,-0.02214467706489707,0.017849864012928547
2021-12-14,-0.008055616799434428,-0.0331295000412365,-0.002811076756339546,-0.013250496207832288,-0.002244862023424851,0.006230443105609104,-0.008208173270999982,0.017161603128909842,0.007632868422434816,0.01086392824944812,-0.004940487166413976,0.003671585827561625,0.0027566669738186356,-0.007529968274012196,-0.013880754987893344,-0.008880589683179289,-0.068266160138928,-0.03901896754630355,-0.01092691408320755,0.006140261875138235,0.0006924861265480318,-0.002476534933607463,-0.01443582286049802,-0.0014613980795939333,0.009497082716151075
2021-12-15,0.02811046548552619,0.019035389880391607,0.024670732493370397,0.017455369774199685,0.023454041291677944,0.07221293753072691,0.018072325435531507,-0.0015264744681857331,-0.007506208221517156,0.004978813522245728,0.011035061159479949,0.0038474722312950463,0.03064411188425307,0.013851937971730377,0.016888118510689516,0.008681333078900247,0.024848943089963403,0.017260898803181223,0.011720570449981082,0.05703860276218974,0.004488278791811159,0.012787780881837766,0.03670753044282373,-0.004397052207215546,0.005710307707322672
2021-12-16,-0.04005546878696373,-0.02956756276895967,-0.02597563931621664,-0.013723532014112366,-0.019984208197796168,-0.0704502375126415,-0.051585055672323236,0.018798458082950265,0.01551818259981787,0.01086754617786101,0.009655982407851626,0.014063856878919749,-0.003079582379145579,-0.020512550440493226,0.018791547270422808,-0.011031315220406492,-0.10749039527827735,-0.026971889854279934,-0.023377080223313206,0.040821790367425996,0.010110513033030342,0.0014560796428108977,0.006320809792924076,0.0016307048721266157,-0.016810689298675255
2021-12-17,-0.006523028677904009,-0.003391410175686692,0.006766260845510533,-0.019010390623923176,-0.0033199941704438124,-0.020859290761247887,0.006076947341899706,-0.02192637755633766,-0.023017082677425995,-0.02801693583111414,-0.011683407569652035,-0.02291553646240709,-0.01171462916506995,-0.02933500209095647,-0.010281549320385618,6.719504371888586e-05,-0.016834385883873464,-0.0007508117012316725,-0.0073527642528024,-0.02932362092836909,-0.01581075126016878,-0.02069923820761065,0.002483833326283774,-0.02207674346463866,-0.03254564870734593
2021-12-20,-0.008155356761060684,-0.012086282869006947,-0.01743466066061881,-0.0008329607030957781,-0.025303097977229398,-0.002953811637659476,-0.03561605979548491,-0.013887508283101906,-0.01815287193918672,-0.0028574344590341773,-0.014930406724550918,0.002536839687859723,-0.00698342916251742,0.0036531924393479963,-0.03581768116611179,-0.015513689701490202,-0.012418693247297203,-0.022874598007492798,0.011876768549260425,0.02556146256881848,-0.003296554859699706,0.006632469219196261,-0.0016552751280059432,-0.014598732192187252,0.003238245898798212
2021-12-21,0.01890716575941316,0.022806859439862652,0.01978169533389277,0.013087953498900518,0.02653063650437854,0.04776055507213215,0.04198665654283043,0.01245621333062006,0.013869308306348123,-0.003224390832288137,0.031314223905896894,-0.0006336068437608778,0.007168355867095382,0.00274428566266779,0.03990289162626952,0.030790170142748933,0.013998367690484827,0.021371036107520957,0.018654705114281522,-0.03451202298582831,0.003989250849515205,-0.0029552145786721174,0.011039154889081377,0.02239771779540492,0.0030126080429429365
2021-12-22,0.015202561816111234,0.017896348090021604,0.003631503982249459,0.020301469911172047,-0.011284142118802173,0.011115848053896787,0.07227140942458773,0.003982013055068793,0.0039005646346754273,0.004296539196839957,0.011907831663663406,0.00983999853149785,0.014103404746793887,0.013153491942375735,0.01903434604380216,0.005479994050004448,0.011520343082652283,0.0009894172630138187,0.015289500306804305,0.010126664747053066,0.007072177668305207,0.006196655163828388,0.008158917593428591,0.008066576642613501,0.0012882581739473336
2021-12-23,0.0036372960548474876,0.004461914515465005,0.00018411946479317587,0.003419459088969108,0.01439118535569658,0.008130317150560397,0.05602002567418564,0.00027164738864482105,0.003567514798358488,0.0019041987531722914,-0.0061669855238619805,0.004883605550006022,0.002526446670384013,0.0036078425711211872,0.00863430372932039,0.011456346730565744,0.00995070802354893,0.001344043282214837,-0.0002442241042819151,-0.014206349822253553,0.0006871169491251125,-0.0011185791514120589,0.0121157048864236,0.0004917882063565271,-0.002219791499167628
2021-12-27,0.02271483909454138,0.022920892507888584,-0.008211646321395375,0.0067158355645275895,0.03211212294444095,0.04308644067117461,0.02493491640225287,0.007375441714926373,0.005706372306123509,0.008404318757053785,0.004651772547798514,0.011612949323855962,0.008282347899013045,0.017525152877546135,-0.000749006258359338,-0.005417197770484839,0.014050606195408339,0.020179138472150047,-0.0015808238482402906,0.008311625097436035,0.007358760652923122,0.009904801888619492,0.01813892425475506,0.014156870675102701,0.009063327715332907
2021-12-28,-0.005783930823152083,-0.0035104754214898195,0.005826710732445391,-0.008279250267647552,0.00011567215574438142,-0.020337771810219587,-0.0050128185500081576,0.005445741094923087,0.0030302871808432757,0.003999726159263273,0.0019279496151830538,0.005356700801573829,0.006863404824514279,0.00525697698111216,0.0013035736326943424,0.015584667265384553,-0.014507172201133312,-0.011095119455736534,-0.0039384790668407135,-0.020306145506206925,0.003913824663636924,0.005177121869234843,0.0017328614661135508,-0.003236747673707237,0.014248614499387292
2021-12-29,0.0005017974950293512,0.002049320899546994,-0.008591725101779567,-0.00021807454113370784,-0.009518891362928257,-0.0106428081795448,-0.002096907250306926,0.003914627868688884,-0.0005042847043192345,0.0070195663294581635,0.000550098813466092,0.008256243992600215,0.005235367396326383,0.011309135569464548,0.0014125741743005369,-0.0021286231891497875,-0.00012296548818079128,-0.003568710344640679,-0.00027837528966867536,-0.007440082579779143,0.0011881554929636456,0.00353267593970296,0.006745672623987305,-0.008791927641884582,-0.0004903138568132305
2021-12-30,-0.00660005479829081,-0.007720702399142389,-0.003294427727342962,-0.003104137914541028,0.004132004839851365,-0.013929495185263534,-0.014699782732613053,0.0017350182156105822,-0.0005046471088352305,0.004420303928829906,-0.0013759594973087378,-0.008686224104497398,-0.0022770968133444675,-0.0021930449090361856,-0.0008307047399762112,0.006821147057277415,0.002175872946266831,0.0030987515652946282,0.0025354990751950955,0.014140690666188215,-0.0028878468988636848,-0.0017360225721738706,-0.005330001516726687,-0.00590471838245432,0.003218236873613068
2021-12-31,-0.0035413059197335244,-0.008880744135860754,-0.011495217795266778,-0.009266451326794878,-0.023535250341000423,-0.005932583849326267,-0.012749774874751605,-0.0032722690000616486,-0.0008206086087981343,-0.007222260647022463,-0.005338499449452886,0.004963987660237806,-0.004550346838688617,0.012291903321969477,-0.004636899860743951,-0.00669197080578362,-0.0061006907915564295,-0.0047107395505099365,-0.015891257808786426,0.011068297253179265,0.007288760819061016,0.006005021811900192,-0.003937371249526607,0.006558498453799798,0.010560694153034867
2022-01-03,0.024696577145793798,-0.004679132863995441,0.021877258953900566,0.0009627657565318321,0.006489955308352461,0.023853870618821788,0.1269116289226746,0.005968801859794694,0.020935013747224035,0.0027437464077427936,0.021546400376905857,-0.004165570241671814,0.00027890774614307046,-0.01546806664126572,0.03185386910072519,0.012000816962269211,-0.004755057807128372,0.0052198515938584695,-0.008451387994449567,-0.041492294931890064,0.0015187796473568802,-0.004211287946508152,-0.0033191233429893953,0.037685987889958486,-0.0002765108787819061
2022-01-04,-0.01277283338583348,-0.017295876252218376,-0.017060289689663746,-0.004091432509640364,-0.005954970322618562,-0.0279762833565317,-0.04273287830059682,0.025406704143062283,0.037208810132186784,-0.002685275359111467,0.004640919883836146,0.003492877153421938,-0.022917309351269243,0.010225572918187395,0.011898264286677614,-0.00659223260419448,-0.01854536937523195,-0.028710142364665455,-0.010466858035202715,-0.038141001867172036,0.0165568739253338,0.0014444210761363227,-0.024832203434414564,0.036923811173035316,-0.01848995361622654
2022-01-05,-0.02696008567926182,-0.03914424233977804,-0.019073846316683307,-0.04696190563845115,-0.037419239579047484,-0.05928554660801659,-0.054953895352910696,0.004495163591594465,-0.01845124143563631,0.006641485724907773,-0.011119809230006454,0.004516781937293516,-0.002467890473090225,-0.013657466048136932,-0.003976950686715323,-0.003473443490768087,-0.07410520938873276,-0.08645852078810841,-0.04079384903554375,0.019971578199645162,0.008259242911141489,0.0034002109814809793,-0.015963436787130296,0.012360869351103167,0.013430467909470622
2022-01-06,-0.016834249358096513,-0.007933086314136698,-0.006733601858714689,-0.00019968031114621327,0.025251523015659423,0.02058062256732999,-0.021758379841487693,0.0105915799504206,0.0105677617189918,-0.0034318365982198944,-0.0011369471230691553,-0.008439796117479283,-0.04178476409963491,-0.0036408872727294317,-0.009173898445509773,0.010958168917763694,-0.0006027856140378891,0.006479540546426865,-0.02539372122758879,-0.014302844873172729,-0.0052777762082302695,0.00022989726705222678,0.010561221965147534,0.02324811278214759,-0.0027830518395992026
2022-01-07,0.000987973902635735,0.0005093805829933326,-0.004296997177475961,-0.005317112951272013,-0.002017349289488194,-0.033597830079239256,-0.03609004895021842,0.02072743260439403,0.009859609844129867,0.013427150974779735,-0.012777749459224908,-0.0005527343906125399,-0.023809335287334008,-0.030401394743046956,-0.0009466506605233878,0.005910122446918746,-0.00667433418836726,-0.0036724086906397856,-0.022352090625305732,0.015919334874112002,-0.0023180303619153293,0.0012646941353499216,0.0034411673148455565,0.008163235843327942,0.009500457106518985
2022-01-10,0.00011619471294517698,0.0007322518196643539,-0.006591854785116594,0.011988232163279211,-0.011275161651955004,0.005599335461793917,0.029890740749494566,-0.0026616355363020404,0.0009567660392526006,-0.0049563729928163896,-0.0232678902189283,-0.013735181448428502,0.01385909691288793,-0.01574792655861694,-0.015650012872997963,-0.00782375435107745,0.02919564152750535,0.00576504269548285,-0.002238825314834094,0.00928927601835511,0.0016559157565355911,0.0005168732361961987,0.011224334188847919,-0.005970044236054362,-0.001934423370911683
2022-01-11,0.016644213992232395,0.0022565730769142896,0.023718602439306714,0.007661502427514064,0.019021072109398046,0.015104430083925084,0.005917481776156395,0.002724142225373193,0.0010154666984355243,-0.01068714342970706,0.011305208501603119,-0.01165493058951079,0.008565111199903849,-0.002040851086099333,0.006519012300471623,0.008203769628485156,0.007691466396108994,0.022435035682191077,0.001832145220309479,0.0079694085637706,0.00033096891127787847,-0.00045963017718975645,0.008857163246712924,0.041201552239826834,-0.0028392092735233317
2022-01-12,0.0025670228033361536,0.010390896262441785,-0.0009377696670975312,0.012053564616766033,-0.003325081134426391,0.006521670988043993,0.03853754612843837,0.0018432872124844635,0.005655881385195183,-0.008562081046366141,0.006184908261990307,0.002203529263263727,0.010013750543936864,0.007035275414486749,0.002780600915323355,-0.0005703245196137418,0.004669261671646093,0.0126517433910053,-0.006715783409180403,-0.000705750915538003,0.0014878630537093016,-0.0010918920535070472,-0.004016279758722192,-0.0029474181775759364,-0.005284348638116065
2022-01-13,-0.01921123679556863,-0.04324415988339417,-0.024466534551061184,-0.020309917521298376,-0.02055416421678279,-0.052197981119548695,-0.06987655465675016,0.002711745085997872,-0.0012476186902655837,-0.006084845164578407,-0.003297013206124892,-0.0045384268972112965,-0.013366684196421522,-0.006233894043256284,0.005998679193850688,-0.015068354378999518,-0.02948924771772003,-0.03945120531736509,-0.03411856618719285,-0.019788616707963766,0.005928844639653732,0.0016087357107894549,-0.010030818429469958,-0.007194965442144762,0.014052935010284267
2022-01-14,0.00509744508585992,0.017561407872262923,0.005715124523055335,0.006426472589092566,0.01646486925998744,0.013715461526118501,0.017346435457551865,0.008893890424024747,-0.06343328556415641,-0.005466509536660993,-0.0015360163051429162,0.009556952336823745,0.0026918385939606695,-0.03947925015170785,0.007065347840760763,-0.022774238196287943,0.007132466230768181,0.011307967711031607,0.012422559909598356,-0.01067982052392766,0.008013729510360617,0.008347250899978531,-0.0022791028227002992,0.017404384484077363,-0.002822400633081167
2022-01-18,-0.019074743383802262,-0.024640090349345698,-0.02006265472349509,-0.025284706784336666,-0.042310674232718844,-0.03932749394823471,-0.018364847454341894,-0.011917822875657734,-0.04283221999611884,-0.0044186669360553425,0.004833029511267803,-0.019461082117699854,-0.016565248947865128,-0.014295238512459386,-0.015817796218556644,0.00216962678621774,-0.014043499681065365,-0.02261239034863182,-0.0287335300274448,-0.01540445297688778,-0.008013729510360633,-0.009611018095506836,-0.026923639796741016,0.01669547405602137,-0.017665054708451627
2022-01-19,-0.021249074396906008,0.002244214111491432,-0.016614359071245203,-0.006502761462213521,0.004515904900209626,-0.032806723709747763,-0.03441330009854252,-0.017448189151416583,-0.015590015966874997,-0.0031166417375209907,-0.004786637949003867,0.03307167522692076,0.003313619650484395,-0.01935598670364142,-0.015322662669102495,-0.014287019829382396,0.006291752338723428,0.0009284964334831491,0.009857222437428332,-0.010590128026284363,0.0016408555897349329,0.00715971193117343,-0.013993260157483629,0.00041044587120439384,0.009914272458104136
2022-01-20,-0.010401046176845872,-0.005719575709215798,-0.030080217077818206,-0.01347913222688722,-0.009526131391219286,-0.03726789155249786,0.000622510083264904,-0.01195357552161282,-0.008563877855628217,-0.008016260388423973,-0.0015381608288544263,0.005384822475195582,0.0010370337855130573,-0.02851039652115458,0.009023984869928022,-0.0167269384648321,-0.01115418133691522,-0.014826424184659282,-0.014861914923052931,0.009480537664116263,-0.004106984583231956,-0.007274688214181135,-0.014019661525291058,0.002185942198484178,-0.01907783461759352
2022-01-21,-0.012847084292448215,-0.018640951313667848,-0.06134555364691525,-0.022423443594770717,-0.04321917854969276,-0.03266009482832361,-0.0539980722931419,-0.01879226534069465,-0.01762738771496369,-0.0023021380922757964,-0.04007396458746283,0.0038199820856916846,-0.003960232857593627,-0.001373772071167246,-0.02481055288531879,-0.07189065256068718,-0.02164792743941257,-0.01952179123235493,-0.24577853342517517,-0.02358761105524251,-0.004950578699866129,0.0016084662268318986,-0.02440018785535932,-0.015126625027836231,-0.007320294216733346
2022-01-24,-0.004876171296813145,0.0011479362903059323,0.01323896043083007,0.003465024037663677,0.018108699108237387,-8.561035836594067e-05,-0.014835635717323473,-0.004893647025214036,-0.0008964906974155431,-0.011591394660311682,-0.020011556014504214,-0.008150319613239638,0.0023824627545248936,0.04127328328048643,-0.01606836156795781,0.0005822417128983521,0.038746610346299934,0.019925551842588173,-0.02638271532034211,-0.023963713937783973,-0.008138780110534096,-0.0051215076405694785,0.0038741791840089385,0.008554289345826761,7.135581216797699e-05
2022-01-25,-0.011450109562774487,-0.026948532967639896,-0.03204163984338447,-0.030024721564782034,-0.02811986723299191,-0.04587632455893898,-0.012551567227813773,0.011327271570962699,0.01084161292549313,0.028193067815786423,0.000742778062998046,-0.01097139439802259,-0.011815988789860206,-0.01336516511589208,-0.03098295950350263,-0.006935234781057014,-0.03314134239663157,-0.03485606717475284,-0.055032048950988025,0.019216601163019185,-0.0023376980049375656,-0.011547476751632427,-0.013981303089827063,0.028975489604516198,-0.021994678864145023
2022-01-26,-0.0005634673028597388,0.028095046469299646,-0.007986135126473034,0.017941807035806258,-0.018562123452128477,0.01986936020765667,0.02048773822340817,0.00671592201678054,0.009441465324740586,0.004464238593304961,0.01897726487912932,-0.008750636843941303,0.0034745238651530345,-0.00474681169270504,0.01726653851815798,-0.021547381278568083,-0.0038065747327202196,-0.020592117410498045,-0.018509785184778124,0.008905738850380448,-0.003684592024789573,-0.010619844674108023,-0.013998725762046974,-0.010194618327339231,-0.01026036440956846
2022-01-27,-0.0029476556145304755,0.010493660066791234,0.005493528624727967,-0.0017658464241849395,3.392687797735986e-05,-0.0370379843475691,-0.12277997465910719,-0.005154554969139555,-0.017802247675092628,0.013039444483274433,0.0013591837567361324,0.006177874255912405,0.006891013449595214,-0.002381929937963709,0.01688782869574692,0.013530765546949198,-0.015616218742596695,0.008212506866391,0.07237876662419124,0.01434245377734087,0.0008387321229036946,-0.0009442371445201502,-0.012915142963793902,0.01272739606736345,0.000662743936193733
2022-01-28,0.06745082743690313,0.027694634806616075,0.030610731040560255,0.03313361971744188,0.02371182585608907,0.04001959710883624,0.02059221036289143,0.01685580751301547,0.008906571147354842,0.007010229183048156,0.10074150960511304,0.008572144081559282,0.009615676977500669,0.027969874366771324,0.08730860175261429,0.023427402278933727,0.04967345902599842,0.04319211081745136,-0.006069516415828343,0.017827865158322114,0.0197532953536392,0.01929629942083368,0.017962803451419124,0.0021275730881220797,0.012291888416635881
2022-01-31,0.0257905741360873,0.00878509355418507,0.038127433338896885,0.014535639062647317,0.03756738080232818,0.06958822907065974,0.10145138741776683,0.00038341999595421577,0.0134820647985578,0.002906353122626105,-0.008058709752855928,-0.00031146041983448424,0.013871487011338028,0.0011994398492007868,0.010066499404429045,0.030826273616911037,0.030673433070816724,0.046186456934671626,0.1055322099298474,-0.03065083500555047,0.0027902030168215,0.004910639286133677,0.0010782903275988968,0.008992227741768166,0.016514791398508123
2022-02-01,-0.0009730346302101228,-0.007164274916671163,0.01077253018259915,0.01715027716642363,0.01815760652824769,0.006188642974393052,-0.005856643341232021,0.0029985108775098922,0.017014463154318944,-0.008217847584036205,0.02700101714750878,-0.004434709769407024,-0.00884181370792915,0.004676120494926568,0.014593526752182867,0.010575610070294655,0.0031393543845915665,-0.0021948124813040387,0.06785599693172287,0.007186140836318384,-0.007403215580086285,-0.006823437560309912,-0.005403506224794045,0.062141473806008055,0.007837025715265029
2022-02-02,0.007019376232896242,0.01510751268472103,-0.0038501180924552735,0.07254158668470392,0.012461084916512067,0.024219105989529456,-0.02786380690498853,0.017804670947458915,-0.00803725936998547,0.010999990217573127,0.013083391179786763,0.01774570085859368,0.02398355735141643,0.013550302629627751,0.011891447490645319,-0.013026692753724266,-0.0054064946784934,-0.031109574785397203,-0.062392623797482616,0.014776285565203719,0.010185655020963014,0.017998928499155617,0.01434481417852823,-0.0026016692808746994,-0.0004257100820879471
2022-02-03,-0.01686113480229892,-0.039731407677506346,-0.08134849507057183,-0.03373836027519418,-0.3063905031239947,-0.05262435319819071,-0.016162405874435497,-0.013767667018101181,-0.008304485373080284,-5.809872232364267e-05,-0.016618382169036477,0.009426308231304742,0.018564290943570646,-0.024157089877134934,-0.01698017158628101,-0.01832706886112417,-0.042653488273675814,-0.05593307369343535,-0.05720773177549646,-0.008952034570581354,0.007004256408679652,-0.0005703624493011034,-0.017419733467415766,-0.011727788643113147,0.0009933274015469418
2022-02-04,-0.0016807975923664425,0.01544848166811572,0.1269489157684572,0.0014176011375132145,-0.0028218014252674732,0.015373101682716196,0.035474386816493036,-0.0007617046843740284,0.025627070531201886,-0.006562474099316216,-0.013698058174665151,-0.016028987051385942,-0.011523364767534412,-0.014189422789109726,-0.020381983120405102,0.014111200420286827,0.005291052785548626,0.029909577064880108,0.011204180107208141,-0.007144259166240848,-0.010606439895604745,-0.016558465535606658,-0.0009060568793270432,0.021479247215317732,-0.011843764516433061
2022-02-07,-0.004243471910117735,-0.01644482154041159,0.001875974577811346,-0.02897243932835704,-0.05273947862156071,0.016678294847449034,-0.017458706575610557,0.004814006228798178,0.0033374804508224643,-0.0033266954640146034,-0.005400066220141706,-0.007518712308745091,0.0010964094322602643,-0.006471331353066173,-0.016009520273352524,0.0034441917828117686,-0.012619645497830696,-0.010362290463421976,-0.019870875107860727,0.00395454217711645,0.010443944408571675,-0.0039500727294557786,0.0003623491641944101,0.011965885173092064,-0.009881280647597072
2022-02-08,0.018298262867639224,0.011923856892596995,0.02178265381683596,0.0014213089245085563,-0.02125509329256496,0.015250276852812798,0.016028052271245364,0.015456041146039936,0.018640119840479537,0.002627368762353089,0.003427862211330623,-0.0022481422544776246,0.019875637722418345,0.011380325797481394,-0.004689940582189983,-0.000210441078699682,0.0082678202722392,0.0021179098976432456,0.0035500591355934947,-0.02878852065902408,0.006472540342737912,0.0012215414897704896,0.00307658903093866,-0.02619252623058141,0.00021733659604749253
2022-02-09,0.008259727452403134,0.021599802443590017,-0.0013886979453967615,0.015609212045394342,0.05229198811549128,0.06166429669409218,0.010787525285489406,0.002920080453084426,0.00415916014566987,-0.00011665229644277116,0.012772321751045599,-0.0022533144531047527,0.009460388797186147,0.008073756289928478,0.01852539813626944,0.03279447619928479,0.020212490847979287,0.020980550105845732,0.022930398867197877,-0.004458735965870863,-0.015604975562775082,-0.00046507170812018614,0.017021112353555197,-0.0047984843093570205,-0.0021763719377681334
2022-02-10,-0.023881870794531787,-0.028783081793316727,-0.013654506185153747,-0.02121326507249931,-0.01708463553526193,-0.03354661215549319,-0.0298952129692807,-0.007878834136347,-0.004159160145669939,-0.012144139486854688,-0.02151002900416847,-0.015342437361556174,-0.023112000393505885,-0.025798788919511248,-0.018472057516940317,0.032936513527450605,-0.052590402358142885,-0.01987735955596966,-0.01616331297792602,-0.01704773563359094,0.0055547863714336615,-0.0209819743607509,-0.025550155783149626,-0.009666938080268722,-0.0117619807410331
2022-02-11,-0.020425657425750084,-0.024573849886749568,-0.03657177570139793,-0.031790447889882154,-0.03807266551495571,-0.07537770109054498,-0.050505215210130634,-0.002222231096574767,-0.013102654926005559,-0.010144448991931617,-0.003997485218476336,-0.005614807878430923,-0.0178061847557857,-0.013609659356987016,-0.012416937373289692,-0.01783691706339915,-0.04345411247081396,-0.04592301220358489,-0.03751783817211331,0.003551269494959043,-0.017918032875832112,0.0012466908244728105,-0.01783622766867011,0.024867179571916247,-0.005526720733304985
2022-02-14,0.0014222600640643283,-0.00013554737398784983,0.012147601490993106,0.009217601104881354,-0.008461988741114446,0.013190814845054064,0.018159773032297852,-0.015345619458508009,-0.009333628101892774,-0.012660836092051654,0.0028886435993162964,0.0028751557639377047,-0.007832037827323968,0.0036190824721630435,0.011802344542171148,0.009190377913531327,8.440799274659456e-05,-0.007241040022414911,0.01335250997945932,-0.01948755369726422,0.006447897814798798,-0.011214693696254519,-0.01344801542963102,-0.01545351977017713,-0.010249335978730297
2022-02-15,0.022888160265748574,0.018372503027355453,0.008621083638872947,0.007955758959545657,0.015044743218124754,0.08783855265479762,0.05191932445845771,0.0060906589572879205,0.014517872080896038,0.010272731798247966,0.010945498561893993,0.0005102334822439854,0.008041082239838921,0.004824146244117977,0.01953229275272437,0.025330959320302337,0.011515455202393006,0.03732753451418804,0.027090120691492622,-0.00020089661098211657,0.0037832097591549837,-0.0044489166753514196,0.02028893013547879,-0.012614039858008215,0.0031302287082038646
2022-02-16,-0.0013896934584324166,-0.001167759755916115,0.010107783346743868,0.008234256219416368,-0.020387577789347116,0.000603854084113541,0.0010402120327626255,-0.0017409779034880972,0.001808055679921239,-0.0005978408822194803,0.004379704994582465,0.007559400531211055,0.0037982541302415,-0.009014252327262533,0.003636480500129371,0.010480159806221075,-0.003760948373816884,-0.011784431617537698,-0.02328977227877035,-0.0022119595851181847,-0.00016407887178121139,0.002046603204008174,-0.000368438945395928,0.0046052732130411455,-0.006270829403490334
2022-02-17,-0.021498466807316135,-0.029719424546293973,-0.022050230393006458,-0.038476535089171586,-0.04163234008128031,-0.07860109976332133,-0.05228610180162916,-0.00667518741995519,-0.023301625268154845,-0.006118832790130173,-0.018569955294715154,0.011390255809359793,-0.020434341260173988,-0.006160138155659617,-0.024398758217683156,-0.02198613449014954,-0.04274716882531135,-0.05689186016739696,-0.029081345030161004,-0.015824868219061868,0.019834751583011113,0.002702105702082224,0.027633116668239706,-0.0015328103874476598,0.03928408195245791
2022-02-18,-0.009399828597700709,-0.00967759530109946,-0.013350682834785058,-0.016247356536517342,-0.007490171830367341,-0.03593377622463161,-0.022350967561475237,0.0039786797088072956,0.004677557425689287,-0.01077661778015652,-0.008585003268795265,0.0005001899111398267,-0.0053935024616691175,-0.0030803449962076923,-0.010085496266000162,-0.0104499865038408,-0.033659734164525563,-0.016076067533850068,0.011877403036827881,-0.007595091640481604,0.006738508865116769,0.00574075255467339,0.025492324963493615,-0.011183305608326616,-0.006429071866334834
2022-02-22,-0.017972930676774468,-0.000729743512973109,-0.01587889987657254,-0.004530876266124623,-0.01998898924729288,-0.010716127876842507,-0.04224617718140919,-0.0020350558395638013,-0.001776104990293866,-0.013682747788117093,-0.00617098421650951,-0.012396727919513226,-0.011393907183284197,-0.09266987323850433,-0.004497321495933382,-0.021840895600737077,-0.009444321248286208,-0.008725367217587498,-0.0361964045213835,-0.020821284410210316,-0.0041662332065250975,0.0038085606069025125,-0.016033973800218353,-0.01170214214954216,-0.01122301668629033
2022-02-23,-0.026204484310757007,-0.026234219150334706,-0.03641116014436802,-0.017292448334747173,-0.018126530774497794,-0.043828414620836316,-0.07254830168258311,-0.013362414535242631,-0.02116152003891992,0.0004964016828193316,-0.024562797078168795,-0.01255211954582655,-0.006268361556075535,-0.024720118734820995,-0.019355697918462453,-0.015104431992255184,-0.02062637307451747,-0.023803797224967286,-0.026638184689745343,-0.013983070273096842,-0.011140755574943954,-0.009909304960707412,-0.033595260256062236,0.004046088005151262,-0.01031318438844672
2022-02-24,0.01654244273675027,0.04983122236754762,0.04410800497645022,0.03921687768892352,0.045076102468537736,0.05901789976333386,0.04695367409397792,-0.0055315504412699655,-0.028237830624141345,-0.01928939298611137,0.006231865166496058,-0.027299375836802305,-0.008148454372173616,0.015409774512878092,0.0223111355046232,0.02391162207041623,0.07699121308110762,0.06967836893014205,0.0596091918152765,-0.0196062752935386,-0.017690800886027015,-0.017550580435368068,0.00531262440187116,-0.012715561151069333,-0.003857861757737472
2022-02-25,0.012882178431494553,0.009190679776777278,0.01593036537376894,0.013239995465851048,0.013777334413006484,0.017076065538655285,0.011299945777284081,0.034934683467507215,0.023383775865430976,0.04850720523458341,0.009025205566210481,0.04181258512148205,0.04264109280269266,0.010827304932807726,-0.0007854877938644763,0.0008695951664244346,0.003701478770630471,0.018430093946476475,0.0019723500323079314,0.03757881875800459,0.03794219727216688,0.027638381785262577,0.02365402334806765,0.026557054650649184,0.013658069109256144
2022-02-28,0.0016366059595887812,0.004965570716220493,-0.0014673390183547882,0.0044337844806219395,0.002609729451050774,0.009393908961035037,0.07211363413565586,0.006898908145016113,-0.04259166688844663,-0.008651577129801594,-0.014470063999979646,-0.014962370989896381,0.00025206131135837293,-0.0025929358033893344,-0.022661487976357118,-0.007181254772364515,0.004586245213413942,0.011657549446500855,0.009473860554250743,-0.01648022550910424,-0.0097529506126119,-0.0279434860823055,-0.004829738657151851,0.007423601959478365,-0.008985901129187627
2022-03-01,-0.011696284987317064,-0.012934919430817784,-0.015891148369833387,-0.007398343009124728,-0.0363834497866753,-0.037947099621475334,-0.006986492144572377,-0.014445145524744287,-0.038459449294634546,-0.0034695353950693966,-0.03364336306125341,-0.016688467583765895,0.0007982934224684965,0.013897963196087819,-0.046342838210160706,-0.018765978816037816,-0.0021405034408373664,-0.007820296292906476,-0.021210875445568007,-0.025678377809602086,-0.004347533278295666,-0.00901824443289922,-0.02083587091156944,0.009518458819095263,0.006121967508574953
2022-03-02,0.02037921376251012,0.01760948391917686,0.006006111112644554,0.00379707752857361,0.022449864328917896,0.03132804323729284,0.01779600470296842,0.021234929163305664,0.020528061153588902,0.012362025940887953,-0.002347381142663776,0.003125580441637275,0.01898923056081416,0.02198892053299362,-0.001132973276584213,0.011193106227720748,0.009596388809070345,0.007155107651505634,-0.0162087985223079,0.04173964744216736,0.007395530376865717,0.013770400492268565,0.027626427775957783,0.01703225253928506,0.001249244245492208
2022-03-03,-0.001983075998418604,-0.01432640008084193,-0.02769967430173762,-0.005006001758639045,-0.02500851505943181,-0.021113016494541496,-0.04724057511561311,0.012588749120055873,-0.007133385195441789,0.014588360534168945,-0.006013793578011458,0.0036999752119031243,0.002489641607684143,-0.009236825121164223,-0.00905007781966033,-0.0120856777555668,-0.026015713507178614,-0.02717331237211566,-0.03197703769504173,0.002721761271724729,0.0006406327708012747,-0.001071122661563652,-0.00142570317707651,0.006313323270244722,0.022727303933969798
2022-03-04,-0.01857965994461727,-0.020691022120138586,-0.015381483821486462,-0.014996344027472918,-0.014440876742051526,-0.033357874666541824,-0.0011922300504741562,-0.007349803239156969,-0.028532557885917707,0.005917959520069926,-0.03406301611463755,0.005040348333217563,0.024482618657710373,-0.00030845291718151104,-0.030460133929453372,-0.033885118028597255,-0.01525469766397072,-0.008534432753269316,-0.01737502945080488,0.016998481495833107,0.0015993736612756769,0.015075277092784133,0.007816447151922683,0.03694467732039501,0.025027172417737404
2022-03-07,-0.024003462081498745,-0.038508936329728,-0.05786267214586164,-0.04281187177170625,-0.0649985941387814,-0.071562487876634,-0.04104369101185902,-0.008085700093606948,-0.03938145944025465,0.015979868395464936,-0.04906483115550891,-0.014936568949660028,-0.023907265205251212,-0.004605601118038549,-0.05544540998951273,-0.052670577761789884,-0.031819342232088446,-0.03396772668030486,-0.032222322737572154,-0.013867521609878579,-0.02410142846050135,-0.020110207678789495,-0.01641408282313916,0.03539884324493552,-0.008084813421538252
2022-03-08,-0.011744906262672238,-0.011031928939065017,-0.010520594620232346,0.005728256319498534,0.014930352156687891,0.007558358359882845,0.024335419149005895,-0.013099845091003743,-0.007067700331763734,-0.020474161881509346,0.005282353064405159,-0.04038867097272444,-0.02792983239167672,-0.01885896842126551,0.004495689487717179,-0.013195136134514465,-0.01481338747613012,-0.02137563715299254,-0.02456706579081704,-0.011318668633350697,-0.04042642216432111,-0.02859852051690954,-0.021639235031103165,0.007547437616553356,-0.02089868282488314
2022-03-09,0.034399215161374744,0.04483807755023428,0.023717698424230754,0.04849236385566513,0.0422401066385066,0.06739911472482181,0.04107819387010212,0.0213699431305312,0.039280687137684095,0.0037860575999416053,0.04113282757142669,0.01339879863874858,0.02525610765053187,0.007468350180813999,0.04296650352855707,0.014318191345917101,0.04384200859330313,0.056082034743418586,0.04862860626160211,0.027239454569865196,0.005101186233842686,-0.002981688032367823,0.027557810018661213,-0.05852643327724635,0.005176163043019592
2022-03-10,-0.02756249166053629,-0.01013809055387239,0.052711186532696214,-0.007451584387744393,-0.01671314975193833,-0.015589705791719798,-0.024358017786858904,-0.0003073800741269103,-0.011911174136813604,0.0017696501060763881,-0.009001197129837553,-0.026081583431506083,0.012016504171134678,0.002329972207115177,-0.01084697013052055,-7.479216546200641e-05,-0.02679349960252163,-0.01492675096393494,-0.005646039921492265,0.009188688897174434,-0.01848733810262807,-0.0185315054285423,-0.021875419391707365,0.03057003492639138,0.022476197943957322
2022-03-11,-0.024199370919666726,-0.019517387241888208,-0.008845856240147519,-0.019512640248315512,-0.03971068673634242,-0.02493563337783208,-0.05259370365966602,0.003988403270562067,-0.0227813572458881,-0.0018287430057983976,-0.006385017231692076,-0.01193800524323892,-0.014637675401856499,-0.0036234801212301224,0.0006159054073791347,-0.014243399180455089,-0.052787222607388544,-0.011305355216010391,-0.047204868883098196,0.021514716293269148,0.0006908266394129052,-0.005060700547286096,-0.00036571197051481647,-0.005167889907679441,-0.003933909036312776
2022-03-14,-0.02692167032930048,-0.0130461986786607,-0.025553208143987614,-0.030644949715607394,-0.005237276490928228,-0.035462980011538095,-0.03711720154932235,0.010295880632809182,0.009882024202930623,0.013722930601833383,0.018235672410044274,0.01269670175877346,0.010404110116094769,0.004943620597639862,0.011631938515485732,-0.020861414701415972,-0.01178929645732098,-0.024450062923129144,-0.027737756439378494,0.03863166498193789,0.018273235089378212,0.013952669775645465,-0.00715653792981655,-0.03645477434865496,0.013840489731032201
2022-03-15,0.029245499165293558,0.03801116515365336,0.03813139923769891,0.02545310429131678,0.028523574199965544,0.07420501862938207,0.04530634609366675,0.0077581081658544245,0.01759014790076558,0.025588646559962843,0.028589423987189447,0.03535514042279767,0.020267714265421167,0.03147579099958789,0.019319979427352783,0.039286446429179125,0.024390290659704487,0.015516933800324307,0.037766010028373084,-0.0007661227154008287,0.01828071301577758,0.019753357821681455,0.023658890115613954,-0.05859634991336375,0.011938288063562254
2022-03-16,0.02860260881896683,0.024900743907799533,0.03819476755459102,0.03110987542258249,0.05865298977167151,0.06419026670135636,0.046704219074345354,0.010648255732787765,0.04371645103143456,-0.009239744326647224,0.02741729274653194,-0.003399751746106939,0.0007027150519585861,0.007187745154310714,0.028485720889617174,0.028936435011968926,0.047924686316039355,0.04695796220275885,0.03930457962382489,0.013507362406163561,-0.0026872676752489506,0.004392901616712467,0.003769733120892976,-0.0037625947805390385,-0.0029542800624601964
2022-03-17,0.006433251763209031,0.002815300093135714,0.02664947618554765,0.004181790880887651,0.020463912639262723,0.010962021351826529,0.03665493442277862,0.026019016511399415,0.012565243700776295,0.012979719618076658,0.007429798748559016,0.0031331508084561786,0.017428368351632938,0.016335378914277856,0.0050932569026158996,0.0095819187759913,0.00451101465540499,0.02327142238268518,0.0380604038801931,0.024637290747923583,0.01053962690662593,0.007734691514672944,0.006429783873061374,0.02629885581665714,0.0015184018677895552
2022-03-18,0.02070309419410243,0.017494087672136234,0.025192147663773066,0.016939812562471904,0.04077584602041237,0.06589771447953609,0.03803519751155836,-0.007448600123571975,-0.0003568227951422523,-0.011148058892044194,0.02617119375064573,-0.0005321680395981377,-0.001776613452080549,0.012937834760807142,0.010480719617634261,0.005933307583343472,0.019985295725284735,0.03910011866169047,0.024469358459514593,0.00496551290919279,0.00016638514167616916,0.011429236922318167,-0.003566996979200146,-0.00393298141243385,0.002960892929832438
2022-03-21,0.00850151671559544,-0.004236372613366542,0.001493436589994942,-0.00017655277476165198,-0.02336659921122243,0.010566647970475518,0.017268009913468576,0.02095240409915774,-0.003217452154689894,0.0056464826758705,-0.00949215593347969,0.0037885959477208264,0.003038071201650267,-0.03393780272360884,-0.012966317809909443,-0.012046572923173996,0.0005733907679804079,-0.023491484504630376,-0.0159169062084453,-0.005887754562265553,0.007955097079234424,-0.0014136920280355813,0.0005358613432273447,0.04389348277248948,-0.008354214848246248
2022-03-22,0.020587071389292767,0.016246511075224377,0.020820051155123028,0.027298198600975022,0.024105382279429453,-0.007886151370613926,0.0760832835953988,0.0007718493074200933,0.021044640693972726,-0.004731566167609412,0.006567057322851614,0.007667008749228235,-0.004619944519081184,0.0010923910037192004,0.01136528202488224,0.010691342111555287,0.027957161335505985,0.020791370688989574,0.021994000560463613,-0.021450019422779243,0.003624943562264798,0.010890267682435941,0.0030311356359728507,-0.004389209312218152,-0.002985936986568363
2022-03-23,0.00819986340501194,-0.01514420503213518,-0.009022396175222974,-0.011451097303453514,-0.014833612597609106,-0.034130435402085935,0.005147863044765912,-0.005070958804276947,-0.020113959565059604,-0.0037787128345269055,-0.017500246853713188,-0.007003539042665974,-0.00414450319927718,-0.03921481102459251,-0.021252370980187334,-0.017786181449488445,-0.09801512953112837,-0.03307864616368437,-0.022260949924117774,-0.016155401897940246,-0.006600604967853597,-0.005246708918062813,-0.030549109641107762,0.015639637053201965,-0.012948464935830626
2022-03-24,0.022424542504982,0.01527585739973629,0.0014768099843156708,0.023560623269804622,0.028221546689566626,0.09362766352477801,0.014714339594958641,0.012019591301679655,0.006489478924299486,0.005149079950918933,0.012176503474685609,0.0017224456303984864,0.020124671091231307,-0.0040135358769809665,0.02073741547071717,0.009544519544061167,0.021613913669042476,0.01350316700775754,0.0032524110917200046,0.007635158940436037,0.009556718793962709,0.006037550218119902,0.0003672005954488834,0.0030027947702493045,0.0061802656465035685
2022-03-25,0.0037272420931792048,-0.001382020430808117,0.0068448147304497955,0.0007129595274635061,0.010195163860369798,-0.016403756766091175,-0.003240181703986614,0.0179719224226282,0.00870426842621012,0.009541217712866555,0.005140671822384171,0.011516715590299048,-0.0008376667869292994,-0.01628233394816971,-0.0009450583714182977,0.0012946028132834325,-0.0012040835143985454,-0.013882186720036122,-0.004962943914808736,0.0036062228861211405,0.008978996059576496,0.0046705783942995235,0.008586777341903953,0.021593072035315967,0.004331316937642733
2022-03-28,0.00502382710556611,0.02285312181424582,0.02527066880086216,-0.0015363794888999594,0.007947602421041448,0.01885197125459733,0.07728050710253655,0.002255224987483888,-0.007425948809651225,0.005130363382340962,0.010655780159974832,0.006846698519519947,0.0003313154153672754,0.01152067503389479,0.0042027476063669945,-0.003023238548205132,0.04172426624002446,0.019939135359785563,0.012387936015198284,0.009428834928607934,0.006318169971998125,0.002961049130692095,0.0030878435724656355,-0.02845287683730427,0.017620108760387058
2022-03-29,0.01895376954812366,0.015045551525625677,0.0019184362663260243,0.007395444940665864,0.02765666731216803,0.015367236543270482,0.007054913567225325,-0.012453146681755295,0.0021981354348067435,-0.0005063290515348492,0.03275029238173231,0.010215635172989153,-0.004824678404580542,0.0108546893934754,0.04752738088424865,0.02604212438055722,0.03562368277391979,0.027534597244731018,0.03455999184501259,-0.010186992789261029,0.0038684727606552757,0.014734312485092955,0.009565980177555146,-0.005327239055390191,0.008389302202259176
2022-03-30,-0.006671800400927391,-0.004926313680464895,-0.017961531171231216,-0.003986913044530317,-0.008783065655669756,-0.03429138716984868,-0.005087674440050588,0.006987219376110837,-0.004543495555588845,0.01035465849576846,-0.018449021526240044,-0.006906757806907801,0.019563503184158504,-0.029546927882383847,-0.01455253003144911,-0.01002337605599376,-0.013536598761343967,-0.029115124195952448,-0.02677033653623149,-0.005704535157718905,0.0008041034155739206,-0.0013684785236596124,0.0068027139465246,0.016972859976014106,0.017772288375061725
2022-03-31,-0.017935642159283914,-0.017841230417004455,-0.020064520292900095,-0.020434162892027544,-0.024389748274428878,-0.014697697313780895,-0.01509517416561853,-0.013229888856219962,-0.030486855848556576,-0.013228032252843322,-0.009781950142903511,-0.010351752623312227,-0.02105272971067024,-0.03004524954468212,-0.013507287968126681,-0.027328139672175747,-0.009697792404204294,-0.012264282821313017,-0.018200109137236433,-0.012858708694880885,-0.003381213929355211,-0.003459036920459299,-0.0051873393035517445,-0.014305640011847585,-0.0063589374197441035
2022-04-01,-0.0017194719704632531,0.0035940260337827008,0.0034450322821231614,0.007757342083556073,0.011135889440643199,-0.021260677380827587,0.006465651918934319,-0.0029228550350864054,-0.00743678962026287,0.005401978364010374,0.020485915845230896,0.014875573948359576,0.005124508246675515,0.00851602058057463,0.01827185882019984,-0.0011672579192774286,0.005624832529879141,-0.0003298079216032397,-0.0029944014055201845,-0.003870761896890632,0.013934648856952454,0.014118885449796848,-0.0017950994381203441,0.006396847557016462,0.013936604596064035
2022-04-04,0.023416903107258056,0.017777689089010812,0.02884445449723015,0.019928508795468973,0.03941730731616207,0.023969033867272133,0.05459557817973847,-0.01850022570385349,0.004424566475987219,-0.009699320603053129,0.00607786580427854,-0.006533753336215503,-0.005026409619910112,0.012148949789098548,0.008045098027704423,0.011467018830531063,0.022913613306817942,0.030621798442247262,0.047147871075704305,-0.012291693904601912,-0.00526258962349534,-0.002595088870821233,0.0037659091056152748,0.0004809554836097242,0.0001989870156978998
2022-04-05,-0.019123487213623138,-0.013070635866605961,-0.025822642256601212,-0.01679038447458646,-0.008803459925302765,-0.05364285895730011,-0.048464637280470575,-0.0018254931706626603,-0.011705776759048502,0.006439252683944536,-0.007271302579926941,0.0034986047513228657,0.015061978342894564,-0.002359160015064549,-0.009832598903356709,-0.021591102180545788,-0.022062834683921888,-0.04061278444844115,-0.02941965878715256,0.005872205372669084,-0.0011199262121018244,0.0010622274972906759,-0.010325199214848426,-0.005184100823227797,0.0028426134932008117
2022-04-06,-0.018623151551455927,-0.0372924441682083,-0.03283328123701215,-0.029178977587685628,-0.03753127992674694,-0.06056904367232956,-0.042589069768463106,-0.00026104433905319046,-0.013971437401988635,0.02567920847181934,-0.03181574239971665,0.014192036496315086,0.026661774109265172,-0.02094875625785878,-0.027259203834669114,-0.022745824526279212,-0.03156722981492443,-0.04536493292165821,-0.031532347344899056,0.03131529684580491,0.010034195709195342,0.016906617258332902,-0.010065217817929344,0.011059019187229204,0.022973151894324816
2022-04-07,0.0018024416208006794,0.006224112080615137,-0.0061382328144399005,-0.004841426123888989,-0.001568696750119702,-0.008186841515062734,0.01093679078037125,0.005208247377922072,-0.003046640483358145,-0.0025823076797289943,-0.013144965104970048,0.012860737291859698,0.00973137077080249,0.014003659489316492,-0.00999142549714689,-0.005294251331607291,0.018706336143837418,-0.0032918671982227416,-0.016975053419276732,0.04240213011656553,0.0053738352468089435,0.0009276733196612718,0.0047707967518048145,0.016597953865834285,0.009950940534678123
2022-04-08,-0.011980493316666114,-0.014707365531016366,-0.021291810941382657,-0.019326151127684547,-0.0027847014171778865,-0.04602852386769963,-0.030510186068030958,0.018839613794672923,0.01814252818913159,0.0019787814731141756,0.0038326397556037732,0.007775246348037839,0.01664077506475405,0.027238888648987287,0.007751366049849179,0.0,-0.01643580837750898,-0.015050795261904544,-0.01746486431965812,0.0001811690775223206,0.0061285967394306,0.003355770290239681,-0.0064272824188279,0.02082827521127267,0.005542323324613218
2022-04-11,-0.025846853814994915,-0.04022997958209266,-0.021850949776512304,-0.03406518801829643,-0.02675699593131195,-0.05339220890141666,-0.049534931817513166,-0.003063359263419529,-0.0036775988848812406,-0.012598449278404863,-0.010330702613047076,-0.0038171421226176235,-0.015728574386984266,-0.014210970976401833,-0.014007547477681634,-0.009294671123494955,-0.024780176121637,-0.008761714545616745,-0.02239117268413953,-0.02273230224400108,-0.00031328007962841994,-0.0030659232094194335,-0.02613061391565263,-0.035038129356540354,-0.020019953606052642
2022-04-12,0.011457273735511874,-0.011281599698236161,-0.0022158166719546393,-0.008645927556358173,-0.010775647216612992,-0.019023589142695294,0.01122853693277581,-0.0064979675934519875,-0.011038142664819136,0.00033373514286888327,-0.01572262459063491,-0.0030143478435125945,-0.0069645526161532245,-0.001402925119607591,-0.0045298585137035306,0.001453168547839792,-0.017812650351575286,-0.003279934598027369,-0.011270149481897303,-0.015321786394849065,0.011684975777316609,0.004047261742137408,-0.02024924007044691,0.02065569265488873,-0.006894152568636945
2022-04-13,0.016210535338890695,0.01952043743122156,0.031037763445815297,0.01692120856005677,0.0039614469372553284,0.03198833864366539,0.03525937358618668,-0.01011557868859954,-0.03276444209777795,0.004215581056672243,0.008807168470677331,0.002825936828329813,0.006145338366830713,0.013393918777852483,0.026651703105848627,0.011474662345939086,0.011416237869993219,0.004660354079013598,0.0182286425660236,-0.00018846391681749433,0.0026299282724715654,-0.0017326069658761911,0.006348079532343661,0.014036853096804563,0.02570625875396755
2022-04-14,-0.030447200961577464,-0.027457561398398146,-0.024961650159491106,-0.024659635920335137,-0.02262730402225322,-0.043494056628773946,-0.03723709338922126,-0.005473953808526252,-0.009312644058670008,-0.004215581056672216,-0.002253196136911213,-0.005596861259758204,-0.004067645338928842,-0.01918968901907121,0.007517925910055864,-0.01430649903423344,-0.02635965078797346,-0.03277095335454761,-0.02689734504680019,0.00037689232167983645,0.004470054197295759,-0.006378666017786442,-0.01897080113408788,0.011681162970143365,-0.0008910603728658447
2022-04-18,-0.0013317434836721874,0.002462377771375979,0.007084013688019547,0.007440778647354346,0.0028033186593435957,0.024396557185865014,0.01939443951963136,0.006715146915498728,0.018383752378785142,-0.012529661801431028,0.0017842172096411144,-0.00956814930494331,-0.0013847513059918784,-0.014254320823453228,-0.0028547833696731108,-0.020911594910814256,0.011892655347044995,-0.012752084721435426,-0.009632018168675134,-0.024391610245671384,-0.008960312836104248,-0.00864701189886416,-0.0011732407106320624,0.008164288873609472,-0.007668509533388977
2022-04-19,0.014016531673381499,0.016896342428632482,0.034294010908479985,0.01810405620070663,0.030557257680629307,0.018872423532633815,0.023480261839117743,0.0053226224192208065,0.020495399615347826,0.03005150170741894,0.011798675801142,0.014851411661318528,0.0067551299556903605,0.024967933168675148,0.019621509809487275,0.03181218656936719,0.025364796863870477,0.023151196707644144,0.03132223287898192,-0.032545425034364736,0.00972892807037739,0.01444754137581758,0.013989097047282432,-0.008961608764321003,0.011290599037631958
2022-04-20,-0.0010161503801323624,0.0037086234627027406,-0.026386116801539967,-0.015261069198406339,-0.08090964584773219,-0.03278672965838508,-0.05082502163771964,0.000917820637073204,0.0035020368981212306,0.004414658649918513,0.009642731834944702,0.02625056664280023,0.015336747597204842,0.023566960276128493,0.0038950014556631846,-0.05717607084428161,-0.01917910228303877,-0.027330699727994127,-0.4325784894950873,-0.008606093600848703,0.013585179013797868,0.014754731305771936,0.022700196975177427,0.0022762870192154752,0.012481649994645488
2022-04-21,-0.004855300218030218,-0.01957133456826857,-0.03772931062801116,-0.025514131449627584,-0.0636010457632822,-0.06237485132734019,0.03180563608534794,-0.015077842964118513,-0.007782264752987217,-0.002886296035983873,-0.006171861208916542,-0.0007804928802642767,-0.01582026665865185,-0.015284314411773078,-0.0023298108311737608,-0.023637538664991724,-0.025143472422149496,-0.04953416959779733,-0.03587157980163934,-0.012947723220329107,0.0037828601237988283,-0.003596897049965528,-0.004537157274988603,-0.01062925651346004,0.0015023155137337092
2022-04-22,-0.028215547805250252,-0.02444103741000238,-0.026969363430673157,-0.042378990051449156,-0.021280761584631464,-0.03365727485233608,-0.003704429607069112,-0.02367743717105711,-0.029142849314159877,-0.009975376944826203,-0.03900463484962187,-0.008398762041835223,-0.031182239125929708,-0.033583876143134204,-0.037063051951928966,-0.028260186062741895,-0.02132864800887945,-0.033273311319590396,-0.012450036515782656,-0.02015715294581697,-0.014605576488226328,-0.01550499845312169,-0.02727259148916924,-0.022073492295548763,-0.019007394699197572
2022-04-25,0.0067146156113119335,0.02412024946667576,0.011872429325306142,0.02833614050222484,0.015521812293529308,0.0196369520396134,-0.007019222592886596,0.00413381691776898,-0.00031554346097246625,0.024324540876108202,0.008514603558905856,0.008029636951044099,0.0063718527449016776,0.015966228688992674,0.00969135853403338,0.014104800009902997,0.012837205815168461,0.018150918845903783,-0.02637488443308335,0.016893808910662163,0.010519424163384113,0.009193872937719927,0.011229512401198266,-0.03429425063856033,0.0005098680517198277
2022-04-26,-0.038042738426539977,-0.03812092552618232,-0.046830397470919216,-0.036607803582757836,-0.03283444587399688,-0.05760201761672994,-0.1299278575282087,-0.018874191958716816,-0.030027331881801636,-0.007175985548171816,-0.04306724160797345,-0.01712546718806589,-0.020211635213414198,-0.01646621377868245,-0.030028795074443743,-0.03546949122053783,-0.036483111755122775,-0.02605698287343909,-0.05639362781127252,0.0016329067707351722,-0.013589262017772533,-0.002535965233695507,-0.020226400392565506,0.0003642695948121807,-0.010504805356359562
2022-04-27,-0.001467757876853553,0.04698735232271008,-0.008819827903123646,-0.03739950589770362,-0.033720506081072354,-0.02005281671578286,0.005790878918745771,-0.0032413198209025685,-0.013091453840876234,-0.014068574828761405,0.06268743980337602,-0.0026944899487626665,5.8296150398571424e-05,0.005452415801600043,0.049494164059450604,-0.004848876691046826,-0.0030614092252735704,0.026686757657344774,-0.0509750117178115,0.014377156977629806,0.0078096877191638275,0.008904307556039234,-0.03173581333529522,0.028157494266489114,-0.006848928263254432
2022-04-28,0.044165610053465976,0.022380005050568325,0.045483928748159326,0.03632431882916616,0.16206444535829082,0.07160696399512351,-0.004548029513557434,0.005114643831385706,0.01568916631001349,0.007440761368977213,0.03013323368962946,0.025096669463596018,0.020439518201846456,0.033132148563895375,0.04663191247365286,0.0006941087899134886,0.031248302762904495,0.061392247691389894,0.0566042742827953,0.015361654626375693,0.0095636446300286,0.01504197398541578,0.02641742934036778,0.029797500035255452,0.012691358580047671
2022-04-29,-0.03729162163632969,-0.042711196516138895,-0.15139791287665294,-0.03794428612129427,-0.025900075287020367,-0.06446438482183207,-0.007721957937068309,-0.025807892385426284,-0.03280076753579474,-0.01648755303944371,-0.034720718299498236,-0.01765700901970232,-0.030729564192274707,-0.03711853723552118,-0.04163853810027515,-0.03226091662756878,-0.03616103337031663,-0.05420490946131612,-0.04699748572623683,-0.028923116164478842,-0.02416019925236977,-0.033163405383485826,-0.03313226743884277,-0.02261635343773171,-0.02082874078305203
2022-05-02,0.001964405380794404,0.024735042543831274,0.0017565476902947816,0.021444953709034063,0.05180951217696069,0.051797046510964055,0.03628977282780161,-0.014477130979549216,0.009090753752890904,-0.010136591798136668,-0.00753537327284272,-0.013608059894761156,-0.014657785839376223,0.0216349754370801,-0.012015337020853964,0.016613119289508503,0.028237511919431985,0.009221867306183355,0.04669669275300152,-0.014988699125245471,-0.018274648032963924,-0.023272597450948583,0.01780694126569792,0.013515573360665794,-0.006623376825384498
2022-05-03,0.009576984368748886,-0.009501597372173874,-0.001981867083020741,0.006421157423445222,0.004253560881569623,0.0035264421781501776,0.006963974902024329,0.0025110274098638914,0.021193481271008077,-0.001961235206850898,-0.014140187516246884,-0.013796121976656731,-0.003057962602455079,-0.006569530963157198,-0.003487493396695668,0.0004404441726709573,0.0007117160806553803,0.004438967883293351,0.0020534586430653525,0.019461874569456823,-0.0056907401876808445,0.0013700054851616924,0.0012026363558318048,0.02039002486484053,0.0034811303235186527
2022-05-04,0.04018954954968263,0.02868560848349906,0.013390415419768674,0.04113347016220654,0.05228090429708149,0.03666282161830341,0.04659599279666411,0.02418860191573045,0.03254596427910341,0.010656058896208027,0.028176285141689607,0.0073351511790451795,0.015885481184340546,0.03337572656659574,0.02954878107714615,0.022983461580320476,0.037962075019234494,0.03914318856700307,0.020501835849593895,0.007478611491814401,0.03044498355260611,0.03434591219359172,0.03271224099879849,0.0390286897934121,0.013740375598101208
2022-05-05,-0.05732838209249566,-0.04453171613846512,-0.07862161321968106,-0.04821955752090131,-0.07012532001995167,-0.07609995807025667,-0.08695990905101429,-0.02516088410345367,-0.02533801750614214,-0.01927467158952648,-0.04422308388295311,-0.018601185674763134,-0.02574121550187737,-0.052745178681028064,-0.041979496699197275,-0.03129621031004664,-0.055460515136785384,-0.07370987257111344,-0.08002628422172568,-0.024667280247476553,-0.008028573715644622,-0.020160604162855044,-0.03894167605838313,-0.015274351155746595,-0.008604888226418852
2022-05-06,0.004715981746479226,-0.009491645805145473,-0.014140750847553027,-0.006536016873622233,-0.021891424898804364,-0.009008560178909709,-0.00877557365586079,0.0006274302476903595,-0.0016152205389515192,-0.0022085742308072353,-0.01186099948462991,0.009920779796012223,0.009855734317536634,-0.01617746350324156,-0.017844946227368527,-0.02081727974441987,-0.024005599287412697,-0.015204958055692138,-0.03981140398693252,0.01210390462190867,0.003558943879671513,0.00011752045289124938,-0.005659763760303793,0.01516549748505023,-0.02103960986230207
2022-05-09,-0.03375250639185747,-0.03764520168207545,-0.05354166033985861,-0.028351450364290973,-0.03780628517804459,-0.0969180859859266,-0.0951126361970946,-0.018739512233973937,-0.015148117645053189,0.005428246887574614,-0.04962868828420892,-0.002503157143521098,-0.026775219231221125,0.009199622467810552,-0.0566875801757008,-0.030471321019538308,-0.03672671820735276,-0.03660781727956698,-0.04446184708782946,-0.008190136420293368,-0.002009965495988368,0.007541500342681202,-0.007528818004982321,-0.08213535806364926,0.011633080026822515
2022-05-10,0.015983390798984486,0.0184250939785459,0.0006432376717789796,0.016606280988350798,0.007312117331229223,0.03734713463796186,0.016293707630266798,-0.0013748988800169803,-0.024674110298874823,-0.0013544953308022745,0.0030005618700785146,-0.0052835885218208796,0.003263509013893819,-0.019960206385354607,-0.00814298721734339,0.006521932200212388,0.04187949985388999,0.021467235662704743,0.02600222209685815,0.017324349984256283,-0.009329998932465536,-0.0012237041200108467,0.011978512242682867,0.006608332717252757,-0.014177124171038925
2022-05-11,-0.05323318800538576,-0.0337738187343924,-0.032556515700991426,-0.006951650920945579,-0.04612721612481787,-0.056406646313755325,-0.08615264955046516,-0.003172692336407772,-0.006328331863624796,-0.005435624436979021,0.0160906954157258,-0.014183699133389495,-0.0038187326264148952,-0.028567523284890352,0.0016587539919672785,-0.023205498986977158,-0.03547943849303202,-0.0358116381469779,-0.06565748203293621,-0.0008084835010907671,0.004675847143320135,-0.004851732582222336,-0.018330305173825265,0.02060516170636768,-0.01051219153109106
2022-05-12,-0.027262393849754478,-0.020159492188540375,0.01468209351950851,-0.006699303870023212,0.013158753458660877,-0.027741393075905185,-0.008207980246495447,-0.011233207055256607,-0.0008467972145844984,0.009830777965104445,-0.012169902030479657,-0.00407090534708578,-0.01523428186459456,0.02350610803562447,-0.014310146991192528,-0.008591139201820823,0.023860901078511437,-0.005284643090863685,0.04662113782712058,0.026952455195485885,0.0031051734054620816,-0.0015246695165587357,-0.007427514728075441,0.0045293208761604,-0.0009489299893676997
2022-05-13,0.031417640166816724,0.022344733289123217,0.05569537333818603,0.028019159357983034,0.03786420679281498,0.0904367027376265,0.05555683158900242,0.007438305556322382,0.008855701400322642,-0.005751098412598336,0.02675638421992362,0.010667293095010771,0.013690382113379949,0.021649213841443107,0.035353122978910384,0.028540952650473295,0.0427301871846405,0.039659326111357175,0.07368992098682065,-0.009371068480501473,0.018583003914993852,0.019295990991070724,0.02595971519245759,0.02923233452770867,0.0038576401447342912
2022-05-16,-0.01072946876519489,0.0014543197127821293,-0.020052883582188433,-0.0139311426073487,0.007123855742745363,-0.02528013928244946,-0.06055559591829793,-0.0034534911017891604,-0.006993693147293289,0.006930982633135667,-0.0071530042523501565,0.00971701937699822,0.007838952775484083,-0.00013514229225549646,-0.009267580042517539,-0.020235021077581156,-0.006408520808765534,-0.0168568019558174,-0.006040423163550769,0.014912309553483268,0.003645395590682432,0.010023490008292455,-0.011363783362631615,0.023247750073284588,0.0010801640474061586
2022-05-17,0.02510474491110537,0.020140169163183813,0.04030980601090871,0.017565123372864814,0.012814931919541491,0.05153385581261507,0.050132289582274676,0.017022634299308417,0.03260977762355491,0.004146840750783994,0.030813191284633078,-0.0028405103293091794,0.006742962642403224,0.016618550603808947,0.027312877932085887,0.03236649748070401,0.01671405099931571,-0.002379117001396416,0.02148228575131742,0.013136336291127967,-0.0027328164246401463,-0.005772571326067676,0.03213125052062631,0.012673483418308167,-0.12076462698515368
2022-05-18,-0.058073338106900074,-0.046598812183773215,-0.07425163860523774,-0.04005841593068433,-0.05258756409596431,-0.07059761455457282,-0.07043726926027942,-0.02562754118195688,-0.017253922465034925,-0.018740743833187648,-0.019852596350646217,-0.06434866912085851,-0.043890765813488115,-0.05382375032722022,-0.008773667555542925,-0.04076833441506762,-0.029152657132194826,-0.03987325994585164,-0.07274449737565299,-0.018479003374081662,-0.07216859593442684,-0.0639655792652965,-0.045278475851543036,-0.015977363511080013,-0.0703262235457535
2022-05-19,-0.0249499423389499,-0.003706553786210594,0.0019259973748420684,-0.01363586044961661,-0.004953955536740419,0.010921553746204687,-0.0005496144580126333,-0.008153488143834698,-0.014933118878029986,-0.008928621111309315,-0.013187507342936014,-0.0232975727431983,0.015096224596387575,0.009006313666765428,-0.011015955586960577,-0.011184121642931434,-0.00883554067176246,-0.011056818932719035,0.0348830510236759,0.004947874215180948,-0.01980281678440267,-0.015084014748754754,-0.14769241329089652,0.005390781812712363,-0.027828006308981267
2022-05-20,0.0017455733751453,-0.002293761345852764,0.0025313230136676168,-0.01346167725736243,0.011693459679737915,-0.025431936822377578,-0.06631616117599509,-0.0003288592812486187,-0.008232632179454642,0.01732614713252301,0.008375533905727305,0.0006350141156779034,0.014892043555705685,-0.001982718682113533,0.011849284278971372,-0.00700523947577841,0.011872022303250957,0.025695172604710447,0.015520991764363263,0.035302526331395856,0.016201467732704436,0.006245824634879471,0.028823166577247802,0.007869100390896984,0.0010914136690748947
2022-05-23,0.03933549833827176,0.03152961574271914,-0.0003161006497306091,0.02341349018904863,0.013803296932685626,0.01214585638660408,0.016432950581559483,0.02002516867655608,0.06003298502278877,0.020209692391451598,0.04196514043641623,0.022731536391672837,0.012988484895412065,-0.004047314467545794,0.03579063470824088,0.03275201664628172,0.01903640874348351,0.004188015871150852,0.005832128313781553,0.007783563474235198,0.030364055051704152,0.020683305882626957,0.00950281813310983,0.021858144597961444,0.028124322699861818
2022-05-24,-0.019403220437392493,-0.003959672164763636,-0.03266897126205679,-0.05076095298356976,-0.07924477611660914,-0.04502753501993801,-0.07176955888757142,-0.0033259592364959204,0.014026396176232733,0.01086372750290577,-0.02403888732383693,0.017630445759354765,0.011074951730046077,0.006585828403366337,-0.022464349919066297,-0.04088901231557104,-0.02074171994240769,-0.021371925395621164,-0.03861478645073204,0.009972856107151571,0.01828554983393519,0.013316854536630266,0.009641969528648833,0.005417246837408006,0.01240211830010271
2022-05-25,0.001139400752030501,0.011108235551838706,0.025371870055026394,-0.0015582869932907128,0.013968657816106804,0.049574071263954946,0.04762508488803113,-0.0017157342394144173,0.006939971271185766,-0.009861245208504513,0.0059534997613681796,-0.016528264188162802,0.0010647385650182583,0.019433507919236398,0.011875395065361356,0.016305119680426264,0.010213461869767473,0.017183909524470374,0.04069336872173052,0.005601178898746896,0.0007806834337040456,0.006829106640912777,0.005240924755962524,0.019927168525326545,-0.006141299166000188
2022-05-26,0.022934533377781584,0.012793203121659928,0.03950431937060653,0.018610364546624687,0.04155513022982922,0.050317787737539185,0.07164265445291097,0.012428872557797016,0.017142355243608465,-0.000891277658685363,0.022843579952924898,0.008708117978474757,0.008277019951592456,0.03098951609204892,0.01477029184221708,0.022502952563041183,0.015041600462533585,0.01744803618922367,0.018828098337646364,0.005199519350949345,0.0035833413582798206,0.006724284143995848,0.022250768050613715,0.003524214042259582,0.021094115239204823
2022-05-27,0.03994792721167802,0.027230195902198072,0.0359770770988458,0.04111269290527408,0.018099573091852183,0.05238240233333778,0.0707688185938516,0.020931355851188115,0.014038867781176634,0.009042069924297734,0.02054985633544657,0.015176281285855334,0.009669935379419103,0.01848635509315512,0.02229952514226162,0.03452629343255966,0.04690038774052414,0.016119658760579064,0.01960794990578314,-0.001482696069526902,0.005892496597376727,0.009710983552853204,0.01390581539989352,0.009782570452107769,0.019491206296652616
2022-05-31,-0.005360464779348405,-0.005026550643385663,0.043030852834664374,0.012787666561943222,-0.007665212850177064,-0.00741656614761061,-0.0018051917677216725,-0.009856869813880257,0.007286562545148288,-0.008651907791474409,-0.0033409537809171207,-0.005664120639592407,-0.020580717483450417,-0.018684535958615637,0.00025175087977151255,0.010193018214563141,-0.02779861743641564,-0.029878900311640484,0.011461317404904697,-0.016269677189467657,-0.020303689812799744,-0.023681538159970584,-0.012573180115788637,-0.016427009140673323,0.001166657789664194
2022-06-01,-0.0008735189239223853,0.0020210935607627126,0.01219142464906909,0.0011421055434510043,-0.026160361777493195,-0.019031921685570656,-0.023876273341224673,-0.012002944265035297,-0.01770081523876549,-0.010189420616319248,-0.010613664450705424,-0.015263495413352405,-0.008551152117920903,-0.012240166493891433,-0.0022662920025734398,-0.01138287198479012,0.004025675537081147,0.09420895383442579,-0.023210936557434687,-0.012712433348776215,-0.004903144783205535,-0.007539486018685913,0.00398756769001334,0.018985225945787138,-0.02503257234487275
2022-06-02,0.01667121198589514,0.007897637092306942,0.030965911805553418,0.03222971753602554,0.05276063715220266,0.06712772790603438,0.04571303469577831,0.008737923877840819,0.015959969215155093,-0.003156090997176382,0.02409658097595289,0.010722463441414901,-0.000588964030657403,0.028788489555793877,0.016719392083364905,0.01526881255259221,0.053815448676317656,0.0676856467911486,0.061225167246561976,0.005901894865186963,0.010410142787601549,0.008071734518654254,0.01230535805954344,-0.0017390313445675505,0.016287416517497526
2022-06-03,-0.039318376883887944,-0.01674663362674952,-0.0255076393596147,-0.026547472122122016,-0.041480305979902744,-0.045528828719161134,-0.09672413884722543,-0.012813959453279218,-0.014037604727130146,-0.004129119973703445,-0.011222867842921848,-0.009007233111392524,-0.013601255353395214,-0.002586177544305259,-0.014592944150078266,-0.02004250775287838,-0.02645265578034786,-0.01869795699382421,-0.03024459192669077,0.00982261953221229,-0.011996973201047865,-0.011039927310329137,-0.01186324333788113,0.014434171466103714,-0.017324331329094198
2022-06-06,0.005214148778481252,-0.004714515397365386,0.01974655443905197,0.019705766255945174,0.018025121154531625,0.0035196321190710447,0.01591980642197778,0.003883846581313124,-0.0033090711095604746,-0.00011350703847521048,0.0013627107407805793,-0.003914523649433356,0.009366773810099796,-0.003907980696588347,0.006462751655649513,-0.007759974583323937,-0.0006983504162233261,-0.01109370134792182,-0.009290181361531879,0.001127107410878293,-0.001589284130147334,0.004176930737242217,0.0017663176925254815,-0.0025262551120216483,-0.0035971656630515
2022-06-07,0.01743301611951185,0.013856922385678266,-0.014447976483889591,0.002812249227583137,0.007181359975167473,0.007424632870832267,0.002542820180630796,0.004793873128510259,0.002617484480530363,0.010937645488745347,0.007299137032682366,0.011085982858827042,0.01401865843910856,-0.007001007353341938,0.010715788280470534,-0.00037093228470178627,0.00917868012297946,0.023134951732589414,0.007428934042166716,0.013057496543673594,0.006025984179478584,0.006143034756695362,0.005280498737159004,0.04481246785165526,-0.012085326506000929
2022-06-08,-0.005056224589363579,-0.007699156964672334,-0.014907309337206952,0.0003799227641129754,0.005047340012007277,-0.014586042559470927,0.012397350726358317,-0.01577822795999794,-0.016042587228711,-0.005961438774251049,-0.004672749002722778,-0.01253247093066118,-0.00720768975311577,-0.014149892534792624,-0.004653341052480735,-0.004183569777017604,-0.010623385316598838,0.010841201730686707,0.021025130529137192,-0.009122419407877553,-0.005707952541256853,-0.004995804911008389,-0.014366345844579504,0.011733049625145075,-0.008710859365609697
2022-06-09,-0.03661806930266408,-0.02100213627216044,-0.042394573681651705,-0.020329991350489934,-0.0664388882767448,-0.03270417804366006,-0.008970671737446728,-0.02605391562931749,-0.02123973390518777,-0.020343091242152823,-0.035226993541879185,-0.018219966106841838,-0.008342098741869315,0.007800689659133721,-0.03748311691819105,-0.03836394291608311,-0.005659072892152975,-0.011055080157791986,-0.050870445839937696,-0.03211661286947248,-0.017483766540621497,-0.01796024166537235,-0.014801966740690045,-0.021844831950453725,-0.010521432103994897
2022-06-10,-0.039394555852950146,-0.04558715791870672,-0.057588983573757455,-0.032516630352790545,-0.04689786797675623,-0.06135201689617245,-0.0316877053198606,-0.030685422703887008,-0.04705571859936808,-0.0067001920756020825,-0.03254554754338886,-0.0037971259157912624,-0.009855750146448912,-0.03605892188702748,-0.04168807254219602,-0.038485202229669536,-0.07948008140484039,-0.04738824026891612,-0.05233952614722732,-0.035581094070958115,-0.0063306161633561574,-0.0015986098328352734,-0.017550054696886377,-0.01844338920440156,0.0056032696804062965
2022-06-13,-0.03903709191998965,-0.043338420415923735,-0.05608072910711982,-0.043849124527801306,-0.06658729945094607,-0.08140371101475698,-0.07366972655880115,-0.035414568720978506,-0.03023076575670058,-0.0101352709821252,-0.03701549379396057,-0.02713478208514451,-0.0312914004807847,-0.021244816992143336,-0.045876011944902435,-0.037829330590297854,-0.05799219140292451,-0.07213978844119769,-0.07518502953399364,-0.04209871459032957,-0.0011406857849373035,-0.017253691787043193,-0.005764904591464676,-0.04697508771661663,-0.01899604311234991
2022-06-14,0.006650704789946348,0.009162835628999182,-0.013205363644664271,0.0030313858400305366,-0.0032320313479126768,0.01200665250861055,0.023606322357198544,-0.014020196837006869,-0.016779396568748405,-0.015457428049204795,0.006531997715914086,-0.03169509495861401,-0.017070675337338165,-0.015983733838633926,0.0074781922301143,-0.015690398051250973,-0.002235745327431284,-0.009561954930300093,-0.012751123470475963,0.0002086561173711562,-0.02780490598667134,-0.0229226432385442,-0.007661180588682128,0.002604867513657145,0.0004183802840562542
2022-06-15,0.01991171944150771,0.029301880076682142,0.05106358079343476,0.028170844929482425,0.0337489913862827,0.042709394907226084,0.0533736162801124,0.004635464794142208,0.0117665080145436,0.010645186405425474,0.013549937014456167,-0.00998686098532196,0.005571808026097429,0.0037967563437880606,0.010038074181818483,0.017464892658068516,0.016316209542327507,0.02462579668066102,0.07234564613659925,0.01223708508659954,0.007401120584882916,0.01064012548147753,0.020528639441624724,-0.012670851676441209,-0.0006695728600401201
2022-06-16,-0.04045895935933883,-0.027340462511724648,-0.03795462873180644,-0.03458222540720459,-0.05137080062608635,-0.057660359388495355,-0.08927688581957327,-0.03788648444501786,-0.017305243439396958,0.0005292311716605889,-0.036919182614172076,0.006094184857324194,-0.014345468893398793,-0.02266980806780702,-0.05239537338273438,-0.016828236575584132,-0.03191652809502312,-0.052996429463405055,-0.03825513824069365,-0.02146136684195656,-0.010106168130445405,-0.004828052589154839,-0.011019209545248048,-0.037582376513073425,0.010333304163351886
2022-06-17,0.011467227981873853,0.010880565795431714,0.02439607839682275,0.010413954060431519,0.017683047239241346,0.01772545662291193,0.017029157609637507,-0.001788950240531108,-0.003532650347624219,-0.0036517321046822026,0.005065190521422166,-0.00722666591404076,-0.008875399819119407,-0.01003324825262914,0.00616675740531755,0.000636085457938884,-0.011820375566387995,0.02110793291989174,0.012383435928862273,-0.020211360410199428,0.006075991782608392,0.0001912111091585355,0.0016147787968892944,-0.059394512324320727,-0.01950590012454353
2022-06-21,0.03223544265098241,0.024293871949712633,0.022895360879700146,0.04025019302191286,-0.04171567491609389,0.0422920840894011,0.08942411634475682,0.013670686583691144,0.02447035168453261,0.020732273575004383,0.022789623130121943,0.029846248421548448,0.06063788480082333,-0.0056674089257567435,0.02136710566036552,-0.01119226014149457,0.006079163470699694,0.021631377986009143,-0.026558976298387927,0.033392930857220934,0.02114465940103046,0.022973435035076498,0.017137212856370782,0.06037877304858717,0.03227435788745825
2022-06-22,-0.0038342017072660246,-0.0024071279863837865,0.0024812460138330314,-0.0005065953384305577,-0.007670037594431402,-0.01251320579238693,-0.004015858661335937,-0.00731216965718382,-0.005627416649469504,0.015656294942314214,-0.002936560555980639,0.015498413135866947,0.01929940707451883,-0.0008173759270548503,-0.003946023089298533,0.002248529207349801,0.006425759182815874,0.003709432039652612,0.04563400944354384,0.019757705062609585,0.007386139597511901,0.008179948414819711,-0.012997406480833779,-0.04037575982894192,-0.012188131252099579
2022-06-23,0.02134392894440374,0.022384111091702987,0.03153073437129849,0.006744559695465729,0.018436575431131152,-0.00828592957158917,-0.0043156097521520964,-0.008449621438005301,-0.010999780331215129,0.022060518531931413,0.014444811600505448,0.027067428865635745,0.020475970194493483,0.02366020536336713,0.0019276432753947343,0.008519746525054413,0.030488845008769992,0.03289582672994043,0.01564089523799863,0.02057346366216885,0.011867064909033515,0.012694518057951049,-0.01479820203137816,-0.03062572684161186,0.023986823855746513
2022-06-24,0.0242215652005071,0.03357981460779107,0.03512809079637085,0.049815547904528926,0.06940858827327809,0.054044545749933906,0.04425503260828766,0.03943350783981944,0.02940880405080764,0.01453252301677757,0.04412002514531092,0.01430317750545971,-0.00837813515133259,0.02714969819390368,0.042462256281003675,0.036238779246146526,0.02899356980849976,0.07173579263475303,0.04907574759095418,0.02950658415325274,0.01857251424856773,0.012294857329082705,0.026889127020475835,0.019639194507921034,0.0008088818808374349
2022-06-27,0.0,-0.010552238265529234,-0.02821501915746544,-0.01831880353263063,-0.003945312693615972,-0.015120205166451494,-0.003206786761701394,0.00043110986787657816,-0.00804440655216178,-0.0009329095936127974,-0.009533964787939508,-0.007649399672699274,0.020014705191516647,-0.0010962262725725915,-0.00506595101941133,-0.012037646531455792,-0.017300328267604293,-0.02510824370832005,-0.00900027302845605,0.005605334872244109,-0.002064449760358635,0.0013232751453098519,-0.007511314527639106,0.02421526737810641,0.0032278410982725446
2022-06-28,-0.03024245191295444,-0.032264048858957055,-0.0527726431080026,-0.033588067586673015,-0.053379163855138335,-0.05401447324406143,-0.05133914578061633,-0.01644193312141148,-0.004823499737087106,-0.028855090205853112,-0.027087760809356785,-0.016399203407867605,0.005482663533613268,-0.04537361787607381,-0.03257797333939951,-0.007167916685128638,-0.04136119804440758,-0.055858249289295725,-0.051755353299551186,-0.02379668532790333,-0.010064809439185427,-0.014166834976800054,-0.016354011068262793,0.027365565269357617,-0.014199520470301315
2022-06-29,0.012939802335669897,0.014630482027532817,0.01405345471235067,-0.002735680834409053,0.020085809088849015,-0.02791721371743184,-0.018100003611393488,-0.0013519510004433577,-0.004499830160549752,0.00028268521505967555,0.006941398308807675,0.009042213722221044,0.014197429498265707,0.013676329687254069,0.013419343604953355,-0.0028186342876274557,0.00781880516858191,-0.004969700674881008,-0.006928100323264315,0.005511973511788939,0.007199636581133688,0.016448310023835094,-0.0041890410137270725,-0.03763937725509492,-0.0036844361836661406
2022-06-30,-0.018191999378674644,-0.01326690343684556,-0.025195393281078386,-0.024821875804590974,-0.016544629944517674,-0.0249515917705185,-0.0177355774717728,-0.0017200100800432742,-0.023606831897704128,0.0029334530554374146,-0.013169069530148588,0.011119367406769562,-0.004041410144769435,0.0014592069247090225,-0.02228689614862893,-0.013154668053060944,-0.006643463906990762,-0.03319240618220056,-0.01976119176588408,0.028830451767079976,0.0028651728580516766,-0.00041967689214283916,-0.005612892576391431,-0.028547057202036666,-0.002792408568018024
2022-07-01,0.01603503918981528,0.010650470201934976,0.03105406439766482,-0.002071551684986661,-0.007594718733920773,-0.04286081091360383,0.012352524133575146,0.01627592085167044,0.012706430906298556,0.011259901168440455,0.011563608239163947,0.016005850457853597,0.007312961244307676,0.017385731709497643,0.008710513612085939,0.018264384495871765,0.006589218165237144,0.018965854302056495,0.028636268359031408,-0.0022915021356426585,0.02309803211974316,0.016247831493526453,-0.0009384856151126468,0.02205762855497031,0.008599124237320625
2022-07-05,0.01875328562120207,0.012518703696054906,0.035330514810317494,0.04077575844958645,0.04973292424936934,0.029913703806019744,0.025215114905161356,-0.00654387826833096,-0.003810958572293734,-0.007716993456092658,0.006804756428921244,-0.009697089995858242,-0.02378258530153957,0.016524690912710648,0.0032000363069372836,0.010759497888992484,0.021504994636005238,0.023502847769011247,0.03242218775623753,-0.012891079175179497,-0.01723382477154557,-0.0022458112925749134,-0.006177049825516852,-0.031796739510815825,0.013124078939024016
2022-07-06,0.009561435909496117,0.012701637628167582,0.007286182647943523,0.011490911009661016,0.009350412918067763,0.01103233715930597,-0.00573722846648063,-0.00014513202473185534,-0.00650308370253445,0.0008978788193647907,0.002888110666959314,0.009286503296703216,0.01969603900710045,-0.0005289708102226478,0.002846340596866984,-0.011383751590750606,0.016699530815424066,0.003073313556713289,-0.009839470046492608,0.021267290868898347,0.0020523239564003005,0.009949818439365798,0.017247719465697777,-0.018204924084275785,0.007057498271696477
2022-07-07,0.023715997030560602,0.008193239177820423,0.017341975999450154,0.03609480443166793,0.0141540080276614,0.04699450564364804,0.05380522947187794,0.01308293553246085,0.024978094986356794,0.0011209775371576274,0.008318422097157503,-0.0003424583324632204,-0.0017673422393132924,0.010907182516312978,0.01363898034536879,0.013952986850061078,0.020835236616915324,0.02238398287740176,0.027912770597586838,0.012621432430040514,-0.007916531304597855,-0.0019937431804870156,0.012338553992871364,0.03144115936673315,0.0015172359115051557
2022-07-08,0.004703773370029645,-0.002760902273277912,-0.006814197291832153,0.004791468591585145,-0.007636990634688799,-0.001262059428850663,0.02511707828484195,0.005534597811416341,-0.0031429410450514303,-0.001233192187953251,0.003789825467588242,-0.006734987987746894,0.008228442030784862,-0.0007674914402997878,-0.0031215490230939082,-0.016245419846224594,-0.0037164118878021215,-0.006474717186167589,-0.012172912654429035,-0.004690884359086483,0.0036494370952802556,0.008882505737015383,0.003926096807147968,0.0016275536515164943,0.0006381330268054646
2022-07-11,-0.014867876587543195,-0.011838424832821479,-0.03335256478334072,-0.03129217141901234,-0.047947849638351595,-0.044279413504641076,-0.06772231414560198,-0.008295455808042715,-0.013203274364021344,0.00039264846473966347,0.007292664589787595,0.007008940851598219,-0.003244492001680677,-0.0002793298235802554,0.0034918651209012675,-0.023431225855871436,-0.01365067406246584,-0.0065170012978647066,-0.052932905023972104,-0.005280096833381434,-0.003172558594469117,-0.008237077685088731,-0.003231973392557762,-0.005124677978128309,0.00039878178479122134
2022-07-12,0.006810528016846151,-0.04184483594876115,-0.022900025593117632,-0.014419179353424395,0.0023915361620741224,-0.004630656513511312,-0.005448427397798375,-0.004426178864385119,0.0009740374924823898,-0.014116508773947411,-0.0011710597297615577,-0.008872580277363441,-0.00490616547055797,-0.004444358286475813,-0.004110908024609696,-0.00042732139994393917,-0.022694129087356414,-0.04714821327940884,-0.016430601651814536,-0.01620148475818882,-0.004299231009890186,-0.005706670641304449,-0.009058331384715568,-0.01340106287073354,-0.003033817059377409
2022-07-13,-0.0025400047645072507,-0.003752033840143925,0.0107459397638012,-0.02366853172742546,0.0013466806109039503,0.005422210564538301,0.016890005886123306,0.0006850020688086217,-0.009427260568421032,-0.002334509499934115,-0.003276728767730604,0.006541759492893415,-0.025955072972592176,0.007199078728157125,0.0015781598134125988,-0.007076160561524263,-0.009632455412496098,-0.017221919650511435,0.012022619587335498,-0.004815395996483474,-0.004637938238123816,0.0035338156997485443,-0.003740111502372655,0.004015775318607508,0.0023956515884023433
2022-07-14,0.020275521474290247,0.005367021251241269,0.0020811275557193875,-0.008894147037023955,-0.033840493002437196,0.013623384109424973,0.005357484236889209,-0.011089471951908184,-0.035563651589542715,0.0013670308763229072,0.00858438597666222,-0.0029557962624718022,0.0023715108927816414,0.00797689437038682,0.00512045610265278,-0.011906107502102211,0.0027385948704902905,-0.015099141316044463,-0.010132692859935266,-0.007753739810986057,-0.0032112731059521812,0.005160055295785245,-0.00870272495865984,-0.020241172330025096,0.019353690995047565
2022-07-15,0.011385136064309962,0.010337041705165669,0.026052020207380393,0.012694680651872231,0.04121410571021397,0.02505444619714446,0.007330299130864308,0.014722931272455695,0.0448140062201227,0.014410603901906098,0.019858620786762652,-0.0013776683274581579,0.052948836330116024,0.010070583909492477,0.02293292626948017,0.03593197921583429,0.018331572845010295,0.03861395773317245,0.07880074235640211,0.006980902555026904,0.0051330577686596055,0.0008183861721293043,0.017330464103684575,0.01669862476312546,0.009731950797313262
2022-07-18,-0.020859104876861226,-0.009668355084740794,0.0018476894058662332,-0.02488726116275448,0.015244561529359092,0.021279444240952232,0.001997430616818738,-0.008003796333019408,-0.010323221863908463,-0.0226983263218105,-0.013565058436514319,-0.012206003947771805,-0.01978879738098614,0.0021865468236008244,-0.0047017517962755564,0.005238260576585249,-0.012263524650718201,0.0030421647142587407,0.00952562336280277,-0.01951283029341975,-0.013693305662003233,-0.016854443863211326,-0.010972457252214135,0.01828486219284809,-0.0023271755117677453
2022-07-19,0.026370691805455836,0.02055440931441907,0.0383717111840348,0.042907291749480804,0.049862941161486485,0.05386112009777866,0.020505045463666282,0.02604594478810521,0.02447677603303144,-0.014685774720145029,0.03065314228117013,0.005080810201693665,0.026748701114178344,0.02287229866974855,0.027914046423356122,0.04004431756743282,0.03302786408672611,0.034653796080677146,0.054579897361594396,0.01214266721665552,0.0141733117011375,0.01064082979620411,0.033017029345359925,0.024890762033516735,0.006116493899004203
2022-07-20,0.013419774231661019,0.010502029596613468,0.037849962832112935,0.0007904939532458141,0.040744631673448294,0.046848958450471066,0.007991447618970264,0.008743259644048419,-0.00017481566689492222,-0.005724058064207934,-0.0013582627476786283,-0.017438181781848555,-0.02655618204946034,0.008204214924963624,0.002611107286137813,0.0368588195621553,0.034615537495564556,0.04851348908065838,0.07087899123277663,-0.010764339319806783,-0.016609219894889806,-0.010640829796204145,0.0022685565926525006,0.010929015036362162,0.00830120622853597
2022-07-21,0.014981139610913253,0.009751532640550363,0.015036666950921374,0.0038555328192161997,0.00043692738215582796,0.013554223697339466,0.09331246499887616,0.0028277612722397002,0.006786849241116728,0.00350806196108451,0.013130028969462504,0.0009453138250874421,0.005739258579582431,0.008891791833448107,0.016420128487967183,0.007998752738260055,0.018312489731583247,0.01576989408526278,0.03379688465294932,0.005885708819947431,-0.0022790841303492655,0.0014846500887636684,0.010145677325998755,-0.016837531434143953,0.014514449994617465
2022-07-22,-0.008143594936014088,-0.017060687594183,-0.017891585334626356,-0.05797157319534786,-0.07891957871984051,-0.04134152743878725,0.0019732780255828208,-0.003212452323387718,-0.0048677432546335485,0.004717084593879708,-0.011584597273557942,0.015857074480277678,-0.0020116791108741885,0.00519988914173905,-0.00880124912367217,-0.014113236328926058,-0.017291805616015257,-0.015660345082106418,-0.015484638438004376,0.0021495559069865944,0.003741174801791404,0.006506543096730415,-0.0026956880808124213,-0.007664362605394546,-0.002568270891573626
2022-07-25,-0.007425952209973699,-0.0058937680503080726,-0.010510843951367622,-0.0036208591304415193,-0.015599235110293942,-0.017180104188534082,-0.014093787954092982,0.007178723399077306,0.0040002134660964955,0.0019736886547920872,0.0026638160575769222,0.006759488510221748,0.015339782613824586,-0.0014361592005465943,0.0009591944011065124,-0.0002921982962202997,-0.02504351430137994,-0.02879883295341257,-0.008793804997751524,0.010485730957292598,0.009694733658741846,0.0014138441893261624,-0.0027024953947338954,0.032760096014843795,-0.0014380188808717303
2022-07-26,-0.008865144591761057,-0.02713923530897986,-0.05366832967343516,-0.023433133129172508,-0.04604866607231303,-0.029265740219376394,-0.0363152186530825,-0.009349423529442442,-0.015745625923464387,0.0070491202794372475,-0.00834191653918348,0.0019425394575335484,0.003996136734378338,-0.02637791965770066,-0.008548810142405425,-0.028746981749606958,-0.032937760505704614,-0.03928620263681129,-0.021276371630594784,0.010185418348976277,0.016268263520834637,0.011590043232933318,-0.011568758223616834,-0.003897524094271922,-0.07909645014438837
2022-07-27,0.033661593880018034,0.06471220204496925,0.05226402422174665,0.07376781051466448,0.06347744118560289,0.07327828827944331,0.05982904612856656,0.017338529109018987,0.01591919210025317,-0.002767580384589584,-0.009551730677064418,0.009451295791677881,0.005664967985853848,0.002445128400927247,0.00581412254294639,0.03660388048877974,0.035027644117804166,0.056121339072053425,0.05829265458176018,-0.006714767524631275,-0.003169039993141565,-0.0013978419159227345,0.018311637340174356,0.021413610208624062,0.03709643010726016
2022-07-28,0.003565285000519656,0.028140748697123436,0.0107708959770675,0.010207817316407701,-0.05366090954271975,0.010845705464540915,0.021882347827174065,0.01232472367667876,-0.0037382549344455625,0.005757149668246274,0.004172175125486792,0.016479747281245224,0.01278691596628394,0.002405996965926414,0.026391540160270614,0.013435985555030911,0.026926832130781182,0.005475840342603905,-0.003224596146589718,-0.016231527768365683,0.016526714732041748,0.018763515295424124,0.02171607222429385,0.01161741290655398,0.024656049100266857
2022-07-29,0.032266685278185,0.015543907172978853,0.09859082981024253,0.01821854055394224,-0.01013062576371968,0.009904105561451493,0.056238328890716484,0.022540944965766536,0.004778947301022838,0.0018354150511219135,0.0035896333095483957,-0.06379105821554744,0.0015686355318049235,0.004362360442195658,0.0037946543843669885,0.01137441023899577,0.0162733001860727,0.014946611196871698,-0.00496761041371152,-0.0041493846912311816,0.0017158127374979782,0.0006859763494935931,-0.0054950090576391525,0.04526802407447627,0.017571025465708177
2022-08-01,-0.006172527298744108,-0.009772032990998951,0.003255181148895761,-0.01263098835195769,0.005203154602751461,0.015189999528670155,0.0004262206792024022,-0.015894177670610653,-0.01001868400248811,-0.0035014820250740676,-0.0035420848840683884,0.028318421661860247,-0.012916206822222708,0.016085822043523722,-0.009228518311204062,0.0011304604504845826,0.0023623718218519067,-0.005667652600602283,0.005807935397799919,0.001978101823414408,0.00543926918360981,0.011309873075039681,-0.001985787271880694,-0.025600851038348464,0.003703962243228136
2022-08-02,-0.009330530381085476,-0.011540722589920399,-0.009126353187385704,0.0023478394390222994,0.0016243254565940165,0.0045986116755507,0.011072869479979633,-0.012550449352854993,-0.01570807650129654,-0.00570887655212917,-0.024425623740334725,-0.006670095260449171,0.00014921742691855627,-0.016850229682432324,-0.0043742456498386964,-0.01431778356145711,-0.002752586597872617,0.004416769398091579,-0.021402424795967278,-0.018345636299138907,-0.01373301497590856,-0.00828510625869176,-0.007982346216350151,-0.004349072809713006,0.0010555662562507795
2022-08-03,0.037534426746585185,0.02745591572561691,0.03917484597170419,0.02530057949593252,0.05235421405780164,0.01961627050034413,0.022402858626649376,0.009503854356272174,0.010440813938805166,0.009611172286086494,0.010705621636768548,0.020430919958779454,0.009645937393750073,0.018646795346700027,0.014563392846047345,0.04033659175283835,0.034946676823725605,0.03138653744024835,0.023698537654362112,0.003415426215918248,0.004390159585247641,0.007606652379356129,0.017434144549591125,-0.03295989308984136,-0.01656707711465792
2022-08-04,-0.0019280821617688579,0.004168745472730209,0.0216251677554199,0.000931220598137804,0.010431049612899184,0.0168999855973871,0.004014952135593356,-0.0069743178575622615,-0.011063692868633297,-0.016167322553288257,0.023653354367907463,-0.0015887162452905784,-0.012844391372234979,0.002608093941667524,0.005463160766627654,-0.008289507121912114,0.01415010280275334,0.008505924851506138,0.013927997103478168,0.0,-0.003918816953442171,-0.005443580480791426,-0.0072455176336288195,-0.04298950634634411,-0.03850985030531095
2022-08-05,-0.0013900400362466345,-0.0026120504414335354,-0.012492693140300751,-0.00611063088152657,-0.020493494226823124,-0.01183158384674309,-0.0686033118290163,-0.0028718824556460618,0.029811198313317737,-0.003966223471261574,0.011180071210517808,0.00048383000864216547,0.0024512276510745383,0.00817061082375251,0.004036146179248842,-0.013876972225930324,0.006573937181829871,-0.005767753499409794,-0.013707531808099775,-0.011903656287327225,-0.0045650620978891915,-0.007533898240842739,-0.008187129660470143,0.014347709513013108,0.008011412549215722
2022-08-08,-0.002907294445870876,-0.00919718156295766,-0.009921207364734218,-0.0014481876449710396,0.018615599906675905,-0.0650547256387892,0.007789020718917544,0.0009239712913468763,-0.012255179681802952,-0.0053324620998235145,-0.011882726476363407,0.0037932325574687085,0.0028739003015026826,0.007334872215763718,-0.015077551536805041,0.022991813477964713,0.002097339173305706,-0.0022109231794354284,0.029158927163680348,0.006070270727715175,-0.006490063588473378,-0.004018338272329779,0.00022225683836814497,0.00563703911126151,0.008104025838790045
2022-08-09,0.0003032476528137458,0.007038736243877115,-0.011398203042398835,-0.005728331948054527,-0.010154240725523499,-0.040545575320667354,-0.0247155543645267,0.001469784361759282,0.008967048898254034,-0.00011755538635554141,-0.014448934133425443,-0.002343261549638175,0.0012294693017043297,-0.021906941618115974,-0.016087709479188212,-0.009022468620484465,-0.018051131855249886,-0.0403830032142575,-0.015320906740236867,0.004227623151490882,0.0012696674167058768,0.0037318348882686182,-0.0022237540938603007,0.01826929957045697,0.009825496799390408
2022-08-10,0.025857443733132354,0.02400968078342954,0.03465340706112098,0.025982048161128826,0.05657830991415311,0.05748647189211706,0.03816806100817755,0.007960838259542047,0.02575334000160115,0.002875288201960771,0.00871316382051969,0.009408687160085229,0.0008557297953718208,0.02065613601010094,0.019545875497191775,0.03899671964275618,0.027355224465132565,0.0343569805972982,0.05980053185983106,0.0034091683877285274,0.009471299198221579,0.008218496627647936,0.024193014910601322,0.009448692158823773,0.002092789556875526
2022-08-11,-0.004441505889936871,-0.007428183041473776,-0.014471032455294032,-0.00721056830727802,-0.004777669968595799,-0.008601730020307655,-0.026599955270312267,0.0045979184421413005,0.014673351282757735,-0.020900231682290635,-0.0030512008640219365,-0.007134202046416693,-0.009079191999792121,-0.002860380420825289,-0.007954936431552246,0.04572321475253118,-0.008038562480911692,-0.010017753671032503,-0.005792783029216116,-0.0337977976326739,-0.006778537581971055,-0.005128811857501229,-0.00261095040502489,0.028517396085395805,0.009597637834488103
2022-08-12,0.0211992737745792,0.016893530821392406,0.020479998229218345,0.023616719389364937,0.01681638923448599,0.041860470142131415,0.045690263130780645,0.01698976241833743,0.0164282096920185,-0.011069726486487958,0.0011838153339457783,0.009659919112368917,0.020138934128455032,0.013427815518644918,0.010470020181114597,0.03243620257440797,0.024485638736105014,0.01678129394574372,0.02683087117696676,0.03699593718926002,0.007563683340367784,0.012997897900162876,0.015349969171147495,0.00865451108689124,0.018318438317878206
2022-08-15,0.006313522528284635,0.005330038562170718,-0.0025808990121560286,0.0032820437025451606,0.0021584167899335854,0.01711718162442391,0.030493897831355556,0.0042027943508907185,0.0026985359667439403,0.004767924347341178,0.023800041192794802,0.012803946309035428,0.0017273955006425687,-0.0008898488910868895,0.015905919274010527,0.021885941630584417,0.011932862091837033,0.006142504035902202,-0.0007624649646615099,-0.0072102277662968225,0.012480665997825732,0.01093657446185099,-0.0004292121406751212,-0.018034442166025413,0.002869992257562215
2022-08-16,-0.0009243422457345144,-0.0025931340330632587,0.011112811619446402,-0.003117751803577311,-0.007881004911441754,-0.00807165874486484,-0.008952025876518947,0.012568418401209314,0.009508802196349347,0.008871194610877781,0.003321285322692158,0.009179502570085941,0.002713466763441862,0.03978788373417947,-0.0019466700308769216,0.005617388327587031,-0.007701058573987752,-0.007723752257030367,-0.01382394921105544,0.002208682230103427,0.008183679537979138,0.005784145891538088,0.0038561116520006472,-0.009359126838979888,0.04979501972833971
2022-08-17,0.008746677822932354,-0.002639656444963579,-0.018684262378250237,-0.01782412780524129,-0.026079616992964294,-0.029238439976233332,-0.008407578354357605,-0.00782438103684468,-0.008447792545030417,5.96441156710181e-05,-0.012139335313727007,-0.004612915538764859,-0.002052613667717004,-0.004960697412807256,-0.010971414957019655,-0.017355168822280675,-0.02200271775017628,-0.008634505942809482,-0.018651451571385334,-0.011903656287327225,-0.0023094157219464436,-0.0005548412571910613,-0.00235485654297126,0.008058593840988055,0.001075678206684555
2022-08-18,-0.0022947773358066473,-0.003955331657953853,0.0014064484864398943,0.005172616589650398,-0.0010872466001394122,0.023608042222974607,-0.0037131047703819653,3.2797883646700236e-05,-0.007779809411144158,-0.004844982610365568,0.0033974050706144622,0.0035451523258329797,0.0004032334047992941,-0.001689539212686998,0.005696572890666633,-0.0011406296687204423,0.00275986135526262,-0.00015965144942727883,0.016532718541190712,-0.01410347821625349,0.005226791552330405,0.0009983781840421043,0.05645594919859942,0.023369143760945624,-0.0032305121065254734
2022-08-19,-0.01521681581855048,-0.013950835754788931,-0.02901859297383289,-0.024940220203763935,-0.03911552903393384,-0.05047218122479905,-0.02069451464936621,-0.023240977495711298,-0.025056289153132814,0.015115467929627141,-0.01135350966014946,-0.0002673156237302102,0.005669815970957648,-0.012033808066787456,-0.008655865000162731,-0.02084012247430432,-0.0323374154028112,-0.02238449133931489,-0.016491274212663054,0.011664976846268667,-0.0007669711205765842,-0.0012759620822127083,-0.013664019047553853,-0.003183497231790908,-0.014850615705906916
2022-08-22,-0.023298650374157643,-0.029794833845847652,-0.03691702741982209,-0.02566584703458484,-0.0296687461273429,-0.04673620319674344,-0.023027123255798403,-0.029320995025970385,-0.016660066633754987,-0.0035142515938116022,-0.019980248795397858,-0.0026750663740418364,-0.006862655846371065,-0.02876142185227598,-0.02506615888912168,-0.035584803121968565,-0.03278588123416389,-0.0376483462899289,-0.06253908121624106,-0.005099770729320178,-0.014996016103167116,-0.009592151217007907,-0.020538007159611762,-0.0007444804676794415,-0.018042170900795268
2022-08-23,-0.0020313200490713825,-0.0047274354102575895,0.002998007806707862,-0.003331802646478896,-0.011969455863317253,0.00859271494666481,0.02230781558771273,0.003319819977332532,-0.009905633234802716,-0.00874978588074352,-0.008714302221439275,-0.019474507949003596,-0.01623547738861798,-0.017154083913997444,-0.013461532501456907,-0.009358897622718637,-0.002287779498218555,-0.005552825696128045,-0.008823103999893462,-0.018367765330385467,0.001089714179541472,-0.00044848124419428825,-0.00630789043298546,0.04156626697224827,-0.004244882239296981
2022-08-24,0.0017924734849791085,-0.00235430265847982,0.001346256547678855,-0.0014941377036535152,0.013256537937909593,0.002383594118982278,0.0021677745650455194,0.013272466146857797,0.0024210382013757042,-0.003316394437421157,-0.0006288544933810879,-0.0043110400955307816,0.0012309381615285397,0.003934892672302266,-0.0034676813939586103,0.01340449125747481,-0.011665965159674751,0.022528596341852412,0.022283840639843254,-0.012154435457280708,0.0013992522278569106,0.0049773052788214455,-0.007197244056897383,0.005900887014474268,0.0072128332548767925
2022-08-25,0.014812446699651005,0.01103439602050625,0.025676456345101635,0.02570256458266345,0.03325198414946796,0.03933895208195549,-0.0034616690754643124,0.015583906751113942,0.02347020863443557,0.00931765301363725,0.015126674594327144,-0.0008232068628347731,0.009480411076775505,0.005405411223932223,0.014495259109148437,0.008979396520565303,-0.004249126305309489,-0.034474634086134416,0.01885343549411678,0.00986064426334559,0.00480513997091066,5.5708733241991026e-05,0.004239991282376935,0.005160203372161998,0.006645922952518377
2022-08-26,-0.03842833753383303,-0.03935126404316857,-0.04873552390255167,-0.0556115121266067,-0.042358518191157296,-0.0968182563477114,-0.02732301898385137,-0.027786696405203287,-0.033276495206346,-0.01726044657568159,-0.03358607582239049,-0.023682562106270566,-0.02301139731947152,-0.03843333952014081,-0.03757316242273065,-0.029285552985541644,-0.05838973913620855,-0.05119933236484685,-0.04680912267877228,-0.022805268141829618,-0.024418209953233305,-0.023878574649051448,-0.029628602003621027,-0.012388541971304186,-0.031931467935496415
2022-08-29,-0.01378479607281841,-0.010725480317351618,-0.00736939497405998,-0.008372905999859577,-0.016264754870490016,-0.02863533255945649,-0.011415491099770154,-0.008693978427440352,-0.0024447792638482148,-0.0077612685639236135,-0.0027639103096101037,-0.004225562778106713,0.000981973646989148,-0.0059890321676768065,-0.007893162083065963,-0.004745215088468509,-0.015232693270443297,-0.03085303564325249,0.005760945613565019,-0.012681477583397414,-0.006039242339206473,-0.0031467190000743135,-0.003930109875793926,0.0227294562389494,0.009679469027266734
2022-08-30,-0.015423808200641164,-0.008557545053763545,-0.00820055348874808,-0.004396287549964792,-0.012708352817574736,-0.021299615936117115,-0.02531598923616216,-0.007087147818152403,0.00017497172846771522,-0.0035031519152623823,-0.004706350017393841,-0.01071425938268325,-0.013167311877353953,-0.01092603245633424,-0.004686991076684137,-0.009736245279148143,-0.0005064503382241063,-0.0033763290817963015,-0.01760973528547182,-0.00825354187369315,-0.009288962342111145,-0.008633889511191642,-0.010335449991337979,-0.03879741521032763,-0.0030147028291516277
2022-08-31,-0.010691980192492795,-0.005720121581206474,-0.01534276001209404,-0.006631203765098848,0.03605613747017027,-0.024476089977864723,-0.007554668468041173,-0.016319198038449625,-0.005961351405284949,-0.0067329895026952665,-0.013347208262519372,-0.01610851396809205,-0.006735921832873573,-0.009592823941406774,-0.010549435262168068,-0.0031179229439280776,-0.004355339108823436,-0.022484194511928655,0.013102114751767256,-0.013614762476175246,-0.0071049446251877655,-0.004170883245772115,-0.01156090320493193,-0.007503765447955285,0.000528078616605448
2022-09-01,0.004695721932390792,-0.004100697563181307,0.008248627364462172,0.013947859142177346,0.014804397746601607,-0.07975015692554593,0.005608200169827373,0.005788077659268208,0.006834874174394045,0.024490002981297745,0.007120550333865398,0.012248705627329964,0.008952052610424626,0.01701703210401489,0.00270948727378082,0.0040069258429481554,-0.007822945812250083,-0.016729028893420293,0.028573319571500368,0.030483477666438406,0.004688451013770648,0.010059240325982424,0.01266539272690624,-0.018157533844937027,0.014455631277367877
2022-09-02,-0.013704435216863015,-0.01680710298462204,-0.002428212185707223,-0.017372600249446372,-0.0309530402567621,-0.021027554813790317,-0.025395567131662106,-0.016997299751387304,-0.007010671400363272,-0.015850284868179392,-0.011913002613818698,-0.017919493381210377,-0.01470688122493939,-0.005023370515131394,-0.008305091050330265,-0.011889545052454202,-0.00647106942857998,0.0010417965318780865,-0.01723158501981358,-0.020145577351238703,-0.013804500585662502,-0.012750904832070673,-0.015576599610779918,0.018157533844937013,-0.011066213003365995
2022-09-06,-0.008249127255424924,-0.011034702832817383,-0.011040262841267292,-0.009689711610142603,-0.011164912136031073,-0.013425900496592166,0.015460425583855752,-0.0038971545402489037,0.00026357389128715564,0.002699957031850933,0.004440101161025188,-0.011217401200411422,0.002572498074545426,-0.008117740090659369,0.004701175938450505,-0.010032130620202914,0.00043444991178393384,-0.01290098444963755,-0.034739121806218055,0.0013117286184770448,0.0004902519304258258,-0.0067613327564042145,-0.0026947963341942666,-0.006717985924908012,-0.004974942559708812
2022-09-07,0.009211651641892877,0.018931189315500422,0.026371849253352748,0.024416084510660966,0.011601366862796255,0.01862050195159084,0.03325755641840769,0.015960786315264208,0.018812783036723423,0.005439377862806255,0.008920902068637736,0.015001497207756995,0.007697011461578781,0.02701992122780002,0.013911674210673946,0.023342507772713312,0.03053635192158485,0.010229608959547951,0.047264824392879386,0.008053360951613023,0.01830163242091532,0.02182359146556641,0.01229196595860684,-0.008567277958931665,0.02536681180150587
2022-09-08,-0.009664576148749913,0.001664662570518172,0.002622535962612139,-0.009824226166537296,0.010358198522271982,0.019925583319184356,0.019408586563541073,0.008150538664199352,0.02302848685917671,0.008013082392460688,0.0014461412306110168,0.0013066065567866386,0.011113648147389165,0.008135570782170453,0.004402811291625122,-0.003199767965402522,0.010244416915963096,0.023342380306622855,-0.00666086727712227,0.02038494405944702,-0.0030539004252520146,-0.003353535493860689,0.007744379394370525,0.008146201127166297,0.005070494641423991
2022-09-09,0.018664661383507922,0.02271707148591779,0.02622824562673727,0.02072853316561038,0.042819325537230786,0.027982333376284627,0.035389242849343666,0.008539676005670746,0.004794777301192462,0.0019332648278005057,0.02212378205205609,0.015117778024682185,-0.002894781219378426,-0.0004335462992051621,0.01735998535725355,0.025055250881216018,0.0286500854784254,0.03562291122626575,0.02659538854256736,0.016013541563456378,0.0032145072195519687,0.0031803642078730805,0.008777671811500532,0.016613877803536004,0.0030006678087161607
2022-09-12,0.037784977641439094,0.008247029756224506,0.023581047138634757,0.0018960435307323695,-0.0011237231318513702,0.008168269261308585,0.015693156705112052,0.009542528208891697,0.011762405202183692,-0.000422540947405548,0.006944746449455246,0.008112395646457217,0.013092339759624247,-0.007466567087388416,0.007623137945017771,0.010450419041857204,0.0039942076105602764,0.018524808493778026,0.012593211545679679,-0.0016734263090502123,0.0028841321671061186,0.00391803473364285,0.013670652636900182,0.011436883966535605,0.008948441175599042
2022-09-13,-0.06047172179841345,-0.0565476053226101,-0.07318946892343868,-0.06080496677969805,-0.09837504986954275,-0.09951760747159775,-0.041209445573060305,-0.03606601509662199,-0.03536686457303073,-0.026365025794129325,-0.034263697219299075,-0.02091184917646595,-0.03308722341727829,-0.0681796605673853,-0.039109789376547605,-0.04059291456001487,-0.0731806528654127,-0.04652876257198767,-0.08098384188204745,-0.03342534838281434,-0.03301910695160455,-0.03803460960549012,-0.05061319521751715,-0.023635437190441866,-0.020857607578711725
2022-09-14,0.00951007890278579,0.0009121621096685446,0.013549201586232946,0.006497299537315175,-0.010899478932451124,-0.00022823064835185056,0.035245873940170286,0.00046704704440209046,-0.0023224853081508993,0.020430834249097744,-0.001303059616787764,0.002385520530663199,-0.008185828999465534,-0.005737217864710079,0.0012592166144240705,0.006599597313932352,0.008460469570350413,0.013694611352750798,0.027090449234241778,-0.0008661517935742656,0.005277900725091817,0.00755750193281934,-0.0034061212327194013,0.024250005412328697,-0.002221040592264606
2022-09-15,-0.019111468472752934,-0.027493604607184603,-0.017816303428596674,-0.02010553448124612,-0.012756865025776552,-0.01527477073154896,0.0037601953268899466,-0.006196882279396183,0.014958347541387891,0.0025474210636517755,-0.020467840502924228,-0.007755008828229939,0.025449669219038573,-0.017522569250662947,-0.027661862851482623,-0.015497348207273894,-0.183840752745506,-0.034917571393852764,0.04901958201452425,-0.004560811051782774,-0.013680696195200556,-0.016738759514252126,-0.015358479868715521,-0.02950883056643279,-0.010805453517078872
2022-09-16,-0.011020631531759546,-0.002611638790569098,-0.02201762235626526,-0.0010695615724099358,-0.022039851416615717,0.020592415675291936,-0.0013177201460770078,-0.006853990005359774,-0.006725083939547488,0.01514993770653936,-0.010651676312565781,0.0060929246828262135,-0.0036207790950211808,0.016182936992243553,-0.005790275022028299,-0.02301254182262599,-0.031647498637219634,-0.02135303019665933,0.019979229706911045,0.0019568343181512247,0.0001681695326350185,0.00654961290914919,0.00023079214796830824,-0.017230645014058944,-0.0020999407196702715
2022-09-19,0.0247734887288107,-0.0008993364581976927,0.009106029090597056,0.002623065032946934,0.011756708913625092,0.013845411525048043,0.018680537647816527,0.014952657148175189,0.00918226159276634,-0.007907001588220759,-0.0008798911144757932,-0.00209923230580432,0.0048440521499941835,0.01599635160600639,-0.0034968263672842986,0.008462944643117424,-0.01155228931648053,0.008674580392467724,0.014470252967834558,-0.012900230283285604,0.007529473903766714,0.010485380152849194,0.0,-0.00010747074068780471,0.008522767957644648
2022-09-20,0.015543975334651633,-0.008501500020516965,-0.020012830448643673,-0.01890272521363726,-0.013124776827888571,-0.015513615990695253,-0.001100668054834369,-0.006545870259613615,-0.019915996950111772,-0.007909632429238277,-0.005503668257760904,-0.00355726765629443,-0.0014336242215943025,-0.022540206239795572,-0.002423004944926751,-0.014764489945236969,-0.01703270514182612,-0.020025029901239364,-0.003206754153556901,-0.014854533794103973,-0.0015014792505192076,0.0011256371013829596,-0.016767766824963563,-0.008187922576509443,-0.005823385033039792
2022-09-21,-0.02047574024842871,-0.014541332299208612,-0.03032676622578613,-0.018561517875891012,-0.027551091480952583,0.00643045919941597,-0.026021592607865372,-0.023327813105048542,-0.029259387431925778,-0.010296927147729338,-0.026644364462544708,-0.012956393953121757,-0.020718025977016406,-0.009528651798926594,-0.028394460948759123,-0.029050532244588822,-0.016489253630332087,-0.01459209190785793,-0.02493248347873377,-0.019168671543266593,-0.008382166078408143,-0.002845562813669416,-0.023525002749302974,-0.016249769701771763,0.009093461204026333
2022-09-22,-0.006395744851933712,0.008459660284166318,-0.010430481377003758,0.008625072736990405,0.004913540596316121,-0.05423077740476992,-0.041438568478665415,-0.008270721114589968,-0.011443815213743514,0.017604930337120614,-0.006598624228359108,0.0035301040416687596,0.010451334661945009,-0.008988154824525727,-0.020370184871610002,-0.02255106401843495,0.0026510751715049397,0.01692553529994698,0.0007596070998479703,0.014691334548390639,-0.0023597266287328127,0.0009493532850971356,-0.010635584478712452,-0.004186817673816282,-0.01029243663215496
2022-09-23,-0.015239162686278354,-0.01277937861219577,-0.030553234112175698,-0.014079105018814047,-0.017018491903741557,-0.00358886463681816,-0.04703665354268194,-0.0027598315184058746,-0.01878886976169729,0.003244080188768169,-0.009898628090707982,-0.004635949992212609,-0.007467998704989898,0.0066656249030105225,-0.016150531413827586,-0.02638265401707016,-0.008747125577753978,-0.02113413006986305,-0.045923538141460676,-0.0110547976945202,-0.01119996564102452,-0.00047436100024753286,-0.011979263399115859,-0.054686839899201284,-0.02528115340927201
2022-09-26,0.002257612199136985,-0.0019773533522603535,0.011968890924047326,-0.00578957168857158,-0.029194945661572602,-0.023279392277795807,0.0024668028538151034,-0.012967844012242713,-0.021767281306984156,-0.006136602682042826,-0.018489103026684835,0.0009586191857408417,-0.01027435018554065,-0.016222998462920378,-0.011890315195628207,-0.013966285373284025,-0.027071058485266315,-0.004704338590199541,-0.010389063337651596,-0.005687795911030917,-0.012535469831374012,-0.00041569475143705113,-0.0019694955852641617,-0.020857677590273783,0.009565046299953646
2022-09-27,0.00654484129004569,-0.004389509437842129,-0.00644711979642255,-0.006848105344079564,-0.014551733715763439,0.015016021490420006,0.024797737333229056,0.004341326503361642,-0.008841304824445567,-0.004597169723747504,-0.015176352409827374,-0.02787006954411187,1.9615444971209416e-05,0.007883970811718934,-0.012591342937051159,-0.023406918039878977,0.0022001194400659203,0.01741150980081263,0.0012934567151527874,0.005914733318868107,-0.026084660469064734,-0.014590955961081042,-0.0014798548912472317,0.020740956784106965,-0.0027454036632771493
2022-09-28,-0.012732364027190694,0.019519826308861628,0.030980865018271533,0.025817619387933376,0.05225667197765833,0.025688279493436723,0.017065662059063912,0.023491066455199355,0.02001566243015286,0.008572323708040647,0.0073378551607451575,0.0,0.010897131134542389,0.049022386482854854,0.012832824436358565,0.03636780129486483,0.013703942975051401,0.008560175404900573,0.08882228136535465,0.007681722388957863,0.010585820981633017,0.015896032509824094,0.02003502136339695,0.035742540622207136,0.01636004027414599
2022-09-29,-0.05036654083225074,-0.014919703845157823,-0.027577874271049258,-0.02663856326529304,-0.037411552121462445,-0.04135862453034359,-0.07053030781738932,-0.008127768500548565,-0.017091344427224833,-0.011061154086494334,0.0048993900322466585,-0.02516612165204254,-0.00999273861847256,-0.01377317285068594,-0.011821063776678752,-0.019812775985388987,-0.011257132834813239,-0.02262866669792294,-0.02264433533743935,-0.006095338527192644,-0.007221516930399443,-0.012288286178440579,-0.018801639469945917,-0.00202764041183051,-0.006481616533681011
2022-09-30,-0.03049952527893707,-0.01955870226193363,-0.015803691756381338,-0.01833577667820529,-0.005366136259723595,-0.006650588510246757,-0.011097446407076914,-0.009541621682557127,-0.015760343662508135,-0.007136673585834539,-0.013474928699808705,-0.019220127266128123,-0.00747615162130062,-0.008623879824643261,-0.00850961346002623,-0.03254016967031257,-0.011021839739521649,-0.020437597818438968,-0.01797375689642599,-0.00909945498643652,-0.009769930664297762,-0.0203118629620536,-0.014149700577829891,-0.015569410358319338,-0.019469892545810205
2022-10-03,0.03028914830879298,0.03310847724764142,0.02516733048685826,0.030781104658324634,0.02136524822926088,0.03026464789113272,-0.09008354847845335,0.021415360404390283,0.03044122887545012,-0.0009799155405046456,0.02226646155555511,0.017742654303532706,0.020518948764046557,0.027733812206097087,0.021364139843043046,0.0292510336225377,0.03583274650744962,0.027834666449568644,0.015174743360475924,0.008646248352081635,0.011183080896961736,0.01211553299278895,0.03174084213262851,0.051453520788254055,0.021584743496238828
2022-10-04,0.02530013920939835,0.033253336618481254,0.043978891324203705,0.02996039792892978,0.01197586744774029,0.05102546052897337,0.02862918608137619,0.027799157664938245,0.04572201500327722,0.014719670651273255,0.02178144621864767,0.012296677882047398,0.014749773990590279,0.020445171855035783,0.036471782703833604,0.04341721433891898,0.03354276346810259,0.05158746645688547,0.007086614374615705,0.007223633567437139,0.0022922954979922045,0.011192754964422668,0.022000582897844935,0.03579634249916479,0.012894902821710918
2022-10-05,0.0020512355056532985,0.0012849500017711342,-0.0011568286989317087,-0.0020684432908467387,-0.009310342219108385,0.003184751464822007,-0.035210184423729626,-0.004036818671527462,-0.012423475401706303,-0.0030838186580348405,0.010821937551125302,-0.006941770505011541,0.007427005497019932,0.0010010390040189,0.009678859038167374,-0.0063291301638964395,0.00813713829683058,0.0032054552995532497,-0.016797222850789165,-0.007676940222595177,-0.00955595757826596,-0.006664443469192607,0.004056788063190564,0.03961644803894177,-0.009956336719100881
2022-10-06,-0.006647306297870727,-0.009718145346068805,-0.005388563475942462,-9.852102804310926e-05,0.0006476627207911777,-0.005998726361690473,-0.011191467132615623,-0.010977805232513058,-0.02059284988799046,-0.019571568373030986,-0.011145109683884236,-0.02127737954986598,-0.015179034652965063,0.0018611277051346542,-0.014860992434338197,-0.007568185197872235,0.0034575934159903443,-0.004940860276393135,0.01380202151549461,-0.023622075951267092,-0.021749773091355715,-0.019465174796759167,-0.01125640552905172,0.029229449086878145,-0.009372745604067914
2022-10-07,-0.03741007943618769,-0.05219141858510269,-0.04888996644735092,-0.027387915264758,-0.041250809831362714,-0.08367947011299762,-0.06533110715825653,-0.02666331579022208,-0.020176286353710233,-0.010617655806200154,-0.009528555859712372,-0.01762774099226579,-0.027893008409861766,-0.021124291242788612,-0.014338698788325223,-0.029210977001848378,-0.03283790664313807,-0.03382163962353975,-0.06573359657218089,-0.0180311717839565,-0.009494403119806717,-0.007336544362165746,-0.03056834758572352,-0.01014335034571899,-0.023979108089658894
2022-10-10,0.002352826069761677,-0.021533149750910804,-0.007799184311071454,-0.008344404700895522,0.002544560652561943,-0.034198617098152403,-0.0004932430962923407,-0.007873674889080601,-0.009385266243847069,0.001309981472410317,-0.009016213537176427,-0.004112225916065737,-0.011935973896402538,-0.006563491280713235,-0.010873734832616676,-0.020799359508854236,-0.010618170902220099,-0.03142893676872024,0.0230036231311044,-0.013560511495589971,-0.002203853100644811,0.0012986575966590862,-0.00948109828119802,-0.021915114150512238,0.005894194026272341
2022-10-11,-0.01030794458213804,-0.016892074647714677,-0.01292739007238406,-0.006973087241890149,-0.04003121289259729,-0.0072239705306120176,-0.02940186584357689,0.0014226001566574546,-0.02928468809152649,0.014359297096647797,-0.01682761496236392,0.0037903194472843453,0.001902518460215902,0.0015212010778649539,-0.01983347914504332,-0.0218856589654741,-0.003119850633214267,-0.021304567001842085,-0.07066203574540836,0.00406387517181064,0.001653539262607646,0.004747051739698572,-0.007801820440531852,-0.00853486002170341,0.02557484417838995
2022-10-12,-0.004615313377829033,0.0015070618211969018,0.006130377153208065,0.003902717441464836,-0.008123746846867083,-0.007450566555040345,0.003412211010253521,-0.012459921314060315,0.016053367010769308,-0.00024573311698593975,-0.005036469600241132,0.001608632278549582,0.0003002008434622548,-0.008413046553225455,-0.009377787087333733,0.003324266086554957,0.004623663599401237,-0.0019660341058473515,0.030244010598937568,0.0026206889226269687,0.012041640006220253,0.04097202677806096,-0.007863060589498025,0.00437826285092364,-0.011370585450969129
2022-10-13,0.03306027452521451,0.03691816257742865,-0.0032826427568259787,0.01525804850603303,0.021646520476726702,0.03922085367734695,0.02041257160441261,0.0436543388409133,0.05410275452750615,0.015007605696097753,0.0353852233373231,0.01499599714634849,0.019706023984676066,0.008200894634439012,0.036654886689898455,0.03399424567941755,0.029577451126766473,0.021896466646835554,0.051358922920235035,0.022351088620882236,0.01315211715850198,0.030351083527157895,0.033553520407088644,0.03435174298465495,0.008426834240531485
2022-10-14,-0.03277137490190596,-0.024547535596109973,-0.05132600960921381,-0.025561079262609334,-0.02746728652852583,-0.06324626899845191,-0.07845410579918498,-0.011341119943074402,0.016503854837581163,-0.004186556260667921,-0.011108741021281288,-0.009785641127198678,0.006295074649103384,-0.022888492459014944,-0.018090156368264148,-0.022922107873930783,-0.02334144507502015,-0.022388634151752133,-0.010853902306471727,-0.0027956512932575226,-0.016057982428564915,-0.02563931015071159,-0.010147530556352636,-0.026660363276378052,-0.01408422136413386
2022-10-17,0.028706462914911374,0.038495120003436134,0.06246082010978991,0.034705587195998346,0.055842648017139354,0.05720781604317643,0.06770743117966126,0.01582734404382581,0.0411421058324536,0.012868343047096126,0.014298861869243371,0.017907075059775138,0.01690851135261653,0.01732181777634628,0.021757602627128236,0.030036650013795428,0.01912550569107062,0.03428125961454284,0.06358699094917575,0.018263969492677886,0.012831023375725042,0.01481405570280448,0.02699566786908254,0.01431384867798718,0.00718115602117103
2022-10-18,0.009365561461139957,0.004075573167259177,0.022334186457693587,0.007970547082898237,-0.009294039857123996,0.0066234527211248805,0.003822165646732409,0.016646554522449418,0.025395306272997693,-0.0034879430913786814,0.010310851920373058,0.008056007245255912,0.0006319701698696976,0.013420292561352746,0.01793724351635853,0.011746310905748644,-0.0017732544679679037,0.04223964328939634,-0.017450429668166442,0.010029917743821112,0.0133773887567693,0.013399151426222942,0.011794481743837355,0.001787417357627381,0.020866176544624162
2022-10-19,0.0007648783540915232,-0.00850576782390726,-0.011148202689094493,-0.011377350605234223,0.0032327146542339307,0.006994621688807335,0.008366694500343838,-0.01189284577568704,-0.019800825284112374,-0.007983035522887122,-0.0040686896312408976,0.009227436875328225,-0.0036259544249571097,-0.03414852960237673,-0.0087605404664547,0.005165215643432684,0.02311121778862198,0.0009115305508261099,0.1229823118681349,-0.022478065718953597,-0.008540808944416198,-0.009758359790196219,0.002151468781923116,0.02923115318952531,-0.0028366398479160336
2022-10-20,-0.0032723527640923364,-0.001396470960314136,0.0015630456934787908,0.003406803522335977,-0.012841913340917723,0.011796621076822911,-0.06878698522005931,-0.017432074237011274,-0.0032669094248787742,0.002547264858898764,0.004335887345531225,-0.012963940110186789,0.0010757791813178533,-0.02213106929805382,-0.0049830046623731685,-0.004049035127943202,0.008468918111184451,0.02461800541756625,-0.015614365347639245,-0.004650251803243432,-0.015850390452506486,-0.011020337831757383,-0.004067566108206923,0.0013480858968572048,0.0024638899693153475
2022-10-21,0.026699562518472667,0.02496631319787837,0.03470527521216521,0.01153666321635794,-0.011623700328397461,0.02206089842504111,0.03395945997966481,0.03230268215970945,0.05119435132302527,0.021569016755680473,0.01668495672142116,0.012443029545722762,0.02437042131872363,0.022276539416051292,0.020346624540303174,0.03439510617191384,0.013108985208042698,0.016810265664227744,0.07681327255413573,0.04644616347874235,0.01585039045250648,0.009288275889569942,0.0257972220132737,0.018399869019531237,0.020008729834894535
2022-10-24,0.014694384963195752,0.020966447152299825,0.0041816570199037775,0.013651112184064217,-0.002232798131068719,0.010612509518486055,-0.014987724107085643,0.01743934805877346,0.0012264187635203773,0.013365300703390013,0.0017847351473669454,0.006125171438874885,0.014637635812062039,0.027668300886691737,0.010625510455091552,-0.0031408737225472444,0.03164467183426385,0.002992323081529523,-0.02489551579492952,0.013040247661917331,0.02836454827265379,0.02634581949059334,0.01714207230149282,0.006965958682145138,0.018899208208118138
2022-10-25,0.019152866999088275,0.013697506279618901,0.006488657531862419,0.018937746394168276,0.058318092457267705,0.05120993299732837,0.051525211920993325,0.006103428727484242,0.002611321248112701,-0.0015800145349697473,0.019060830662838524,0.011451518235641188,-0.0025512339589070033,0.02441235622881421,0.018833473350048577,0.025622462394446373,0.023657006153388768,0.028352566808695665,0.029890395205139975,0.001097014386826433,0.023687903978993997,0.0033151611563392424,0.018658059601910658,-0.006777216626303923,0.004723239669026634
2022-10-26,-0.019822264778150845,-0.08029538417827252,-0.04182438724790477,-0.0958558241762377,-0.05754756610535161,-0.02791035807264535,0.009931639962148882,-0.0024923899864482493,0.011426035002413678,0.008748333729446953,0.045015302930293245,0.007005757451596743,0.005445988997139095,-0.000379426796531808,0.025678040335798794,0.0025838412476790764,-0.010275277697323143,-0.0329693085112817,0.0257798770582138,0.010256786582044129,0.007436409432495191,0.00447749912015582,0.00045061972357533754,0.01183007619823743,0.007609981154934736
2022-10-27,-0.03093912039791269,-0.019953960823939385,-0.04148511663717591,-0.028962714904295046,-0.28179391398547327,0.02147989887322932,0.0020011878357876823,0.004702691528084281,0.003940350539953789,0.0005801762989446815,0.004710120127271018,0.0007585959523636723,-0.0025255652203928997,0.0031316756801896047,-0.0004381602101634285,-0.0018174460879280389,-0.005726603592352243,-0.0010011566689204204,-0.005641739333526464,-0.0069717248369695764,0.0023542826999193036,-0.0010616089124809724,0.0009007254904256177,0.0038196488930620533,-0.002909285007914121
2022-10-28,0.07283422977204713,0.03943259006586888,-0.07046806314523207,0.04318735194623361,0.012782905920971824,0.048732172477613446,0.015123446596271723,0.03308133535219261,0.01180807952116911,0.014747909692238144,0.02441928554035751,0.025010810953571595,0.01727343293514507,0.025742745861119597,0.0311350263556449,0.01435445979640918,0.021821979099709884,0.02026271001630205,-0.004117028697239609,0.036281625131211824,0.020451283890983902,0.018554461052002296,0.027094989937165456,0.028867897055206336,0.012569096511579881
2022-10-31,-0.01553001392609649,-0.015983250656125048,-0.009424419446504203,-0.018658848753527746,-0.06281943844486455,-0.024661590430575236,-0.004297734947231046,-0.015268014290976845,-0.0015876331380747573,-0.005160037167414493,-0.010468259080745458,-0.004075848270649452,0.007068279619395085,-0.00847351386669782,-0.003923191612347396,0.005553198822141495,-0.02229280669350135,-0.002641223784268122,-0.013070328229044813,-0.01872801534849616,-0.015090273593194556,-0.003573091554981393,-0.004611847354168896,0.000993147827180708,-0.0012638836253794927
2022-11-01,-0.017698609581307995,-0.017206481835100467,-0.056733592543971104,-0.043687415692243055,0.021661421317615587,0.003402346767941662,0.0012298580156588981,-0.0032585190676395993,0.017872278293057663,-0.005071296244192732,-0.0011109231357827093,0.0015582042895610397,-0.014223076186108397,-0.000236578641364357,0.015150978359532517,-0.005081449640114163,-0.00781700705352651,-0.017183314469059248,-0.01773202008440214,0.030882450805776854,-0.003514899517978521,-0.004526355962969615,0.0006600331386176567,0.009877987140314671,-0.004506827257616087
2022-11-02,-0.03801855540652786,-0.03600887684229602,-0.04945158785215439,-0.03945476726719197,-0.05018814398051713,-0.024214784876273123,-0.05801089494975556,-0.016004774389669584,-0.00925045926421471,-0.015486845437017206,-0.029324556283499996,-0.014487772477132538,-0.007114843698260539,-0.025070279909004182,-0.040954692207196955,-0.04023243062465054,-0.047964569122458854,-0.06334644259673824,-0.049138962164588,-0.01977343064211418,-0.014014420401602437,-0.014039294139572773,-0.019771883298716403,-0.020766478618049113,-0.006656287230337041
2022-11-03,-0.043330349459222824,-0.026938592978990802,-0.03109058271107464,-0.04155541364336688,-0.018167220161087298,0.015165460237456503,0.0015338580999043428,-0.01957113756989732,0.001809821528862481,0.0017001135752024365,-0.0313393610850802,-0.006868641725867925,0.00033126018721885733,-0.025359559689994857,-0.03386713386119854,-0.025564642228985072,-0.0520938988340148,-0.02483741386153755,-0.014537359077029828,-0.0021451573370967407,-0.0005102823587847544,-0.002584003855196214,-0.016286333183305576,0.013502226683229033,-0.00021319759353272168
2022-11-04,-0.0019489741767371592,0.03278225688358284,0.018638216982674413,0.03706085193763661,0.02092463748224544,0.05331798818369185,-0.03709208198225607,0.01267256009372788,0.026990804400041514,0.00444177135150787,0.011385424275860765,0.018088823594585666,-0.01005760517001126,0.00894752748613973,0.029323184150250228,0.003319453299175324,-0.0006296973272977751,-0.04586627856543022,-0.03121890426428717,0.013860891600495716,0.00813286345931793,0.005609074814885089,0.015164020510101071,0.01083212948211825,0.0017750334517537697
2022-11-07,0.0038942688408029258,0.02884954841560034,-0.004958465035960488,0.021820764266982012,0.06327089803968859,0.010190875869959468,-0.05137700982212229,0.009417378062623428,0.005266271812557409,0.008709321905985482,0.015715244403326046,0.015206639735010973,0.012648557592800468,0.021731770719357838,0.021010745062439502,0.008499555962261542,0.04713069041614305,0.03390383729983332,-0.00843301395723682,-0.0027567921867231175,0.0038736213753994093,0.007966723251400066,0.0006734253620741033,0.011772763912605464,0.010443989299820289
2022-11-08,0.004166601465685794,0.004378764914814858,-0.006093813282808144,0.004622503977959341,-0.0025879793394467947,0.020829170448460478,-0.029766854567743133,0.008304725014993169,0.0006087489816139942,0.0049592272696431065,0.008360764780843187,0.0022687018138646525,0.014625401973232586,0.0029924447064932844,0.0019049229659606616,-0.005291214190738677,0.008741824252170969,0.017210768990389022,0.018619089345215636,0.005506200236982908,0.0018473508353596538,0.0027707949118655492,0.0013459635288836044,0.003162929174190086,0.0023839144856785334
2022-11-09,-0.033753291840257965,-0.01923384931015643,-0.043613588180190316,-0.017932596647792363,0.050531171368507585,-0.05823072755500228,-0.07436539035358274,-0.013625753928785667,-0.013093978710888016,-0.008027953591744935,-0.03744812091905295,-0.0024153511744972114,-0.02265762333605768,-0.015193446053062045,-0.031527634997897035,-0.14113925907824176,-0.010981137444187189,-0.03486341902358392,-0.03397227271858442,-0.01339448432392697,-0.014024035692247324,-0.012024782974514099,-0.01581578251419223,-0.045768477569797274,-0.02352533308370424
2022-11-10,0.08523651637830662,0.07905880472378293,0.11491535104712981,0.07307691861756849,0.09757415605003371,0.13391253441022327,0.07132888823212645,0.04917783366696997,0.04033472216697413,0.011645365730662077,0.058289329741454086,0.03385783209661145,0.006470981995984976,0.08343073068978148,0.06628135529812958,0.04187725149294656,0.09893248492699244,0.09552799308566767,0.07673268480636258,0.014027733737079726,0.03527324676447547,0.01748828818191924,0.039080480611717046,0.014585440089718736,0.020509494117164736
2022-11-11,0.019085380993442966,0.01685461689193103,0.04214992986278232,0.025953565684979845,0.010227165774310553,0.03597969619930769,0.027155202242509627,0.02127597343096169,0.0016273287769747692,-0.030375564455449845,-0.0027765125513460422,-0.0014886785363972285,-0.041440670338583736,0.010340643214150869,0.00597149942924879,0.04907443684107287,0.03338108054439038,0.009107228782981413,0.05366712385382222,0.004632682673423024,0.00720137084128968,-0.02029255341318532,-0.0192375492222288,0.03074420981839935,0.0015441859651253783
2022-11-14,-0.009530773721835802,-0.02275719223223722,-0.023084154958510447,-0.007391770143018078,0.010561774665128044,-0.0019617212011408527,-0.02594999483044167,-0.002618683268126102,-0.010326671262514155,0.015594079189020034,0.009032140526133497,7.084383061014983e-05,-0.01608414811276981,-0.025794794129405493,0.00023553071353613324,-0.007713059808789506,-0.002288998510501804,0.005878876716523988,0.03101706225873052,0.03387374613750718,-0.009668373666306872,-0.0074412911879301775,-0.0011171729889864767,0.002915152327584724,-0.029827602921326146
2022-11-15,0.011799349778232392,0.0017374035338495548,0.004558631983396615,0.028229057646149632,0.024731043239564657,0.022512504095442556,0.018009160285334423,0.0034578305192502004,-0.007270039522150161,0.0027882779208493356,0.015017769454326544,-0.0034816618563435382,-0.021126766294423324,0.016191436332761957,0.012125426889883922,0.012961850248229012,0.01628988987922161,0.021264869499664666,0.03587108801403567,-0.013700456624910306,-0.0016477303767030574,0.0025995293812500304,0.003569894172002162,0.006681197560776786,0.0633456828045567
2022-11-16,-0.008366004221173043,0.0018217174629607045,-0.01856627488370591,0.0041561677750437676,-0.03343631407195371,-0.0464231488845812,-0.03934004993858786,-0.0039435070007759225,0.0013532394469572438,0.006187817473133778,0.0007139954878619973,0.008858348240944761,0.01677661806045526,0.009508135211130168,-0.002185806518448918,-0.016468319104123486,-0.022064947794758736,-0.04382934620979012,-0.013566829640991068,-0.010764009033224437,-0.0018160085206871536,0.006413115223776964,-0.011423635626958554,-0.010746861182520613,0.007163583249307715
2022-11-17,0.01288808374191616,-0.00020679917133760578,-0.023650675297741616,-0.004969191076514813,-0.015845189305574225,-0.014753159161948928,-0.020266034660649707,-0.0042843535125124035,-0.004366614392380953,0.008038462759768758,0.004036793290903362,-0.006157074588212391,0.007382045686661413,-0.011080068988347088,-0.004356690066859812,-0.02697027876466587,-0.0017154183143634687,-0.035632474925187785,-0.03572638127080637,0.005810500916696867,0.003134451790536665,0.009487683318790798,0.04837171966267277,0.0013274361574783019,-0.003372825996574217
2022-11-18,0.003774514954555879,-0.0019051848423431374,-0.007513650804188213,-0.009500223580476246,0.005369288098797935,-0.01724283453182337,-0.016402810087859467,0.010740987309523244,0.009760528013461547,0.00763394334963339,-0.0009008843929577663,0.011995368744682778,0.028108224649377823,0.005571303888425727,0.007066376359947575,0.003820031528983298,-0.020847489724982553,-0.011084003976536838,-0.02503300965073705,-0.002071209655985842,0.007057791254353225,0.007194942697460958,0.025430525214095098,-0.008705658141800776,0.014955299334882832
2022-11-21,-0.02191875099659465,0.003434888081283671,-0.018006920831346168,-0.018961228291521897,-0.01973832775153501,-0.005988578004013069,-0.07082202204033466,0.001414890022720852,-0.005919966214351614,0.005127750166267539,-0.021481446204828374,0.012615882044810341,-0.02446655241870073,0.011429498284860685,-0.01595492758806053,0.061060275137879705,-0.028728872286322843,-0.02178368587253443,-0.010226470900983522,-0.0010374072890504311,0.015257755267827015,0.019064060492333692,-0.003563737441158406,-0.009953185850119364,0.0061052578347841925
2022-11-22,0.01455488551610899,0.012236425707004044,0.007971580289157953,0.01505353068144013,0.014279344767079436,0.04599763943040668,0.012079065403443036,0.014546630752042256,0.014846015716105367,0.0048187924135298125,0.019249249947318338,0.008551663901921856,0.011343192602060003,0.02524852325099,0.01964323595018764,-0.014139315430789676,0.028789378018337038,0.029923912646321053,0.005736940401729956,0.018507722513573903,0.004339820356346223,0.0001079891972987615,0.015833736584029662,0.028516411562166957,0.0035662887143496874
2022-11-23,0.005908991162456393,0.01035312047562484,0.009929087433161624,0.01442401894936312,0.007153165633407092,0.029550184308974912,0.07530952893106566,0.0013291862213721938,0.01060684984614914,0.001073846491294501,0.0066342009546652,0.005683519362402112,0.012576230310861154,-0.01042752672964649,0.010611473468817108,0.027373654200406716,0.014700393335767881,0.019835535932669936,0.016638478266407162,-0.004697410292205251,0.004480669078778463,0.0012976414903771267,0.003919590602625087,-0.00500469736377147,0.004800764224871409
2022-11-25,-0.019788177877130213,-0.00036356000606552836,-0.0076783312910851725,-0.010208212789010533,-0.007422367589255434,-0.015188111553638257,-0.0018575995078746789,0.003945650007358193,0.0019034755944695595,0.0012985681002992983,0.009682388088211088,0.0018418580373090704,0.014822280849489326,0.015033883711395217,0.007572144357686813,-0.00010117227558144631,-0.004417423061974062,0.007264626978569135,-0.020657838417552265,0.007342572985546062,0.0009575466028957497,-0.005254579052096936,-0.0035063190926309016,-0.003526968161705116,0.00425558867901828
2022-11-28,-0.026615497713391077,-0.023424714676336746,0.0057642482872482335,-0.014573340400457782,-0.023889578996455777,-0.02760565140069181,0.00032805270562665304,-0.013191895074708752,-0.017632922389674146,0.000507602507620907,-0.011904768900157675,-0.0008178556718639916,-0.010001118656131859,-0.023122160419096826,-0.019256907444411407,-0.03269204121928565,-0.01607219200277511,0.0022148135249793087,-0.015422665052178127,0.007289145423009479,0.00015935570631130582,-0.0011957493210714451,-0.006633452589747325,-0.03049298246717933,0.002870458008765603
2022-11-29,-0.02137496243855573,-0.0059326038304277455,-0.016419307746887702,-0.008993841018183324,0.00623176415093841,-0.011949420027679477,-0.011491515256992131,0.005919864160383494,0.01631559234375666,-0.007017180913399722,-0.010468164077038345,-0.0076693076255258275,-0.008054568507447516,-0.009324778902573262,-0.004245779124807032,-0.010505373044676998,-0.006679407040950335,-0.013164712792195436,-0.000747154891457618,-0.0016152246694061596,-0.0035148218108967556,-0.0070947964795643565,0.004150996187749296,0.006625947976914418,-0.0035240103730191192
2022-11-30,0.047450188998079026,0.05979933917976632,0.0436140540859465,0.05914645650666045,0.07597238171824086,0.07916175241820587,0.07390252318127676,0.010951149036885663,0.011793119659382999,0.010788394532653546,0.03727606858594065,0.024980837940204302,0.036740793352322006,0.03112877597464653,0.03794437947112232,0.03303165345732438,0.054054318792884214,0.05496225385867952,0.08383562263925598,0.012848871223155107,0.024991272600558268,0.015865636391559013,0.029389986284966647,0.007211011044165084,-0.003602036314764763
2022-12-01,0.0018897779195136699,-0.001765173908662254,-0.010831192229061232,0.0,0.019620088375917877,0.012449411321497543,0.0,-0.008700671982955297,-0.014139157297510509,0.0041486157597987365,0.0,0.0006033208348722514,-0.02000670971905046,0.009461466087314093,0.012269957186844697,0.007329644620248938,-0.002380145528520552,-0.08630284865903519,0.036696066119485615,0.018773475275709536,0.0028257050889543556,0.008318679735865682,0.005015573470115048,-0.004861677949818243,0.006213609040393336
2022-12-02,-0.0033771353175273775,0.0012948677826467977,-0.014449471106160492,-0.005460917181138055,0.025008424235183235,-0.015230609892032414,0.0008214584254523483,0.000981020548571068,-0.007958805208541869,0.0007830576506664978,0.003036780204434351,0.009070942990299747,0.001680134973374053,0.0028090820326167115,-0.0020529988132323303,0.008484252822968141,-0.007525811822650988,-0.016737718507339183,0.010857414021206045,-0.003333704198211418,0.008740640977069872,-0.00113019895259747,-0.005417701545068183,-0.008519983151227446,-0.0009787257626431498
2022-12-05,-0.008015263742984826,-0.01908138325148396,-0.03370736231877925,-0.009603941037332853,-0.008620711236876352,-0.015887730791172335,-0.06580520897353867,-0.017807422816459115,-0.02844146554783382,-0.0005593180300059179,-0.01845461949016278,-0.010143404192026669,-0.002091122665130264,-0.024412357710359343,-0.011087233860655694,-0.035835180042144775,-0.022025112513856582,-0.07637728161510403,-0.024708984515275607,-0.0035418262463652816,-0.013769687030426239,-0.01393703153462145,-0.007472569157133812,-0.027780722335154363,-0.010299285091185488
2022-12-06,-0.025697438842172144,-0.020512746307889573,-0.030795718248338627,-0.02545169509249921,-0.07028888854347017,-0.03822902215834349,-0.01451975486845227,-0.009024104312853335,0.0016733736607456786,-0.015103968496595972,-0.021762626705314495,0.0012734127010359704,0.007967505587815,-0.00825054147269169,-0.024332366616787986,-0.03868295480026628,-0.008838980295266642,-0.004940255490813782,-0.022746301924372384,-0.020311396457513287,-0.0004728572230232525,-0.00817005234644165,-0.01511485840023041,-0.02818976586453134,-0.011673628351372114
2022-12-07,-0.013880547253920496,-0.0030643556721630574,0.002376766277155038,-0.02125973327889393,-0.001666182082755357,0.008284988073466266,-0.03267127201155782,-0.0063885205401024775,-0.0006842894742654127,0.006057627122483553,-0.00609281308587689,0.0064103305464119865,0.006634282292578551,0.008469191808537588,-0.000316633270076921,-0.001518118509178547,-0.013590350429804552,-0.021157209440339962,0.009316309072375488,0.010605445152983334,0.0015751014658088405,0.0030235606048966087,-0.00847381858458133,-0.002216492958991826,-0.00521744279413766
2022-12-08,0.012059609885804146,0.01232282527310353,0.021140538059143867,-0.013040368503036626,0.012213224756218251,0.06304476258413945,-0.003453386948248274,0.0005556722355253047,0.01043960159298353,0.00016958085590387567,0.0061884813374755545,0.007162704261003324,0.009185828506128391,0.012231762577341753,0.010735679713304582,0.004331309212989979,0.017899316215406087,-0.0026859229490161277,0.005948165880393336,0.030192417721345583,0.0042403572481294165,0.008744245504434223,0.016672307389579203,0.007401276984316127,0.0015471706619078211
2022-12-09,-0.0034408057804327014,-0.00803532626159042,-0.014043946522882085,-0.009434890460238892,0.004930211685180014,-0.009833429492426746,0.03183338116095202,0.0013064583029191333,-0.005433113782319453,-0.00827346853185648,-0.0019148813393021012,-0.0026467235093392658,-0.016042654017982227,-0.01120140418048275,-0.006685662906485261,0.008928169859984635,-0.005850177778559141,0.007502597140581258,0.030941602503912747,-0.0011594503962268922,-0.01055543741092762,-0.0037068242048193456,-0.010877411716909601,-0.008463135232285906,-0.023599255940576346
2022-12-12,0.016256918481308565,0.02847982935209124,0.016255164405059676,0.0051573508664110946,-0.010320666415561966,0.03092675526247391,-0.06477309340338366,0.01638000282645327,0.01539240178314526,0.011878595454221342,0.02783143084515019,0.010217660659315909,0.01227596045500786,0.0231328193986348,0.026423161062826724,0.013614324333995505,0.02251855282192266,0.015139248306911044,-0.015208335080949823,0.008471405034040416,0.013059690658123407,0.0047403002276312466,0.01718511755266893,0.024329682171639947,0.01847790078006051
2022-12-13,0.006759833766437456,0.017313943612674645,0.021198289437405628,0.024559266477561625,0.046333840676745675,0.030164803459307526,-0.04179828130131225,0.0028214272682863958,-0.0009691026808973152,0.0076741471090549735,-0.007249196332687961,-0.001509455262640468,-0.014094971214893705,0.01485948686677086,-0.0028518371369120757,0.00042253723304931645,0.012606070280552132,0.018681089400227738,0.016239051065807395,0.01729575701670223,0.0003125418974975222,-0.0005437821456650999,0.006873114376773802,0.01087470737915122,-0.003587005130439056
2022-12-14,-0.01565793125037547,0.0011670595499447146,-0.009887580246293281,-0.0058729836503615416,0.011913700381152784,-0.022268968694287475,-0.02612261140486262,-0.00978090243688762,-0.00500953002698357,0.0030640888621012935,0.0013135857930122678,0.003933404213156463,0.00026000100211845325,0.001620700976118857,0.0010075007067356597,-0.005824828338190848,-0.007444502300047285,-0.006435952559812792,-0.007866265718616473,0.026221816793719956,0.0,-0.0027777681211241484,-0.006873114376773746,-0.007393134212393349,-0.005575407275749161
2022-12-15,-0.047987463322593384,-0.03243875120835246,-0.03477554111983318,-0.04529361771300814,-0.04577222257668281,-0.0417089315184092,0.005533102257132837,-0.024150403880875037,-0.02512355892945417,-0.012708213263547308,-0.02568809801771569,-0.011383738627553756,-0.02003754623982919,-0.01763958609725199,-0.03200234703567777,-0.0396498881249643,-0.03353445821909598,-0.03250760621771482,-0.0902229481765367,-0.016097992583209066,-0.013847561729017858,-0.01710659622859738,-0.023602597824402598,-0.009627267063966676,-0.008971497499374408
2022-12-16,-0.014686036606690503,-0.017500894688842722,-0.006692740608663019,-0.006625589746652649,0.027847987477786298,-0.022731738835177265,-0.04833680500131505,-0.006346497188668781,-0.006245641719837343,-0.010306970261475914,-0.004918093199089034,-0.0044435690596395,-0.007570924910026951,-0.01308896915436974,-0.001184875816045113,-0.004541174043011004,0.029466401911369126,-0.016775943788395132,0.0010324470750859335,-0.04209743899909773,-0.005720638509652648,0.0004990931296911018,-0.007086557240175452,-0.007042863036473378,-0.018118716631978112
2022-12-19,-0.016037685938481715,-0.01747992685167393,-0.03403503022155705,-0.020369902380345813,-0.042330319536106706,-0.019314785796684237,-0.0023992055582815475,9.99909317296875e-05,0.005937868256910319,-0.0010823292918481259,-0.010055871076398916,-0.0002662481323954151,-0.0001910844232924411,-0.018762168862450718,-0.013331282090926018,-0.04891234860738522,-0.0293142480167413,0.005752271334352838,-0.00832457530667234,-0.0007784434515067409,0.0014332807564218105,0.0055298876182853516,-0.008612396289459368,0.004478828108650844,0.0003502420988478236
2022-12-20,-0.0005287127888368492,0.0055987759110246605,0.003174469440173832,0.006536483222672964,0.022542720414977305,-0.010451955800846945,-0.08396483835074355,0.006544551786938909,0.004832386002550117,0.0010823292918482213,0.0026331179727924515,0.00039923462058693795,-0.006495397371518607,-0.007877613080403627,0.004939733532011686,0.01435220016153314,0.028368543946018718,-0.00435000061569535,-0.0003816086893749878,-0.0007792297002294874,-0.000796013456949307,-0.000606629721800075,-0.0006333659140732856,0.014349433951145567,0.008715429782131972
2022-12-21,0.023530243965126478,0.010817990375119386,0.018376816404560806,0.006271134954937963,0.022546979612512823,0.025533601260036346,-0.0016704490129968075,0.019088202970774612,0.011185177314566381,0.011376859909217144,0.007035784870094166,0.009129769112271426,0.013992081093680032,0.014254374342020582,0.007957820710883374,-0.001150034336856643,0.00929966570860876,0.01429995895466343,0.03333924012406483,0.006603329607493628,0.01595720764825758,0.006983087942816778,0.0061033840625932265,0.012759227391753884,0.007813779313353628
2022-12-22,-0.024059470931622896,-0.025860229321119213,-0.034947221566029855,-0.020526214772119675,-0.022290769234420256,-0.07302226764388856,-0.09302311928148893,-0.016806032807223956,-0.011414750090921997,-0.0036649540189279167,-0.008497789089571885,0.0023027561938207207,-0.0008532874230030701,-0.010196835609713044,-0.012136356105886356,-0.0028801646591859954,-0.01433869060361385,-0.008555545334465054,-0.0007050380090438518,-0.00038732106425447667,-0.00723598216188186,-0.007756018995187029,-0.007159500721743764,-0.02038035959311407,-0.011778502906440794
2022-12-23,-0.002802122409215321,0.0022643764222830317,0.017274436611979943,0.016611452685321382,0.007824479549610918,-0.00870848013184366,-0.017706675474399133,0.012475909015400457,0.004733805374074134,0.002538632966337441,0.003748084814513947,0.0028212194657951046,0.007974507812274446,0.008222278479535555,0.006072170726623135,0.015342595876670613,0.005718856986342168,0.0019333318342774457,-0.009414431668747324,0.0036725280067145235,0.007549488500271806,0.006439977391830011,0.0033755836884278917,0.026101510587559128,0.0020190346296123382
2022-12-27,-0.01397543835375152,-0.007441652461463409,-0.026265685720911106,-0.020836400035880224,-0.009875739806756025,-0.07402712038146489,-0.12113825810398889,-0.0030717051639076068,0.0034979794468143373,-0.00028192066284000165,0.0022321946093203466,0.008676608860171867,0.0012787219169090181,0.0025693813468580322,0.007422865085833374,-0.018810014274529625,-0.009977265491077041,0.009381069987159369,-0.03726711957239268,-0.013597538164815154,0.006092337386098662,0.004434588814871656,0.0010526480917110962,0.013798481267693166,0.0002783646915550328
2022-12-28,-0.031166106437352015,-0.010307928480480134,-0.014800721671305868,-0.0158008823599837,-0.010838895573193858,-0.00603752501240169,0.032553261278161744,-0.006962474134635734,0.005450325013525983,-0.00434900044393907,-0.006321642679414358,-0.01301028219572724,-0.006676429166072041,-0.01202650580861707,-0.01223640604629516,-0.025801925509952122,-0.020379982259885698,-0.01690321593516589,-0.025988454775191034,-0.006475086214157025,-0.010017223764759343,-0.007236742435774513,-0.009725163755180238,-0.016562647586172596,-0.017678552220008997
2022-12-29,0.02793081864760394,0.027254694601800626,0.028435658196292006,0.027857406056529976,0.03934720465026016,0.039601405307135726,0.07772640277207259,0.018384507650813998,0.0057211575134468945,0.005081620699847053,0.014865349669421669,0.004137010507211017,0.0027024955256038335,0.014714108582509199,0.018141078879973946,0.03513651091871592,0.02778332021321838,0.03118906056850315,0.05015134712406352,0.0103790645409762,0.00595985809094989,0.0012649998427436539,0.00909388510974781,0.0075374558905946,0.006068037894857916
2022-12-30,0.0024657197988101325,-0.00494956844495118,-0.002140568124387558,-0.002490251623335028,0.0006649329736845006,0.0007531707618281307,0.011102159833173808,-0.0005178447404280288,0.006584035618472689,-0.005138222115877426,-0.0014430180298787654,-0.006772792385554983,0.0005658626362567171,-0.014302323804684597,-0.0013796179186735516,-0.0034471889209634872,-0.0031151849547049163,0.0003773618225747809,0.012832986885198263,-0.001754899912054081,-0.0053308084309451765,-0.007280151773109002,0.0029430347113844893,0.010022998326312456,-0.0025356414116286213
2023-01-03,-0.0381223247406196,-0.0010011611364664815,0.021435277164066735,0.01003674777050893,0.03591054739666458,-0.020672117272187873,-0.13058999220665155,0.00326436439781076,0.0075772751591683335,0.008679941021779328,-0.0017825168927055343,6.633464087733124e-05,-0.02200650593366517,0.00015849509050024158,-0.0026780732436707485,0.023771487351459595,0.0011582587719073572,0.016382024269194183,0.0002373554859016624,0.00039034399649917194,-0.010429994971766953,-0.006943229910243778,0.006277186166794248,-0.03496509677804113,0.012684724918586004
2023-01-04,0.010261564741709663,-0.04472885577464684,-0.007955122776173124,-0.011738415550754503,0.02086477097370115,0.029867262367186332,0.04997884108534127,0.014861062644643428,0.009281840669104084,0.010828469586230436,0.02485847116425264,0.004344579194110281,-0.027642099709764882,0.012019275526246308,0.02379225632150418,0.03327195911630941,0.013238558510328718,0.035065841067576084,0.04786137884156787,-0.022291255758543856,-0.0004766306153607101,-0.002455459182888164,-0.00021013403739847804,0.002906294567728314,0.0011135662707400505
2023-01-05,-0.010661472615110282,-0.0300858567359523,-0.02401157339665977,-0.021575276163453384,-0.003381816633119979,-0.033366180463574986,-0.02946907696009933,-0.005259376039563584,-0.00022151432072389324,-0.007410900764057477,-0.007080228797314112,-0.012493276644310462,-0.029244189039958856,-0.013413213592746607,-0.00956275706215205,-0.0006527510170174034,-0.03872993153793277,-0.0235577673569596,0.0009368070637815004,-0.009419678318786363,-0.011509107101634499,-0.010503733241674761,-0.014190684635929589,0.022127419971178782,-0.003414329404825041
2023-01-06,0.036133303573946764,0.011716436529588745,0.0349917378504728,0.01313826153060484,0.023973727734329518,0.04079665383697294,0.02435215499827936,0.018335219952233084,0.018954833170135424,0.008076699588433323,0.03096847254393492,0.02353378871935672,8.168607489023853e-05,0.006508637653937644,0.04582998401453505,0.02152483368993999,0.013037277001292789,0.030126682837975625,0.018713092893636565,0.025055724341321636,0.019108864895917416,0.022334939447907955,0.030254234334510417,0.012014304393967088,0.024203784754171977
2023-01-09,0.004080673422960637,0.009689044991416124,0.014760401298199752,0.0077555708613197315,-0.004238955143075177,0.05045837934385112,0.057654579278002493,-0.00996509036552314,-0.004140794894997485,-0.026249626031001866,0.0038957733023744084,-0.012289452128716417,0.00012238401693279386,0.0008814372558157846,0.008935352864857679,0.009009556140663733,0.027360830670870515,0.04583426271963175,-0.0012049756185328268,-0.05096256998402396,-0.012538983020246607,-0.00982169422266593,0.0053666237690575234,-0.0188132925162395,-0.012545807294287776
2023-01-10,0.004446738810864533,0.007588414957963916,0.028326693248784427,0.004534124623222869,0.026824450185369626,0.017820915909060753,-0.007711027963739906,0.0025954541311821403,0.008914173125580054,-0.00239506268401443,0.011326323245266388,-0.0009870157304432438,-0.0083192543558877,0.008834261496915248,0.00010791814381536566,0.008301458683823704,-0.009637492081529813,0.00230859783340165,0.03849805231996495,-0.016040130096311795,-0.007695953255911301,-0.00828695822635386,0.004723117030664778,0.01482448951604724,-0.0006211523712737967
2023-01-11,0.02089214129673473,0.0297900052965378,0.05645956080731301,0.03445930039183452,-0.0007521531054347538,0.005766215428354627,0.036109204525613114,0.012627347723950322,0.00740389860118233,-0.0015998371889800857,0.004557877622994652,-0.008130908781367954,0.01511149971869326,0.025769872382973208,0.018294613141929816,0.008025442610097529,0.012411527483468791,-0.017377689768602687,-0.0008552192486506423,-0.003576456952553342,-0.0019333631197519345,0.0011237642821438495,0.008161664241989329,0.011559869376088305,0.008728699654411047
2023-01-12,-0.000599344015663025,0.011554536377802505,0.0018911574433712077,-0.004270464926840454,0.02834026616655192,0.03137548746143467,0.00275546279838757,-0.0045049426067464635,-0.0010032507082011293,-0.005044566735990037,0.006820305768651446,-0.005657805955015115,0.004590302066564808,0.00264096231329885,0.005147373957681162,0.03548849657480484,0.004683895471149906,0.03192148934271928,0.00873151591702549,0.005464442278616831,-0.01298495362683123,-0.012831466056495922,-0.004276421963111044,0.016474702532057416,-0.009073878080712907
2023-01-13,0.010068184277016227,0.0030141840930339114,0.029476316899670684,0.010805134329639867,0.00197304232988961,0.023228043017556422,-0.009432465746951967,-0.004052907860165194,0.02492177613273142,-0.0032813693780410777,-0.00250730974472177,0.007116888223983562,-0.012382875760000907,0.004053930152018125,-0.011359418617341485,-0.0041161001982445555,-0.00046450578258047236,-0.0006020030058342206,0.008115317153939844,0.002929981497991377,0.0035875799786590228,-0.003076396577804721,-0.002451954514366169,-0.0006182351112208548,0.0033091485843643183
2023-01-17,0.008718200776744648,0.004670819008369316,-0.021322326395198637,-0.009050907416904161,-0.011896959713152983,0.04642279106351375,0.07163646233055776,-0.00879066308065689,-0.01557413202909216,-0.006188858101666041,-0.00026892590769505946,-0.0029204075846543543,-0.009213749438222089,-0.011172960909280707,-0.0013858120273477637,0.0051175308747257444,0.0,-0.00698012800554012,-0.020029797322847546,-0.03769185179681211,0.004061543048860991,0.004668304658313113,-0.016501887320350107,-0.0019462706651748709,-0.006075285578322346
2023-01-18,-0.005384349238240413,-0.019069856974024506,-0.0061616190001011146,-0.0018637994961980696,-0.01743838255453879,-0.018530028515633422,-0.020825332244057446,-0.02105475376537669,-0.030503196850984102,-0.015199573188998632,-0.01600186279263435,-0.027153350926984267,-0.01839175946405166,-0.011793425883046585,-0.016345924151755144,-0.008745891666815492,-0.008954564969911235,-0.02055063696594967,0.00033707063492175766,-0.02371632636866733,-0.030786865069584973,-0.025542099936444348,-0.02484879099948578,-0.02075776751742226,-0.02503209177165922
2023-01-19,0.0004436443888185699,-0.016590892375667916,-0.018822579439957077,0.020959635824087275,0.02325778306259136,-0.035854109636657104,-0.012580752996881307,-0.010007668525086447,-0.013416128256136426,-0.0013558246883076663,0.004319496498194298,-0.02137521411773334,0.01690645942615039,-0.04037925039918903,-0.0026600455946645556,0.0004038544783467611,0.0035680934767942023,0.006578389300320271,-0.03286338096971129,-0.0008895122260530827,-0.0015058053780374395,-0.01166333009327641,-0.00942589728568141,0.0063985238509142285,-0.014374148658177164
2023-01-20,0.019038173994481624,0.03511964638254536,0.037400259951453026,0.0520344008279804,0.023374736441021317,0.0620938249191304,0.04797727392320426,0.015087212156670245,0.002446067377032716,-0.004670827527509883,0.017539493774059965,0.0038544056762238174,0.004860548669938792,0.013165608151484046,0.022413706501416254,0.04345075440276939,0.03963834945692665,0.03252322639146325,0.08122591713468778,0.003330780685588819,0.006010084225292503,0.0014726938555854625,0.006863923719414334,0.01807141314823221,0.012241974852965904
2023-01-23,0.023228704025326508,0.009776354296457028,0.0027724682514327437,0.0178965398413923,0.027598884191110166,0.07315828420347935,0.07457364612008015,0.0017734235506684118,0.016082564036892212,-0.002551775780290483,-0.0005797832004852644,-0.013520327426241497,-0.0018712200502438128,0.001522773099666013,0.0060674095706457435,0.021131808975174287,0.02384499666143777,0.03008829229532677,0.04263991938913356,-0.0028859256685653716,0.0024935683934646075,-0.004483699076209354,0.015274037271996057,-0.005218649724358485,0.014831704277513284
2023-01-24,0.010012956945027443,-0.002228527667336075,-0.012381472357830799,-0.021166424236430604,-0.0009078602046428834,0.0037444539806824615,0.0009734348560736818,0.002830775754779615,0.008559620420575264,0.0,-0.0012943387010113387,0.005444176742447527,0.01184766610724853,0.006980595720953162,0.0037965964691571907,0.002928778712683925,-0.010078575109478382,-0.006500981147992932,0.017775132547481316,-0.0060208601658672785,0.0052987225443667085,0.009240491952557503,0.0065051520512944,0.009268713330478013,0.0026606997578861
2023-01-25,-0.00471205471347761,-0.005925525476653885,0.008888953725914,-0.025711637358386445,-0.01152332883873078,0.0030060540507466657,0.0037457958683397114,0.0019255658104517144,0.004827269261484939,0.007104536691623396,0.004500865383116973,-0.0007055749314562019,0.0018290167411983476,-0.0013543516091991258,0.006243414227084342,0.01980273996855592,-0.00875624103712727,0.008423680898324886,0.011287565950552473,0.008019545828678691,0.006256323138173275,0.007238319119839959,0.0035493640867496432,-0.005285948002822245,-0.0047660223918149424
2023-01-26,0.01469488675684623,0.03025132064338431,0.020774687057825685,0.023867607920707013,0.04017138083097229,0.024486826826638112,0.1040650092615062,-0.003050437237821924,0.006162730993804558,-0.003664210333011224,-0.0008450023721924227,-0.0040300294440371205,-4.063488043279304e-05,-0.010934005423435013,-0.013559526176129735,0.014507643068177006,0.021133657653911297,0.05554584540132798,-0.008433163214450753,-0.009222976354540401,-0.0019714083552855835,-0.0099956107054014,0.00747511717961446,0.03940413160646454,-0.0009137963050835018
2023-01-27,0.013591545632252035,0.0006449791552200764,0.02998335055905419,0.018792808998227026,0.029697295652284624,0.028034801941626764,0.10436164069972145,-0.0057408359490398785,0.002426193255249012,-0.003915302106927504,0.029509908182034715,-0.004117529021020367,-0.01314231464383853,0.009135780077918255,-0.008545544742272277,-0.001459586742864962,0.013278633564903629,-0.003458634616109791,-0.011300485507232843,-0.010449502477963115,-0.00527628464045915,-0.003530815344173599,0.0035105173174053823,-0.018426168366899406,0.0076355346402900886
2023-01-30,-0.02028233565433236,-0.022206406517177587,-0.016667823165641346,-0.024758175134226457,-0.03132783014485686,-0.06088833646064574,-0.06526572943550507,-0.005969285706976828,-0.008516726629223889,-0.037735963460021366,-0.010161969363719922,0.0031249868866413655,-0.0005350615353131379,-0.007766232376763791,-0.007810483948402207,-0.017962153315812694,-0.019860835564892536,0.001396824865622493,-0.021460980410589966,-0.005496069240736512,0.002476688279984749,-0.0008259580452024927,-0.005995990745812021,-0.01789118641226915,-0.00805768444314345
2023-01-31,0.008980304300540915,0.02079502920452958,0.025335155126435763,0.01941012156008523,0.012904265553282971,0.01938087613244815,0.03860663902242871,0.013541461205945331,0.005947950992704101,0.008727228593256003,0.004833354416447978,0.009669236577932344,0.02721042350627591,0.031110697878216253,-0.0014023375985650506,0.008330317162089571,0.01886226555199969,0.019356355106036206,0.0021217530734983104,0.013909817078756999,0.011151389767359274,0.009045549191099999,0.00928892853018453,0.02134513632560122,0.012027626757138102
2023-02-01,0.007869828921436839,0.019738466923839647,0.0193976149644124,0.015958730044117995,0.027477115281842355,0.06949418156914164,0.04619721319012782,-0.0030541639746378972,-0.0026472278103913728,0.009137075498387668,0.0029928294272166867,0.005672834951130762,-0.004396847426744023,0.012019952980790683,0.009346385193237088,0.008261495886428757,0.03601273980417062,0.022662040583016217,0.02271522385531091,-0.004311870645644022,0.00016300224674836836,0.0031524864657459534,-0.0020567720630157082,-0.011007813768752865,0.005544992561608681
2023-02-02,0.03639231898262295,0.04581826340663372,0.07120315696615197,0.0702597133220865,0.2093074264298797,0.03592261551211761,0.03711744228973266,0.00414497980313717,-0.0046673258411834345,0.0037521488769364157,-0.005820284548378405,-0.0071492014033702955,-0.05409295082279613,0.035039858554013745,0.002296398607071965,0.03432500553554222,0.021414197907417477,0.016279432302944548,0.01344542976252443,0.008379759581202375,-0.017268948783172155,-0.009310712242702322,0.015323528796851124,-0.03178798961449082,-0.0072843860744379275
2023-02-03,0.02410701597845611,-0.02390378313124632,-0.08808283393109906,-0.0278578750170469,-0.011937290807845573,-0.028454076429433133,0.009041655543147504,-0.01080003280043186,0.015355441809690623,-0.005633720217275761,0.0024798969853377702,0.00309033791988267,0.002524295692294037,-0.024699787127948843,-0.0027507209235427396,-0.02233034063302249,-0.03344192719797255,-0.020829362038255677,-0.0027019769531390686,-0.006334905779059985,-0.007493125014654297,-0.005013750391763795,-0.014088975165531438,0.00690373768248635,-0.01338802887657435
2023-02-06,-0.018091616726823776,-0.006134591321822867,-0.011772272805910223,-0.01810531414757609,-0.002523039831592051,-0.0005211833822644539,0.024849222136681733,-0.0002593999091508746,0.0058656832015565935,-0.007622787024440839,-0.0030027902385414023,-0.008520958961676137,0.006798774513010466,-0.006750036091415746,-0.0025172320055870494,-0.007616226618128953,-0.010867302664135024,-0.011703044028439025,-0.012153394086963878,-0.006832259754199765,0.005667001398373661,0.01583896883743829,-0.022038258571561744,-0.0016991608377665557,-0.007295048415614796
2023-02-07,0.019062094950033116,0.04116311657961687,-0.0006852973444615529,0.045034866118132656,0.029445047532886008,0.05012365321891639,0.010470780820742525,0.014612453725627916,0.012116321084796985,0.00024480166867169094,0.008160521412457072,-0.009807341540729195,0.0034447405497874976,-0.01243746100264337,0.00558799652017223,0.015891829166993412,0.02263451120188806,0.013105235579004976,0.004058351173216993,-0.0038923063241354176,-0.0016635327777631682,-0.0015145062029721153,0.005659907552296559,0.02815097985268451,0.00213013871795023
2023-02-08,-0.017810583752532874,-0.003107061812671407,-0.020380578012770365,-0.07994206674557312,-0.0436810755075376,0.0014421965738519193,0.02250783702828191,-0.014450296165012672,-0.007055917434073654,0.0012844319172902866,-0.004853721601999887,-0.010409611410418462,0.013207132491078452,-0.01365379370973024,-0.012637518810708901,0.001342791329583744,-0.014327627143171382,-0.009680069011255794,0.010633455591974462,0.008907078653552777,-0.005843480422429017,-0.002334260852911749,-0.018566008622875826,-0.008739708867661525,-0.005405302869279201
2023-02-09,-0.006935555614923692,-0.011728097787889954,-0.018256648878253772,-0.04486815096349586,-0.03049905499719831,0.0059268307079470535,0.029516907690852447,-0.0041255220241267045,-0.015685911283770886,-0.013599879025419094,-0.0017424105631274759,-0.011029966800076941,0.005180837917301958,-0.01646937980963348,0.00018914424631644636,-0.012784763390464455,-0.006762394601535157,0.02347971380260359,-0.01187401457886659,-0.014658895524993111,-0.0016760079367901133,0.009420519421300837,-0.004909909825309955,0.0037673179049271394,0.00922849149903784
2023-02-10,0.0024533756724430906,-0.001974533872046924,-0.006433489213979958,-0.0046418534907102516,-0.021417107762906586,-0.04918185787075603,-0.05161833459581209,0.008685918056712278,0.004405551709113575,0.004636201263905855,-0.00941858534485881,0.008790050824577001,0.017388741009630025,0.0031323153145434465,-0.009739073327516007,-0.021061149155926454,-0.012908608284707733,-0.03892595014513597,-0.04266276640763246,0.01238248534902567,0.0,0.01960062231469744,0.011277843004494739,0.041287226158980034,0.015425870450446818
2023-02-13,0.01863190162634063,0.03076471123082655,0.019579629188155288,0.0004228042573231708,0.02986835688805012,0.02429695501942952,-0.011493498714308886,0.012347143232444395,0.010789618463763475,0.003693670894498821,0.007367174982188902,0.013006363959444683,0.002222975210646626,0.02184204839535313,0.010845085822446587,-0.003708403628611105,0.010750944227292848,0.02395790372490033,0.03176214770608443,0.0025039327240540554,0.01630376298700449,0.008870643421125509,0.01261592699640182,-0.0038973160575478966,0.015123129120861696
2023-02-14,-0.004233734880239427,0.003128226122131443,0.0016060637303953276,0.0007396197553919893,0.00027851119237991333,0.05287319261672152,0.07237801403011461,-0.009447115863715909,0.004409174154005058,-0.004372315923790641,0.0022256928370281,-0.00565620116856304,-0.005100269856237033,-0.015888941508790434,-0.0023487869651287016,0.0,0.007703568233892894,-0.0065681427660149345,0.003869013638916121,-0.006156751162486102,-0.016807092451088662,-0.011314125676432508,-0.0033487619972464187,-0.011783919873126296,-0.0028827602877016757
2023-02-15,0.013807499938324181,-0.008025206289504979,0.014537811644538115,0.023589405307264423,-0.013010445233329492,-0.009052190855498386,0.023567198213512965,-0.003739418422106098,0.00418109064505244,-0.016614664543531103,-0.0020510525020793575,-0.002299966005586208,-0.003211047172481672,0.007072385911850811,-0.0008652822747090344,0.014569108202570192,-0.0052000315217162855,0.006685062478322859,0.0040478004526452475,-0.009191274197350524,0.0,0.001364407710775948,0.015601104962073392,-0.003010883600121664,0.007395787074406717
2023-02-16,-0.010484154756452918,-0.026983726972082244,-0.03020652173405669,-0.014861154055587269,-0.0270038949651613,-0.03404712243103025,-0.058631243213632354,-0.004694047928116307,-0.01386468442012534,-0.0071156495819063095,-0.013590016968526138,-0.013183793775208952,-0.007970722356009327,0.0017134763907180872,-0.0056702500798028,-0.03171332521114161,-0.02909393895692718,-0.017629527487144782,-0.03008102291000362,-0.008577703673752641,-0.0062283664872191564,-0.0028446602200708254,0.0510971545058925,-0.0029335250415290495,-0.015816543257010023
2023-02-17,-0.0075753852322557585,-0.015724424978479326,-0.009726256199159738,-0.012219747911032868,0.0025483341743607747,-0.028303475127421242,0.030561678706295534,0.00019466454834877312,0.0029570645788602754,0.020662064935759752,-0.010102877651229651,0.02071152840561132,0.02378382376852434,-0.010294413379025107,-0.01762128311365716,-0.005780683522284335,-0.023020081204715007,-0.01764337344765867,-0.007872074914392633,0.006035100622877898,0.015083226697203089,0.004377505449996982,-0.004323882540568554,-0.039210450470871336,0.014929130750577183
2023-02-21,-0.02704229778693988,-0.02110787659195106,-0.027324623494127318,-0.027507846667703246,-0.004638175958761318,-0.03487241556618522,-0.05394722804913025,-0.018070378740051126,-0.018519616854131053,-0.015013188566491933,-0.013237760573869953,-0.0007144623909434998,-0.015691161039486916,-0.07322527838753824,-0.014419650397079833,-0.03019866950086699,-0.028855654620763414,-0.0217274875420596,-0.030522061547762023,-0.011872769239989797,-0.005336932831500923,-0.0005674143722344268,-0.02150208730139532,-0.000988983979043122,0.006059221182504955
2023-02-22,0.0028920303550840016,-0.0046015352801957125,0.012712248376870527,-0.001526413364881926,-0.005594537755661465,0.004781412614671905,0.017528035977254008,0.0014524411276561548,-0.007692755414041808,-0.0013934209253322115,-0.002723322934887246,0.0042082636995152125,-0.0049374930612638,0.0027038366893343112,-0.002784983865440278,-0.004023989296519753,0.005809423530480543,0.010708579421677227,-0.007793282599058617,-0.007522372093446451,0.0030054673376876105,-0.0003405260199751794,-0.007676772246615265,-0.013037768508374487,-0.021196390647008533
2023-02-23,0.0032852732320094195,0.012878499435630512,0.0003131233176392935,-0.008327145960528968,0.005361884509704819,0.13121609521675054,0.006006057267467943,-0.0002969049269115585,0.007979163174690239,-0.0003169767740314464,0.005032178705781283,-0.0032081592187730985,0.005710780466410993,0.01010706273976315,0.0015762193149962823,0.0004915551584773171,-0.004886927916200297,0.004641447993935775,-0.034109490861455136,-0.0018894949936313853,0.0018322531870174912,0.0010782079875255252,-0.0020301348117421126,0.009162445971541098,-0.015017837209098649
2023-02-24,-0.0181693855511069,-0.022025238300342316,-0.024509991975448668,-0.019553945472263617,-0.009636952519509913,-0.016102750549582236,-0.02601977738759486,0.003129626482305457,0.008980636245092311,-0.011220864161042518,-0.007170743738305686,-0.00565677280859993,-0.015082078201853633,-0.008893108459135449,-0.006801783940931948,-0.014156505173090514,-0.07937528329113734,-0.011767680666092555,-0.020287883960943203,-0.013087763156277996,-0.004168956376512185,-0.0019870700825044313,-0.014945453761226805,9.018632409099264e-05,0.0026708176738133144
2023-02-27,0.00821372066514954,0.003764692047029616,0.002776912318089041,0.008268357739437284,-0.005001052759444614,0.00919080718870538,0.05316324215501689,0.0021029601498576793,0.00869002929375063,-0.002182532474519829,0.003637065961587681,-0.0008620358194008545,-0.0020873360594213463,-0.0021934605787615777,0.006661163542228303,0.0014943611043016529,0.005537763383205655,0.005778540189664745,0.018370388733012808,-0.023507890468837316,-0.00033443157413179527,-0.000284327787700966,0.005143398307170897,-0.001807566703144664,-0.007255907903378031
2023-02-28,-0.0034538647906166235,-0.0029625085915791784,0.005000289230826088,0.00211188697445153,0.03135418224968555,-0.012201393973490918,-0.009290230436857878,0.0017053297350503721,0.008335841860782957,-0.015345404440448058,-0.0018622284317803114,-0.011420414684045302,-0.015387189118384572,0.0017887865208611668,-0.0005345729507084561,-0.008397504153851518,0.0050443569712728025,0.002876796320043122,-0.002790012005252999,-0.005162643014942851,-0.005195570455127694,-0.013621829641824101,-0.006381774148864243,-0.005805960556908845,0.0048664946083395505
2023-03-01,-0.014348399891774898,-0.012709497307170201,-0.022103959704043146,0.0033256385471319874,-0.00872665202345794,-0.02256480626629374,-0.014395089751065829,-0.0018366603057553435,-0.005596050738032665,-0.004512456225518971,-0.007209681171631757,0.00072654283939997,-0.0015139819746072343,-0.019580613115875178,-0.005050989263629217,-0.010799980722833101,-0.0017611031668318866,0.022601957708476828,-0.02721968106335771,-0.00965947881981462,-0.010982615230945453,-0.01275917866865574,-0.0016535281710055667,0.008876882717196586,-0.014028765500099832
2023-03-02,0.004120699711844477,0.01946245199290987,-0.00043408483069996514,0.01798679820831495,0.006380112385952039,0.02677714366224394,-0.060322654091468045,0.010222682906397183,-0.01043669884566036,-0.0007870386072664362,0.0032004926115642954,0.016355272095647216,0.005205054623030396,0.007639631148613349,0.005838874669779429,0.0038487739081407867,0.030814747944707243,0.10882607671553501,-0.0051170589206652175,0.01089107777339978,0.014505263134403338,0.01828309263447663,0.003922771053279592,0.0045886592345732915,0.0024940773007553563
2023-03-03,0.03448842737096222,0.016508994558779747,0.02962312838587694,0.01777593393684068,0.05960965066364753,0.024405879830963553,0.03545612908951283,0.015156730379278036,0.018192927322758304,0.010246225671827673,0.021273071360898867,0.0072629964337056485,0.0017986230448143595,0.018361425078509755,0.016539770445660143,0.02219432469847846,0.031115089164601158,-0.0008577766927210072,0.010525403424085462,0.012963357267978133,-0.004699650417901913,-0.0009815069437635457,0.01533589340434303,0.012577471877510807,0.0012093228382584883
2023-03-06,0.018369667306805393,0.0061699411945463,-0.012192056844170188,0.015679832823959867,-0.0018912090450745908,-0.014164137224843672,-0.02032754273314496,0.014362640582243277,-0.005864183609861227,0.009948938657559988,0.013229419644958577,-0.004265632647065077,0.004628185485287483,-0.0008044324012100985,0.01490899007035615,-0.004757113089243923,0.00862442899418228,-0.014207474897468002,-0.010044584388769328,-0.00097237411649662,0.015359228897346271,0.002019368637009957,0.0028369053403574183,0.008825572082241537,-0.00014223718997116456
2023-03-07,-0.014602694384204213,-0.010645533108619834,-0.002135579508745822,-0.013439909813752846,-0.0021113903862128905,-0.0111876980618962,-0.03198003067013721,-0.01862846187289849,-0.029848707737360085,-0.009494708017774734,-0.015914355357787655,-0.02007917872168758,-0.014455545277437636,-0.025506241317361084,-0.019233925094802748,-0.01602283939299098,-0.00641788012814737,-0.0026150244822557792,-0.011474710828607557,-0.018907941658561505,-0.005815463612428186,-0.004968998312585048,-0.010373036010053746,-0.019519690133979237,-0.010003629345335737
2023-03-08,0.008342194315683952,-0.0017720575284194272,0.003947251242114423,0.004146266135371821,0.0024900847185561855,0.03762890844978725,-0.03089156736881823,0.0008032258104165921,-0.005932967136626585,-0.007360302629558296,-0.0044007678652849425,0.00014549556436107194,-0.0069457828058346,0.009929408469635501,-0.002531182912160739,0.0024198813301092364,0.0030117263840339485,-0.0020205825541679844,0.010705313832883014,-0.0054687373944760816,0.0004997376061441721,0.002718707430788453,0.004080814435932712,-0.014712152487649066,-0.008292752919522558
2023-03-09,-0.015026741728316534,-0.005454377918347823,-0.017941053663252087,-0.020689916065178882,-0.017891681688701762,-0.031293731305385285,-0.05117763786639216,-0.02126043747788647,-0.05565703494706615,-0.011308560608343054,-0.009859999108092375,-0.00736846257995476,-0.012164531360636615,-0.01204512582452747,-0.012866835359139697,-0.03234010207414927,-0.02183627288080771,-0.023392372804313142,-0.0459749569463972,-0.016587282474557118,-0.009707075073892906,-0.007596354859998543,-0.00612765469192249,-0.007758707417077357,-0.006757087282295271
2023-03-10,-0.01397602916256596,-0.014893222651641478,-0.016614182739941783,-0.018475696980075212,-0.012071101206931683,-0.020301962335319366,0.0030026831172517087,-0.003911591535340287,0.025077949746354543,0.002443484912149491,-0.017746535445992882,0.004529530287990494,-0.0063448355474582325,-0.005885386182570305,-0.020897398159643973,-0.027095657101943886,-0.027170804576859234,-0.031488898519347684,-0.01700182578852028,-0.0017754777861069017,-0.004213362763881675,0.0013378748232327944,-0.005134946356532057,-0.012447894743492996,-0.0014591916482009568
2023-03-13,0.013178847474201436,0.021214244651397898,0.01856350439768763,0.005282467360132102,0.007713497559493333,4.3475053285601707e-05,0.005978365078895034,-0.0024731673680854285,-0.01812041938638166,0.009518470718197992,-0.0077564650096272,0.006900813046729055,0.007251035155674071,0.0007331470892779601,-0.006938204192980954,-0.010420790392633125,-0.015392684096647508,0.013364643227053235,0.002558575579844188,0.011861442830079208,0.010082390742651643,0.009718282119443944,-0.003093620389237018,-0.011571554884926246,0.0029161705685756653
2023-03-14,0.013990625652018767,0.026696375698070866,0.026161301723076753,0.030907927678156196,0.07001674378641386,0.046660429488682625,0.04909578215581386,0.008056411355794622,0.025351985340940658,0.005603139190631405,0.01934797212654266,0.012303057282480621,0.0019390655898911015,-0.0033212123228867135,0.023254615366692155,0.008173861573697854,0.02755648176438617,0.04118880751521523,0.0048602237134332945,0.001002852159584155,0.003671612347924826,-0.0010364119102002764,0.013133656616325281,0.0037475627139683834,0.0053001083619205434
2023-03-15,0.0026182726475637535,0.017673195412091846,0.013816419647146834,0.022517803653882253,0.019042368403631712,0.006833597928273877,-0.015452165385496644,-0.024702377703762386,-0.04839636092368074,0.0027896780693616417,-0.010528084698769008,0.014058313744342625,0.0018281371471165577,0.00836920546238796,-0.013525917404943856,-0.002788749285840931,0.0008396521652151576,0.00010937011543601362,0.029564735451401116,0.009478857454005141,0.006641164371298971,0.017706479760400386,0.00020387881428819222,-0.05102761202958832,0.011089523279376087
2023-03-16,0.018521308116193583,0.03973653496972193,0.03914078921242492,0.04287172722917632,0.035664731276135044,0.052775996742150805,0.020188342220549882,0.013769424510554861,0.01922750065369282,-0.0020753613643753584,0.00497896599602409,0.007446010330752614,0.014059506828508112,-0.004315383161120666,-0.00022980057728245467,0.01270095071109611,0.05731667144855621,0.02371728050582833,0.020429180186206392,0.0022317445745184353,0.005487688770759449,-0.0006796525045896244,0.021376205016755374,-0.005823031682514358,-0.00569681493789662
2023-03-17,-0.005468778530394471,0.011626336804433889,-0.010955473953869753,0.012875301535150308,-0.04654537687184658,0.007178376997091915,-0.021963216854791676,-0.028548418235028357,-0.03851412357265894,-0.010770122934160074,-0.000275828184482575,0.00027988569697369296,-0.005353149545755744,0.005772811226360557,0.0047587979856214425,-0.011627382703221776,0.013634738715849432,-0.013166843081187068,-0.021384220801851688,-0.0067106876193524035,-0.004654137232022273,-0.00784890445500305,0.0013956849107240776,-0.011848393216825907,0.008067004659483297
2023-03-20,0.015364892043818265,-0.02610445613236564,-0.012610742620752338,-0.003943998270693836,0.011183970795656277,0.006779594725026832,0.01717250122413543,0.025397828813141506,0.010515993348473283,0.009860775860354,0.0034899080745089146,0.015274996958632063,0.015764333912471586,0.0030122911169456253,-0.0009728006908210964,0.010884711882767259,0.013148202245013788,0.002161486964072618,0.005356308239443084,0.0175510083979787,0.00961684643440333,0.01394883110021912,0.014832491934918696,0.025805853286781987,0.010702818891266768
2023-03-21,0.011873497250952823,0.005677635237764463,0.029247763784060337,0.03590171533045248,0.02175250250024463,0.011478313479392026,0.07529223411697607,0.009224606345639498,0.02646750612195286,0.0,0.01726915322659786,-0.007261429539020089,0.006561924438338154,0.0005874954206905466,0.014917334493136957,0.024324979230362,0.03077164847302484,0.018346280298389476,0.0021606760092822506,-0.003682550941498548,-0.004631043887752315,0.0023623286682955885,-0.005314388034871664,0.043827726133259914,-0.0034123942706585568
2023-03-22,-0.009145137487896108,-0.005457211326465862,-0.019166746850565873,-0.014883279773492126,-0.011692439369343673,0.010215377912287263,-0.0330851466718186,-0.013652072601510825,-0.02615296659796731,-0.018627186847685665,-0.008642733895825833,-0.000624651347395476,-0.009585566421875389,-0.023845720519441338,-0.010034142107256547,-0.017133690590072758,-0.03400110085443228,-0.011567650461631726,-0.0396590546597467,-0.016115245829468446,-0.004486268907779797,-0.008462255313511587,-0.024169836958844497,-0.023154646541728274,-0.0064301136460142684
2023-03-23,0.006945335721213579,0.019529852569125428,0.00010133363497333344,0.021343616909446146,0.022124691021090985,0.026949509282752904,0.0055821275337720674,-0.004547795349602211,-0.002676874630897175,0.0005297339378702734,0.01152229578567066,-0.0013900128372696429,-0.011867748848022832,0.0045895476873114285,0.009469930360976715,0.009752049388670862,0.01995388186688004,0.004974052788558633,0.08623698613852326,0.004239957362974098,-0.0021671928657984252,-0.004884055451683304,0.0054441314988958696,-0.011346195998134228,0.00806676708279012
2023-03-24,0.008271322644156287,0.01042602300547485,-0.005893146925693497,-0.0015161829045068139,0.00843299855931596,-0.01526806512203335,-0.009460894526444498,0.0018417132654015014,-0.015333037428635145,0.010007073177200053,-0.006987946617857857,0.020172075523114067,0.012855676096388418,-0.0031398560035303456,-0.007761989830573805,-0.018430170391700324,0.016022686785034084,0.01388102516317708,0.024725409022760405,0.005212735898227739,0.016222913448372185,0.01939499120700066,0.015563114639159456,0.0011597165894722855,0.008142825922508864
2023-03-27,-0.012369454035494488,-0.015046666972422157,-0.0009175342309671865,-0.028669755813192154,-0.01550710719995829,-0.009304250831017925,0.007325624786097459,0.010714510614944384,0.028257647654874037,0.004249245265804693,0.003477347334394337,-0.005261765753351041,0.012339689438003508,-0.006202586303334836,0.008467270580095613,0.016236453300315003,-0.004838863604899857,0.006293841780970442,-0.0022254978191353476,-0.004217525528584408,0.007362013356440036,0.0022311078367557116,0.0005936758531565825,0.021689106297598574,0.01657562290196784
2023-03-28,-0.003988418701177413,-0.004169455832604359,-0.0081934405189327,-0.01405501225402146,-0.01070600288143959,-0.00457100900641736,-0.013753472002494866,0.0005955486700800202,0.003030707257160768,-0.009701185390005279,-0.0066946065888190175,0.0028053051166082453,-0.019529459470937136,-0.0016011316988979944,-0.0008180910729536687,-0.00840172093196177,0.0006697475411769866,0.00542303423368895,-0.012715477378969239,-0.005735203831355033,0.0011401940244459418,-0.00033444780181360757,-0.0029723244234472587,0.012399151539273134,-0.0038918432238301227
2023-03-29,0.019597446263856688,0.019002093292190124,0.03048493870739539,0.003557031030245892,0.02300431159705158,0.021501289854182575,0.0244876221590413,0.00980877648916391,0.0020152531141332678,0.009766159723805738,0.013389781354627747,0.0030697188965425302,-0.01275614587773451,0.009004247039380532,0.01456900590542618,0.021389474433147048,0.015308074481482543,0.02231792627825331,0.02596432700468029,0.00648059302036374,0.00713834901722694,0.006887142142283021,0.015360419557642132,0.017031283144508295,0.0043080233535148236
2023-03-30,0.009841396279948525,0.012540882405366308,0.017305747097592427,-0.004943745040985914,0.01205271079017517,0.014678293337908157,0.0071949836717746535,-0.0007208664748834231,-0.0030245325812965347,0.0007825165348675816,-0.0042185471573991055,0.004349960039846734,0.007409425654781325,0.007033608117862087,-0.0007514947151792363,0.012617469047482139,0.007200489006175933,-0.0002033979432636958,0.019091932474280596,0.0032246715785511793,-0.00016165680659420783,0.0008850286754841102,0.005068557849374936,0.004852127455058041,0.009934434848653141
2023-03-31,0.015523012880317112,0.014851298212561604,0.012567761597929928,0.02776054944447826,0.01953463238126988,0.014285973564020641,0.060504162532241994,0.012022634308993934,0.012043564680010516,0.010180786736730996,0.013845085491127923,0.008374369127062183,0.005367886774637277,0.033630423899098524,0.011485457119360602,0.020482024191780274,0.009045120826588201,0.016045471965415295,0.020617532029117955,0.010347314515113731,0.0029060334594818147,0.008096460297361215,0.016392143611154094,0.0015516976586444848,0.012145479744193551
2023-04-03,0.007672396268421709,-0.0037181380645165225,-0.008556175035560798,0.006055204087617157,0.00531760286304642,0.006745390565199694,-0.06311918518816903,0.0049751623534220815,-0.00115157860402278,0.011864748367849752,0.015579225574561205,0.005499579236961678,0.044691776658665,0.008805117179677507,0.008385022426529819,-0.0037019739445058,-0.013822177526125409,-0.0166052464128352,0.008071964420736827,0.01339058272796149,0.0059472453284091994,0.0010964865677495785,0.0005736619078454181,0.057325505809056404,0.00837427856611614
2023-04-04,-0.0032550622239601963,-0.0001744727072658651,0.014925585099441625,0.003443651985538328,0.007714072839493582,-0.01847834401738161,-0.011307735857578558,-0.004003977788141246,-0.013458469061188876,0.010401626291515507,-0.005868524774740926,0.004804320995241209,-0.0019037626639322948,-0.00934746636821525,-0.007037621665970144,-0.001906409912094184,0.013251131401901813,0.0036068792721633595,-0.004402691357183985,-0.010942312601049187,-0.003049632434857539,-0.003568032468951717,-0.001927911188183646,-0.009604242913591509,-0.009867403263248262
2023-04-05,-0.01135460918705772,-0.0099381385290984,-0.027799874012424952,-0.002390143768682885,-0.015204545406439243,-0.021055629989967378,-0.03734894534323148,0.004261806332408472,0.001490185543764651,0.043944129738382805,0.0022375379785509954,0.006832770244658362,0.03188349593098278,-0.021555415541446916,0.0012654208819471383,0.0034087756948521395,-0.008159918453388575,-0.009630256850536275,-0.012770413796997624,0.015767209003174656,0.009439304493678906,0.009795133448458934,0.0,0.01698242576909539,0.01643671219411256
2023-04-06,0.005480884194816319,0.025212058504061403,0.009450740780884159,0.037112523232977535,0.02161092074048928,0.005786609826569776,-0.002482632348555218,0.006806881424560284,-0.0010979004279667037,-0.0027814922605621994,-0.009600132240819896,0.006326608278106576,0.007005696408651264,-0.0002080187826564165,-0.006397911788674018,0.0006004086303217793,-0.0037239635998616064,-0.014232324506611358,-0.008860577755279939,-0.001204015850501041,0.0006368269737918224,0.0039131598765112,-0.010670426483194854,-0.0167215894835927,0.007521607376186063
2023-04-10,-0.016101302089441712,-0.007607744715898014,0.001077222967143844,-0.018431042534129593,-0.006266795103640786,0.019848261377813037,-0.0029764508462149673,0.0003518799348559768,0.003289516849032174,-0.005038450717415955,0.001944923536913849,-0.008311951269427768,0.004610943242048206,0.008830896649318229,-0.003686054981874395,0.008367390415510196,-0.011495154835525849,-0.005520190819554713,-0.0010024885340539547,0.0055266625108698775,-0.0023898291647737138,-0.006312090409695582,0.0011695831223723324,-0.0044427586070676,-0.0019249055541397365
2023-04-11,-0.007619939376937363,-0.02292944837495333,-0.022268227189570028,-0.010293498776772688,-0.004199572738600805,-0.014977999074765887,0.012281322445656457,0.0034487742613828975,0.004914074607745819,-0.00030415591459499297,0.008881602338493947,-0.0019891822592733193,0.011176139411331417,0.008889972910664694,0.011017993852186665,-0.003876246244357497,-0.013755340916973391,-0.013670822840046335,-0.002303578041040804,0.0014371045462157458,-0.0017562139248676557,-0.0015295100416088457,-0.013928666183745652,0.007046873548158869,-0.002927556028194142
2023-04-12,-0.004362727482220015,0.0023312183836937442,-0.0211385503060785,-0.006762159824287688,0.0007011906149762933,-0.02512061263503912,-0.03403263254550459,0.002705853098412419,-0.00015567721096019103,-0.002133008879841403,-0.0028053889138477547,0.002717723609236305,0.00042220222697084977,-0.011399989840500524,-0.006474592133148155,-0.025006208241387048,-0.003292771404597197,0.007542236429224639,-0.02145795399404034,-0.010101274800099593,0.0017562139248675731,-0.0019700227270124985,-0.010125934606900302,-0.0010408176821574417,-0.004876360800013222
2023-04-13,0.03353469622690056,0.022152181904938856,0.04565543032053191,0.026313642183217485,0.029241086238516612,-0.0012084778321603765,0.029256539212836878,0.011065557535838658,0.0038060239400192777,0.013271479387022972,0.021195075470485065,0.004622843169621799,0.009623513017556446,0.005870109651434002,0.021520155236141515,0.029180023722162683,0.023802625344876576,0.019254244670330274,0.044778717230472734,0.0024145781718122573,0.007310841941211951,0.009920045277007884,0.013675592647553268,0.004675135681417242,0.0010038979385373656
2023-04-14,-0.0021161774764833618,-0.01284797708423022,0.0010736481279812137,0.013315001777506196,0.005160298472351847,0.0110859514437448,-0.004853036816821088,0.005299570250395181,0.07279485351940032,-0.0016267225938405101,0.005699477087991248,-0.00508623910302985,-0.0278238470206535,0.00013711633993636736,0.007492570433537237,-0.009365341163028411,0.0015300250826912655,0.003241805118628115,-0.02207970705005514,-0.006775032811891166,-0.001584870883623316,-0.0047299295895638,-0.005131273578804789,0.0024159012089838903,-0.006779236315925097
2023-04-17,0.00012133155351542659,0.009253266246859657,0.0022411286119839928,-0.026998406389474264,-0.011945141962775473,0.009077505248371925,0.010966636750077955,0.012587048901333286,0.007897795241361518,-0.0010255248660461004,-0.0023102301552774636,0.0003310033089890668,-0.012663099346160901,0.0109259980996163,0.0008856221040051296,0.003995967072620938,-0.0038557856294592087,0.01240664588100626,-0.017606759078225145,-0.00024265785284280933,0.006481720095038468,0.005109405921363632,-0.005157739409130975,-0.011701272808586688,0.006979863331485162
2023-04-18,0.007476561303633817,-0.0014899994518540519,-0.004291801457498827,-0.013969005377472457,-0.00444198226292862,0.02432948748133861,-0.014703352511066695,0.00259090339714438,0.011165231906333499,-0.02853135173104355,0.0005139795530577927,0.0010587603017974843,-0.0017230016592385878,0.011946016763216025,-0.0011809760452257407,0.006261550883559164,-0.0009795906224135322,0.007179315694790159,0.002941077575939235,-0.015416969388250337,0.0015746394721959246,0.002058288397746405,0.0005965592824021298,0.019341142853635723,0.0022047189961270077
2023-04-19,0.006944042480647986,0.00027740505675757633,0.01936168847711433,-0.0030668826809275235,-0.010101915710349378,0.009496704754335835,-0.020389861131667686,-0.004755176446210588,-0.0012738934760205022,0.00939619810221198,-0.004418881075728875,0.00019809789865347336,-0.036908138845551594,-0.006847376854524004,0.0012884577286591556,-0.02183589394863827,0.006757668060644085,0.0021137230660927798,-0.0322185739937305,-0.007674185341770158,0.0018861954564038212,-0.0005954713561857763,-0.046169872213249245,-0.003169254304107097,0.0010671356986800247
2023-04-20,-0.005863445830813852,-0.008145488573270746,-0.0047091095790211925,0.0105981071946099,-0.01226761572109326,-0.03005588713784528,-0.10254036525166675,0.0022569176301667484,-0.0029076540882456304,0.006439554314069935,0.008690448650851454,0.0036595544958670095,0.0025880845259377418,0.005575322113231707,0.005883916231677311,-0.006909789736479067,0.0003946089850275617,-0.007113539364851062,0.006877741495682462,-0.00973919451015216,0.004387357941752544,0.003296813173943299,-0.030862674632288454,-0.008009921918812828,0.00637908832421602
2023-04-21,-0.009829013003902064,-0.001223783548862387,0.02989264254702952,0.0011391548332994345,-0.0008452488940094181,0.0005533155345114586,0.012741333042302827,0.0015736460945470546,-0.001919001514491248,-0.005455759250701973,-0.0023470605185113287,0.03401841966302912,-0.007495277488537931,0.004911351446394647,0.0006396253181304106,0.01517936291486355,-0.006834420962458283,0.007666321900479225,0.008051119899445488,0.008993165341772543,0.0014061696427572472,0.00043171314370846474,0.009614367928945619,0.0031945553803423127,0.005021699351849928
2023-04-24,0.0018767940174865088,-0.014061639547357679,-0.007036666520682404,0.005298626030490604,-0.00046993979436211336,-0.0028434136757148425,-0.015444550452118741,0.00528923182873934,0.0013507578907518108,0.006066747306294143,-0.0055269851299778105,0.0017926417814932104,0.010526803934534085,0.005318614662256823,-0.0013598900202287376,0.0011040467271333238,-0.0008742059220215109,-0.020866298774229786,0.003165911026210957,-0.007488772220641543,-0.001562583576439762,0.00048522707575919,0.007625490034351038,0.018701696191233914,0.006765339615312455
2023-04-25,-0.009480357958325424,-0.022793580821208408,-0.03487276836944828,-0.02020856941530455,-0.02493343934530887,-0.030068122155692566,-0.011633104865311444,-0.005258369399801603,-0.021983341588699277,0.009122527131446713,-0.013712818195755417,0.00025567888896196146,0.006076356789831713,-0.017760596432910763,-0.01668376973650432,-0.016895533724041522,-0.020752354862529163,-0.022044957179165686,-0.01986035608372005,-0.014639235307683499,-0.0015650290656527741,0.02244167366404263,-0.006350354084449721,-0.014315110154387899,-0.007820449989093394
2023-04-26,-6.134655887663448e-05,0.06993166599719199,0.023224398457013323,-0.0013489588457698736,0.00887420360318683,0.02688287915686987,-0.04402465397224694,-0.011816465084342335,-0.01788258943943451,-0.015619591341746016,-0.006291716401568378,-0.011641075602415746,-0.01840310614112788,-0.02827018309933725,-0.004814350571525014,-0.014387106978490527,-0.01782617007811287,0.0044479281420535316,-0.004349840124905498,-0.017958414941156273,-0.004709508765616063,-0.006186368546345042,-0.011748634436605615,-0.009225618524860486,-0.004364028262560277
2023-04-27,0.027999672749757377,0.03152522150982422,0.04507277127081395,0.03672912309508922,0.1303745597837049,0.009966452551188403,0.041032719267455574,0.01762681583652974,0.013368653361909547,0.0023341050490669896,0.0037624521347601643,0.012152553580870133,0.015451224186034873,0.020137826682369575,0.018665227361410335,0.033787598034416555,0.02276543077957351,0.022816340187380407,0.01452876871373738,0.0028433910890555427,0.002043593823199065,0.0060809927801817485,0.0004295240122675708,0.011882487404655523,0.003109524552699035
2023-04-28,0.007512903882678552,0.007940238214389179,-0.040605781087400955,-0.0023263834858672484,0.007350436829127197,0.019027397442646705,0.025394246651119615,0.0070863084371613075,0.00864541065314995,0.004285275066264652,0.01611324926827502,-0.0005752861010178971,0.00329737879610871,0.022239480229441937,0.01687723370731773,0.02539287156507685,0.01639595607313704,0.012325387370175172,0.012443386990689469,0.0038643573084701493,0.007353478216722899,0.006305980700220867,0.014710931058339573,0.012841873200484666,-0.002712085268207546
2023-05-01,-0.000530823621750035,-0.005548452137877787,-0.03277395882406449,-0.0013050708750093724,0.011830507457162208,0.040987819126081126,-0.015208459761728233,0.004918717810222331,0.02118637791225658,-0.0006111172757409616,-0.0009456646833695933,0.0012139762105615865,0.007309304625939204,-0.009494276432750007,-0.0004474880536751711,-0.0028333285212641694,-0.009072719777120519,-0.002928042108388022,-0.017766732683591187,0.008194792258619937,0.002335632213009498,0.004130066277003961,0.0019029376384991626,-0.031503408793857525,0.004098431220381281
2023-05-02,-0.006210545791174921,-0.00049097232167278,0.01536391753200235,-0.01769281009175587,-0.016334594458386184,-0.02451109721200195,-0.009436987371174365,-0.013139917678195563,-0.016279377877564838,0.00870293293607022,-0.024071520506285835,-0.0008943436787398121,-0.004670927405642977,-0.011554868106315818,-0.010133846584689701,-0.015877207166080706,-0.014781950211753539,-0.020172896226134808,-0.020478519168301006,-0.003832641542860862,-0.004520375442881425,0.002969271984902778,-0.02091850640856585,-0.04066939189877184,-0.0027082445335841958
2023-05-03,-0.0064882985487746524,-0.003312403793787232,0.00019301691085338006,0.0008540435881271604,-0.009280462947308804,-0.014568474704659419,0.001869644402715088,-0.00813458662445386,-0.0213901963495256,-0.013175111415591407,-0.004415424737917448,-0.0012794602923813442,-0.008038157723420425,-0.004086068795646388,-0.003009724867978148,0.002581108541395694,-0.06560602771219451,-0.006365583198519036,0.005495849457789342,-0.015740479719453967,-0.005639983188012215,-0.0003641652001085014,-0.008665627894749985,-0.019905998245141384,-0.0037110483834689673
2023-05-04,-0.009962852550886445,0.003312403793787226,0.0033710455381283566,-0.006853814486933015,-0.014919102713809867,-0.008669959253046158,0.0036667412660127767,-0.010012213903419406,-0.01377302679919288,-0.004553704525933423,-0.0016828688988226625,-0.004619213697974998,-0.004422973038233224,-0.025328293901265005,0.0032491507656299116,-0.03439397964340787,-0.027663752727970278,-0.0011948217346893825,0.004624393041538569,-0.005738025780807745,0.001099212062631885,0.006224967630308252,-0.0056733594797635754,-0.017666607856017508,0.0027950863414151214
2023-05-05,0.04585922864789689,0.01701173304844907,0.015835527254169667,0.008370647512001703,-0.003173857247287418,0.03976189720987087,0.05350549046047228,0.012052096100133903,0.01934653895011054,0.0033865038660234703,0.027025109571488612,0.0033383257054330645,0.014263236896174465,0.013452457035556534,0.022451561190124106,0.03101728790167018,0.03674618789821482,0.02672165920305895,0.006153540916994799,0.006777872191161347,0.004696973295096499,0.004591523710089609,0.011963478539528859,0.02459149863050389,0.008602479684766358
2023-05-08,-0.00040355442430848833,-0.006458737944917768,0.0016076240119395433,0.020625110508119517,0.002102608007597491,0.01628918672355938,0.01012145995502574,0.006953690053792814,0.0024104181591818683,-0.0022770221275982545,0.0019396043130429533,-0.0046896121483302345,-0.0033640962306153203,-0.005852369614024844,0.0022073343294502583,0.024080967190794132,-0.01253517378662642,0.0015675034904121033,0.025843523221069684,0.004665501300559475,-0.0015632512699494316,-0.004746853384538475,0.0019438631651075464,0.003948633312557658,0.006240063309812681
2023-05-09,-0.010021206968801745,-0.005360058132752091,0.007437086747609261,-0.0039048751717130807,0.0004287560304502439,-0.02009699541885819,-0.015486902413259212,-0.0039016946693518806,-0.004826840134225751,-0.007793072273468893,0.004425537950663234,-0.010290915502522228,-0.004557335166382774,0.009161653052853602,-0.006688987610072922,-0.007701756928076141,-0.004106553453869516,0.016438270110777954,0.0028040214534012014,-0.004925539763720984,-0.008326107405693714,0.004077538731558441,0.0028015248333298727,0.0002749626899306016,0.0017009200571087228
2023-05-10,0.010366967833472759,0.017148354302332035,0.03293503350092615,0.04016982603341404,-0.0012435364043780566,0.010930356038191862,-0.003612788634512576,-0.005803754522345258,0.0005129736399856799,0.003718458781171942,-0.008567927030153494,0.002079736680401521,-0.0006322879024308418,-0.005348593993251897,-0.0010448183342062429,-0.010230222278194813,0.003990263063950404,0.01807797182592158,0.009826884533099838,-0.004688711556944257,0.001733858198856842,0.0006693146529801077,0.0051512975045959275,-0.012910619168104428,-0.0028148406330186122
2023-05-11,0.0010942104616879901,-0.007069324604828661,0.017898556144584802,0.042227562073748386,0.011559922954167473,-0.010685300195567215,0.020786425091438347,-0.0010841367890878984,-0.003155408485275146,-0.00409107663727705,0.0008227437729386899,0.002334411756173024,-0.002676806641785912,-0.004646961977513796,0.002219391278168308,-0.09135325574895245,-0.007117890402713405,-0.006759423197316317,0.0274651007901523,-0.008215011130899735,0.005653202484999091,0.005492740477423218,-0.007305647143759548,-0.018264904878017418,0.003729577093991871
2023-05-12,-0.0054322727499170964,-0.003682652875457503,-0.017263494264582374,0.008031569868474423,-0.00843289593969578,-0.00836294434333648,-0.024114596337054404,-0.0004650982457222095,-0.014436554180616106,-0.0013054645306068739,0.0016003692822022567,0.01011765408725578,0.005040868711443936,0.009616889247000448,-0.0038415690904205933,-0.003472599993228896,-0.018108922481473777,-0.00819186245181787,-0.014226584072181055,-0.006139172742790374,0.00390715078218008,0.003985035210580926,0.00730564714375953,-9.441494095498351e-05,-0.00032668916626059927
2023-05-15,-0.002901603478470334,0.0015846710244679925,0.008489121836596263,-0.008546358195672945,0.021368927619754428,0.021399571338136702,-0.009750860107846383,0.0032197438502442953,0.008391031149806135,-0.007679586213838877,0.006161476322741247,0.0003207046266528033,-0.008935804730241121,-0.006666640948575819,0.003893659316050018,0.00941318964361762,0.03001165116308099,0.007503509035897672,-0.011838242855631748,-0.005099789989594169,-0.002655153857457043,-0.009477775688004298,0.008314672137597297,0.0019051842312146437,-0.007804660020689582
2023-05-16,0.0,0.007340495872948026,0.01959105037675755,0.025423090848701087,-0.0001674099026352051,0.008940034629259061,0.0010214088288270423,0.0006797714423116135,-0.006752101919069958,-0.0013171501007011091,-0.010102047424119657,-0.0017320538167434163,-0.014774010633768948,-0.02175721360647155,-0.008302240982990261,-0.02045319934972802,-0.0016214372154870682,0.0060309860341367285,-0.006391536592370913,-0.004044930137166324,-0.011324409847482016,-0.004333218224925814,-0.0038290405920537174,-0.024568948592053576,-0.01392306975786668
2023-05-17,0.0035968447307331043,0.009407170645026153,0.018349125212474244,0.011067128720715653,0.015250191023381012,0.03249914668647628,0.04313493317739194,0.011180552522441323,0.030284306227267292,-0.00219876300634939,0.009414444774579256,-0.00424720842251267,0.010554533941182382,0.03501189584941311,0.01762195519695551,0.019483534469415458,0.03283567910988653,0.023289532910527662,0.018435706338849014,-0.007049885723661587,-0.0011079103820361687,-0.0071078273434012134,0.015018839934537679,0.02218676075892668,-0.0016703619275703493
2023-05-18,0.013573637596141878,0.014292357255141238,0.022684486585828632,0.016333981739804986,0.01782051140151826,0.048509413385217734,0.01727768584344739,0.007212981220300504,0.007555150270063135,-0.0032130578079774836,0.004075194075989896,-0.016579779543589458,-0.01157638603304876,0.009429241377446735,0.012888231908653163,0.01061494829282766,0.010598899336189255,0.018642623570475997,0.08815555592985347,-0.007374085552491957,-0.005557839750229951,-0.0026067364465670838,0.011896387379049085,0.009022249349307836,0.012890479510083503
2023-05-19,0.0006279434502847163,-0.0005653335567070315,-0.01621197208021114,-0.000570066441332194,-0.0049138705631595996,-0.013155142031540348,0.018206255962432197,0.0019086724252786878,-0.002296301917317424,0.0027097288722136106,-0.0012422760577875905,0.004187235392302641,-0.0008560264133168773,-0.014606791613772766,-0.01658997673694417,-0.026039975143609707,0.029577947324326344,-0.013972983393810395,-0.01610032231772496,0.007918029492802242,0.0004776250491172472,0.0014605742729883048,0.019110614338515505,0.004622184346909342,-0.01035252371636078
2023-05-22,-0.005495785985499066,0.008881625850951666,-0.01072394478867387,0.018482400442552036,0.01085119315084762,-0.0028187360750497425,0.0473245988875953,-0.0038209948487453755,-0.008297082093378864,-0.005404018052674834,-0.008739076889720497,-0.026528806077397236,0.003752237191446109,-0.000756695414705828,-0.0027011194046032833,0.0051318146044805986,0.002152530916170056,-0.00047565241785354427,-0.006452803719968483,0.052448504021282025,-0.02123292138270202,-0.027479943909707327,-0.006329683546581246,-0.012214424165374367,-0.00884429323548903
2023-05-23,-0.01527107360561337,-0.018604009045301576,-0.00017395019575110725,-0.020113017438900385,-0.006383109648813671,-0.01577697804363247,-0.016549549453013485,-0.018460047147051815,-0.01048728947309757,-0.0003824291689497015,-0.029396918876978755,-0.010852500985115728,-0.0024583102811140184,0.014617768266217102,-0.02843465003215578,-0.022022497351799238,-0.004390687788399255,-0.017366515416559602,-0.01952773280790839,0.02270795769632385,-0.0017898673388418848,-0.0030587488531916866,0.00184188224782391,0.013530987417682813,-0.0018861630302289142
2023-05-24,0.0016308367642698554,-0.0044825622042276355,0.015189747065965913,-0.013636951538326477,0.009960917725919116,-0.004899786752301398,-0.015569850375932186,-0.009046938500211347,-0.009193667764851294,-0.0009569246777277212,-0.010429121644424869,-0.008302637916526323,0.0028950119627968165,-0.013105175755078649,-0.01414630629335452,-0.008385067462918951,-0.012660125938691353,0.011643042671895655,0.024583713802904625,-0.02580940450902536,-0.00850519284404881,-0.006362103038193047,-0.010275459116252432,0.011122091740757926,-0.004595604790082651
2023-05-25,0.006669896982678726,0.037736925285053236,-0.01510276818575663,0.021115522705794625,0.013867373716352783,0.21808787927516227,0.008547333224801432,-0.0036920763791986775,0.002435262191070649,-0.014466462236866273,0.005071390220716641,-0.006444582767771889,-0.006530786924096117,-0.015055946602210256,0.004170150879679687,-0.01049617078910209,0.06943747576916531,0.004057532292158275,-0.016163895948595724,-0.020926691346536123,-0.007750053141597794,-0.005912754889575511,0.012725754910779005,-0.018101373468478406,-0.010007140510871261
2023-05-26,0.014006372695699506,0.021159962402313257,0.04347586628475364,0.009109644602799474,0.03633387539273789,0.025116451648836503,0.04608376548838008,0.004940496906682362,0.009317572326017654,-0.00038873755716816664,0.007270478075416937,6.86311939708308e-05,0.007964735592602216,0.020981361876937235,0.011633681105050427,0.001700440028570049,0.057802990158918426,0.02600363747192802,0.05389711415120808,-0.006098417311461607,-0.0024862878134052726,-0.0011976098868867453,0.016786836688828233,-0.006551705689962343,0.0017773548816505337
2023-05-30,0.010603255465935438,-0.005059371893955553,0.012822304345733589,-0.007572149971223259,0.0018299683000811478,0.02947438096215442,0.040530008769500823,0.004947182002305547,0.003789993548563425,0.0001294887027207599,-0.015090390188327661,-0.01538603209668249,-0.0034740406642785712,-0.0014696501494601162,-0.018521135857985573,-0.005337631685794521,0.00437179844345109,0.015795429219392927,0.036539183388223324,-0.01581600676723162,-0.0079971504536094,-0.010788953275825425,0.006198064746333186,-0.008899187443179721,-0.002461726578960946
2023-05-31,-0.00028226791336236984,-0.00855055943675657,-0.008916850747084985,-0.006489775957265653,0.008345361061879813,-0.05844245229605757,0.013676132280176065,-0.0034511697726987882,-0.012812746857576551,0.004459846602791966,-0.0027559561243903916,-0.004760569912000179,0.015283217477015358,-0.02391340594638901,-0.006771323366100485,0.001592910500521081,0.0013892627140893758,0.020396499954342378,0.0057091152787522095,0.026924237622221608,-0.0020093730437417247,0.004066350388740178,-0.01001601641699263,-0.01803954443044967,0.005530447453556583
2023-06-01,0.015895550398312783,0.012678518801954758,0.017999210602823053,0.006894003586703125,0.029369603446813906,0.049904895737147674,0.017450979367424225,0.0063334847008553906,0.013685374890021224,-0.003359279723941909,0.024446473265981362,0.010193811857899845,0.013029310646472492,0.017277993333991985,0.015926340999640316,0.0071367749638456155,0.02121942728293686,-0.048051742154793686,0.019791239950699587,0.0,0.00568272344491319,0.00608350539938097,0.0014082444653748267,0.011482258834788,0.003669805415540433
2023-06-02,0.004763942865564053,0.00844338176986966,0.011983006127262639,0.007649256043483766,0.0,-0.011201641557241081,0.030608082827557156,0.019491931273788718,0.020788436616460453,0.01560190684104013,0.0100595847535191,0.01762615264960497,0.01198163103243264,0.025843159499121207,0.007655155938838644,0.02430995186830571,0.022292134460443754,0.0006103266658395335,-0.006620204325724111,0.008902986575507268,0.01914882079404777,0.010211755950088592,0.005613644035826565,0.022954221179493462,0.009519622082675231
2023-06-05,-0.0075998231708877114,0.0016087086752461506,0.008415221280893264,0.01069109990135759,-0.004485337248472417,-0.003974697516093025,0.016868648629117366,-0.002735388805255228,-0.009872756967076103,0.008563709761444549,-0.008868324789045322,-0.0039663441618167684,-0.002786140978899304,-0.009643000607048575,-0.00862632708149513,0.002530589530061902,-0.005031318343468308,-0.01499234829248412,0.0076367382202440146,0.007531486977588,-0.006726294787039366,0.000706158417984722,0.0037911218269232744,-0.004453836199295105,0.006563647609119754
2023-06-06,-0.002062392964698307,-0.006750345316962611,0.010400614095251953,0.010263797671855378,-0.0009954334367205454,-0.013286259391102482,0.0168599499197107,0.014592676239645873,0.0017955964137385662,-0.0008848723723162843,0.006373924167701332,-0.009985181187092516,-0.021547675731365058,0.00984541139419178,0.02515866585217794,0.012666829803779258,-0.0029754897947946728,0.014147170188736456,-0.010587626326104905,-0.0072710698028946264,-0.007269184087692299,-0.014381768026059383,-0.007998418549845178,0.008134542270246719,-0.00013354316306231587
2023-06-07,-0.007786553135027461,-0.031354242267250816,-0.043421904903774046,-0.03851413224451665,-0.028128764023110625,-0.0308729705707983,0.01462307267215497,0.0060105430841957685,0.00964194259173361,0.002147201176684972,-0.013010357251557704,0.0021430466797046125,-0.011220104113616045,0.019073823372514957,-0.022813246606490707,0.0038985316135701606,-0.034236980608205084,-0.03402315356424477,0.0012014201746747592,0.013461179288843078,-0.0014933663789966256,-0.008018511447368346,-0.0006024662175217676,0.022173680967585336,0.0014677588232807216
2023-06-08,0.0153467902691173,0.00579692879506512,0.02460606952762862,-0.0029429685886410762,0.0037107911506152843,0.027243994520996597,0.04480209933086133,0.001578857765935534,0.00028424294556532036,0.010916656023922593,-0.009903716471191898,0.011262144706173833,0.016660810845546915,-0.002023893776720899,-0.010284452271672028,0.0001081157406642145,0.04832103770115599,0.018302265565127627,0.02372998777991812,0.0051296229438644566,0.0024877294673063643,0.0109882496985531,-0.002010707137166152,-0.0031377138679800644,0.014363025731126943
2023-06-09,0.0021575066271448985,0.0046928736831224555,-0.006621468748440394,0.0007365387865582487,0.0013977265524611968,0.006728882483657638,0.03981660778824774,-0.0019665212275855977,0.0019876733260851946,-0.001561012227055175,0.002283612765838882,0.0008192765167335254,0.006891280163650738,-0.012499175590704126,0.004424521861896736,-0.006505514561045774,0.03352945295166621,0.027211839471786216,0.025682903750843294,-0.003074429431417397,0.0016552386921237225,0.0013719301929328012,-0.00040271049907161555,-0.007421939169913752,0.006027772456798302
2023-06-12,0.015517767663912933,0.015365259789188564,0.025121316164936732,0.011469565767556998,0.022762013355932996,0.018198047534015466,0.021974491562613167,-0.005053165693928339,-7.07961936044669e-05,-0.0006878459430091396,0.011607301383020385,-0.007877451711871406,-0.002088774599564415,0.011735030163051224,0.016359597327542236,0.013076304575480558,0.04443836537535293,-0.007552473558243322,0.009360379861232433,0.023583974870594868,-0.00430902780584564,-0.0024709417459825825,0.01637735796380842,-0.009073578166985058,0.006575771553507953
2023-06-13,-0.0026150966049269344,0.007325819997449737,0.0007108476079609743,0.0015355686973507093,0.0009958037565321028,0.03826368966750627,0.03492701634188564,0.008328555906392034,0.007207941966871193,0.0052396619847127675,-0.012323015912848784,-0.002410077014345075,-0.0026018157362058844,-0.0025960667228503917,-0.010526596454628234,0.007594025049472094,0.009144136561616046,-0.02228757213010631,0.027360145296799303,0.009478923609693879,0.003977978351913878,-0.0019809002363451013,0.006319149540328667,0.00018795995343439808,0.007757020325778237
2023-06-14,0.003485249948052295,0.009082374629186863,-0.0018966774409432219,-0.0012929536644424213,0.007454077506116075,0.04702183562356055,-0.007449046704933148,-0.0014577662392799267,-0.0037389201530908744,0.005088435678766362,0.0001789940920342687,0.009331960005996974,-0.06615319336003335,-0.0012336619031934372,0.009060052283706089,-0.01502981505472881,0.0011267550144873047,0.002007533585474573,0.01170450330859665,-0.02310499509575776,0.0067597012755755415,0.008938508173681822,0.0031447445454566517,-0.01209852354360155,0.010058578584028746
2023-06-15,0.011136425758974859,0.031398479896276574,0.005443175548084132,0.011416778522752217,0.03055091299418047,-0.008032725199260822,-0.0034719442089692484,0.011602608763228883,0.011244848471620569,0.013341941974883939,0.01214402182081462,0.013768998046022895,0.017124118413051972,0.00767785216367622,0.011355746520183294,0.005286198714760273,0.023454364071166647,0.011962538656188142,0.009953517840008638,0.00985972043770032,0.01364812058474101,0.013771834160045638,0.01885562894104917,0.006917894795374711,0.005467310800606502
2023-06-16,-0.005877342397777065,-0.016714599838946506,-0.012826801009232924,-0.012549485946878332,-0.0029492001686639204,0.0009137917695349705,0.01796971375181672,-0.004453459515013556,0.0011872342912636487,0.003049124453415457,0.012041869449220153,0.00731569101008851,-0.01601128958957829,-0.00544497227572308,-0.006643843471123445,-0.017584277704861432,0.008660498977653794,-0.0007552111147596076,-0.030347877758424725,0.007768451276407009,0.007160332690375463,0.001775339685797513,0.002692264973816734,-0.007203200717798244,-0.014045992648825133
2023-06-20,0.0004868248373800609,-0.012581550858509335,0.002308282311188502,-0.003487011342915719,0.011780668368413898,0.025805059983396415,0.05201270640767318,0.0010635938941670573,-0.00510846674738852,-0.0006088192433719215,-0.010716374440352682,-0.009271057857790008,0.02349568316432704,0.003423225029425006,-0.005085508163249062,-0.01734175326594469,-0.019000831633190787,0.02430552620050432,0.006323194493437905,-0.018136428425255622,-0.006670448531386025,-0.003931684448760846,-0.010036958344219995,-0.02319074672854945,-0.008847721680788227
2023-06-21,-0.0056915382427802095,-0.0133709794118165,-0.007581513078945846,-0.020932442248185235,-0.00950559409009139,-0.017570488408719987,-0.05616662426467672,-0.00017726221485132412,-0.001474191453552287,-0.0015245811706144524,0.0034382515424174016,0.008602111806792686,0.01555825032283063,-0.002358267240262206,0.004049235390495304,-0.012444931604445266,-0.01739818917261601,-0.03460581260433932,-0.023861960082187744,-0.011247390151400758,0.0027712616163264162,0.0006474189258890641,-0.013672027330293164,0.011133310729545147,0.00194409006795226
2023-06-22,0.01639027087552157,0.0182696937397456,0.04173475821321792,0.02133872862793923,0.01143830599257936,-0.0004647571315181394,0.019654473293680905,-0.004884755788395711,-0.01944041333581292,0.010561486543777577,0.0050039461787425655,0.0034068129478325667,0.004812706065850907,0.0015949333902266925,0.004403503497518095,-0.0016936319165364742,0.00020935980264746008,0.017499524929323246,-0.004652071591013763,-0.004379968199009407,0.006813715679631295,0.010301116581747293,0.005295815722765083,-0.005502868303945902,0.008317089204206573
2023-06-23,-0.0017126431305716193,-0.013902191084685453,-0.006320292959406817,-0.006599193581804306,0.01342379480051649,-0.01914783705304201,-0.03073851253541729,-0.0050876814249612105,-0.0052435032878124475,-0.0008454535173096036,0.005066244005300835,-0.00998611916102789,-0.004288621133709244,-0.0012293705764555949,0.005306003539948869,-0.004417020580887058,0.014839750116635646,-0.015116894067183664,0.003638499603849632,-0.011164542274433243,-0.010564850422245753,-0.006855547189792202,-0.015574413646913334,-0.008750630416901292,-0.0018638238801945075
2023-06-26,-0.007581852296536745,-0.019349021005427496,-0.01558513561942593,-0.03324226275974235,-0.03618167215126336,-0.03807733131809486,-0.06251408245574486,-0.003376326888031058,0.0024454366761254114,-0.011242739686872977,-0.01425928935553694,0.001009592995063507,0.004309483749013752,0.023263859399854096,-0.006312374027675491,0.0067873733616359766,-0.010806637625878482,-0.013079408538613798,-0.019239572362443353,-0.03750944021344727,0.00032675361245740586,-0.006361989039232924,-0.002387259962193334,0.01828873883337983,-0.0026407771827932766
2023-06-27,0.014946786872993554,0.018005097470654496,0.014424567940817595,-8.44424257059341e-05,0.030346050386103787,0.03015671180671757,0.03729619858071868,0.0036447363153187177,7.18341560921336e-05,-0.002079772545135061,0.004585124122539859,0.009443451919288413,0.007279385239744064,0.01882189591387596,0.011512114036005737,0.004050385587826911,0.02014969235318267,0.007016215087933482,0.0027369926671105506,-0.01282243611406462,-0.0021259111102456597,0.007167758195121463,0.01286268427139519,0.002490034295274841,-0.0036181340653749254
2023-06-28,0.0063080375258452465,0.00381847879371369,-0.0010843421189455317,0.015513318682866983,-0.006150034681133654,-0.018291128203171334,0.023813875097039847,-0.0035549558977922436,-0.004391943479990358,-0.0020228284112468737,0.0027235084663661956,-0.00020022572466052487,-0.016949070087354672,-0.0233140821577644,-0.004094317634064719,-0.002585784794762042,-0.01407864453029312,0.015915132973272298,0.030135019088058403,-0.0035757108725587156,-0.00937413169900579,-0.013624876360249224,0.00019646174178561385,0.00809722767931098,0.005422531754114841
2023-06-29,0.0017947556378904998,-0.0023849563146411184,-0.008873661272556729,-0.009027182271250518,-0.013267372567082622,-0.007200595765987959,0.004905252914132209,0.008225867548744173,0.0343273017303672,0.006971150529276406,0.027517507848583856,-0.00407511758990367,0.004185698640090251,0.00426489154716228,0.01937807746067413,0.0013499163821036658,0.0027737470966867606,-0.008234734027855059,-0.003729256671500928,-0.004695719352810843,-0.008296018043417763,0.0009794769945758882,0.006661531459087853,0.012258405178795674,-0.006782886273668505
2023-06-30,0.022839748940604504,0.01625275072552764,0.01905113813636069,0.005025036973221065,0.01917361399547385,0.035613300092106455,0.016446493545468958,0.012066634043489335,0.013916535899448463,0.008615935549208755,0.013395683870152636,0.015675055070372458,0.0087767695187258,0.009119383421269668,0.014418155547742945,0.0037031200094925815,0.010732454948208554,0.003936485199472175,0.028203922065161306,0.015384906891343936,0.0033266431345457983,0.007260938261239494,0.010296417640811517,0.005141323807731578,0.018622372659462122
2023-07-03,-0.007814997787484557,-0.007516211683843986,-0.0010745214685311468,0.001669544928207509,-0.003350859048604641,0.002620439673444499,0.06668035183063045,0.0029282597790883597,0.008012427309615992,-0.01319700205919258,0.0020611445898340336,0.004996233408986287,-0.005758930641854441,-0.0019979540551534514,0.0016767496486858593,0.013572287530860622,-0.007760250092559159,0.0018443484392169664,0.002154394489209544,-0.0008181534164280037,0.0059603207216153715,0.0020496276232247488,0.0015449614913673178,0.001956107300368011,0.006468621359900048
2023-07-05,-0.005888724473827933,0.0004734788106646748,0.0012279637641415527,0.01531166770570385,0.02877560046352785,-0.0022658271488746797,0.009461225032650612,-0.001287385171010599,-0.00668403695352155,-0.0033113867222093027,0.006199900840248373,-0.0017066239667950876,-0.01403458363860069,0.002512934896752109,0.0019526873486924148,-0.007876152924184322,0.004216112259843907,0.010200615753388908,0.010052581772954504,-0.005197695704456131,0.007400584535096831,0.0052660884942154484,0.0015542378439591458,-0.005131172478327256,-0.0005691969119759394
2023-07-06,0.0025053746940856005,0.009184153243542484,-0.015614479950363446,-0.013561643485580184,-0.008117862676765985,-0.005069899209497088,-0.02125228365266279,-0.00029283507317164276,-0.009935672610877758,-0.007459547899540806,-0.002383025375964157,-0.0016434520304202203,-0.0039551727028999785,-0.028656477293206844,-0.002591098866924359,-0.011763025497576607,-0.01232786477899227,-0.017360644791558445,-0.015959858836504966,-0.02302761346472189,-0.0077309274354638744,0.00010719763862758904,-0.007795700453247018,-0.03803537283000435,-0.006344761610055904
2023-07-07,-0.00590865983812958,-0.01193835542640992,0.011001878790426247,-0.005259158534209467,-0.005012527002394729,0.00945551127494394,-0.007659314226953743,-0.0016413555786889294,0.007859405927316912,-0.014648900410901366,-0.010224768651407954,-0.021211358837644023,-0.01671456957725538,0.0026123321358571304,-0.011409394232500513,-0.0011274671579731797,0.008235397642958482,-0.0026206409573965024,-0.001687630052574715,-0.0028106191204668087,-0.013297978709999918,-0.019043987547411757,-0.002350739412006552,0.0023292388573638093,-0.023310672109710204
2023-07-10,-0.010915139918392922,-0.01611286336117835,-0.020630536429565062,-0.025686956043698802,0.012212909464574226,-0.007628362573161015,-0.01771977662648564,0.0006744893786485099,0.005595989519126207,0.0016313718188332245,0.007205992240880725,0.0004032804407958001,0.0031796664432350535,0.024369486848949844,0.008913433694812086,-0.006110652497423566,0.02257592090427011,0.01524646766497467,0.008206364452725474,0.004212813427494291,-0.007558594053872046,0.0066414939477281686,0.008008629436515632,0.014722484907766089,0.009015105405326242
2023-07-11,-0.002814034099420504,0.001926827262965092,0.01289534927354112,0.0059078487797211855,0.01414623266573963,0.005320074732029866,0.0006674942605875906,0.006544918131129457,0.015518220733452225,-0.005532147224234609,0.009985426741774446,-0.005254037464694785,-0.000345677712459661,0.010834752828765136,0.014279342502552627,0.01565432636053788,0.01676209052831557,0.038531989405027965,-0.0034017069176707853,0.009484111534110131,0.00353453370376548,-0.001737618791055379,0.013910704724263721,0.01215227125561947,-0.0014862650209556281
2023-07-12,0.008945716442707995,0.01412668874711673,0.015563949723523061,0.015165241373151077,0.03637482510995817,0.03469341810113049,0.008121354742896705,0.005749844458889997,0.004939341686908134,-0.0034732505844469208,0.006876966469371993,0.005186669140656836,-0.02447117255246985,0.012230793899803243,0.007238838475732562,0.0073481330190457,0.005177356057311554,0.027251021828731185,0.00868525751286841,-0.0008332135225715914,0.005361823368896328,-0.0044125871317101896,-0.026834278503756113,0.004895065424440785,0.0025187382865158956
2023-07-13,0.004049178485903448,0.016062353273713116,0.026406663898050423,0.04609184199374871,0.013071309385728347,0.04618157272391086,0.021496049775542363,-0.005254835126373072,0.004848468123226956,0.0046073660537802,0.004531255822840591,0.0006715966445743733,-0.008783177450056254,-0.00923843486474172,-0.00032460604255871666,0.003543437928228693,0.019363588695361623,0.013503763675242617,0.014154489673721458,0.001943148760627613,0.008486554241489794,0.02352424971491652,0.01544950664469066,-0.01848133371619649,-0.005886648723041969
2023-07-14,0.000786811197641387,0.007501290171643735,0.0028254136578632553,0.007041164318527982,-0.014591724935070646,-0.011110484608802668,0.012444771516691934,-0.007157216739528418,0.00602711747945561,0.006652278397396114,-0.0006168509905490236,0.007357836788903779,0.06990515921037208,0.006021084413027207,0.00485644335421737,-0.020660714627133838,-0.0047475883360763825,-0.00452441133747068,-0.018985346636989017,0.007184300043335379,0.009072255953061353,0.003619534351517909,-0.022569772544174607,-0.03504344135858603,0.0034326197384040935
2023-07-17,0.01715759547121938,0.0014182818324594592,-0.008350743114511814,-0.006158287277492616,0.005649873355678799,0.02158233284989195,0.03148434056863512,0.009221776266263824,0.02381798166310006,-0.005016494677876704,0.0034077432165918473,-0.007089457215318436,0.008109932028676842,-0.0014227380243943101,-0.0007704477453120597,-0.03513982077943197,0.013830805605197533,-0.005816405069063401,0.018252427185323602,-0.012746084722685194,-0.0014789352091851215,-0.013802684457218191,0.008498990691522216,0.00434955396578363,0.0012278434864514132
2023-07-18,-0.001341232825740809,0.03902809197275586,-0.005480667866621605,-0.007165551705971172,0.004592994513287163,0.02199003884485073,0.010141906463636843,0.0031612907711608515,0.0018238153416751243,-6.298543357219367e-05,-0.01328500882597961,0.0018778583915017586,0.032357952093528215,0.0022440651594591472,-0.010095452660383482,0.004547849876493066,0.019408102161016887,-0.0016240933969862315,0.05353494165797248,0.010540898358303305,-0.003954508378929396,-0.006377116297442668,0.008427446437932378,-0.004547673458048993,-0.001809767200341731
2023-07-19,0.007046922417470605,-0.012343207531731196,0.01886777143765127,-0.014077428399895115,0.01261053427105433,-0.008818613887836765,-0.00711596075110357,-0.008462192516989726,0.0038322111925186753,-0.0020136671834048462,0.002695822277088622,0.00680966803771874,0.0073728215484832865,0.00855035744982505,0.0002760233833628883,0.01260201378402405,-0.009552645293170986,0.029179397630500384,0.005858947098742046,0.005503626561514295,0.01751123053303693,0.009765061731508462,0.02295819741698433,0.006912252537919446,0.0003234430058762804
2023-07-20,-0.01014884719502798,-0.023392947624245534,-0.04071113790508541,-0.023464155764039155,-0.043626625919970234,-0.033632567107741054,-0.1024426640636013,0.012132950442601162,0.01224244064918273,0.05895559256951169,-0.007483730168419714,0.008075937134107893,0.0010713338701489078,-0.0012216949748374121,-0.0005273456898052093,-0.009581533700570835,-0.019712296053870374,-0.02685393439531163,-0.08785875500288731,0.009015178921879027,0.012093985960433798,0.01618943866300963,-0.0011448129856542167,0.01746137579737012,0.01832786308460754
2023-07-21,-0.006180514399330072,-0.00897717337572534,0.000307687993656272,0.006855705141493772,-0.027683644216508863,-0.02696410288760641,-0.011015199637560409,-0.0024552653030202095,-0.007714589837941873,0.010692250763393944,-0.001545228352876442,0.015618689927303024,0.004531321805137473,0.004315465245448323,-0.0014330266501825337,0.011188797021340532,0.006460235238462223,-0.00043826455407039737,-0.022939556813363397,0.016988508660755554,0.0008012126538373088,0.004532865990683278,0.0049522000542218236,0.004630744707292232,0.005635633941049785
2023-07-24,0.0042109897077552685,0.0038903693382092005,-0.009273613091557636,0.012502792965680713,-0.009046325438920089,0.006814927693112734,0.03417588510139735,0.011130545419830279,0.019492490301160435,0.0052156213072002,0.006208508186970461,0.0031987803138427856,0.004235536137349959,0.014374835496820481,0.018198633573540814,-0.006675249756756476,0.006953461153189967,-0.010579338154747639,0.002033061765785421,0.002936784845058662,0.00032026563427421255,0.003988716873762568,0.009078938850802047,0.015567905678697754,0.005855150535051759
2023-07-25,0.004503475113277604,0.016865934886055294,0.002558849307688174,0.005579645631181772,0.009759756934517366,0.02363586275180748,-0.014148526638195701,-0.00588065071782806,-0.007496221447262625,0.007628025357764546,-0.00855188568104809,0.0023438408160464663,0.004413491240193997,6.162198412982171e-05,-0.00870877822765753,-0.011264067316458919,0.002821278056422248,0.0016383286655643624,-0.0015653242068225791,-0.012069222920539842,-0.0033678825378124096,0.0023017709388259457,0.009183685540975676,0.0015151813730545662,-0.0008163581875467981
2023-07-26,0.004534708282579258,-0.03836407959246145,-0.007618281489535843,0.05616243616375055,0.013827414815567627,-0.004981832016453978,-0.003511861575139069,0.00636671198280925,0.005975916526171004,0.0019123788776846495,-0.006683739561999724,0.0010400290649928772,-0.005751246325747426,0.013624321835546425,0.0028119422534095447,0.002682377412077994,-0.020753014586291273,-0.001992905807563123,-0.011830333635548983,0.00403930133070329,0.012769573003835145,0.0012536080519653485,-0.007114713149158105,-0.005598703600243963,0.00357466388572093
2023-07-27,-0.006602524132116016,-0.021092962304131376,0.0007800788687019062,0.0010050416485823583,0.04306876309756279,0.009808227631108248,-0.03322998965193553,-0.00140175458761633,-0.011090529540866256,0.005600410306327149,-0.011282268072146415,-0.011958955521292558,-0.005467637084886219,0.00036395710704789874,-0.01985240213364697,-0.005840439905651407,-0.0011278675664744017,-0.0019081037104800595,-0.02273252925707966,-0.01643895198008597,-0.009721956100296887,-0.01615297324176657,-0.0041423119213676775,0.0031353269874319066,-0.003637539615494912
2023-07-28,0.013417454140058039,0.02286783994564131,0.030410134252966122,0.024277957193784297,0.04322784080933632,0.018349191597002733,0.041105070589749985,0.001430369861369649,0.0056883126377574806,0.004538076252407369,0.005572265536739601,0.027876745368296235,-0.004602433122923784,0.005022067769408104,-0.003911344697159708,0.008980140522621536,0.02857780474130013,0.0019967083112718623,0.030063597118831463,-0.003597515682962082,0.0006404287313099836,0.009397322719554211,-0.017318921139417902,-0.012024148428339277,0.00470112708875129
2023-07-31,0.0031608932737485634,-0.007266860692112751,0.0110572111941032,0.001055428776568017,-0.021364477157874824,-0.0004492396082711818,0.0037087357528333273,0.006127365538173662,0.006669435094321054,-0.0406475921270304,0.00836361896367526,-0.0007037085140524906,0.006856352404266513,0.007426458345137514,0.0033536293213727343,0.031541910291649426,0.032187605571692444,-0.0026186210593033762,0.03050829884887843,-0.0002771351977669358,-0.008841817886594787,-0.015088791934840227,-0.0009603467625179571,0.029141227512390965,-0.00031266769421676446
2023-08-01,-0.004285051848007383,0.0012493715122746387,-0.014998135236778893,-0.00885445353192132,0.012817321270724552,-0.004762239773474809,-0.02406922380883306,0.0008520585276704403,-0.004950308373111956,0.008085098122265728,0.00858633750794899,-0.00031967844480601564,-0.0032242068410451774,-0.005316146699744454,0.007051279034067685,0.0015736633486981965,0.005350278517949409,-0.0032940981163988156,-0.0007976355637159951,-0.012557845103033694,-0.0025869144953880466,-0.0034198873624113686,0.011843528403794646,-0.005798197225538489,-0.00470267484279273
2023-08-02,-0.015611298494749841,-0.02663435916555926,-0.026781097330387048,-0.024392548276712132,-0.02637413678915603,-0.049318180394669536,-0.027021352113566002,-0.003042172523639837,-0.011389249556440146,0.006021334110429436,-0.009301608755936242,0.0021733290438819596,0.0001187987531359246,-0.010809164847923425,-0.017914612767006694,-0.03114372022610272,-0.03483766869888622,-0.01695307091974806,-0.020546104257929545,-0.007327946415171179,0.003071195943079143,0.00794390190975607,-0.0015203484344397495,-0.012552610805217483,0.0006911140590623179
2023-08-03,-0.007348472955547984,-0.002568454009369925,0.005444917932495522,0.0005450579407999298,-0.003569783874717653,0.005541548751137456,0.020295602012260543,0.0074326444788798286,0.006094811965550896,0.004287167161351904,0.005038535495240092,0.002615117366066896,0.0001189123594961147,0.004101449386372304,0.007637004348897214,-0.009430220619928507,-0.012409278345914801,-0.02265836839401175,0.0030207355113108718,-0.009950578227488219,-0.0051780909066774594,-0.006339294961757301,0.01078222718200681,0.0172310960531629,0.0002512362466929762
2023-08-04,-0.049211303288613825,0.003423014643412695,0.07945180513430172,-0.002650443230393825,-0.007885605573869968,0.003699850875658325,-0.021279912186420162,-0.010855484238031315,-0.00211300176807746,-0.009420840476900188,0.0009628713560317092,-0.011015878723683255,-0.004227827403082395,-0.010422645723048593,-0.004232777496523664,0.009430220619928634,0.0059392451173987774,-0.004510053925811745,0.0013911751480546078,0.0005712924098270762,-0.015202454369790447,-0.013558805332776066,-0.009831738570677692,0.0027966987030041187,-0.0057933453990259174
2023-08-07,-0.01740418892090962,0.0070831661344355834,0.018808843040995626,0.026345534844640046,0.018588433522219065,0.016360406506381105,-0.009538785882980292,0.03534054782353509,0.004731687631926591,0.023734031544312004,0.010489108422168858,0.010506186866324619,0.015807305239877514,0.00835878310495309,0.01400645406368013,0.006122598082200109,0.005394578012673801,0.0068268451118680094,0.021001284617694897,0.018671041352381224,0.007875240864582777,0.012328813113616669,0.007194262467257555,-0.0020500587142314743,0.013486847689089239
2023-08-08,0.005297568698156845,-0.012375144615568866,-0.016161386274731373,-0.0009887579769985166,-0.012460487319483371,-0.016718655772049895,-0.00698396541730477,0.0031667617931778994,-0.005629438009837137,0.00046225198835624846,-0.009234671541187197,0.001082667463648057,-0.00960072506049323,-0.004139949744614215,-0.009315830670021771,0.014860701663614848,-0.017385460243682434,-0.020952962468374314,-0.005596865265223693,-0.0011217581531794325,-0.004422074524875037,-0.013196105651217566,0.0009427821923402562,0.004931807916691137,0.000996474131280933
2023-08-09,-0.008994718688008252,-0.011785140119424083,-0.01504759501753799,-0.013330480390643756,-0.024052353662439886,-0.04839405924876381,-0.030537632908455258,-0.015823044285154474,-0.013498562823052004,-0.0006353286551977839,0.001962208374435156,-0.0012739342000053096,-0.007440679248731882,0.0012194885907257304,0.0012201611719580667,-0.007288401753869589,-0.013186730376082794,-0.027406934263466236,-0.02167987190884191,0.005596062333658612,0.002295390987055534,-0.0024970376879761775,-0.0013202217140401095,0.016844171751176792,0.0016171006429643864
2023-08-10,-0.0012355139789626255,0.002170010727518528,0.005137245447970533,0.0002315891940772993,0.0017352233769084397,-0.003908382467281596,0.012922436522360333,-0.0029090314985782285,-0.0014965439898064513,-0.005213780850178275,0.0035456624295782976,-0.0049841394431125105,0.0027248951679428755,0.0036190091494036724,0.00877595656668292,0.04765200476563465,0.003982071676616434,0.0115432005335164,0.002514944236581915,-0.0033539907940689988,-0.0022953909870556356,-0.001251089052778201,0.007145715586811839,0.005098435421185045,-0.0004992157354943273
2023-08-11,0.000337567608457009,-0.005963360261544618,-0.0010831058272496987,-0.0010031491080111845,-0.013500943892234761,-0.03683638269424882,-0.011024937980288016,0.0038303908950891017,0.0057789654483831575,0.00971044924994105,-0.0004997111675058077,0.005812454324042844,0.00895710893239244,0.005177814793336644,-0.005453806997787299,-0.030315461105966217,-0.014410380719520124,0.0021584225128212352,-0.019539410751961202,0.00891891140429418,0.004095228329896114,0.0015770998714251727,0.00783870280161418,0.015409310006973268,0.005848444382036743
2023-08-14,0.009349407928491291,0.009394867921819828,0.015485316080358403,0.013569281012914951,0.014971621534422979,0.06853134166547921,-0.011981650600334395,0.00036272165266081226,0.0020697712426919323,-0.002361091531940629,0.011844153135864028,-0.007864216350896007,0.005731382229798872,-0.003509548009617679,0.009072990220809053,-0.0023617340851096675,0.02677949419120707,0.01597145159590307,0.01440973110690642,0.0008319463905472883,-0.004752130096129737,-0.0022848586861145496,0.0016718666774101023,0.0008042790382360812,-0.00747201246780803
2023-08-15,-0.01126359650146312,-0.006750564801443939,-0.020846133672850414,-0.01187251577196736,-0.013944432635867542,0.004264742237897814,-0.028771606269163794,-0.011164555152681383,-0.02578662481095333,-0.002886975413740927,-0.012719443505116137,-0.006439633483135012,-0.008333126782036855,0.006615559573779581,-0.010415763951186784,-0.01990175392042487,-0.006820695545426112,-0.015588275328502061,-0.009583409460456065,-0.019032034658730105,-0.0067571623603277856,-0.012439178307678078,-0.009885462534244755,-0.02600859986157273,-0.005138171290367571
2023-08-16,-0.004971601613807707,-0.0024313712826642196,-0.019066286976507706,-0.00835669100284425,-0.025695714829637544,-0.010385895709350888,-0.03210324714965498,-0.001100788009999213,-0.004252094878490604,-0.0031855885580874374,-0.002254159542156356,-0.010259802336592495,-0.006196572834702159,0.0026758646632188744,-0.0002028024410398689,-0.00818873063812483,-0.008149605133175692,-0.008610503764340072,-0.019663406386298727,0.0025397619675209086,0.00016525974570354162,-0.0007724558476389515,-0.007337054879331936,-0.0169701637598224,0.0005025280501112258
2023-08-17,-0.014661970014453752,-0.011047023938401406,-0.008102713606702033,0.009434641442362219,-0.03176072409788008,-0.003270904907224261,-0.02868774932252366,-0.00260139529152351,-0.010441192060567279,0.009353484275400562,-0.008056237413375229,-0.0072055089359774425,-0.01924842471778936,-0.017416437544163284,-0.004447365447929367,-0.004992243689803058,-0.005496187525167631,-0.015335231546176695,-0.030425683021798072,0.02861699190361156,0.0021470563128062697,-0.015348177021683548,0.03287515943501228,0.019186617849474945,-0.022671158892757986
2023-08-18,0.0028121650593914064,-0.0012629932906761576,-0.005688597043229265,-0.019116227457432716,-0.0064751654086174625,-0.0010388100620450011,-0.017161267109647337,-0.0017853490617244453,0.0022848279198702114,-0.008773443760018798,0.003364711018681066,0.002822916365163364,0.009028767238879645,0.00027478194847508594,-0.001146710711094884,0.0004654179640842097,-0.006942582271466682,0.004845080374462257,0.0037893344923352486,0.00409996558605445,0.005593988530623804,-0.0015140913830377733,0.005648238845263221,0.015015770622311577,0.014284954970539767
2023-08-21,0.007707080470284367,0.016918626749269996,0.010899633762398327,0.007114202340985149,0.02320619102430893,0.08131576585638266,0.07071456218373605,-0.001333999274742215,0.003417483277183339,-0.030251720866892,0.0054016596726089855,-0.005060866075578466,-0.0015258987373119616,-0.010161985153032732,0.0026228195307209067,-0.0009311435728513157,0.023994863255638134,0.020297524186741217,0.009251793592750593,0.009502019323233924,-0.008568027874338562,-0.006362120799515387,0.00724100282960494,-0.012159987833967949,-0.0026628430058510256
2023-08-22,0.00787367564788175,0.0018003167726497859,-0.003197806521519639,0.005515631736403825,-0.007965135324589432,-0.028047471802374938,0.00822448994977978,-0.004326392214262821,-0.02095641700563699,-0.007979244648410775,0.0046248158210247525,0.00039518210905146225,-0.010787782097092906,0.0012951356522060851,0.011731470063899057,-0.0010482439690765752,-0.0019039195728823841,-0.010919216854750164,0.01188149194288036,-0.004603697623883197,-0.006141822712955082,-0.007654237854829748,0.00036076274224816965,-0.005627118856483138,-0.003179648875301651
2023-08-23,0.021711651823351198,0.013981055596652896,0.009415529041193322,0.02516854850448919,0.022824777075672924,0.0312150568971267,0.015615669490355368,0.010470712270785266,0.006740508528565946,-0.009015333699494591,0.007165524046093702,0.009309272574571027,-0.005907726173659505,0.00494937257910777,0.008061111827631716,0.000466031979174311,0.021387500452001797,0.011397445288953515,0.0342121025410447,-0.004898321699350715,0.0034905420830777492,0.013679341801771546,0.009332527266810135,-0.008826950861114019,0.006918321440050091
2023-08-24,-0.026519102990864248,-0.02173280306065334,-0.027530224045928062,-0.01976010556396345,-0.025784975632659926,0.0009967861197532576,-0.02921607421029239,0.00011284302676958669,-0.0009505796811338706,0.0033979053157126267,-0.011748456974601735,-0.004643588608044009,-0.0027416091722859783,-0.010791143405473004,-0.008488413610554687,-0.03993406598141913,-0.03505167207122854,-0.01746155048774912,-0.0494300656069825,-0.01373274299199079,-0.0026582597345799893,-0.005291280544690727,-0.013307125722075343,-0.007494181111867893,-0.007682865973533999
2023-08-25,0.01256395540339875,0.009363256290810747,0.010713027528748599,0.0007700154620553033,-0.004368827317896571,-0.0245766978530737,0.036493404628287436,0.004590084309309638,-0.0012234558293055683,0.014236206456750881,0.01286217047143648,0.006534202437674064,0.0020876934863138835,0.0008366020390691329,0.013041099241219755,0.010733973153981505,0.024348435101060367,0.01908595163955522,0.022116188472875192,0.006065801116268327,0.004647241801094733,0.01256339325266899,0.008292670019181447,0.017707798423509752,0.00591013635508718
2023-08-28,0.008807156475349532,0.002226523845045278,-0.0009008643247144191,0.008662636516289155,0.01653523770967304,0.017597884134582107,0.0009635784854130897,-0.0010682097300799527,0.0034622480284999323,-0.011859710435808324,0.005180800693355883,0.001561807653462149,0.0044062458146566525,0.00940244308069209,0.011230118622283495,0.009551256648767588,0.009213482380955098,0.010684084757908217,0.004867568603703369,-0.004683793031716009,0.0028109925569481994,0.004615300150947431,0.008936543735913028,0.00837135771000634,0.005686647244270799
2023-08-29,0.02157587042014105,0.014445637050048105,0.013206715007284348,0.026811010779049262,0.026282815806016976,0.04077163754425869,0.07406603958973092,0.007676886200908062,0.008099496478449203,0.00012157837564947144,0.006173701293171928,0.0005850762052559022,0.0031500435077252346,0.010590815845899815,0.010279685042090444,0.00284760397561997,0.019898132448915168,0.0011330724622623835,0.02813700832454119,-0.0016584534419458107,-0.0009912733810605301,0.0037654463304995426,0.006385395187338736,0.005936805109624183,0.008344710255520821
2023-08-30,0.018990703845961892,0.0011564044800010673,0.00118530020246871,0.009687701076318498,-0.009745630871369024,0.009791213618979375,-0.001089320005828064,0.00770140454911511,-0.004041602792049015,-0.003535904919332952,0.0036211040437787697,0.0011041162637802388,-0.0026411268433081878,0.010153483987596315,0.005475137456347731,-0.001422927366365806,0.008821948238506181,0.014426315737354827,0.010825135357739024,-0.006939514814565904,-0.0004956973273200607,0.0008288358258846773,0.004410311938229757,0.009696950026393083,0.007159402190040249
2023-08-31,0.001171634447965732,-0.003137495222405501,0.021532889699268778,0.002132001630965257,0.002673673285481699,0.001845682281697535,0.004582681990043304,-0.0023846761152899387,-0.01242832329243659,-0.01259972295347401,-0.002236138019819517,0.0019459213238801384,-0.030887478081895747,-0.000998736356843133,-0.0030730078353041757,-0.007144513812355548,0.02531146505751851,0.029417977702240465,-0.0022801650802984712,-0.014590730055212,-0.01064034157476952,-0.010594574539841218,0.009460561549052452,0.0027918484956103826,0.008708884719416504
2023-09-01,0.008427917637992059,0.0027420485785368746,0.0007967306725371615,-0.0037524197020250487,0.0016546197031410235,-0.017289994155472898,-0.05197055872941742,0.006254633172457363,0.0033429901885669443,-0.007449743559191486,0.00984224536571144,0.0011006495685896617,-0.0007136054677868708,0.008381244331096051,0.0070755403428439875,-0.024680667633107754,0.006895034129352877,0.00031595439950426487,0.014195003198763684,0.011242292179019934,-0.00872926048072188,-0.014721096761860595,0.008507738503875298,0.020738631487375987,-0.006416125904122154
2023-09-05,0.001266001843549023,0.01476891148197051,-0.006173016781758742,0.0008106505707524387,0.012639884802602747,0.0008036019735421705,0.04579063580383254,-0.005505360908390322,-0.011095096869459782,0.0012455867037116947,-0.01122721138967082,-0.013487752404870707,0.009550170207433078,-0.016040002733813317,-0.00984209406744619,-0.005527120718950456,0.002960728470796883,-0.012902734977741052,0.019808000602650887,-0.011242292179020048,-0.008296202634031387,-0.0066383821343705485,-0.01007844006942303,8.804883459013305e-05,-0.00807861333674327
2023-09-06,-0.03644966560687289,-0.0020106164823404426,-0.014011920021062172,-0.009695472787482303,-0.0032704168158124874,-0.031025900532002017,-0.017978069897591802,0.0033234920853581853,-0.0016543250393209136,-0.01675660355584739,0.0033368224067453294,-0.0019698762737287447,-0.008081556995973894,-0.005445098136720566,0.004074269047192708,-0.0025898920909329143,-0.005218240879037046,0.013308995078252638,-0.006529244073412078,-0.028962651537871947,-0.0006801514338378172,0.0032671971806951506,-0.0017479624443192563,0.008595239744313017,0.007459616582401309
2023-09-07,-0.02968581129509307,-0.00896226179913212,0.018228281379293984,0.0059318635083467535,-0.0016727474894984824,-0.01757771031032221,-0.0017083203640211426,0.00035930824059984666,-0.008590861512228177,0.01270291526209263,0.00397329952004884,0.009485484292645183,0.016366555639997577,0.007395997668531632,0.003479152630813697,-0.005076022247532307,-0.002637172655542318,0.004097800638613904,-0.0058949667706464535,-0.002621958142689019,-0.007685028504146599,0.009512102773310114,-0.00649394094620248,-0.0049024947543645035,0.012310017829542828
2023-09-08,0.0034857266628734473,0.013129386958834482,0.0027527518216119884,0.00824652188104873,-0.0026148879263672804,-0.014573290660687598,-0.01196040362366716,0.003724416023556794,0.000765090901595893,0.003306379111838959,0.000606724381331371,-0.004306240105440926,-0.004482881281356036,0.0008824442220128125,0.0005304375987674243,0.012457867446428933,-0.00017850613070011836,0.009971195256469865,-0.0007675553464674706,-0.0008755377456604122,0.0,-0.0007369244751786531,-0.0021153751619779116,0.014462626762711664,0.0018334445890600948
2023-09-11,0.006600626460971735,0.01091916998809166,0.03462479564658769,0.003951330077810224,0.031945863261508674,-0.008683285965024216,0.09615118904304938,0.006505011953277431,0.004370510470988896,0.01299447085547384,-0.00028306288313624,0.011830606889953937,-0.002895232992335958,-0.0010349345163802057,0.004449574450674139,0.01145655728322484,0.007360975402922945,0.0024441162687184326,0.005764754848211696,-0.009092373991373803,0.009384962368678565,0.014977736562979368,0.0029954323388658726,-0.012621391739755343,0.0034743823700622073
2023-09-12,-0.017207772464514357,-0.01842639277235922,-0.013153992385327589,-0.011606562207956353,-0.019369648104183516,-0.006840912887874915,-0.022549196320499374,0.006163962795287741,0.012930109443779531,0.005640231883108669,0.00032343102043257404,-0.01773310162995989,0.0010840850515353609,-0.006385071255343626,-0.0010084596177322017,0.013959277960869782,-0.0402869627921475,-0.01633260508371833,-0.02424975403643906,0.006168518918732217,-0.009899460423007907,-0.003695414130041282,-0.007948463497540019,0.02875227778618089,0.0010947906001473832
2023-09-13,-0.01192565707420062,0.012847644559700663,0.02530902952298205,0.010071951103010124,0.011207850630836153,0.013613105384442608,0.01418033641106544,0.00010877798974804666,0.00047812708127199164,0.0025031555956097594,0.002140821790194774,0.0069481942118271274,-0.0001250808317263991,-0.0012265914907213524,7.2194282668779e-05,-0.002392799388873711,0.020716722149786846,-0.012986538121127931,-0.053027493747638134,-0.0020520136525575467,0.002398351597468611,0.007878263828815235,-0.001952696058692039,-0.008977261668243494,0.00024306853669660844
2023-09-14,0.008744200438650467,0.007825202245367993,-0.0008979168301894522,0.010115907750839159,0.021596907482837404,0.0021085094141499038,0.017320639037477315,0.004557032404913519,0.019211744702078645,-0.0015256201956268746,-0.02587338731592603,0.010914115292494501,0.007805336213948198,0.011441394889247895,-0.007135795235545949,0.011907704397289805,-0.002532332234777806,-9.149996147886363e-05,-0.028916888257161967,0.002052013652557528,0.008244677464053694,0.008589304022723787,0.0015978842010143845,0.017705706422714622,0.004184210506587629
2023-09-15,-0.004162683067587407,-0.025355691624428824,-0.03037658988565322,-0.005081776544789704,-0.03729030942531395,-0.037576715092949256,-0.0059953082833390835,-0.0044483492062915774,-0.002952453694274388,-0.014084372435946728,-0.001782160160005745,-0.008435032873976723,0.0063899478334455756,-0.02528419529012459,0.002344112018321774,0.012936791743599619,-0.04305731228863567,-0.019244238509582012,-0.008903650158952803,-0.002345530631261348,-0.00893471165687684,-0.0076992448773783185,-0.0058714334803788,-0.015475308583166859,-0.0036981077557290336
2023-09-18,0.016772018971890835,-0.0035190420806178392,-0.0029247348968620985,0.005878221360761338,0.00743140220556478,0.0015023387257922004,-0.03376463807907184,0.0069620820585720765,0.0020809952711645604,0.006298019609449989,0.014782192818458547,0.0037720419131365463,-0.0013158097326197876,-0.012964913365898048,0.00678342537901302,-0.006565220348225123,0.006652121033058163,0.0018155127927365193,-0.006419554005952175,-0.012701568991021475,0.0061940786168749075,-0.002561267129480801,0.0012482662452290092,0.008022564237449696,-0.007437857931466809
2023-09-19,0.006161835237167175,-0.0012465975931831542,-0.016930564270193287,-0.0012307922798173172,0.008294665854710042,-0.010196046468697746,0.004588376260533905,0.00013501858626715398,-0.0012747275508694464,-0.00166335297070573,-0.0045062743288448205,-0.0029252763211591337,-0.01117199030170587,-0.008387825103933561,-0.008667830185518961,-0.03689920066112375,0.017261267141037675,0.003250567066422558,0.00455351939673099,0.01035085290158634,-0.0020603622548226916,-0.0059267319819424555,-0.004823487930627145,-0.002638432520610436,-0.00024476438419711224
2023-09-20,-0.020194721492919274,-0.024269194371452606,-0.01714838747973992,-0.03164590485448991,-0.01785934768562156,-0.029876654503509126,-0.014780377139554338,-0.009928207337125712,-0.0042390548810239395,0.004367882452349567,-0.007004167973895825,-0.0008467655919773422,0.023582792710434678,-0.011991121369186277,-0.007305469829290814,0.007538035801782857,-0.010970202864378005,-0.012455532781284492,-0.025304809983334075,-0.010945455219047301,0.004458835430731287,0.00033634094142187093,-0.006107566877980331,-0.007958038271079472,0.003238760418679024
2023-09-21,-0.008929153033555048,-0.0038731585949483773,-0.04505328140436448,-0.02498426538722765,-0.01323482220474866,-0.029357245740387554,-0.026588996104119158,-0.009697401060209509,-0.007852731352908775,-0.0077025049100254,-0.021945931334560846,-0.008704026077543362,0.018142585774255267,-0.013276920515299174,-0.017595254497332145,0.002057031210493346,-0.04173389906839814,-0.020966533696593938,-0.0055811721759328504,-0.023169301825378217,-0.015520136999965635,-0.01696088536323477,-0.039696254214664294,-0.014189543114295005,-0.012215181269898677
2023-09-22,0.004932238232799171,-0.00791779338447157,-0.0016251248796010811,-0.001457697471864057,0.011264006337371223,0.014353836395892284,-0.043236555785455495,-0.008625496103040071,-0.009629174104639381,-0.007201620355211887,-0.00648721117477011,-0.0036874521388786177,0.009848775616002321,-0.0033633951563190882,-0.002830139392299802,-0.018051433457015698,-0.0019088426699968755,-0.010505087245126816,-0.011362023982808184,-0.004882618788623285,0.0010421700938931869,-0.0006275014680313843,0.004302575639248563,0.0015672459789755476,0.0026522010281813794
2023-09-25,0.007353173593518499,0.0016703428968131168,0.01651413665688319,0.0065809899499549756,0.005834481401367269,0.014600796459204859,0.008579557642104906,0.004294374847218154,0.004928340366339904,-0.0014964452230384812,-0.007343699758219341,-0.006087935187562602,0.008225246366563794,0.0024827334391790035,0.0006710102594128058,-0.002958263091906018,-0.002537860360328453,-0.00043601090627962336,0.01305260573202213,0.008832140020895368,-0.01047133364578365,-0.005377511519415983,-0.0016814727785165896,0.011160799167557071,0.004425027426352648
2023-09-26,-0.023676315973899634,-0.01715195963282504,-0.04113311252209692,-0.019563052364014226,-0.006235736560850741,-0.007393016170019838,-0.011687984544270934,-0.00635110371031949,-0.010432800367396331,-0.0077674072899447996,-0.016025951506449285,-0.008934153693092648,-0.009510473001539909,-0.012971569110928758,-0.01782292617825097,-0.011921057382357447,-0.010413726769346869,-0.01883480396407924,-0.01452810878382333,-0.017742775282669772,-0.008279664256223805,-0.010436869163769928,-0.014502536748805753,0.0015472969879646217,-0.003501560734342479
2023-09-27,-0.008937365071339937,0.0020803240052362634,0.0,0.015206116447576735,-0.004089195519784558,0.013202512871232327,-0.014939798128788435,-0.004573389512140139,0.005847575239151027,-0.01208390489202051,-0.0006533436988113677,-0.01334882684218935,-0.0034086552376603276,-0.0023827263853040182,0.00025294719895451,-0.0018757376995297806,-0.007334717612215369,0.001184537331662052,-0.004386677145906252,-0.009302415886525505,-0.010313082849764814,-0.017247187222974327,0.009253133497413434,0.032038710706982915,-0.004811584454778493
2023-09-28,0.001524392470742218,0.002714024428059389,0.0,0.013467977397483106,0.020675496538832057,0.01451692240553286,0.0241549898062297,-0.0020144409038956846,0.012339479542334495,-0.0014649355145995794,0.009367858031296354,-0.006810322031845687,0.012566437768450348,0.005517788927230552,0.00996344609702927,0.00287456442452551,0.004110139680870925,0.0023155004555265647,-0.003262746662321671,-0.0003115548875191854,-0.0025053484374598567,-0.00041314419766780986,0.012701069370479491,-0.006091839631311744,0.0050578188622773905
2023-09-29,0.003041831286176035,0.006704737542040317,0.009008352994332738,-0.011019575627340985,-0.012413863413334704,0.009470122858687412,0.015465456415727708,-0.019113932691214315,-0.01756652746335391,-0.0072290980664427166,-0.00714805306880826,-0.0032850261115478113,-0.011653706338788343,-0.004391758776017027,-0.008876775813541184,0.011415946868659316,0.010309839156839395,-0.002068850634632085,0.0032892155170683476,0.03310131702788901,0.003041414133315488,-0.0003541612435393396,-0.00222975178338543,-0.015946284194921546,-0.016187994090666496
2023-10-02,0.014726595509151489,0.018979529121534566,0.018240461143240686,0.024979373423238287,0.02177902993855609,0.02906843351091795,0.005500013317318054,-0.006357595520228998,-0.008656590621418969,-0.0038599761534974493,0.005463068524393377,-0.004604282157223139,0.020378445162012544,-0.007741178096833839,-0.00015143910463171357,0.00762039898620465,0.021784924060519566,0.0045757961175021174,0.007203931967560887,0.022948392642943388,-0.00897191694274517,-0.0015947383417576223,0.011650646172471012,-0.016723451011185747,0.0010625298821046482
2023-10-03,-0.00780032909027719,-0.026481879087575075,-0.0373007704408456,-0.013053463400625645,-0.01935028738679619,-0.028654654597192183,-0.020356864105244222,-0.014585216484062536,-0.007400274533536648,0.0012240038415587625,-0.010693859817682791,0.0020641864898049214,-0.009960608736309686,-0.026667324961084003,-0.012174657159146327,-0.026426597176885912,-0.02742936912091436,-0.019230526620155283,-0.009457504531928874,-0.0011790373533339662,-0.010873422138858635,-0.008727308854619474,-0.006502445679573964,0.001728071387992755,-0.006328608530890826
2023-10-04,0.007282201777385409,0.017617334570892148,0.018115851921521226,0.020996937423846285,0.015300635006181314,0.011969311172323839,0.05764957536105983,0.0018930120431316319,0.004474353490449657,0.001158235617478981,0.010477673790883641,0.0032938163986979485,0.002254637921273638,0.001540154124197021,0.0068806613885615585,-0.0027698936926712687,0.022215520544841234,0.010156920855738914,0.0003980465805517986,-0.017557491532653895,0.002911174090661562,0.007189362578542295,-0.0037350065707239355,-0.03809902372274714,0.01193427773418546
2023-10-05,0.0071722751556478285,0.001252984603082513,-0.008222697494164894,-0.0012578387483839092,-0.0025885796226524497,0.01458402142193713,-0.0042593870629195184,0.003978212483490894,0.004207706423685558,0.010362936342527463,0.009726752875996114,-0.014977780824675256,0.01092667441551675,-0.002362444115039465,0.0025655770212153726,0.018610421552206054,-0.003826571541637381,0.0006933301164175293,-0.011501274767351978,0.004791955174556867,-0.0495354606017462,-0.053567467214348595,-0.007134661090396506,-0.02276856566325933,-0.011997184003089387
2023-10-06,0.01464260372841646,0.024436267595684187,0.015753318962097584,0.01841252067375819,0.03431369691490946,0.0237489666551606,0.0018441397469999051,0.0037026330718554776,0.015278271109468217,0.0031765610283720404,0.006659148135401599,0.0020147330274928286,0.01648391294458391,0.0038322469729351427,0.009518085252963708,0.026016827922098397,0.01963401954785613,0.026139252917185402,0.023658499228807618,-0.010210445178957169,0.01440517680595826,0.0011860457080444657,0.007134661090396492,-0.016839683457607967,-0.016926607147459576
2023-10-09,0.008415733123735685,0.00779213913535028,0.0023417029658428425,0.006086865671960503,0.009246063736083393,-0.010743154136618931,-0.0033063672235030548,-0.002572990678852632,-0.00227689607761778,0.005693023379934753,-0.002555873840173398,-0.005078991014448559,0.003234147547742611,0.008636746645514575,-0.008149257877589309,0.020998129965573088,0.0049433047128783865,-0.0006755104715255284,0.011570770726330223,0.0021107256328481505,-0.004904868507233418,0.006653212571126001,0.008754742123939499,0.03439293196287701,-0.003650931522070363
2023-10-10,-0.0033577644767483583,-0.004345085536670215,0.00946698516860395,-0.00260410539204371,0.010871735531647287,0.011529558053781953,0.015097007960672728,0.008962424533511357,0.006060018871651694,-0.0011358486781342337,0.009171299507710179,0.009856238575181312,-0.004320732924670036,0.012984003370118848,0.014161717664695154,0.0034179694260173827,0.006459458512851797,-0.0016420534999497685,-0.03327187870770303,-0.0009040993854032103,0.02151431976617469,0.018664652540611438,-0.0009275271610481684,-0.004246285143666214,0.01123044455200425
2023-10-11,0.007872927356448196,0.01219722784278333,0.017986831598422272,0.017874925385428894,0.018410161985990367,0.021771100729283756,-0.0023926822540326844,-0.0003730466323525452,0.0034270373986006785,-0.013861880310932898,-0.0038960290357540556,-0.012370653419116782,-0.00020977521963795433,-0.0039176920421534036,-0.0013994501321120993,-0.0016485290405874801,0.031758676829391444,-0.00014504963147799114,-0.01999396290252774,-0.001810452017156824,-0.005940323598131952,-0.010886268153030747,-0.003905949339235322,-0.03651170085628017,0.003989484587735101
2023-10-12,0.005048506185804911,-0.0037976551435021278,0.003785588962598881,-0.011305315714853407,-0.011227261892077286,0.0029652586215660063,-0.015789985181823882,-0.007981684605681523,-0.002329009880038795,0.0009602053215925689,0.004656394870485506,0.00223529659735515,0.0026863150044462427,-0.01702044505738679,0.00022492343868308156,-0.005910258682914559,0.017521280163806364,-0.005672430718396557,-0.013010225442628543,-0.005755146547343956,-0.016898613637728387,-0.028314976779440813,0.003534545771478404,-0.00018790479961647627,0.00454005959069238
2023-10-13,-0.010346076298318154,-0.010411535635698034,-0.019381108651019514,-0.011652973198656876,-0.02964940949337183,-0.03212198334577617,-0.030395093236742683,-0.0016504016029015597,0.014907713558983932,0.003320669179432677,0.003751833104474587,0.009513535235977325,0.026031174771492503,-0.0037609848087251604,-0.004687207417739532,0.0,-0.019614654546911334,-0.005313538459404722,-0.015400319447475969,-0.024912775375509098,0.0015137386675395156,0.012072670967063664,-0.001486615443372661,0.03143472956537519,0.005521188586412558
2023-10-16,-0.0007272176225978956,0.014870642655051976,0.021042247787508333,0.012588117718184568,0.020320368726283417,0.013849739250320346,0.011088356477393282,0.0032980838677359532,-0.0010137856098830769,0.004325873809781267,0.010047332835379992,0.009492554278439811,-0.002542822996022816,0.018362765390408178,0.0078330739047685,0.01599472926290843,0.0036016054734626613,0.01907496152275978,0.014347766799415273,0.03548868595527105,0.010158101851101392,0.006727144186974059,0.007226871294185417,0.0007276340094582411,0.008596991657835965
2023-10-17,-0.008823535367126881,-0.001745078879429837,-0.008181257764936053,0.0044472933505246125,0.00883515112278064,-0.04792506623438662,0.003655911168542864,-0.0024290700667452224,-0.002166911657396883,-0.009183145848571552,0.004695935703833092,0.001299654782066437,-0.002568215661789585,-0.004685831744579216,0.0015193963909810085,0.005700707828914024,0.016834722323009026,0.006262497765497443,-0.014235374255898796,-0.015753194863708544,0.01190712416346769,-0.004417473666830888,-0.004070403579171358,0.013011857644885851,0.0013019680945623837
2023-10-18,-0.007422282811055382,-0.00588971650597301,-0.025733286363791553,-0.012676757753766069,-0.021936541762895893,-0.040454057190925666,-0.04893148784195894,-0.013114368195794897,-0.011041554033121454,-0.021761199391932752,-0.015585251820765337,0.025449574227713774,-0.00110028125271226,-0.019448728600986304,-0.02153605553346269,-0.01779085468905544,-0.003971581474791807,-0.02416499773297073,-0.027156122766152938,-0.04177652993122408,-0.0003700212618290785,0.01029800251062876,-0.0031564677150140758,0.013907618991750506,0.0007428782148502948
2023-10-19,-0.002163464326004567,0.003658566532087906,0.00210493209093831,-0.001523256909818149,-0.013210913302161833,-0.002253730058679288,-0.09761624872658338,-0.006563222518460512,-0.0042580807638470785,-0.0026880568895997986,-0.015532351622219307,-0.005643758633353835,-0.008298174769446023,-0.01202753843852538,-0.013673498558526464,-0.01703126409107987,-0.0038254101675252567,0.016895123511620674,0.1488919969456922,-0.007028757134248739,0.005535011525378578,-0.009113952433857798,-0.008404264884387258,0.0006196552999912912,-0.004777926278146463
2023-10-20,-0.014813184288876916,-0.014133957976831705,-0.025477545009301914,-0.01573102788482317,-0.01338817932048121,-0.01710485126554238,-0.037588294506417,-0.00830230219857445,-0.016236864682115944,0.004454347471124372,-0.0018407627083469216,-0.0013496176318525724,-0.008690394757638099,-0.0012563408641784787,-0.008960608422186244,-0.007233322639019786,-0.026955161830452327,-0.022279862971859087,-0.002018050794928577,-0.017464969186534958,0.004039891487100182,-0.0034937205969142165,-0.007341141918452367,-0.01731417769535418,-0.012581235830309855
2023-10-23,0.0006936840088360513,0.008079362024054862,0.011043686017449744,0.006615249093046697,0.017216992348448843,0.037651750319774496,0.00042444095402800134,0.002913666437688246,-0.013735042295567226,-0.010578598762679695,-0.007958693091922988,0.0006750364993780036,-0.010413970913789504,-0.0046893579511509955,-0.0019266314511539944,0.005429844166988326,-0.001017318546006453,-0.008527981994996624,0.014558252798232934,0.006179851058883095,-0.00901992245047312,0.0004996577245751367,-0.013887784255678836,-0.014782876755812168,0.014072952563561284
2023-10-24,0.0025400517647414275,0.003667515222467031,0.01567921771001468,0.0167813431083299,-0.004660497181135141,0.015882419319335265,0.020719371046622376,0.005300051021887988,0.0012049645443143774,-0.0010575398555863456,0.013385564854948325,0.011743228266992405,0.006554745646707075,-0.006193187290227949,0.008409178059158758,-0.0065193599715652455,-0.0015740729547937373,0.010930238574185607,0.016793672458280656,-0.013383597130954666,0.02843797791022645,0.01309498117310897,0.015397974508436985,-0.009731891027983051,0.013816206349184358
2023-10-25,-0.013583556268070156,0.03021683269642737,-0.057387204557163146,-0.09992423157035858,-0.042549842236350305,-0.044107137394719824,-0.01911750338776431,-0.00512194801591545,-0.0054694912407193775,0.0022457606349793845,0.009332000153345484,0.004659056647042691,0.009874918671516804,-0.008436031109468016,-0.0015519829585326091,-0.024150729068203484,-0.03473524030048041,-0.03568972842627675,-0.006012311629116475,0.00981051005315768,0.008589782576004299,0.0009859927256678494,-0.011574011255457881,0.0018433165178273997,-0.003005902025138793
2023-10-26,-0.02491313273670913,-0.03823614020016653,-0.015106526502479031,-0.026868315829644215,-0.03803948456465729,-0.03539739228962447,-0.031855023921114375,-0.002198884305171197,0.0025607833035280986,-0.01710122015552023,-0.023798016763559818,-0.0053262097725554885,-0.003495171762964404,-0.010484627978438153,-0.05786691256633841,-0.010101663114308481,-0.013250826593363744,-0.004118652091073384,-0.018925684424309756,0.013895742535442948,-0.006076862852771761,-0.005807013821292058,-0.019852317065451486,-0.009158697754992286,-0.006101270658910536
2023-10-27,0.007937532014960537,0.0058385593677754725,0.06609496003096194,-0.0008999964292953785,0.02864743478125035,0.004305440433122882,0.007456619810883741,-0.013326180528435766,-0.03668343708233649,-0.023083041807024297,-0.008728557906630425,-0.017780845270390033,-0.0070275131352095154,-0.005554790516126352,-0.0013997626166111338,-0.005656640626836545,-0.01205029063713099,0.00162916010466527,-0.014150330340873325,-0.03427770814293637,-0.00972805472467954,-0.011151528625836587,0.00369197902883433,-0.019235639099020707,-0.0037159365713550787
2023-10-30,0.012230397742193885,0.022485678526094437,0.038169415629497834,0.018570958580929144,0.01978761166911472,0.01618922436062826,-0.0491375588495086,0.017037751475426896,0.012669065107451784,0.009773532093985996,0.01648135941523913,0.014169437544024404,0.010107694720215513,0.017995414251354976,0.022648861579807986,0.016874437596855883,0.036369064154805106,0.013641937525460559,0.030226961161828946,0.014507216621459743,0.01633928669565705,0.016527328721532095,0.00019380840424831395,0.0031215318081352864,0.011413337583732603
2023-10-31,0.002814766440662319,0.002368872672693077,0.0028592165427562357,-0.0030579172476462905,-0.004603203903029076,-0.00929934170579943,0.017479077618859314,0.011550892981580225,0.011863610990170715,0.008870198436805464,0.008629150632497834,0.005145694417404514,0.010454588740747194,0.011339232642546744,0.010497215589549943,0.011215966042470134,0.009669565648033805,0.007798253845069418,0.003918359339845342,0.0003272575520866837,0.006037158574632816,0.006143319069779423,0.010800650534720365,-0.00028349463363117224,0.0023894648440872957
2023-11-01,0.0185653472779029,0.02326989019755485,0.028955362245697565,0.018920438995081373,0.034515429144402934,0.037186301964535304,0.02371578467512363,0.00706493706157224,-0.0008632194168327607,0.0023569124865904967,0.014693788726185614,-0.002803518865092201,-0.007421561658620793,0.0067914818914410246,0.0038984655887422718,-0.006393601392230757,0.02311168202448201,0.015219844352377115,0.02043640608756289,-0.0016374330916578163,-0.0008856525708360491,0.00969054824873608,0.001150290257786946,-0.0019859294272026816,0.008894934417622704
2023-11-02,0.020481970504600523,0.006480473591208853,0.007779930147075702,0.008190988708358228,-0.0031474254050658057,0.027520776773958363,0.06060741733192271,0.015214546692297139,0.017692108483513314,0.01037032169780562,0.019385073876764164,0.012157613771327683,0.008485492093358861,0.02718855260821414,0.012807275518795277,0.02701541028433457,0.02576265195278262,0.020388101206882527,0.01069958497900112,-0.0003278672688949944,0.01145095089955504,0.011817978323773308,0.010672868273350547,0.03231955889625585,0.003934616996896911
2023-11-03,-0.005194550176109099,0.012779610693237532,0.0038312748175106013,0.012549421459653771,0.01192707857188289,0.033874798351407054,0.0066139872231546415,0.007962054528445478,0.011110248142409825,0.007294776493173593,0.0014378383738667107,-0.009087502571226895,-0.009802908893583614,0.003660157881758333,0.008741614303384932,0.02114601779019879,0.008820590868815176,-0.003080097996496182,0.01785197707704001,0.024612646540576228,-0.006149631803773358,-0.00023983928188335392,0.004916731821968536,-0.012264348255239168,-0.00520925201806231
2023-11-06,0.014499501877067125,0.010517026786385952,0.008191461641482902,0.008868310683915725,0.003807069775448595,0.01644007333504058,-0.0031418755173999516,-0.014833307472418015,0.00752396037332347,0.002376031788133431,-0.00045171676920443193,0.00578043735592955,0.00481046805803393,-0.0035244348900807148,0.0002847499193064008,-0.012419658271057822,0.0031707107108937486,-0.00024092420072493464,0.005489552821903611,-0.002562367515595525,0.004045339116611747,-0.0005397738891882168,0.005268122451110556,-0.017880197378587873,0.0013352608538084439
2023-11-07,0.014347203260362297,0.011156840766568553,0.021031053723631822,0.005512476367042366,0.00951769257965695,0.00444908967248848,0.013183964542986627,-0.0013279200649980092,-0.00048576885000844306,-0.00528773417206224,0.0052431663346520965,-0.0023217298196097874,0.008158349679549174,0.0006786693008570819,0.006993375012823983,0.006761179872903748,0.03433179410005103,0.021085414173648627,-0.00029908526469780815,0.0022424393553783888,0.003679413839179802,0.0028753335539165453,-0.0030069894410684503,-0.01580398813490086,0.004659173808906992
2023-11-08,0.005867758984303269,0.007378670999194892,-0.004424354026475328,0.006620900846494079,0.0030066423901507896,0.01337980771548537,-0.0003150737899407528,0.00037539349439412825,0.004918227900873935,-0.003651372135587528,-0.0013930447987922092,-0.0038589484243638163,-0.0020474020030139374,0.0038938194153416293,0.002132101977477509,-0.001064515408694013,0.0001879272299572471,-0.0017481675324744995,0.004682936309934742,-0.013855661560478584,-0.001575121152018264,0.0012554068533509332,-0.0024498302755820395,-0.012358903761576081,-0.008183136475984596
2023-11-09,-0.0026279038306358227,-0.006934862246824933,-0.010471269344291862,-0.012210275153057901,0.002405020545660096,0.00804073716553868,-0.056160489658582134,0.005414150236344693,-0.002975896913934627,-0.019680435253891796,-0.009350268054027519,0.0022639665573305806,0.004220518254112437,-0.02758004655288097,-0.004474853443694055,0.06682887847823368,-0.013017693658415864,-0.0069279148887715775,-0.0034411946175281487,-0.024298027987422127,-0.007560585716704576,-0.007375115769341985,-0.019048076419914645,0.000291455148177522,-0.0023155968609927186
2023-11-10,0.022954499442261824,0.0245918022203934,0.02083402648617425,0.017882858698025274,0.025319988466132665,0.029072589684504505,0.021996498496030296,0.006812302488006102,0.014722407722256652,-0.0011533581337041991,0.014829038910142568,0.007025433050928327,0.004091704134493079,0.01283979670423438,0.016412539907475463,-0.023180150421326172,0.033161582089973614,0.017090569705310192,0.027404556234566113,-0.006761243032809105,0.0010583477150803578,0.004563341884913995,0.01128206806283265,0.007643718613479963,0.013753258930590425
2023-11-13,-0.008620702583614546,-0.008121095014237367,-0.006779695661997966,-0.0037783388784895684,0.0012767297114190004,0.005879124651275471,0.04134183399945281,-0.0015701154779893599,-0.00444897785380846,0.002577262817893559,-0.002367771157098981,0.006911041713703158,0.002509730161376335,-0.012145224617673783,-7.601821613726297e-05,0.013167805014738404,-0.011586818069816401,0.007693830663123425,-0.005875316173921326,-0.01710615863501135,0.0036956735551961772,0.005079629367402904,-0.006868768736948199,0.010450993467921357,0.00892571196244256
2023-11-14,0.014184539814700858,0.009742789480030841,0.022262486894446033,0.01151665811432407,0.02139830467242559,0.021084150338789236,0.059438019477541446,0.012041125165926429,0.018082341579389507,0.0002029950518157034,0.009235133517882781,-0.0022325986834622054,-0.0038963722341353924,0.052606125751799133,0.008333470195250011,0.01806035915682626,0.02342174703346456,0.02703736405196394,0.009023085885628933,0.009615305676788885,0.002981596571168808,0.0020244706956296867,0.01783733726111997,0.0038429360834715707,-0.00017892114664576762
2023-11-15,0.0030364046675492805,0.00040602073699306043,-0.017993607290294027,0.0074560683583821605,-0.010762179995579997,-0.015587191058319082,0.022614155469065075,0.00714451878591687,0.0087196296252224,0.007690838467313442,0.004726658636670795,-0.004612288186899716,-0.003800603255901369,0.014906621173123113,-0.002064378943381857,0.030921537390048475,-0.015038160460550851,-0.007989188078852688,0.029191906647565942,0.03128955464652144,0.001924554626424812,-0.005128956212569395,0.0020666304965521183,-0.0060591195185355886,0.012625066481776762
2023-11-16,0.009001461691823346,0.017430363528614466,-0.002587108521031568,0.01701371659555691,0.0044383594524567875,0.012036517388820295,-0.03883534904080814,0.008567628861730974,0.011355046477726321,0.008698664307433188,0.0018524403982207798,0.00926873212691335,0.0026155179244905396,-0.005694291463291708,0.0006800730328324781,0.006155768033506573,0.011274829891146854,0.009209190346411511,0.010787161217085145,-0.014009638839718525,-0.0010492782784348117,0.002746671675274829,-0.10352698740687476,-0.011643825660954437,-0.0843912275022381
2023-11-17,-0.00010540982834902263,-0.016943591167269536,0.016319176713110995,-0.011901287610641171,0.0025405165351736767,-0.0036848906126611203,0.0030349323976646067,-0.0025876632205403373,0.009005261091368481,-0.0020675609557205296,0.0039747584696344825,-0.011582770464314444,-0.006560798621776235,0.0027046702713064467,0.008026289336197303,-0.003816453010731993,0.0009960416530495207,-0.001039066151198107,-0.0022297051094989206,0.005026008625954387,0.0019229441976481062,-0.005680700741803599,-0.005845699935541544,0.024106815937086443,-0.004431573512103961
2023-11-20,0.009235481952905293,0.02031415139899072,0.006522368493262836,0.006922894081479228,0.014607414057755355,0.02228610433981822,0.005533119144943252,0.006664268036812178,0.0030705529846597897,0.008776884414943113,0.0016416437005642203,-0.005309595359165386,-0.0022213196925885853,0.0029896211919850702,0.010190271137809378,0.009303328072078124,0.016522293940583663,0.017520185915354838,0.018205888106853755,0.0020033075372975083,0.00244198266036271,-0.0014402039935573852,0.010621925836980154,-0.00439219025317654,-0.00032191816258322166
2023-11-21,-0.004239734802315116,-0.011645612057216028,-0.015378098422388055,0.00527058873448749,-0.008833938369135503,-0.009267369502988398,0.023490974516940124,-0.0009136727018285931,-0.0020894054649229095,0.008039144352883883,0.009000405755501133,-0.004401791067090587,0.008356067262006538,-0.009290486389474,0.011188293635638025,-0.006121981280318808,-0.002794863212681843,-0.0036043352038684366,0.0010111508296187896,0.010617196811337071,0.010915792434008094,0.007657329449306245,-0.00978468193329941,-0.00038284284524701197,0.0035994719290344587
2023-11-22,0.003508182095661772,0.012731011220141294,0.01933932343605667,0.011036290663207967,0.01329472653767151,-0.024894947125846268,-0.029408274734311717,0.0022135808885916414,0.0023506027502083714,-0.001986973192298824,0.005889960700341333,0.009380233298121616,0.007698219775626016,0.012562593038701858,0.0033688673512458963,0.006542873737091271,0.014187139411447818,-0.0021422229788187392,0.006401203683191903,0.0006599833012248218,0.006698242111694176,0.008426915554789789,0.005840652080105023,-0.0043172306390771645,-0.007664529743702454
2023-11-24,-0.007028958343643809,-0.0011121297714023499,0.00020445580612358505,-0.013082551886449214,-0.00959217680213228,-0.019483925433562692,0.005280386261856706,0.0024293433616689015,0.001368436554827586,0.011077587902905361,0.0022832276994116103,0.0023809762042974413,0.006123750012954812,0.004839308656898385,0.005274499661625918,0.010359632680158702,-0.0004680273432705971,0.002409781970460891,0.003258327036453967,0.005918955560724851,0.0025641908426618956,0.0008859740976064768,0.005806821306059392,0.0053697353545352445,0.008946808952848837
2023-11-27,-0.0009479516045592259,0.003121576559657739,0.006723903692254734,-0.002050569779607195,-0.010491494420445684,0.009706530182375512,0.0026721746625813217,-0.003701549372162508,-0.0022819793427219836,-0.008032407161343917,-0.0006291585523461909,-0.0009251958600853432,-0.00643634755455659,0.0007079992505246758,-0.008594370619170868,-0.009308299000413843,-0.00025829198973784047,0.0018253157618070702,-0.0008136068871999628,-0.011873519941595603,-0.0018798946194472316,-0.006218761846410074,-0.008931496039841332,-0.005850527397408658,0.00453921025333167
2023-11-28,0.0032090113030030206,0.010744861245409219,-0.00474961512561893,0.005774429535446867,0.012735986277471946,-0.00876509695096377,0.04408335693193017,-0.003576456419815055,0.002281979342721999,0.002311107190895798,-0.004733128054360152,0.006918568236537922,-0.005645193673641806,0.007753221323391476,9.775842809819206e-05,-0.02845616721440962,0.006518645807040971,0.0005782600950220225,-0.00035480741320928814,-0.015042775104280228,0.0020507146344706183,0.003203202383354019,-0.0016703859163897125,-0.0005773032982764998,0.01185774903835815
2023-11-29,-0.005424426391218097,-0.010111012012349617,-0.004840585148378569,-0.016238866206925853,-0.020233384286577713,0.006648518685580616,-0.010512266581044115,-0.0037843642850445445,0.005067401382341484,0.003160511742450634,0.005087063187325263,-0.007646193496616072,-0.010320802363035364,-0.0007393489535443418,0.0019784049186084645,0.0,-0.009559103619441905,0.02385507671158497,-0.003785857743864831,0.013050112678939983,-0.005992744970123949,-0.010118615795475575,0.0041709573004948125,-0.015128395486180434,-0.016268716276576535
2023-11-30,0.003058101138403024,0.00015821521472619824,-0.001573209061844679,-0.01839166541240735,-0.015318516798163232,-0.02887135231049112,-0.01676961998268328,0.0036455189440362467,0.011340493515669176,0.016625221479856577,0.00959087414293113,0.015690461683596852,0.03307438597638687,0.007910108203509444,0.009737275012244286,0.0020519721614092514,-0.01038759707577362,0.08943229818041949,-0.0067707564909939245,0.012882071211448819,0.011531010873994494,0.014333498170027749,0.0068443981211184605,0.003901025875685639,-0.0025018218085888946
2023-12-01,0.0067682870670406564,-0.011680074560193248,0.006413794210223246,-0.005068376173443518,-0.007147603446317664,-0.00010700945835881429,-0.005220199323597404,-0.008172169948010483,0.004857180424061332,0.023767931479905722,-0.0008964665830786524,-0.005617506962074948,-0.007156696174415871,0.0193653510946039,0.0012799477622562599,-0.0011874395494305696,0.0023865721609962038,0.031649463401235325,-0.0175164483507589,-0.0525550188071582,0.0034165013751572396,0.0023741620072016832,0.0018584757418694921,0.0024302959140375243,-0.008708923562326314
2023-12-04,-0.009509657817643562,-0.014442672923405364,-0.01500697967354326,-0.01983741369973708,-0.01488762204131722,-0.027202991624169736,-0.01370144313218934,-0.00114890420998979,0.007305900444837833,0.003152395514323562,-0.007868659525422247,-0.00393826211424609,0.0020448484051499645,0.013672554530302772,-0.014904363677805003,-0.006175943477414372,-0.012998997119384006,-0.036584157916667574,-0.025750670665215605,0.012717195735822192,-0.0011944481906129283,0.002663894498819706,-0.008702873862987943,-0.005452259180025886,-0.0002592421912665896
2023-12-05,0.020844420592828126,0.009114732982915076,0.013986300502114904,0.013217754562267581,-0.0054205537642555805,0.023026567579011312,0.013240755825754019,-0.004580667783314857,-0.00012683999579790774,-0.0020795068142762762,0.0006679085038106352,-0.035476452195601034,0.003604778353370755,-0.001606064150271105,0.001126021948149909,-0.013347970017764723,-0.0038781382685094067,0.0014350183355164867,0.002750125525807436,-0.006510226016564575,0.0015354572179416062,-0.0071200083694910685,-0.0025005713841050963,-0.01961902322294891,0.009225018196373825
2023-12-06,-0.005703147096731852,-0.01003617940928259,-0.016198024273178,-0.007432602299428462,-0.0026426107300630023,-0.02309249918933352,0.002719129460769398,-0.007492136889690082,-0.010563901721471347,-0.012247467872008812,-0.0012576066405419074,-0.0007496229754304001,-0.001327496765038781,0.008035513441546089,0.004126561528601854,0.007789738171033685,-0.010885573279083504,-0.007557593095917669,-0.01867262875671758,-0.010366278138014034,-0.0010233761418567322,-0.0025635943549297824,-0.004810188857049476,-0.013330285924986368,-0.010911427217305092
2023-12-07,0.010088271543331471,0.005812863406749123,0.016198024273177868,0.05178137549175073,0.02838518887977113,0.02373641442586137,0.013568409275163597,0.0009077192330941219,0.003066001746983079,-0.007820071546581018,0.005998763852146043,-0.0010236451570152611,-0.0022954946148960936,0.00018417195421810198,0.006727276129145434,0.009246658491331454,0.02171979749404217,-0.0011245700373685747,0.01172780392674165,-0.005572972850694591,0.002386181194105389,-0.00029842755537478737,0.011671664644455324,-0.006986249758528293,-0.006602913606905499
2023-12-08,0.007384905659678564,0.008803304937253054,0.003669683224747049,-0.014269072469001994,0.018685971415880593,0.01934137502273183,0.004933396614923965,0.0010767502694979897,0.010973647723766498,-0.006326180660119405,-0.00031278195597763184,-0.009257798917856094,0.002732096078361408,0.0009193632169576876,-0.0023990651809567298,0.008330331801331994,0.0020183638639730698,0.007845314239329694,0.003886215086405515,0.005225460251207264,-0.002215545758176645,-0.010686450371570863,0.0024834937178178943,0.011416037561580212,-0.010550008181747747
2023-12-11,-0.013011550049947583,-0.007860358556228336,-0.010432734440314026,-0.012673388122141636,-0.022705009242013945,-0.018676180200251424,-0.016957231787828677,0.011209205925549373,0.0036521409377921277,0.004135789626040737,0.0030451564894540405,0.004605546026271305,-0.011139335534334296,0.014776436925299098,0.008576262996676623,-0.006702028989958608,0.0245962515877557,0.005130265021188926,0.013418884147904903,-0.004876358456515342,0.00730984610610061,0.012833832816877326,0.020661380903302225,0.0007028656096760673,0.002515727524213206
2023-12-12,0.007888864612898474,0.008261021401071992,0.010839635496016388,-0.00579373616150176,0.027113020031787016,0.021849720246859765,-0.011452714531076777,0.008255726899383474,0.008885439721922782,6.468668271212912e-05,0.01178127243785059,0.000822527266000861,0.003745253628486754,0.005628274661443906,0.012050979879841868,-0.012331665112583186,0.013440872532602092,0.017107896764421843,0.006739741662327113,-0.002097136106715356,0.006415678544581877,0.0038656127831275078,-0.0012155418569342177,-0.015885289364233147,0.0007931027582087172
2023-12-13,0.016553711424414728,-2.6700334518682593e-05,0.009179334477907091,0.00037723742865469013,0.0015544974373502495,0.00900313831636968,0.009573866272891631,0.005567523001672595,0.0033586218018072907,0.0046321361814099255,0.010806162599493036,0.01792772122588715,0.006010720135312915,0.03015294231419219,0.009297026184606892,0.01914144575211622,-0.01494552670675969,0.0033867119948603236,0.03601742164826724,-0.06954294828640731,0.008546420888516308,0.020794873555268663,0.007271186300981292,0.00883372025321926,0.017616020355415957
2023-12-14,0.000757416463784691,-0.022802601931737297,-0.009586235533609468,-0.004763623231359454,-0.004701132179149698,0.005433574155410698,0.04797595720291628,-0.010858965816963457,0.018028510181607057,0.006908583683772369,-0.014008751212174025,-0.026737059064090508,-0.02727161644683226,0.024195288480515994,-0.014515707589303675,0.011886349895446707,-0.06557066565304123,-0.00042771599022841224,-0.021373495735349326,-0.020080292902858198,-0.01496209943309828,-0.022101523315602008,-0.0050438616597627255,0.02653525092414749,-0.012278851043931982
2023-12-15,-0.0027294351213789344,0.013032076603382618,0.01714963889276147,0.004989897399566355,0.005238781490711157,0.011106632165299299,0.009711688394547188,-0.00453387227703373,0.00753279383103927,-0.01096051493079096,-0.0027094239125378377,-0.004850830595648428,-0.00585719638655217,0.006205793269113873,2.3973020586306306e-05,-0.005122628889063793,6.837824908305842e-05,0.016923914312696218,0.004735159781775167,0.01895435444847452,-0.007480481542029164,-0.007457055109643521,0.008659969816443147,-0.006716640777838152,0.0037388938165874037
2023-12-18,-0.00853971697603159,0.005165512473659463,0.026971809898698733,0.023846237677130223,0.028550781007972516,0.02398887993083276,-0.0056173183184346845,0.008797079488304976,0.006033980410998989,0.0018028156146654057,0.001316804401645003,0.015235004046749365,-0.008641721776064223,-0.009052163390122324,0.013902907358042256,-0.006440703346295663,0.02441393460446207,0.007578150487752277,0.029349373655387048,0.016018256173717757,0.007141667724020622,0.011372089160330086,0.007391755504939787,0.007405546043745437,0.014494333381814082
2023-12-19,0.005345814184905712,0.0016356711218230033,-0.0018191003361762064,0.006239587647908815,0.016518766099650955,-0.009490471507290644,0.020185249870892544,0.005960219878817041,0.013266515434494025,0.006540750483319908,0.006250646531937837,0.0,-0.0047780469323860835,0.0035852404566698395,0.0024473532898740655,0.011456936712554943,0.009154652729218228,0.0028411231257838222,0.018142646641027094,0.03984591428117549,-0.0032243310917893673,-0.0056998355645745446,-0.0011949641145311476,0.01309632783619216,0.003607208676358448
2023-12-20,-0.010771636037406128,-0.007097986451390653,-0.01091834083412718,0.012291405479728932,-0.003087402786184268,-0.030560489177785224,-0.0399767793773106,-0.017988302772500988,-0.011343425910838555,-0.02059934209071038,-0.011139390089536712,-0.015582402101079803,-0.015597033972362685,-0.009732907593871708,-0.014250117979324066,-0.02872775831083835,-0.014291934784504575,-0.01559345546260498,-0.011683697310186333,-0.01900044661111373,-0.020955882157252713,-0.013547660385884681,-0.007601529614740581,-0.016841758921904683,-0.011770958057820968
2023-12-21,-0.0007701725677202681,0.00784804667759703,0.011243426514228085,0.014923677252443519,0.013677241042041823,0.018105369725710845,0.029345860784192233,0.002220716655317117,0.005688037449009299,0.010191141739128837,0.009407011550092057,0.0024291428915264785,0.007626863513165525,0.0008887430328284395,0.009467387278706342,0.008183775353469473,0.006821656696475058,0.02654194992991437,0.004771258659596073,0.024313125029857406,0.006574406739197195,0.007695715168568838,-0.002009939876897925,0.00453220538382477,0.007066079714264655
2023-12-22,-0.005563156744473845,0.002780004625362512,-0.002733830879625901,0.007591143738996317,-0.001978681375826285,-0.003271285010173046,-0.007731210565404946,0.0009261351608976336,-0.0005972751866780344,0.003996292970696483,-0.004285999998380766,0.00704584800978771,0.000826947583033251,-0.0010895363057255583,0.00155752411511687,-0.010926708605949399,-0.002318837014733262,-0.0034108127068252733,-0.009914543438969442,0.003174034131409753,0.0056745567079329205,0.004243112478929469,0.007816463962519692,0.0017678811683640645,0.011880268587130708
2023-12-26,-0.0028448566157971414,0.0002136287174177346,-6.514686816695571e-05,0.00021190187337370128,0.004066493876958397,0.009153012861370765,0.01598774007390915,0.0010093519929500103,0.005896592018589609,0.004364549905571953,0.002820736470005072,0.00453257558686813,-0.0005383182383204537,0.0020632870166700868,-0.0010143953820137223,-0.0007693440940757665,-0.0008186903329890646,-0.0004506226663862615,0.009059846247822606,0.0003520062274092185,0.004106818607545444,0.00701261675378249,0.0037859010503013294,0.0022541966218225253,-0.0015335067196846112
2023-12-27,0.0005177691745852172,-0.001576108493378452,-0.00045644547960358643,-0.008159299892271566,0.008419162699929813,0.002796640132940233,0.018647455510860632,0.0003363098884872061,0.00597994171405977,0.0013438815181408255,-0.0008878842132570974,0.0008218512708840068,0.005293173517191056,-0.0022354276319147322,0.0016273265847119105,-0.006286900753738176,-0.0036505434762781706,0.001876391727492752,0.0012208057241879808,0.007015153874950755,0.002558153770931558,0.0031927473925548434,0.003177081769241604,-0.00471052206252236,0.009354619813730706
2023-12-28,0.002223875355176282,0.003229565079527239,0.00026087992298881607,-0.0009977708070394425,0.0013684887801375888,0.0021223429500521157,-0.032104151730159784,0.0017354174994178198,0.005298774908701619,0.0014699993880474686,0.005661066029471342,-0.0022620256317747193,0.004028161358454923,-0.0033624926638219483,0.004607931473307847,0.0002213087242471928,-0.000939908665005022,-0.0042834201655390656,-0.0026061740770701282,0.006271850796102049,0.000681019682393749,-5.8914994556221584e-05,0.000792776684856576,-0.014565522676564642,-0.0019655001002683212
2023-12-29,-0.005438934829782881,0.002023111186487106,-0.009432812028151797,-0.003858322098423239,-0.012242524504304474,0.0,-0.018738327073791184,-0.002548210353885727,-0.0011749657675479395,0.0010213262323653296,-0.00019188985342957632,0.005542915222442879,0.0029863434071557633,-0.0023346494271515627,0.0004456496684937923,-0.001217545904868941,0.0018118249077989862,-0.009229780904673657,-0.007427958897075894,0.0,0.003059380818220042,0.0026529979300940966,0.0007919870063254209,-0.002098063461322504,0.0005075670187736298
2024-01-02,-0.03644272105215905,-0.013843952569433288,-0.013317252487412825,-0.010940965295256632,-0.021907283379131347,-0.027722107231878946,-0.00024148746074577508,0.016131142511749474,0.011573049051818015,0.02039799808056153,-0.0057008757328756345,0.014901649503929654,0.024151875741750647,-0.004250928530525023,-0.010890991180615534,0.004640896403543162,-0.028098032618985528,-0.0270010750055486,-0.038481611398449404,0.03212847001956856,0.014989544404762769,0.017914472023703807,-0.00019791774108522,0.023525747698220086,0.010349191482103788
2024-01-03,-0.007515580640271352,-0.0007281546199947635,-0.009785543802100045,0.005413518400398969,-0.0052696236060827874,-0.012513506262829314,-0.04096122279932548,0.011766317219186119,-0.004368141338102726,0.006231700402071273,-0.003443937758214351,-0.006069429188371949,0.004975311635838856,-0.0199613200404654,-0.007422862462683681,0.010309346336534412,-0.01437704586461535,-0.016891197244022996,0.003749684896874744,0.0,0.002337641027952686,0.00023132038994599062,0.007751131710421177,0.008366580562746242,6.273797267136681e-05
2024-01-04,-0.012781597385227448,-0.0072034477841925884,-0.02661905587134582,-0.018379807714636452,0.00766353115969983,0.008978048932605717,-0.0021831499656647054,-0.00840607705804308,0.006614333666001003,-0.002114415729969555,0.006298497885886838,0.005463911201168862,0.006234732956392104,0.0009750316342293432,0.0023849991032696563,-0.011964417778396035,-0.008324290940969054,-0.002385267727174128,0.009334051814584719,-0.021762191881554635,-0.0033410942436222103,-0.00859421157128724,-0.00854942554442502,-0.008757348453163753,-0.009714333791249734
2024-01-05,-0.004020928689331551,-0.0005165652266636295,0.004623714384981175,-0.004850674982051246,0.01381856979025931,0.022638569940235196,-0.0018509415250833076,0.005238136926288472,0.005004731951937659,0.0031078007228936013,0.0003081200411284518,-0.008308908845235531,-0.014850540037639526,0.012765756374488504,-0.0008339698935244387,0.0037475534294028785,-0.004329989156037355,-0.00047783569451673055,-0.0012859471952438555,0.012978193220248851,-0.0015072410564955787,-0.014864731631333714,0.00019953207932751256,0.003024966051347478,-0.006677840921841179
2024-01-08,0.023887236229765758,0.01869550644377508,0.026229678338986727,0.022654545840401087,0.018885721306429508,0.062299443532686856,0.012386614576639277,0.0070594522340414415,-0.0014523505504257404,0.002479305188555553,0.010914794003939318,0.008578194928705301,-0.001601740655472149,0.014445750185328702,0.007659765825653981,0.00712519258553349,0.027858436468303802,0.03809137583098019,0.022876852093131606,0.00372571354203658,0.007346901503290027,0.0010058002250017113,0.00735965592466037,-0.016802042256067247,0.009779030393774075
2024-01-09,-0.002266057726077975,0.0029315096003350613,0.015109875810597672,0.015082977792708088,-0.0034354278867675604,0.016832585305361754,-0.023096839566935645,-0.0034826143995071415,-0.007937623002518851,0.0006192706623095268,0.0030044672945048383,0.004093998438980677,0.003442193313317513,-0.005013570555494641,0.0014682624928294315,-0.02074904511633568,0.009685140054447514,0.0017999097966831434,-0.006079899702768619,-0.00610376070954044,-0.0018316712347909868,-0.01153823671969676,-0.010959612478842912,-0.012463419186802563,0.00667580481330792
2024-01-10,0.0056553381409377825,0.01840378316372422,0.015470650615520465,0.009391687732940166,0.03583296412614677,0.022514640697433037,-0.004350632806278706,0.00277624500213975,0.002107503273398601,0.0014835784392033822,0.00466017850018563,0.00427741693851238,-0.001357072833905169,0.03018757683544535,0.013327719488226591,-0.0042467651626275265,0.008205778007487704,0.010619293885418185,-0.007829936327369945,-0.01404354442338775,0.0033277521855469777,-0.0014966620687780355,0.00659010593458708,-0.009881044258994554,0.012352143344829404
2024-01-11,-0.003227692610374754,0.004847680975953724,0.009387897135060054,-0.0014064776022642343,-0.0021616472634800833,0.008646933564096912,-0.029145966144498332,-0.012526534796426615,-0.004219081476557265,-0.004458063173830919,-0.0020053907670602774,0.003794303995603721,0.0037873681419842435,-0.0007569392143280511,-0.003625822508318225,0.001790241612862865,0.010870703811237246,0.027078693523113817,0.028645203564486302,-0.020561890665833246,-0.006499471830646567,-0.004743835323591995,0.003972927911320651,-0.0002027558109418712,-0.0011165922735491786
2024-01-12,0.0017764910003632635,0.00993409293519349,-0.0036152239546972612,0.004003656702206895,0.0129543046658786,-0.0020449123813320266,-0.03734939877742937,0.0007703279312043558,-0.007367024593780909,0.007665337321072414,0.0005301833298816907,0.0005979290758628798,-0.034247976112531615,-0.0023025558531203564,0.005562019795521318,0.010011266074189226,-0.0015912706259427133,0.0020246694601852087,-0.0001422194364593895,0.010507964061464741,0.009650676160886362,0.006838496071116267,-0.001984370182360165,0.012889091422202154,0.0013026061446481294
2024-01-16,-0.012393661685311065,0.004622895767809193,-0.009487311793446907,-0.0011221688310065786,-0.018950600223745735,0.030103379802339143,0.004649070658851297,-0.006954407676812752,-0.006289966120755309,-0.011582233255470111,0.004041972224547659,-0.0053929713189299275,-0.004535585599545479,0.007617578049559789,-0.0017493603394366647,0.02944605252453456,0.0019092211195523956,-0.010127319606672047,-0.022437741236330404,-0.013328951029822676,-0.006645570639052119,-0.006597736319295255,0.0049538821217793285,-0.02287077967052137,0.0031563741108253025
2024-01-17,-0.005186785313212692,-0.0020518495356633285,-0.009512302504832145,-0.007184275235016709,0.0024732568078125444,-0.0058522399186738475,-0.020025473044372827,-0.005025059566369956,-0.005372068883185858,-0.0005609272694350672,0.005227102943563989,0.0010007382474635546,0.011091183520602338,-0.007645873234727843,-0.002173451087154488,-0.029556762003976562,-0.002647084143571006,0.00832375982360561,-0.0018927302021266724,-0.006020779046544274,0.0,0.0016234402050294653,-0.005748846866399263,-0.007294448897908442,-0.004707426757004898
2024-01-18,0.03205152025701092,0.011233938556177724,0.011729719012639512,0.014107912550359255,0.02084714647511826,0.018629029265349033,-0.017172815629643214,0.008563512862644037,0.0019731110523867833,0.004850206532244147,0.00564722146177667,-0.0057818449670958534,-0.016518447314520426,0.006165895131834024,0.007691032345142416,0.020488355864635086,-0.004034235431988292,0.01106424013222833,0.010314438159974494,-0.0021336792270466444,0.0028297553859285922,0.0043762974355195895,0.008906583679647088,-0.0018578354572964533,0.013382530891701737
2024-01-19,0.015413473835079544,0.01211295946442005,0.011915672389449407,0.020010383957274076,0.019274396662123005,0.04089823995143955,0.0014620115002590317,0.01264117463462741,0.01711470029809313,0.0029111390339310126,0.010240603045818975,-0.0038550124363213806,-0.025062711333509485,0.012522648862353075,0.013971346514326901,0.009175807821736435,0.029622536134993854,0.023122038977431682,-0.004874734826431142,0.006741209023800721,-0.00550052155593151,-0.008349646395577701,0.010194121615972046,0.0015484074974511305,-0.00528215826539675
2024-01-22,0.012089923219484367,-0.005432568606724963,-0.003611493461086361,-0.002667903938693553,-0.004364750346089083,0.0027362040333396985,-0.016105240597581734,0.002911388606997049,-0.0011749385078037862,0.004874438122723587,0.0011067963306433807,0.0019631887441514603,0.018553424252758032,-0.015909104069771005,0.006776711258144381,0.02147420731802999,-0.013101493986300552,-0.002067134865009642,0.0056986296766141755,0.0010602020867384009,-0.004355155001437614,-0.004049541542097911,0.005834271824969554,-0.0013418202554304802,6.154413811527671e-05
2024-01-23,0.006631284566564906,0.006009475434604592,0.007979485588611064,0.007166457084860507,0.008918315855709012,0.003664418494167577,0.0016270106278732431,0.011024205198326878,-0.006605838934555753,-0.016507932993613354,0.00022105217722286996,0.04055679424257013,0.004919893848528865,-0.016707816342042395,-0.0022536874983001757,-0.013873705116146773,-0.010676640764912983,-0.012673581066414754,0.0132531363803917,0.004229836546636905,0.0046893145206688665,0.015206835271342525,0.0036775287542207256,0.011195154145692663,0.002521565305245269
2024-01-24,-0.0034900243507465034,0.009133325457809576,0.005433174197432314,0.011226198179896786,0.014177185577646152,0.024565039620783644,-0.006283434610725192,0.011886885851632221,0.00889565424709249,-0.005332979219378112,0.0014369059509947784,-0.012153151347960372,-0.004452075967108704,-0.01005661629555171,-0.00013665865659594028,-0.0028834645003860074,0.015453156322418843,0.000397438345659641,0.10168236837006697,-0.003523633136557359,-0.01583051344555647,-0.012243571106614769,-0.008731712297926226,0.017113353084470255,-0.014228597088904572
2024-01-25,-0.001698137213638443,0.005721779601568364,0.005594095679664069,0.02109412741191218,0.006327607526885144,0.004147248866371911,-0.12925817170128795,0.011248560070999322,0.014209430979334806,0.0037675022808772636,0.0035275360120081913,0.022747628543973008,-0.039403882070754605,0.010598223604520085,-0.004340562694054982,0.01444074711300759,0.026200442044129045,0.007735011441409231,0.030954638330708995,-0.015890652386818162,0.00423475142877027,0.0057802881548569916,0.019684075271514848,0.025084353458769835,0.014474259871991057
2024-01-26,-0.009053516127117066,-0.0023243325305433997,0.008647102438040672,0.0021049890002684613,0.002438704975823264,-0.009555964983388622,0.003389065826718794,0.011876127298599794,-0.003823613723949331,-0.0003764393584500204,-0.017279082329894,0.0033359145731540825,0.019667603568073917,0.012261749752696874,0.003952897410216158,0.005257013135009625,-0.01399125838470726,0.0032560553750559432,0.014871064919856644,0.0,0.0035434423571808686,0.007774782576605649,-0.0036375533953330636,0.008482554934970321,0.008743426144753642
2024-01-29,-0.0035923582127038284,0.014232497109183138,0.013359331333490848,0.008635930739144586,0.017304858100274136,0.023224537971956557,0.041055489597857625,-0.00577690658988965,0.00260872085716192,-0.0008779547391193934,0.02112347371027116,0.00012801068051529612,0.0026592480478639965,0.0011250193559610745,0.004663710617656494,0.0220906068981862,0.02620389793153844,0.02789890475027815,0.009370057586335438,0.00036406496457292245,0.00604541265467728,0.0017261130426948943,0.002872831108696008,0.001261441616974557,0.004676278789187582
2024-01-30,-0.019433553372913373,-0.002761883149058437,-0.014113732972622603,-0.013444196950395334,-0.0023965857567778835,0.004934452381652475,0.0034508226289791306,0.010307365513941954,0.020287175100149556,-0.003708958209288338,0.012672358557307441,0.008480817290097682,-0.001844937966272662,0.0039283530914748215,0.010409219611538819,-0.0056576155665205245,-0.003608295972079938,-0.0004516885405687353,-0.02272982588549183,-0.016881279403811057,0.0028420557115977755,0.008704029560734591,-0.0009567453618204034,0.016540347057222956,0.0033270634519008534
2024-01-31,-0.019547369156054924,-0.027316030160954654,-0.024189614134501332,-0.07796497863295669,-0.02510884326957313,-0.020064818983156287,-0.022699471099276523,-0.008846984586077973,-0.010894894197979389,0.0008182974172266846,-0.014135157266195618,-0.0022248843120318725,0.01601452350972939,-0.011661194282288798,0.009033876725864183,-0.0092232935027985,-0.01634405071558236,-0.023347602965219656,0.002236095409597694,0.0022182288926156056,-0.006868335811000656,-0.006446811349681392,-0.04023201353550526,-0.019648165652942313,-0.0020554556525249515
2024-02-01,0.013252283896213442,0.01547406979528466,0.02594906400632865,0.007537466845702987,0.01182286869392398,0.02408711580028128,0.008347821172369478,0.007011408485587221,-0.003619711674977699,-0.0034039914548140986,0.013774317493392384,0.012898698546291774,-0.009029468411179872,0.019943799303868446,0.025689453694624914,0.010460419620458659,0.01626434687944307,0.009594709424024952,0.006009105166844033,0.00772496092703161,0.024737864466597512,0.01863513628660544,0.0,-0.004093513671302828,0.018348126740837647
2024-02-02,-0.005419710984214288,0.01825814716515358,0.07572554877189726,0.00860537639751661,0.18496516041710476,0.048512703581072306,-0.005042858776994556,0.011091346334591936,0.005739621077922878,-0.011112361801782981,0.00046911110355073887,-0.006871454375600909,0.006074341502454268,-0.007918529260356478,-0.0007378814387237364,0.0007209307140161231,0.010850188752881464,0.006532679881467615,-0.005069988308302492,-0.013279463631540154,-0.007241769873401118,-0.004260686461835686,0.0,-0.004110420172034996,0.007458359548858716
2024-02-05,0.009798506394642121,-0.013637639938954912,-0.008768909348284514,0.009089127915395633,-0.03335067263074909,0.04683069106965783,-0.03713468972636411,2.56164745184557e-05,-0.0013170198386241016,-0.005185627300550007,-0.005789279202353937,0.000759169763908696,-0.014350915122214735,-0.005867792410823628,-0.008328628721089856,-0.004953971135366398,-0.006733834674418924,0.00853995272344884,-0.004579743792752287,-0.013458101932432536,-0.008293304070649238,-0.0002925805904235548,-0.013441839789419652,-0.0041273044041050515,-0.005381118883014311
2024-02-06,0.008594614388353126,-0.00039449930406484636,-0.006834432372405122,0.0029190598332828575,-0.01026125977275022,-0.016124914032451993,0.02206779799027196,0.007597182413619238,0.003432353302181045,0.014401634610784645,0.004272861287619862,0.004729201379830279,0.015213050625559058,0.003120541040998705,0.008154800059112262,0.026948608947151648,-0.03775372430829917,-0.007945120507054485,-0.011056162438004618,0.03440315052226291,-0.001666891951772112,0.0029211897618155293,0.009448123525990344,0.006869407260713327,0.00679542088286814
2024-02-07,0.0005809325722664763,0.020890449754973662,0.008125368023266808,0.009943326592356473,0.03217811735239493,0.027126793697467944,0.013309178288648728,0.009906609849358308,0.0018826614827795426,-0.0005062680582241868,0.009457930917502005,0.001005985161759723,0.016931437537707955,0.017915779871547077,0.003057295365375111,-0.0015119426082690658,0.014243956647945756,0.010475828520190312,0.006133541156721802,0.0021794737720621845,0.0008338951843276449,0.00029163091760393833,-0.004210341973611433,-0.00029347761517666866,-0.002535550986283623
2024-02-08,-0.005771107589062192,0.00014491564461703213,-0.0040544313336464575,0.0025390778032874876,0.0008728342880085601,-0.006555021140875214,0.010500153377802503,-0.0004276260620767314,-0.0035973197106929744,-0.010051596643732511,-0.011142308784849234,-0.0030210986289694107,0.0013468168935565053,0.002835751026387504,-0.007933297708604601,0.10884444614188,1.6253445929076832e-05,0.010709764216445013,-0.0013776634342159018,0.00036271854751873835,-0.0026707661700029507,0.013784491201352948,0.003610145821230055,0.016975077140877277,-5.893508046652035e-05
2024-02-09,0.004085513266576289,0.015431645412376922,0.026781354306300166,0.02095638994577903,-0.004029560770568763,0.03515838620457704,0.02093365777497024,0.0021863303145745524,0.00120060598473506,0.0022990028045818205,0.0023542427077126813,-0.007720095748837015,-0.0036021176930880264,-0.0015684036079655472,-0.0008297503070885127,-0.019641581017630944,0.01826180662847183,-0.002229207392961865,0.004982808489545207,-0.0003627185475186863,-0.004522971923626523,-0.03619513701044164,0.003597159536706665,-0.021387203786378747,-0.0005316102542682135
2024-02-12,-0.00904258126219806,-0.012658457993392817,-0.012168901576895616,-0.009914946206176594,0.001686270519882651,0.0015928941038619376,-0.02850600281752684,-0.001633007298020108,0.004446881033200587,0.006929322449450132,-0.0049320282159078365,-0.0019713851509103038,-0.001119667841563815,0.0063136386402923555,0.0018111688538755835,0.0082691137815337,-0.024810593503080756,-0.013756914527564513,-0.006201046035356335,0.003621828814150225,0.0023478336011475706,0.01738253211978308,-0.0027967888694234518,0.013662873363665264,0.006007467967540642
2024-02-13,-0.011338512947631342,-0.02176380459338852,-0.02170298682855135,-0.0163327421772582,-0.018902142755547014,-0.0016623230035635234,-0.022088768605910858,-0.007343798353765699,-0.008741722896168537,-0.008780943599528917,0.002686616784502235,-0.0053607218680916556,-0.0015274975052640655,-0.021742426227563744,0.0038077588623484588,0.010648477934842419,-0.016396125618322304,-0.021708330006256188,-0.005987237687492781,-0.025262125786820192,-0.005879952074803876,-0.010191709801565998,-0.007025977974173754,-0.008646086857138628,-0.0068347484956256584
2024-02-14,-0.004821458809547284,0.009619012257022237,0.013780303876272836,0.00549678191627889,0.02819984117858298,0.02427043450615915,0.02516701014711292,0.0097797950882896,0.010106109084535946,-0.004676049174429903,0.0063248447075455,-0.004103884050309933,0.00017417805170859404,0.0017881989971839202,0.010219910758980252,0.00990909402896746,0.004591543476084117,0.028057038596098212,0.043769371606292184,0.005177469091180357,-0.0010114724386709004,-0.008085813268335318,0.012810452871659174,-0.004946158749926464,-0.0031977725907840447
2024-02-15,-0.0015758743244880275,-0.0071810485494224,-0.006925273760105457,-0.02196040461771922,0.022459568081668106,-0.016949328752597605,0.06035334314528131,0.011893522823046414,0.021579943871330887,0.013900369027288174,0.01224654905382979,0.008827848616570811,0.007592970822713916,0.007924208335425979,0.013006532993242195,0.007946075135825183,-0.023798246370013702,0.00960294167431106,0.024097586070192915,0.014647021964150023,0.0018537225286962388,0.0020276155916929034,-0.024563365624785997,0.028256298694553154,0.004084227159324544
2024-02-16,-0.008466176100091741,-0.006167935816435394,-0.0017094021256489145,-0.015885303695250236,-0.022375088506666987,-0.0006195699479024357,-0.0024975038337594173,0.006275910151537677,-0.004680888367340898,-0.0011491341630183447,-0.008650057403438932,0.003179636881988969,0.00128546821688324,0.0035110437541563256,-0.006706377019109977,-0.007587584296784054,-0.07704103797632475,-0.00763342694190469,-0.016154455729231063,0.00399046119987892,-0.00016843444545485513,-0.009216625939488916,-0.012718249030511703,0.0,0.006300609643026466
2024-02-20,-0.004122297441766459,-0.003148179920837201,-0.014439139136134756,0.004260844461283872,-0.003322431079132146,-0.044508048802153165,-0.031447068575792124,0.002853148219644453,0.0039023345290922456,0.008333246840364985,-0.01231712639358312,0.006328694847914983,-0.0009400212708085565,0.0006070659690476362,-0.035617227700073036,-0.019544583683812698,-0.008727101393403637,-0.011560249468150286,-0.015219259873668577,-0.0010867365006865593,0.02181776000782588,0.013911587118878917,-0.003308320684836152,-0.009492605145466678,0.03177431580924686
2024-02-21,0.004177362972295422,-0.001515560067940764,0.008996959517601153,0.010082086333818486,-0.006856310640824022,-0.028923165515722014,0.005199145723306879,0.005144563328931997,0.006488559065359859,0.005180961562177221,0.005834435039973791,0.011853064160988256,0.0017448846492795751,0.004293304981217897,0.01603035790946297,-0.01630542843862115,-0.0062752140545435505,-0.009965977595303478,-0.0030997761737188486,0.0028953960581192175,0.008856952047922704,0.0010668387937546487,0.004133881608434705,0.020232059468974068,-0.012358519291433842
2024-02-22,0.011181043124103148,0.023273719836182632,0.03491338968982024,0.010745276147949357,0.03794360920828209,0.15186990854968307,0.013463405650618309,0.014337780666802946,0.011924243936506892,0.011092624898392668,0.02494261362681658,0.000996958426710597,0.008641112165850257,0.019607133915686754,0.026887048250015422,-0.00027872502893672277,-0.0017656746743041193,0.03499987931379409,0.026029615898724334,-0.004346164999975405,-0.0014707217796598115,-0.0034411724775941176,0.0018547736118231786,-0.000858718658106999,0.009796295270630627
2024-02-23,-0.010084755586446986,-0.003187451337451612,0.0023457610294128446,-0.0009026381037511825,-0.004329098009691397,0.003546149629343147,-0.027943686650054866,0.004949666623894893,0.005012714971013031,0.008626031943155893,-0.0005286038860545345,0.002922912066454311,0.0014046457544713998,0.001668273554932793,0.003936671571571773,0.0009285647346499424,0.029094351895075077,-0.0028989278773366473,-0.00837869346883121,0.00759359409854373,0.0008173346806186915,0.00799173705643757,0.005953004622138036,-0.008820840656441085,0.0008548488151309052
2024-02-26,-0.007479041330618391,-0.00684688806682777,-0.0014869599257995307,-0.04540247189901123,-0.004742437918729089,0.0034830430294089903,0.03797371074003026,-0.019556231978331066,-0.0034301057231703506,-0.006509072780126197,0.0019374674347510422,-0.005042675942415074,-0.0036481608840367346,-0.0009683360952055823,0.002299757667100376,-0.0005570209094065674,0.012640175001624947,0.02559221488523378,0.006984265246381679,-0.02111469504792109,-0.008038765267555611,-0.007932324686008472,-0.009459331004613516,0.0039406076779153155,0.01828691967292257
2024-02-27,0.008081538168531086,-0.00014720831546742678,-0.006833819221537168,0.009477437825520353,0.010962272723940134,-0.004955981497248097,0.001653606167566249,-0.0005623396790930396,0.0004909105703890669,0.0011809924988462589,-0.003454837632620931,-0.005758487344443641,-0.02291350541371091,0.010600300075107538,0.000505679293365218,0.016029806976784584,-0.014358208596874733,-0.0029672592152828847,0.02357759701389051,-0.010727083690437015,-0.006113385221481267,-0.0005944791218912613,-0.0018611267628800842,-0.0021125645237259293,-0.00016769604708158332
2024-02-28,-0.006647599827965015,0.0005887032847843423,-0.0021920379551390117,-0.018165033739715647,-0.00624065526725724,-0.013276945213075507,0.011499231283567918,0.007868041111708864,0.005056712829077752,0.003534632026612584,0.008649736973679226,0.004696715743884015,-0.029931916466690987,0.005443620566367076,0.008598981585687766,0.012533177691970633,-0.0012133965894368397,0.0009008539912871941,-0.008663427102757325,0.0055628231422690825,0.000994015200919921,-0.006742526864853178,-0.0051883729560581295,0.0027838306255139576,0.0005033313208935492
2024-02-29,-0.003699659236221897,0.01441535709461955,0.02057680546309288,0.015136201624262635,0.01254447669362485,0.018485780362969138,-0.0007921787106965236,-0.006670474677478698,0.009070270143044876,-0.0010530400685169277,-0.010523226179047591,-0.006959426524248342,-0.0094367981773489,0.007913231982196213,-0.008577879170782735,0.007015014181746372,0.015214791645046495,0.029743117962238507,0.010738822801665378,-0.01791094884613086,-0.0063112538451401586,-0.002567165364268309,0.006429536844923494,0.0019153347826798778,-0.017085679527384587
2024-03-01,-0.006048856366894042,0.0044866482449159835,0.008225899848415687,-0.009579240885505026,0.024526810245429385,0.03925110919195602,0.0037575170226514664,-0.005609275103836067,-0.004146993845841785,0.0045749229246416796,0.001838156309043538,-0.0005663512160371136,-0.008279775353926985,0.010038650548072521,0.003931013667266922,0.003310571555404185,0.018829886307921997,0.0257647078218025,0.026869849454937516,0.0011289382733984657,-0.008197389708528766,-0.004546366710543781,0.0006199628740147342,0.012550059951230454,0.002555845173787995
2024-03-04,-0.02570885263541311,-0.0013969478752944512,-0.0035975271186564546,-0.028024891461808244,-0.008215921141856958,0.035319692476603624,-0.07424463938175002,-0.009179510979749247,0.007473810595231147,-0.014163380791909236,-0.009331525017669953,0.004459674910476762,-0.01577124032467616,-0.010669345362932008,-0.017225779691947985,0.015423086498500419,-0.0052508137310739965,-0.007093899294103068,-0.005683409967269752,-0.026678447366512512,0.004692389285959328,0.00472784371968983,0.014970121113443646,-0.014081893476928143,0.009148014660493758
2024-03-05,-0.028853181736025035,-0.030017995654692205,-0.019676533274039055,-0.005112735832482496,-0.016127297612863772,0.008540046838914734,-0.04012679843323044,-0.0065910586385436645,0.009967283456446657,0.0008130742620091266,-0.004107666200016487,-0.0015052430015522551,-0.018261950790271188,-0.0050604412731155134,-0.0020726258700138373,-0.007238771182361353,-0.04152356076769609,-0.05182215622000959,-0.028544454890043695,0.007311898443624017,-0.004860455886185194,-0.02034217271776317,-0.0036705940831643054,0.012190391434446732,0.012401725770897357
2024-03-06,-0.005895643804809208,-0.00139177816919735,-0.0035094856867787733,-0.009618567316154939,0.01190309457628748,0.031331306997221704,-0.023512123304642613,0.008003028408845475,0.005184099226176221,-0.003946122535466584,0.0037510652493180753,0.0015679292217416904,-0.0011631325886353036,0.0032906095333621013,0.008689027781892041,-0.0252109656673807,-0.003217121364349611,0.01666370739120322,-0.0013542577645945001,0.04168060874736896,0.0005039097947949529,0.005906968962846524,0.004484400237412345,0.010639981492783758,0.008788744833760841
2024-03-07,-0.0007096802519942804,0.017381510644781013,0.018897104445031784,0.022425687898415526,0.031938265761891356,0.04377400048623517,0.01188110874296599,-0.003894038019774504,-0.008797112712810855,-0.0029539753589911664,-0.007768023663367921,0.006558467226714393,0.012991890643620795,-0.0023606561646525174,-0.00864623687140241,0.0010896607438419363,0.023565093087217905,-0.004453981735319405,0.01794113299415646,-0.014820444094902671,-0.0018490490948950558,0.000674600725929265,-0.005506460601599109,0.0056039548413204235,-0.0034732102468287567
2024-03-08,0.010184577086714781,-0.00716257512786721,-0.00834829600574499,0.007635405729941636,-0.012257649551466198,-0.057075343530245064,-0.018701625030085045,0.0018868820057756687,0.0018612145218150826,0.004082898337333157,0.006376406521409164,-0.001682220709676569,-0.000692252530489996,-0.008534600253638995,0.0036721308585522063,0.0012698895832448775,-0.007853895846137972,0.009412457890840413,-0.006082507364123082,0.015923079158931756,0.001345139300100129,-0.0003678161885615995,0.012195333365849374,0.009362507413972153,-0.00398408089615495
2024-03-11,0.0117620304782979,-0.00419374296743692,-0.01952208072253206,0.01655238832536017,-0.04520054392672051,-0.020242759102478556,0.013763678693560029,0.003985636997044788,0.00037170853733786127,0.010662632406232645,0.0018552067071942544,0.007455739233437503,0.026054595491680918,-0.004913702552537207,-0.0002131225787121155,0.01787769432576435,0.015700173378603202,0.002355856654058884,-0.0064524370465355125,0.04138025458160457,0.012024097225389276,0.010250843620542651,0.014440819136767421,0.00588789339020413,0.008942189310973184
2024-03-12,0.0027746777197073993,0.02625197983496075,0.01975013161880721,0.006010809311002772,0.03287058167721714,0.06912662035959394,-0.0012947061441473569,0.0005433873106879787,0.008198400008741539,0.009322091752076154,0.011905084773304889,0.0023493440936198434,0.000408818921720431,0.008095921801968577,0.007876692991283404,0.0013346247997871818,0.032857797713748006,0.0020239724380165243,0.016749481142266265,-0.012770695552499578,0.004306820500513759,-0.0011541817856427702,-0.00299142263660528,-0.0064415166493830825,0.012287981016759009
2024-03-13,-0.012196566026172563,-0.00043360523274415077,0.006648685830772736,0.009271033012160604,-0.00839936196635209,-0.01121449600238506,-0.04646099727496628,0.007748052768862818,0.008079535525800673,-0.010128508052904354,0.004287653752074238,0.0022823093569174263,-0.0027626786885460632,0.01181129949049018,0.005777533592868434,0.00035562238564754384,-0.009699174394795226,-0.005041698993512524,-0.0026710053696953353,0.0074695066638342114,0.010195804705147407,0.004608358986854728,0.0007986959157848701,0.011108496677167262,-0.002119068242856592
2024-03-14,0.010868088165155557,0.024087205802437714,0.012327433453265669,0.02340239025625961,-0.007575480517056577,-0.0329277890193749,-0.042056898779332184,-0.003436161418454475,-0.017978668605754762,-0.011801327816514004,0.004443918234604048,-0.004941181066674368,0.0020471684542447037,-0.009864039946200314,0.008104138900575927,-0.003918819306408267,-0.005419551002657435,-0.004473585820949827,0.005824321515645225,-0.0031943325222841875,-0.00222887311760426,-0.0031508130819237136,-0.006406442497502223,0.017557150096633358,-0.0008519223502437308
2024-03-15,-0.002199029749393404,-0.020912287650837184,-0.02452200827324045,-0.013508049594586973,-0.015841628554042766,-0.0012172682645305792,0.006563076277915342,0.0034361614184544734,0.012319415434319636,-0.006490461625024831,-0.011836212517687753,-0.0007432975240541034,0.0037149582588545194,-0.005450930417719567,-0.007641607449161511,-0.0009820221806362205,-0.14701232275318382,-0.030086747265335962,-0.011699260299974116,-0.006777304300343724,-0.010300764308002624,-0.0007285073974809008,-0.017423572027505208,-0.0017959557085229989,-0.005587519342170756
2024-03-18,0.006352122149321286,0.0021589924410432134,0.00034392410567333365,0.04501198137192169,0.026258291985482723,0.007011139655369968,0.060664152342604714,0.0006858176876611213,0.012325142201416228,-0.009017726636276629,0.007076450922466261,-0.0010538343503336612,-0.007710724807364785,-0.003542890796076079,0.0064102690182046415,0.01682937871527212,0.04253760461908416,0.020779458808032215,0.020437370419595622,-0.00790519247552194,0.004166381448392762,0.039300137764319794,0.006924754212541728,0.009214407856460514,0.002962032229663048
2024-03-19,0.0134936244171224,0.009752758000958843,0.008105519638180665,-0.004410996788982763,-0.001490162489121634,0.010604345508858408,-0.014372034891457558,0.008169098305564844,0.005848067755640184,-0.003514436713905567,0.008036535730636387,0.003838405869572245,0.012791297386618621,0.019965491601403377,0.010614067527431877,0.005780387543734336,0.014163836950981291,0.00312304148797378,0.003792998124079947,-0.0032521230111448533,0.0016616102844621357,0.0031481329298100997,-0.00264212109011924,0.007009985157406377,0.0001641511797040799
2024-03-20,0.014602143944446989,0.00902407409530908,0.01271024074657137,0.01156317494565631,0.018527956603376326,0.010836162775509587,0.025017133837829976,0.010508934119996118,0.013021876540468946,-0.0028850036917745835,0.006694027988704915,0.0009881531892576131,0.0018430350089629667,0.013092227391000211,0.008312425399850058,0.016885663636609805,-0.0039410387331389,0.015242345465639857,0.011134094209700815,0.0025304035033673357,0.00859647875964236,0.0003492769715977167,0.008308966931661726,-0.000884711363720054,0.006223390268127084
2024-03-21,-0.04171555960835869,0.00968883345416269,0.0,-0.007693942674720949,0.0044212882238807896,0.01169368835859627,-0.016299696542812377,-0.005615184515812695,0.013809248392994236,-6.433053968842035e-05,0.0037608664481906177,-0.0008028438213389447,-0.005152691128847362,0.02768242914681261,0.0012286430341581138,0.002058760543209721,-0.015314917168059588,0.00751878057136769,-0.007965510686787825,-0.0014451607310902032,-0.004619575272385829,0.00342702861869618,0.006637908209428645,0.004415390978607975,0.0032601179164732422
2024-03-22,0.005296196937580593,-0.0014684320674551467,0.004033399915744371,0.02124956874431034,0.0035780113054699214,0.030736158041855886,-0.01158171211632812,-0.005282409876821585,-0.012333367223704294,-0.0033442298596040197,-0.024790734838110486,-0.0012362117826556498,-0.003300154806048217,-0.012527713883394445,-0.014366693265755685,-0.007137654696094685,-0.023211092023714745,-0.0020125294715409394,0.008475149636129138,-0.010905157986698931,0.0003304730466945169,-0.00249640998965011,-0.002006833469120426,0.0,-0.00948350818460028
2024-03-25,-0.008335146638479942,-0.01380950421069279,0.00468522019633587,-0.004653731986324331,-0.012957070017116917,0.007533441008809689,0.010481683435756076,-0.004089967323317404,-0.009196572022911562,-6.434162589960484e-05,-0.007263521829325699,-0.009134948893754274,-0.00858658017743445,-0.017498606389719683,-0.011757504284896683,0.02967518359607228,0.015316955964974175,-0.005571522758269435,-0.0008761708360656139,0.002555104607035771,-0.0014889265613777553,0.003365894844269179,-0.0020107873767223386,0.010169399403608751,-0.004940664253867714
2024-03-26,-0.006694768190020044,-0.002865428405216328,-0.007876935918428052,0.003990135504971338,-0.014275641370045165,-0.026029952453904562,0.0287772826285837,0.004017081336654207,0.004659897600083461,0.00353712451019191,-0.002171324592537457,0.0022447715717071855,0.013146899469245204,-0.009378730119744112,0.0015952583998077809,0.004764167363908671,0.0007291765662240621,-0.0007519416372940932,0.002832840382594643,0.005816143347365904,0.002315299459551335,0.0007530121195309232,-0.0026202873635858986,-0.007529277465605597,-0.00099103024555543
2024-03-27,0.020990726576326963,-0.0005219705347400824,0.008544428374293455,0.0013266509198688018,-0.004102105775158143,-0.025284326987733422,0.012084083617363902,0.012939191631333528,0.019178351518944408,0.013961267054010096,-0.005647003449722394,0.012749291929436846,0.001603491972152266,0.015565502321079934,0.0024091200490424436,0.008717042913865783,-0.006324155874277041,-0.014657316332898141,-0.025283565402849383,0.006863063549142414,0.00806106221738813,0.0048512831182790945,0.004430137139387373,0.01031651021939004,0.0034646059380014278
2024-03-28,-0.010615323582558442,-0.001686264908650143,0.003053793447902987,0.0003976217378969588,-0.01690801797287207,0.0011738432978102785,-0.02272190773999231,0.008573690148731853,0.0039016691730305586,0.0014549174836519724,0.00021501262158066752,-0.0022163024517609102,0.0032395685884980363,-0.0059521775094069284,0.00754543064170371,0.011342167518417158,0.00039645631248956255,-0.0006640179074088582,-0.010156844354685134,-0.0010804738676853417,0.0024549181192872875,0.008262119611253593,0.002808971653677715,0.010985708663290244,-0.009099351781159785
2024-04-01,-0.008491824930383455,0.009109456322218178,0.00326551461029285,0.02976522108761337,0.011812575114073435,7.746947362360897e-05,-0.0032477284143495326,-0.0007611971206255255,-0.006812936693567704,-0.002595200906239095,-0.0028704576131120428,-0.010346102040020053,-0.010158590884904157,-0.04143596777237259,-0.006604488965269389,-0.006806298805262952,-0.004986669105436409,0.003579590013303576,0.011427353952521207,-0.0010817994102920291,-0.008206162354209066,-0.011667280757019607,0.0026012499006008976,0.006431486423578004,-0.002829324207129104
2024-04-02,-0.0070232364061876915,-0.007399516382629456,-0.0015484091821309372,-0.0059990633881609684,0.01217750777059482,-0.010132872715500896,-0.05026651935105258,-0.003050814503263052,-0.000402200671680839,-0.0003170618063130455,0.0005746398171412446,-6.209033359326155e-05,-0.06661823515773674,-0.01376143494706962,0.00215073111757958,0.010558718231407398,-0.00575254740829875,0.005740153556081544,-0.00016277018621449547,-0.006151559213021207,-0.00877270190282969,-0.008942482597217116,-0.013682143504518254,0.0193851880705937,-0.014098929642673688
2024-04-03,0.00478593330506446,-0.002351857501123335,0.009474051539763393,0.002326527668448994,0.018663855054256967,-0.0054701990760414225,0.010447544054431742,0.003145950449333535,-0.0028200239936993702,-0.02224527756639927,-0.0053294023989321265,-0.027913103470076354,0.0034862758648486585,-0.008576829681015766,-0.00420129879266543,-0.03176445627859903,-0.004416665521667399,0.0024311832408810212,0.02550987368007643,-0.01205067718176821,-0.005334139556548958,-0.010319145621084288,-0.004503551735558893,0.0001676853395379141,0.004553576395730252
2024-04-04,-0.0049044960871604155,-0.006131202579854551,-0.013300069884866008,-0.028746488235488494,0.008215095108101875,-0.034989837185631596,0.016083269202606634,-0.01177662833712193,-0.007637513916073279,-0.011474718183420014,-0.010745115917754143,-0.004492939856304372,-0.00952879528193095,-0.006187387433355938,-0.016153468301128716,-0.016012588714036387,-0.020120226072307384,-0.03540298299934946,-0.020750872332217108,-0.02116271624428936,-0.008898026498584705,-0.000176866961712656,-0.013010146801959605,0.0035143672233468658,0.0011771580878504682
2024-04-05,0.00449181000604518,0.018117560278008232,0.027777320574842966,0.013002336902809353,0.03163232922839283,0.024185777193074146,-0.03696743555877544,0.007914250444756498,0.009158074014486324,-0.0007216203428662986,0.0113948101700849,0.004172810076607988,0.000790210168993105,0.0005311409985105368,0.015587695040736333,0.01095691498817067,-0.004093667246209796,0.02607299289498607,0.030385628729464046,0.0003750201704970258,0.0035350774439097637,-0.003010564895733356,0.00910406323519864,0.013688061248926957,0.005865029173828541
2024-04-08,-0.006685932685154941,-0.002187838530653949,0.0006481667921116775,0.01529209531195279,-0.015459798316591424,-0.009992179682986066,0.04783676362708771,-0.006350430304328579,0.005203071151481752,-0.00526350300223908,0.002234647531210774,-0.00038464372888179617,0.0005703658594157228,0.011612520131760427,0.004940679704973758,-0.008738873218548271,-0.0017330236299039053,-0.0005962292239898691,-0.012288729272889147,-0.0030051699789933398,-0.004041119943661699,0.0025979470199484996,-0.00640546028600872,-0.006779058729503567,-0.0011701399838701127
2024-04-09,0.0072164200142827775,0.003972279637823387,0.0025885563003378185,0.011237890492492101,-0.0045362509023903945,-0.020628413260556238,0.022295607975213145,-0.0030818861791226996,-0.006723711981859124,0.00460715794073611,-0.0037512579125717625,0.00396564118278097,0.008124740005234492,-0.0017417511480035412,-0.014069426046331037,0.005269518969245711,0.016932704199469805,0.0021188471348901933,-0.01638078861107905,0.007496343419712012,0.007563744623599375,0.006055364395128692,0.036034315944051445,0.005212323531659348,0.00016731180488252119
2024-04-10,-0.011201598878430662,-0.007109656297958766,0.0015069094018642995,-0.002941601080592309,0.005652536425447411,0.019549092085809943,-0.02937344256551801,-0.01354722629944912,-0.008557854119650222,-0.013818932725081494,-0.008127928911792445,0.0036954539761153283,-0.021258945018241156,-0.03050883983713869,-0.0063528491675194166,-0.0066338394545079,-0.010880184556666372,-0.009136513625198055,0.0006145315241961593,-0.01732629882463845,-0.013486481721269155,-0.009777383226084407,-0.01612606160856886,0.008381996995428305,0.013786278317785564
2024-04-11,0.04236071513769555,0.01097281607956246,0.016533742520170792,0.02072645491715922,0.006385468754962135,0.040274495758247715,0.016399556773736196,-0.0036732337652745648,-0.00020472547842618287,-0.009431878364207693,0.004362321340722667,-0.008943548877121985,-0.018682495296625672,-0.009141451374698172,-0.0018346317919158178,-0.0003414542116177457,-0.0060525196428034295,-0.0015697872793279176,0.01635485149901166,0.0007596286177842603,0.002204027493509944,-0.0034982452587066044,0.00648161518313896,-0.0033607297921369886,-0.008781451426662267
2024-04-12,0.00858979005528111,-0.014191231474534582,-0.015566165935951603,-0.010594890002035224,-0.021758158468221257,-0.02718255105792657,-0.020541749097701737,-0.010729259540330553,-0.06686421322028768,-0.00857208806615375,0.0010151052084953086,-0.003277949956168378,-0.005721190738959422,-0.013039014392384697,-0.006276116640096168,-0.02716890604600069,-0.021266079954264275,-0.016277805314098906,-0.0095077842386779,-0.018391344994050585,-0.013125581533091978,-0.0015453374423116378,-0.02122080665904124,-0.011727897562837326,0.0008318374056341356
2024-04-15,-0.022105997420810184,-0.019772279264603156,-0.013577002419975346,-0.018363276575090036,-0.023061203352931502,-0.02508922622762616,-0.05757465973833702,-0.007467179078943248,0.0005471120867046825,0.00047435156570874745,-0.017104336200956995,0.0007722373266679893,0.014534026104087891,-0.014512640280520952,-0.012084454651765442,-0.009340981140354462,-0.008451718351093797,-0.07556226845782216,-0.025497743533013175,0.0019316357988037574,-0.0024051215357309545,-0.006864870261074315,-0.005169062859580249,-0.005748849486969525,-0.003497947961082571
2024-04-16,-0.01935347758090716,0.002269907156187869,-0.0016350785294987403,-0.002974702022285609,-0.000940116658077256,0.01630785615585237,-0.02743506868222295,-0.00837957747181667,-0.01149361580496697,-0.02150486288283988,0.00025824689094155096,0.0032111826676404533,0.050879140864052,-0.009215869606976918,6.527519035380325e-05,0.008200051102011588,0.012934483880630985,0.016391397790949978,0.016935558837539326,-0.00852711257731575,-0.0013768772283384496,0.0032890918330102884,-0.006655770830360215,-0.00830648382629813,-0.0015029021625787566
2024-04-17,-0.008180729720145002,-0.00663095445951162,-0.011190509048215303,0.00690598073965636,-0.011248352706222329,-0.039433471642223376,-0.01062208397137564,0.002063718052703362,-0.003990372595171858,0.002213090008394569,0.004925981745394961,0.006455735961241748,0.021311470981333742,-0.005990953516274486,0.0007391523392040387,-0.008288538980677154,-0.0037236707455852378,-0.003937019775574403,-0.00622153264850306,-0.010565573324782985,0.0077207697335666525,0.011751353916969645,-0.002716480415155854,-0.0005057269072545203,-0.0031801434256079836
2024-04-18,-0.005730661013751161,-0.01855210518167821,-0.011428682278624262,0.0034675831065376465,0.015322089449537502,0.007539619481129854,-0.036155647217109545,0.005391044991145737,0.006476139980307732,0.006677899281050626,-0.004852470068591323,0.008536645221161663,0.029194652776662704,0.00018024795558659778,-0.011936440553943556,-0.00452599620642728,-0.002680413843144958,-0.0160516354849762,-0.00511334138081446,-0.001181015897257238,0.006813088624323101,0.016328291716469726,0.0066736482963261285,-0.0009275554585598747,-0.006559699724920357
2024-04-19,-0.012287766167515419,-0.012820602881385057,-0.025944630354616176,-0.0123833916297287,-0.042188931216618895,-0.1054115459421473,-0.01939578390268632,0.012894999396017001,0.024793589431093038,0.014779711566646076,-0.005876376836486939,0.005389294131675067,0.015991315086205268,0.007392547837822217,0.0015164913848399694,0.0015997668026742902,-0.017395458515814283,-0.005716412261055506,-0.09533635245898124,0.023741254605649402,0.021163072578761655,0.010739108661365206,0.004355605260489584,0.011409487750362565,0.004545909760716561
2024-04-22,0.005077830884698698,0.00459949451314056,0.01477882204751945,0.014112389198762221,0.0013710492025528385,0.042621986917004744,-0.0345935559693179,0.009092565711689433,0.0192431997582274,0.008147374275758294,0.009407810466760591,0.015062316396219006,-0.019953147908732975,0.0022338540619691377,0.002981820807241568,-0.00552089201553204,0.004013323469909481,0.012642925086106295,-0.0007930956884595691,0.009950173555156452,0.006295443806141089,0.013292215418955802,-0.0037323325105493932,0.005656329977466723,0.010194783513473119
2024-04-23,0.006371488252927882,0.016351004821483266,0.0129496869735391,0.012589922368139373,0.02939376213106892,0.035881075034019445,0.018345226676437152,-9.787783905338203e-05,0.01431011138858638,0.00294628093952479,0.006514802149018309,0.005962209904662264,-0.01033353190930726,0.008561540703168745,0.013202069098620121,0.015241713390288803,0.01279022148374099,0.010427225983173081,0.04089415889141026,0.0022823542160127198,0.001485307569655777,-0.03014509200284546,0.0037323325105493286,0.003890838433733102,-0.017613527216581423
2024-04-24,0.012622284944230905,0.0036491278149465758,-0.01656734624660272,0.005482233936249688,-0.005254590783501508,-0.033883494884850915,0.11387415621830609,-0.00684920380963022,0.004880426662726735,-0.00691047583794735,0.0033143151922748353,0.006787988067184965,0.002300970299575249,-0.01782744783612598,-0.0006916384474414534,0.0018451358153965722,0.008884084599181106,-0.001772718065152426,-0.03995695028249698,-0.0019015999172907058,0.014895165203920467,0.03551418750944738,0.0006204816262365552,0.00016526093809583078,0.013113895490662915
2024-04-25,0.0051341077680120435,-0.02480010274792806,-0.016673704471388103,-0.019865354192641575,-0.11161680348649304,0.03641611503670675,0.04845814470471284,-0.0025652001451821915,0.001500815969269338,-0.011579742341944912,0.0005089557172019737,-0.000307336010047214,0.013372184737316222,-0.0030977680353931614,-0.0008436547279063552,-0.010146187285892175,-0.007742827533805942,-0.011104440889676858,0.017287352791446355,-0.039205294003268026,0.0030821976458617678,-0.004123350140233051,-0.005183902969823451,0.0023104538460630365,0.005662835979928994
2024-04-26,-0.0034790140733025813,0.018079290768435164,0.03368654484295438,0.09734766914835181,0.004318109020116658,0.05992395875962608,-0.011168015552988686,-0.006964000151228416,0.0006205902866726182,-0.0046423015188161755,-0.002328449827262261,-0.007781658146288479,0.0030126441592396554,0.00932437987716762,0.0006706536519102231,-0.0003546327118910192,0.008664607556299216,0.004201516665898768,-0.006340854821048397,0.005526995568437384,0.0,-0.006245331207312788,-0.005002098193587093,-0.028168504452372685,-0.0008307405773604183
2024-04-29,0.024505331163461923,-0.010067262646333034,0.007432568410519159,-0.0343128392783884,-0.02436463219642943,0.0002505533501214493,0.14242723171122051,-0.0028391786857817026,-0.0010859976559768102,0.0046423015188162085,-0.00981052840532191,0.00229139346169629,-0.012840818687421034,0.005089951664914261,-0.011571355947347333,-0.005782683305269012,-0.009446416797017208,0.0052723074965465,-0.0031051453073314963,0.009404511572733535,0.004847371541617814,0.0031843776860579205,-0.0016730259072158858,0.014141566020142533,0.001329008927466154
2024-04-30,-0.01843973404699577,-0.03264657474509245,-0.03349007554568368,-0.02049122097291252,-0.0056791219818957735,-0.015560684694934003,-0.05710084205665045,-0.01060567414624845,-0.007999533694364874,-0.015305175359856725,-0.011953323653074126,0.009480846110935831,-0.010958901547777827,-0.007689673475435714,-0.012991571466524085,-0.008782259178539736,-0.021883597543913797,-0.024969950799306553,-0.015944454819606907,-0.0007802905079973557,-0.004361569109499567,-0.001306614227791676,-0.016885176276581003,-0.011517069435797493,-0.01488456532231881
2024-05-01,-0.006065597116465989,0.014306731186854143,0.022599831917240992,0.0066126498618697665,0.020751702914287098,-0.0396765842744841,-0.018113707174260838,0.004652220965975661,0.0006254494039455115,0.0445689446862749,-0.004813954560258651,0.001224871119710255,0.0008471580050414726,-0.006754892170862775,-0.02044243208444812,-0.005596209130817443,0.01407422358130398,-0.0009301210604389625,0.0019413487787812889,0.059108074977488226,0.002586989732906256,-0.004329896959244006,-0.002984314204240695,-0.019121277406609037,-0.008460298214227079
2024-05-02,0.021792732703255813,0.00731600436172292,0.031455365813882176,0.016703492215098596,0.005653383508273839,0.032882783274968415,0.00011105007606901516,0.005055241251380409,-0.001042909920012363,-0.008369270000265617,0.0010841058547236121,0.0026890936371316548,0.018136243115325995,0.010666806237633062,-0.0021965993477452844,0.019184830719144248,0.015180621580213048,0.012721704359526815,0.02406859993197875,0.018950940654621058,0.0009683249685318992,0.0017115356008842895,-0.0010680560623747084,0.00180810725940432,0.01450770846419264
2024-05-03,0.05809558070521248,0.021927553432902584,0.008033933494385928,0.0037140211022275433,0.023008058101368883,0.034045621818023265,0.006533843535574036,0.0006737345714086493,-0.006018286704002093,-0.004345019801377343,0.0032832406756613543,0.00377707003942714,-0.0010555685906186055,0.02158164867861618,0.005606429535561829,0.009192240207706395,0.019964278450336215,0.005606434241195531,0.024798320074550927,0.0039631441411928925,0.0028994266916879045,0.003981762380797758,0.007027975448093639,-0.0020668059879671075,0.0018405905009038017
2024-05-06,-0.009148572010026905,0.016776798084022274,0.013283331052944075,0.005129321458314952,0.02990504485244276,0.03704634579935445,0.019511437908750914,0.010052376852939136,0.007790628397849471,-0.004633257741785553,0.015448603880559787,-0.00012174789507307088,0.003911670936056582,-0.0016347549622549593,0.012968477377634074,0.024422119506759387,0.015126295011474384,0.007172923341243909,0.029977345446644602,0.01250703527146265,0.0028911091532749515,-0.0018752026578457805,-0.00021218279998887185,0.006444750018068142,0.0008354602414148124
2024-05-07,0.0037899825309368695,-0.010208353121295519,0.00031790155490520083,0.01856541911806953,0.005482333083671672,-0.017362722751804612,-0.03834210509362018,0.003008413924028262,-0.0013028353729780302,0.0009418235494231854,0.013803721938893603,0.007995294317678578,0.013221711632995193,-0.004685306468669591,0.008178047942028074,-0.09996600990144862,-0.002677881509853049,0.005607852287599546,0.01501312353167397,-0.013946319266993126,0.004320954839310103,0.012435192469887566,0.003602104171728154,-0.004980283272706019,0.012449245746946443
2024-05-08,0.001862444899801234,0.002927547957327501,-0.004034374926922967,-0.010979880130027743,0.009268349663257349,-0.001569463361719221,-0.017530851194269642,0.0005660988101749092,0.020134848016345755,0.0015452420223007158,0.0026371449005216396,-0.004171283730226287,0.004481363470293425,-0.005474506184425926,0.0037672012446755576,0.00047448674767714495,-0.008507008739737315,0.006437184769864911,0.005709743114203969,0.017844850337398303,0.0036662869223068398,-0.0034324729452002425,0.015113480524849596,-0.00017220372136024143,-0.005292800733775652
2024-05-09,0.009964396319672447,0.004326280251064418,0.00794706169253194,0.003418467606130261,0.005949224530416362,-0.018587310127514637,-0.015864649448707812,0.006010916661137027,0.009411396944906805,0.0060241263519864455,0.004858591318588242,0.005858918597484862,0.007562619856860331,0.025093442606170583,0.0015819504801973029,0.003408409261550841,-0.011228574748961367,-0.0137151569990775,0.004289620536809419,0.011779585998387037,0.000477288976856205,0.003657110345324607,-0.00438453891391206,0.019524023071905056,0.005774544283693147
2024-05-10,-0.006914041774113211,0.005852158354119192,-0.010716874256865036,-0.007737516135146006,0.0016393144071449033,0.012663500500382598,-0.020562350450525728,0.007869692296929784,0.0064096812821129705,0.0004001410753161062,0.007867164680546214,0.004866626900286574,0.011335213686065129,-0.002911158005598431,0.0032658835129363993,-9.461534931410573e-05,-0.0007461300544123681,0.00543647324500056,-0.001995124489583245,-0.006050896685411725,0.00602500233432191,0.009668802727830895,0.005633884818623692,-0.004060806545080314,0.0006616098312015393
2024-05-13,0.017491520596128053,-0.00246246777942869,-0.004865607224493341,0.002901175799200792,-0.017348283151593518,0.00578009538551265,0.020097034145307512,-0.0020163175253236757,-0.00020140634550925646,0.00870075343918419,-0.0048204260285426015,-0.005890984974630658,-0.002088757616771837,-0.015915759233058168,0.0017054482223654186,0.00037811350064087643,0.0016987300787394868,0.0030672465684819577,0.009320103734037893,0.015234959821466568,0.005045838740731266,0.0061549214346375836,0.01281808815258425,-0.0004240298392386391,-0.0011580564672232622
2024-05-14,0.006154689521887392,0.006840992054559014,0.002676374471979152,0.007069616082413689,0.008171616558481714,0.010530827082292634,0.03239754278801776,-0.0023860235713599404,0.013891997057538154,0.001057563255871077,-0.005923103045655746,-0.0006632767929143932,0.004173037342266132,-0.0013499515676092084,-0.007807485079989102,-0.004546012733033988,-0.01493150832807756,-0.002597783426879853,-0.0047632565400975505,-0.0021119483281861764,-0.007578305989610603,-0.005709936232627073,0.005531001852811048,0.006052096529025845,-0.009146186650090742
2024-05-15,0.012143804706077588,0.017332905971361844,-0.005789979151338669,0.01265882290387004,0.020328106829714754,0.03521052965033647,-0.020254418706909572,0.006124003419256012,0.0029731595431855013,0.008485584335523906,0.013447042840496186,0.00451436002475442,0.007116397728047091,0.023710962113798528,0.008331544853678515,-0.024794574218356253,0.019557460388696685,0.03806694764115862,-0.00022816438926621612,0.01538492920885378,0.000475334391571706,-0.0022820054687937826,0.014601690225473588,0.007703858883045475,-0.0005012580489173156
2024-05-16,0.0006323139871525722,-0.0049523154264183794,-0.012770048240180699,0.009634043512118428,-0.017407804807508195,-0.0028678550132319523,0.004873391179277019,0.0008717619320781256,0.0017796776328716766,0.010490399934022275,-0.004065529424068563,0.008074978749662502,0.007162196365885891,-0.017183021296321172,0.0018977626214583263,0.0058213617424102216,-0.005102107042389475,-0.009996441198200413,-0.00490186030056308,0.0034638561589672356,0.0030051730237289076,0.020134752375918004,-0.027141631145913527,-0.006005580074023344,0.06753208309490172
2024-05-17,0.0001580160445052678,-0.001854341517427464,0.005809980560830076,0.01073553562541624,-0.0027932709367610464,-0.020125197642003684,0.01487402019069651,0.009204236570903426,0.011393298952387219,0.002330601172143359,0.0009287478816897113,-0.0013115394664273785,0.0064250203040826705,0.004308842010329879,0.003046324779366865,-0.0011617152181249313,0.0011383259073117734,0.0032616605194718154,0.017181086836866928,-0.009729149630991056,-0.004590585970371285,-0.005036894891096678,-0.003523061437920907,0.014904926844615664,0.009948953964432457
2024-05-20,0.006143069544336406,0.012134309874116409,-0.006300279871404103,0.00487281090885226,-0.006526706243819735,0.02457694191004482,-0.014245067870223688,-0.009494739448791995,-0.04601556902301499,-0.013982348333551707,-0.005584915106163144,-0.0019703959283688412,-0.014205664760884303,-0.018738600400341116,-0.0013261294383090298,-0.0033953779691858984,0.0026030047585566887,0.00509877489032966,0.03125650829060926,-0.003847991946159106,-0.007324687043228212,-0.010372603177934023,-0.02182661237071802,-0.00814077977090024,-0.00729659303203386
2024-05-21,0.006833857435591549,0.008661217854136193,-0.00212713491141393,0.005242770149904355,-0.009020145367492039,0.00637341371967343,0.06446711975223302,0.003311689757585707,0.019944987523323424,-0.00019851982832402683,-0.009342253078368343,0.006196798081981574,0.012144895509333073,-0.004955865160487521,-0.0012189254210017125,0.0010683443053171233,-0.005876641393073539,-0.011597130863771739,0.01516172069763384,0.0010508671332914632,0.0054192275322969986,0.004261396510568773,-0.0040396177596457965,-0.006933941357672295,0.015000581332757508
2024-05-22,-0.0075669066324726185,0.0034437203722533396,-0.00010914608364277473,-0.008299634704246533,0.006756699192175489,-0.0045815275500987835,-0.035399542384592614,-0.0009174873634390932,-0.006083125694299852,0.01483268189138475,-0.0013417128385421453,-0.0032126625063945125,-0.0042110004016805026,-0.016678647440343718,-0.005635715782354297,9.694200129347052e-05,0.004307378058799979,0.00021140610089945535,-0.01570810229087903,0.035767232979081694,0.0014294349103324308,0.005561939600067736,0.010384863808899058,-0.020315104328033115,0.001533748562615171
2024-05-23,-0.021282965869923308,-0.008209864148192008,-0.011423056748417279,-0.016175054590938598,-0.004284699610105798,0.08910605749667393,-0.036007818288810785,-0.019784233914109807,-0.007034003429271016,-0.025067408510054647,-0.004910607015688913,-0.013921679302489423,-0.00870753973211648,-0.011254877057147478,-0.01169954186687601,-0.02317449618245303,-0.0012819883552383734,-0.01867104625541553,-0.007522654208766098,-0.03122579526890927,-0.014549639219611374,-0.015607804374355475,-0.01765456216563795,-0.017206485972113522,-0.006303481442245546
2024-05-24,0.01645207019574224,0.007373180576021557,-0.001658392028660058,0.00826315312951594,0.026357517812084334,0.02539739131405824,0.03116576011599187,0.0037624969399814453,0.01906371959302182,-0.01840466474640149,0.0009475131645545718,-0.0009673582038599227,-0.01689794577259417,-0.0054911269989470725,-6.66576923120858e-05,0.010868592590003475,-0.016438622384193503,-0.022801650759240927,0.017280286371387413,0.0066007189010308795,-0.0014506607271333948,-0.007165786172391475,-0.003870100333078059,-0.0007932780251977934,0.00829380862305318
2024-05-28,5.2689932346155483e-05,0.00037203364260211407,0.007715628907514658,0.008025114258427264,0.003548577500897199,0.06747574550754405,-0.013989415788236143,-0.008652750923136329,-0.006046870131722591,-0.017779822633335114,-0.012869745511059379,-0.013518557482538942,-0.008874829953302635,0.01101265573097054,-0.013612143501061606,0.006660152779258139,0.006290252108029657,-0.009075692662340139,0.0034728719631331546,-0.020287605337250582,-0.0029074538258108537,-0.026241481142439484,-0.003020457581323615,0.01261634926748794,-0.005213968327884603
2024-05-29,0.0015776306485138815,-0.0026761151995717903,-0.0007138953246986688,-0.0028383704506713095,-0.01165294169761549,0.008079632873614701,-0.0031733327174769638,0.0004703089077955797,-0.006991818341900295,0.0004153033389091823,-0.007854315054815247,-0.008991446963204435,-0.03836983161703473,-0.008524175974065424,-0.005881378769860722,-0.015345648790938653,-0.0017363195335837807,0.0066119527011248005,0.008622143626109349,-0.01710643513069284,-0.0019429876263463279,-0.01294552842361425,-0.004330889330655856,-0.010766463848097195,-0.0018467656938394375
2024-05-30,0.005241454941599057,-0.034369970907773315,-0.014944634490046925,-0.021781720291425957,-0.015530264026341131,-0.03839373425217345,0.014648923152829736,0.01112350368191727,0.006139154730266133,0.005798861690424119,0.009034527310705453,0.005736832423507393,-0.006353573939600942,0.016911295432409334,-0.0008365322228770359,0.008095655249667814,-0.068746156098213,-0.21986297575348962,-0.010689034451364916,0.0135667852790448,0.004366572068664007,-0.003922288181649185,0.0008676796941398329,0.0031630691465010076,-0.0004622397567193469
2024-05-31,0.0050060302348564085,0.0011086860776691775,-0.01619107105787046,0.0022632928504347605,-0.0004710593226714306,-0.007877074527609705,-0.003978997402597566,0.014070556169084683,0.016420108326007717,0.009522131944106477,0.004266545651326706,0.011983283407953262,0.028087127846346198,0.017137531907427977,0.011178966559782044,0.021497846495790524,-0.002492585967619584,0.07265876720306096,-0.009369581300585173,0.016180433273150396,0.015372648903587841,0.014095214072297968,0.008205753270461006,0.028283108213369264,0.013318369312083213
2024-06-03,0.009216193549481782,-0.003885940503960858,0.010710931098535235,0.0038766069574458677,0.02257793510461658,0.047793663010245124,-0.010102569596006488,0.0009407124447974557,-0.004005586078131737,0.007268869643774363,-0.007663274282176429,0.0006683885173651724,0.004169979453190582,-0.020698172470862846,-0.008716613529016731,-0.011031657003038209,-0.012989887692786023,0.009255773230099825,-0.012278573285040239,0.022426282172183568,0.0,-0.00970576952668334,0.003220595242935995,-0.024255647036866102,0.0009120434158787084
2024-06-04,0.0016478257936411954,0.006147581660600023,0.0055916049316681584,0.0035737923201652334,-0.001047647448954224,0.012418277405664785,-0.008659479988969872,-0.012762230959255282,-0.013267513929285447,0.0004060774759684351,0.007516536832490184,0.01423171390796234,0.01605337427630497,0.0007618449787900034,0.0035587670444740906,0.005434323489591318,0.021073828420816263,-0.00746582608717818,-0.0034297671228586107,0.006122511590461615,0.015922001093685103,0.015415232842374496,0.016371100611477552,-0.01567495899027245,0.011780901772655582
2024-06-05,0.0077905000474006,0.01890359250308319,0.010759365441920877,0.00927867811438888,0.03718339931720885,0.050270859631280584,0.0013151256990527008,0.0007810962888569187,-0.009585911015689515,-0.012458999921038933,0.0076063318924225265,-0.005764645915221654,-0.004699707181536228,0.0060742441976860215,0.004240403214241345,-0.01786896085063532,0.0164353165098867,0.007085363729652343,0.02909974014546765,0.0020323904465397234,-0.00031289194745687195,-0.002302634677074824,-0.029968105296425903,0.003986134428825595,0.007330115934245601
2024-06-06,-0.007121929674331467,0.0012020978121118132,0.02031303453242799,0.007496843358414872,-0.0026293634858243183,-0.011847145972777882,0.016660454613497404,0.0029965561012320393,-0.0017759625044388497,0.003078120001954667,0.009210590397610506,0.014468487939160954,-0.002387760338102654,0.0025401958727487312,0.004512206239061598,-0.0028612804024494296,0.005098907261305479,0.025998234183196838,-0.0026948646144301196,-0.025708284232197922,0.0035919189940613887,-0.0016731342470266235,0.004552878899767238,0.0074860021118741404,0.0008939712094067047
2024-06-07,0.012316055055174755,-0.0015793771380066203,-0.0037909438439048654,-0.01292763416935049,-0.0016215416577780863,-0.000909532798936414,-0.0025885260992180074,0.006401609367813324,0.015320556673450914,0.004497578746432699,0.005866400586879655,-0.008404519617730609,-0.022628291460026786,-0.012368619085381158,0.0024709100997423123,0.003255295412395871,0.01580869644188343,-0.0037555619145926817,-0.010930336166651759,-0.0076682196360387325,-0.003748275176799618,-0.004695386073940205,-0.008471850513966069,-0.010762285073170494,-0.019093894315857028
2024-06-10,-0.019333634395475332,0.009439712227557082,0.014864526720524128,0.004294674968859972,0.01936662203201687,0.007433673918889546,-0.02101026729322036,-0.007058604899080197,-0.0017018134618520977,0.0003398002939172972,-0.013111651697233774,0.0017345744479117348,0.00874514844829683,0.016768354531078347,-0.0012012869116319695,0.011748681735532106,-0.011865642231947526,-4.14305641386753e-05,0.004712307982493353,-0.018005797478586185,-0.0050196557454930185,-0.03051228380579007,0.0002179730444541744,0.0029224738049813607,0.01626037463367701
2024-06-11,0.07013145896723415,0.011178979265799346,0.0009083768397987709,0.009157403941641079,0.009642873111883733,-0.007169502266898617,-0.01817434057762428,-0.005638900261018928,-0.026653319131423894,-0.0025180046498375153,-0.0013463797736482529,0.0007762412745041758,0.002461704771589141,0.009457207887676277,-0.0004676335394822583,-0.018368979852271896,0.005961237178908027,-0.0035208928041446574,0.006264378518818671,-0.0014259844750278562,-0.0006292005335557878,-0.005015630746377487,-0.0017460822125282159,-0.008079862821545852,-0.003440661956355657
2024-06-12,0.02817768757137931,0.019182448551763497,-0.0018175795783648761,0.0066024722630125396,0.0026960976328113217,0.03486593483409987,0.03811347747393242,0.0006607095014449885,-0.014667814109259427,-0.00924115150468691,-0.015963807515762655,-0.013828088754837662,-0.006368273187821591,0.024771103053370012,-0.013542087440858308,-0.0006941911580016115,-0.006113458451866054,-0.02177130284938703,0.002325462073167681,-0.013288043829553878,-0.010598808187564217,-0.0075401465429035825,-0.0032828823570852303,-0.01111624838018821,-0.006314146629931814
2024-06-13,0.005476013139116863,0.001178349967896663,-0.016508777761010902,-0.014903062358534502,-0.009358997582271345,0.0346174263885335,0.028799010597446485,-0.006996494870775708,0.01105975344867566,0.0002750374191336254,0.0032131456585309864,0.007418979309219925,0.008542290605784276,0.010808892233254703,0.0045045064822055135,-0.007068626721590358,-0.0024602507501758405,-0.029131106547524738,0.004910541613445373,-0.00036166539329241177,0.001747856446821157,-0.0030565940830725676,-0.002194296611284835,-0.008055453129177931,0.00586450578561968
2024-06-14,-0.008201823276861978,0.002239400807206422,-0.000925185330377967,0.009262604266500109,0.0011114602700715316,0.017362474678335342,-0.024746085007725318,-0.0009365955199306363,0.0006194147653015366,0.0006184750065177729,-0.0019560283444701237,0.0022808487452277617,-0.00036194404676113576,-0.0029938709295700594,-0.0008318436860762324,-0.0011995745968328975,0.13550498039393652,0.012625794966448865,0.024376806480092963,-0.004349362361288234,0.0007195165031408154,0.0029344380224953547,0.0035087783134133623,-0.00848747691056436,0.004786124563338529
2024-06-17,0.019480452643170835,0.013020138236618042,0.002175536021534634,0.0025422436626797553,0.004887289282028459,-0.006847781701294568,0.051619109593938894,0.004379601874154063,0.006173463122078018,0.0028131803194772764,0.0018822617136670442,0.004247798833989116,-0.011765344747591375,0.007639891742542278,0.007796197815571405,0.01538558748686449,-0.012585784447071861,-0.006314741341742598,0.009589604122161262,-0.020180521401937004,0.0011185046100805475,0.014123597531029635,0.0002188244175074899,-0.006897374091070053,0.005950650295968654
2024-06-18,-0.01104517670409089,-0.004537814488192624,-0.006814429382413544,-0.012204550373366195,-0.014193447497191173,0.03451719851407594,-0.013860022086213656,0.001545512512719911,0.010306749945781755,-0.002057822262443433,0.00899418108304767,0.006308481431684908,-0.016861688580194878,0.0124262715629124,0.004453391452904769,-0.00019691190364643895,0.006743625011670914,0.005754052757745293,0.014454914168973206,0.01581208128475613,0.00015982154853180032,0.00204419266710209,0.0061097343512495576,0.00936891735703694,0.002666306365452291
2024-06-20,-0.021747657564473732,-0.0014348611100613005,0.017836847681061675,0.006886804814923601,0.004414872026917349,-0.03604532987776046,-0.017957490517488177,0.002937174258170486,0.008441440453598167,0.01451851815097245,0.011627405083055093,-0.005294182708722192,0.007187583022764824,-0.0012159961157258061,0.005317789982235087,0.003344074788502767,0.0013394801062373096,0.042192904030746256,-0.009731174598660582,0.011967551330034128,-0.007211119731823593,0.001200735352850944,0.01618323203298143,0.021346782817637164,0.006046667499394383
2024-06-21,-0.010499387415819274,0.009112567088879947,0.015886019163884733,0.018712230900426487,-0.013889278159458934,-0.03272093803874942,0.007899471520701,0.0011480666820565311,-0.012000982382558601,0.006542284372242343,-0.005796746898242587,0.003512624411909669,-0.003991246311348931,0.006655075632217344,0.005157832517358099,0.004213444281918161,0.019860723596238108,0.013392133848218597,0.01038722501860769,0.0,0.009443834553237662,0.003593385107788045,0.012126548719451806,-0.008809000560739267,-0.0014714597893190449
2024-06-24,0.0031277494144885277,-0.004702211016386552,-0.018738006784044702,-0.002285242115640032,0.00831255976324209,-0.06917920340784847,-0.002352322975825913,0.010587801280053691,0.013057372005960091,0.002484252342025585,0.003916459434775704,0.0011286791803686762,0.015197161725570386,-0.013924362427856767,0.004628136228278616,-0.002839707111837006,-0.017530577556036576,-0.021114235462830765,-0.025238570991329284,0.022104341932949446,0.018937096072884685,0.004770859299656888,-0.00021141995098442772,0.029271284315389487,0.014472833533371041
2024-06-25,0.004458214283623168,0.007299959981207347,0.004140733544431204,0.026484690231552886,0.023160887327990348,0.0653797013461024,0.025790114652126835,-0.007297467916245376,-0.004081027541015634,-0.013026899373506306,-0.010075878906201147,-0.00954373206982247,-0.011247258744871586,-0.036452094166528566,-0.002870861669866088,0.002154945996198765,0.005156801312349348,0.007556590625276722,0.0050542721509467614,-0.013132555407568854,-0.002034433391800914,-0.0043525357092759715,0.0021128694881110688,0.002801761252393966,-0.02171434760889877
2024-06-26,0.01979598338641585,0.0026798123093499417,0.03827288718411035,-0.0008153327100837344,0.004923185026024655,0.0024554388738357116,0.047022052078927956,-0.0017290932442120713,-0.0032364658863165995,-0.00251697654783907,0.0002558757922348527,0.003589497717536925,-0.000949729069547251,0.010291969707463924,-0.0072023628024626574,-0.0001956777763781458,0.003372624412097656,0.005733023263610492,0.007821681227640659,-0.02057458443706104,0.003284213031882895,-0.0036517885715670567,-0.01103577271190202,0.0003496776977163464,0.012821715911577571
2024-06-27,0.003978003700478446,0.0015248247283995015,0.02166336912708652,0.008286277949264398,0.01247261845266396,-0.01925054739663789,0.005332819818052439,-0.005646481059823166,0.008774652430339449,-0.006971573285311499,-0.025955431211157152,-0.004969109203106246,0.004946025685365488,-0.0009659336044665328,-0.021517331300709628,-9.789134061394986e-05,0.03366451483778991,0.0391179833178681,0.009764927683866333,0.013763342066990652,-0.00218817185239777,-0.0028827990307262264,0.012511994082861692,0.00427374588928448,-0.006022028033018636
2024-06-28,-0.01638763737368598,-0.013114342019436462,-0.02352451121310858,-0.01773912916743282,-0.029969670081935417,-0.00363592852359326,0.0023273813203096337,-0.0028230136307169857,0.015395304447468856,0.0024661217914581325,-0.015575095916194586,-0.010255198695755072,0.045845087688634246,0.00802077215638211,-0.0035975703961750477,-0.028593135148432536,0.015930606990770497,0.016668596478711935,-0.013919960580331963,0.006453994798068525,-0.004076467674551217,-0.008031729765419824,0.0012635641678449129,0.0019128248789329347,-0.002507490369159071
2024-07-01,0.028689161516509482,0.021645683320554932,0.020233739225558187,0.0046009290832242,0.0009117840636370402,0.006133025954674054,0.05877983360300819,-0.003965535242403427,0.015648743534541914,0.0019138135846239921,0.002929435680334049,-0.013429543034852217,-0.029108296416270142,-0.02366259924575729,-0.008079666987638765,-0.012669292134620784,0.00801408401479849,-0.003467682719763143,-0.0018835725861461065,0.008541037945828361,-0.005830089189652681,-0.012446091613619353,0.00021065036474299164,-0.001390807992147496,-0.0034024852995024352
2024-07-02,0.016109430413056305,0.005567658619487989,0.01409893985494711,0.012220766164609771,0.009505348347947766,-0.013200150672333608,0.09710195030947986,0.0047027715770527525,0.016317839867353634,-0.0028037539056936112,0.018778665499057795,0.007225618861285067,0.007231334409137586,-0.0036355159812767966,0.01595951559243707,-0.0005101510154437103,0.013656105512100608,-7.797696376137198e-05,0.008823653653484689,-0.013916508630295067,-0.0020565125686129765,0.004227201596690895,-0.005063305391658669,-0.006808063677392143,0.008705258902185565
2024-07-03,0.0057940723181317605,0.0032389576966611487,-0.012123208336190894,0.0031263006321688297,0.0009024598286422452,0.044717458123474475,0.06337304899541438,-0.0032724009613314675,-0.0006707019585167676,-0.002330982344184293,0.0028292632175714897,-0.0004271972495878989,-0.016900727289672415,-0.003978407715547294,0.007907261196558784,0.00630718884780366,0.004288763260766255,0.01840950386028881,0.004302207934755024,-0.004682028710856319,0.002846276213828577,-0.0060090653709212,-0.004026860970286439,0.005066758576368225,0.0024942454326508704
2024-07-05,0.021390050480871482,0.014628574262734664,0.012123208336190851,0.02539854447745983,0.05707010597153575,-0.019283486955406572,0.02060688228437311,0.013220317398113334,-0.013339014992585347,0.005407729820108075,0.005080251055382603,0.008388184039979981,-0.0038450789497712725,0.002813406824444565,0.0029187107884906943,-0.00630718884780379,0.014262450535577856,0.008547413083089027,0.011856047577414392,0.012556167229683576,0.006766984363627064,0.010948342586669877,-0.0008569754672446183,-0.01218612622565128,0.026035480298696484
2024-07-08,0.006517692731726361,-0.002827110566817787,-0.0035563498917093785,-0.00827124061579827,-0.019809256051331835,0.01865969864987596,0.005629789876539415,-0.005096083824798534,0.0018536717051152259,-0.006850277203276207,-0.01475544841204659,0.007897916566134344,0.0027215802903325387,0.01489238783705425,-0.0072566573644594805,-0.0017443721880448146,-0.005096483912195021,-0.02236160145139442,-0.007134707850375147,-0.004287282684374925,-0.012626492329925739,-0.013904750160657883,-0.01272806712314254,-0.010552110321271976,-0.005153128332814533
2024-07-09,0.003767707861402857,-0.014474547135605621,0.0002508745118109151,-0.0002646514578127403,0.0012839483669080114,0.02450245457172713,0.0364508858978897,0.00351391890194764,0.011918907409366342,0.010734161328017057,-0.003610026806296688,-0.005177862272736886,0.005644715697467337,-0.007418424036714806,-0.0019769036207470904,-0.0032918251484729,-0.01643604577294237,-0.017825276304073736,0.0,-0.007547221320314818,-0.004297620099779089,-0.0013580262576440277,-0.005660752261484125,-0.011115106652978787,0.003152306693458451
2024-07-10,0.018628897793088905,0.014496107287218622,0.0022548901390979956,0.011574167628966242,0.00880998044469447,0.026514046042048243,0.0035389720904070512,0.007933997390387674,0.0008185011736020175,0.016055138943878257,-0.009234667422045963,0.006857897679321815,0.017764115159746196,0.020814848494134976,-0.02518505481282644,-0.0008247121462672642,-0.0026005157702826947,0.0006335987989737258,-0.011867589189852252,0.022472977755601194,0.002230835798230257,0.01038436661087943,0.01020972270693582,0.008794770447751727,0.007269886757295388
2024-07-11,-0.023494548199863772,-0.025084073047983026,-0.02401082970854252,-0.029783167960754472,-0.041996208755755896,-0.05727623821578353,-0.08822077208547265,0.01198710004334661,-0.0016858174767809158,0.0018054721636129938,-0.0017127787724101524,-0.007582632467396709,0.006823887566616508,0.02753860620393126,0.0063902604897799874,-0.003822945382400624,-0.012333263239931934,-0.005836708604392309,-0.037436690499741014,0.010875381445296864,0.004287873280487416,0.0021984880124337417,0.01053424870858006,0.011813343181572884,-0.008701531793545565
2024-07-12,0.012966357736883743,-0.0025324459586833423,-0.0028751754997392003,-0.002697979977117731,-0.027345410975717615,0.014339500438267644,0.029434316513726216,0.013424939308186735,-0.012173036109117715,0.001201696841725393,0.012076885623919214,0.006442878396778416,0.014116028000367794,0.016761422302840615,0.008419557440681586,0.005471530547527619,0.002543223994052176,0.011285210533834094,-0.007920976165037494,0.009030939748403523,0.009463918982379436,0.014712792498640756,0.013172164846843916,0.00017661895214426222,-0.008055243698649357
2024-07-15,0.016604707316106984,0.0009035266953086754,-0.009142411458262565,0.007857940045226547,-0.005446968186314121,-0.006209445184797111,0.017609829570940913,0.02324118022766052,0.02462823774333881,-0.004279193038860656,0.010146542327977882,-0.01225896167646128,0.007478795153499365,-0.0036477744155960223,0.008799978502472243,-0.0026803927388348186,0.011842725489723724,-0.0043801867173963345,0.013573223452067677,0.006204673665326601,-0.004563034901130642,-0.01526201118609961,0.0004220196773588639,0.016982221548611953,0.005329447349645382
2024-07-16,0.0017902137516750958,-0.009828669675223197,0.0015554679731073517,-0.01409124188689743,-0.012921696390864587,-0.016326810869300393,0.015396997777534727,0.010259743802681277,0.01685305448464745,0.011790273636942005,0.0029754343806404652,0.014297640374657722,0.062976541227662,0.029304797832465805,-0.001059083479455162,0.01638211853948405,0.001466029946276266,0.012458665918126232,-0.00019794570087460064,0.013652211167696061,0.013471455556040842,0.005477376339633495,0.00042167355593400555,0.0071783955659321655,0.005444072089672492
2024-07-17,-0.02562139962288742,-0.013437505273292336,-0.026724318518412248,-0.015893288699835452,-0.0584336248007284,-0.06853523089830321,-0.031919700332288976,0.015172514352397876,0.015099393672816182,0.03622099318980978,0.012732089403597812,0.014804467300871848,0.043512755409681914,0.0074762161572475274,0.017056472933982186,-0.011850250642978023,-0.00610812723317259,-0.0189656315842983,-0.01359148300115702,0.017806684360119323,0.014519796041597477,0.03066149253552413,0.022932111807124664,0.013694166810096898,0.014750072095185147
2024-07-18,-0.020748667260687918,-0.007127667998614435,-0.022493376002440963,-0.018567029917835966,0.02955948597886571,0.025934236588817473,0.002933302220995548,-0.008541521248773354,-0.03228572941397549,-0.007435997865943214,-0.013103405668880571,-0.005919246735021924,-0.015717294838482346,-0.015746244719537734,-0.005422921830201368,-0.005357953094427115,-0.011143660964941848,-0.015524670277871546,-0.006850105551185622,-0.010713316243634146,-0.00030664998790112265,0.0028212896168117976,-0.009942009851188607,0.009812407587707218,-0.0029608768040171774
2024-07-19,0.0005797029661296773,-0.007430500637048778,-0.0033798282769946274,-0.00016891666208428252,0.00197353545237459,-0.026442784609792987,-0.04107613843938729,-0.01677567563921517,-0.0009528985672218467,-0.004707887658893728,-0.013804857387548393,0.0031427071990140264,0.001752625395656474,-0.007457802158537418,-0.011272893499224527,-0.010907600900918918,-0.010561050843035751,0.001131397656147765,-0.015199547024618605,0.008713158588366719,0.0015327405561227053,-0.005945822174852088,-0.015101008103961398,-0.023248026361130016,-0.0009890565136667557
2024-07-22,-0.001561383501424247,0.013249585970620321,-0.003172184996925187,0.02232013455191152,0.022008853856579295,0.046473727036832446,0.05018271902171053,0.003469495684219781,0.002380734233520251,-0.0029133180456576294,0.008440272157962187,0.001724958112049358,-0.012101455002913049,-0.00030267372096241015,0.009533154497110652,-0.016959385111177658,0.006908940865759703,0.025713392114213616,0.022111396609099564,-0.012422453002651594,-0.007996499760667544,-0.010088471542324642,-0.010622487353114746,-0.006916260737223956,-0.005243238292997899
2024-07-23,0.004677470771572572,0.0043029681880884085,0.02092444370758336,0.0006603367094520359,0.002643277767621301,-0.007719574168037849,-0.02060764898795659,-0.004528798125895121,0.00023768672970969482,-0.012329262440854884,-0.010967368639054124,-0.00973525166393968,-0.0068809086464653975,-0.010043607535684278,-0.013983145490998735,-0.03447678542285114,-0.01600644153773965,0.007762728223294028,-0.007347374206872449,-0.003384073702200277,0.002929212170654822,-0.008265221336923137,-0.009873631027898287,-0.01626765847739708,0.0038290248358778334
2024-07-24,-0.02917586679297145,-0.03651347100448823,-0.03039119500388669,-0.05170140542985507,-0.057744886641167094,-0.07045645037219077,-0.13164294360339135,-0.00279189848304424,-0.008307227760677187,0.0254686860443631,-0.040933642455794,0.008248198919967132,0.00906277860568663,-0.02622926167417346,-0.021209414697391623,-0.012614997604618023,-0.027800001885920956,-0.02483131682135017,-0.010588594775748297,0.016140199978368106,0.013000167411670791,0.011302299296502515,0.010514076934920296,0.014009522697848468,-0.0007082420089127749
2024-07-25,-0.0048162136490648546,-0.024785944785766238,-0.005434169444389781,-0.0314816440185053,-0.017186614833820685,-0.01739311642579689,0.01953112906763447,0.0011315701747218235,0.0003835948314539679,0.021272026393003397,-0.0016932510330456994,-0.006569047826567438,-0.00012489044452895778,0.008470818482179898,-0.006612235777303156,-0.006591818366345667,0.002088143770198063,0.026626069871646438,-0.002991918136000936,0.006648984194021621,0.003942934712544848,0.016805294672262928,0.00828995051817631,0.020823381148098865,-0.008249174018022592
2024-07-26,0.0021586500810382493,0.016286418113187574,0.014626968944213104,-0.0016751922710997705,0.026744847379446494,0.0069228391067905366,-0.0020452089625195087,0.010035092091482008,0.016963566471750884,0.006244452783075097,0.022292466850988474,0.013154683515994088,0.01777972274863845,0.01745262118625275,0.019775297682702454,0.008038378374798056,0.01915203435531863,0.023844156150276446,-0.004298828488061507,0.033374918644014234,0.01472385922848703,0.010064831120285438,0.013456980777134604,-0.0008519605119629934,-0.0034335602631016967
2024-07-29,0.0012838678258832838,0.0034273010652318653,0.0038282625594168156,0.015036119377574564,2.1420312368915014e-05,-0.013087348611491623,0.054450283723543685,0.0014840554239877002,-0.006570674182995943,-0.013032743529436725,0.00821406714920145,0.004837007225683859,-0.005226762821323281,0.005990266669241572,0.007095132190358315,0.024277589769036403,-0.010805938345374088,-0.015806914505344324,-0.0070093488515346955,-0.0016262713355598157,-0.0032865520182474833,0.0026593068784721797,0.0022947192762158594,-0.01053868231261782,-0.002295273073321707
2024-07-30,0.002562660702265259,-0.008968487145607221,-0.008166388972744573,0.0044728033450287304,-0.0054258014772159135,-0.07303997439771881,-0.04170207944562914,0.006707875993774672,0.020374357602261133,0.01731884874726057,0.005717543531742673,-0.049643744520060575,0.01676215955994592,0.005569658725696793,0.013839813953722326,0.01774903341441236,0.003905887134300284,-0.0025556829014259028,-0.0070106042910166155,0.02157546947322083,0.012638692595019126,-0.00017322174164038548,0.0031207006635408994,0.017672473189432488,-0.0061955289202109635
2024-07-31,0.014879651504408271,-0.010864554009111908,0.02858958980412218,0.007313544496465652,0.024819551796036135,0.12055346750492031,0.04157282172336867,-0.0062744811992140334,-0.011168635977520103,-0.021806735671314553,0.009720897071106537,-0.005830208071007488,-0.0002949511101633796,0.012215792757134154,0.03569457751871578,-0.0010667276008772316,0.023736397953292878,0.003367432680251135,0.009225196666354588,-0.027452042710598416,-0.013986288724766417,-0.0029493697899168623,0.006418915294759923,0.003547833405764438,-0.007980975293610216
2024-08-01,-0.01689267786378792,-0.002968628429155113,-0.015685476578311947,-0.004557302652368545,0.04712087108341524,-0.06907223012235558,-0.06778709499652093,-0.015374140783736098,-0.023006953290605942,0.01826733920688716,0.00097814376042017,0.030206039128212143,-0.005901181409800668,-0.02636597750235874,-0.002807419410936922,-0.006854435014950327,-0.009544270912034459,-0.022428899592307053,-0.00558569079105111,0.0035953409998851237,0.018114728172235972,0.01317508964906916,-0.022121148270101258,-0.01392561319938756,0.016615397487993372
2024-08-02,0.006845934785965358,-0.02088246196057756,-0.09194763210362274,-0.02430317242442403,-0.01947542787818958,-0.01792360474551036,-0.043301714320780345,-0.008021741692385722,-0.04333771263090578,0.02080711797104971,0.0024412397144915293,0.02615037222968206,0.029350273999714377,-0.008823307634065554,-0.0008438384488150774,-0.038116616086709305,-0.03774523859225931,-0.0365813698320993,-0.018103219583858157,-0.007203724536095135,0.019958555951944273,0.017450948589489496,-0.015523846695101722,-0.0005987719712895406,-0.01924113913749376
2024-08-05,-0.04936563439441804,-0.03320201252299846,-0.041839920325843556,-0.045480532642158567,-0.025751802788066745,-0.06568891352300595,-0.04324862022379944,-0.03477450987595923,-0.021521440494553287,-0.017763606769275058,-0.03877974506021816,-0.011947874134895363,-0.03426837763398079,-0.015366582795237786,-0.04429817523990101,-0.020186769963564395,-0.03254780487283388,-0.020539937724353217,-0.02489835506640183,-0.0229360264240088,-0.017900474564086534,-0.022723150520702753,-0.04201933481613604,-0.018217666356404608,-0.012789673427676026
2024-08-06,-0.009796041308537224,0.011223657706804372,0.005635490449044775,-0.0060465539323254595,0.0378671753580099,0.0371318020002076,0.008810602088580683,0.02014762781273967,0.027529257006191014,-0.014240385726271013,0.007072095589240554,0.00017842328079297674,-0.00282863183330476,0.011080928522465505,0.014152840817300892,0.02464264658469405,0.00953580148601786,-0.002471506752858148,0.01824374652891547,-0.01422312262573831,-0.000734601871590393,-0.00894573347818399,0.009343733549427342,-0.005329050288962506,0.0022169846682762993
2024-08-07,0.012420764808247239,-0.002957292139405278,0.005174089797253657,0.004098007840329728,-0.010518754557119448,-0.05258157848572145,-0.04526769292244102,0.011493777538437612,0.0002993190691317573,-0.0004405940442767084,-0.006760057238238473,0.011416560789888756,-0.004002085070968754,-0.033063151138682335,0.003429323959235293,-0.045594272008418736,-0.0011286356507564776,0.0067716286148618845,0.0031284260904014005,-0.016159787841239243,0.006006974321008139,-0.004066649338865226,-0.0008860222434820126,0.01322680313457678,-0.012328541777022967
2024-08-08,0.016496392538652295,0.010635250275505253,0.0184440734555928,0.019254753209345648,0.041486037809819666,0.0594642866137241,0.036255901329012616,0.010529401100901113,0.018098852617149684,0.008272829410640985,0.012820947144437416,0.004986981598738591,0.00028259871686410395,0.017199558885649155,0.012679200128572644,0.0,0.03184603289994723,0.0371291419919177,0.030392989587774366,-0.0031244413167873563,0.003936175101978534,0.0033705939218505484,0.015613348459093604,0.018924070642953306,0.011146715770061873
2024-08-09,0.013642410695887178,0.008235400416592714,0.0068522199395901024,0.010070574952373942,0.015846008120738442,-0.0020979675411852182,0.00581690373893266,0.000301212637680824,0.008490784642331582,0.0024935746752147536,0.0017336625237215242,-0.0019331677439321207,-0.013298101026958432,0.0008607241716858102,0.002630568584602192,0.002904144329802376,0.011363967406476615,0.013595334422324133,0.0056791103643204265,-0.007328626432489237,-0.0007277490362520959,0.0001160900750801241,-0.007886287819637877,0.008110201709344851,0.004276890938932463
2024-08-12,0.007104747088225586,0.0019437971813614917,-0.0008389728264874979,-0.008467322237433845,-0.0035212079763672958,0.03995474051788731,-0.012629388585244743,-0.0029696301377388195,0.0018932542959791466,-0.004617892462632852,0.0005005643774776708,-0.022114352686809318,0.011618943153581193,-0.008150447918216612,-0.002389054620432813,-0.0030205145612387982,-0.010063511212347245,-0.0048427681148829815,-0.001262774908766496,-0.00350868023624273,-0.007453520570990318,-0.005642723292303497,-0.013506175125547127,0.0012613387845266206,0.010977045170876117
2024-08-13,0.01704682791809911,0.017543938751509662,0.020354930507755713,0.011456870054566559,0.024108744181486442,0.06326494963811401,0.05103246867853809,0.004682412289029838,0.008451549320108345,-0.009363210190179563,0.0009228041128644211,0.002873247871837049,0.015708559834116766,0.012243788225567704,0.008021385814126092,-0.0040804269874245205,0.008047650570613967,0.01300654298719655,0.023230036501256136,0.013961747985519277,0.004245094505263788,0.005526633217223428,0.011304554479412877,-0.009626027895183785,-0.008331507804281536
2024-08-14,0.002031805964650973,0.0068602334631922505,-0.0007639034445704183,-0.023358093259431015,-0.0033734625808443785,0.016566122335569977,-0.03152675190710158,0.013917176503309276,0.011000111221498363,0.0005678604811089454,0.0038753433532121018,0.008985885029326868,0.009411593633499242,0.015841955677995963,0.0017401455629769374,0.00814445128867734,0.008502311741028393,0.002824010070095535,0.02086045410112244,0.0010392417076242654,0.001751337207497406,0.00774389441884051,0.0015415555415761533,0.009205826414024294,0.007749252478648798
2024-08-15,0.013439656593113006,0.011754473326069468,0.043090966761615855,0.00578231639410877,0.01986733165894234,0.03968305646568488,0.061436309145650216,0.005390592311708242,0.006211597045663852,0.0038419820700406186,0.021442515043993762,-0.005226958623866258,-0.00010361953108179836,0.012323359514586416,0.018409903798912424,0.028444312143673055,0.026273270926167283,0.028837353509463554,0.0023246947007318376,-0.005903784818000365,0.0010202084577164963,-0.006873924399681537,0.0657895722686361,0.006167393032935627,0.06375526682341309
2024-08-16,0.005901163853897423,-0.0060988724677538565,-0.002988857651035908,0.010238899118231028,-0.018615440017161297,0.013902633740928585,0.00920378250292453,0.008290584341944015,0.011374453491618414,0.001883837344372573,0.0021716882331204138,-0.00017869913078584737,-0.00333546486408576,0.005511398910420671,0.0003627231769727109,0.005727468466571753,-0.0012638834043008727,0.00045649109742307395,0.016227189663051853,-0.01438375241303769,0.007690763179160076,0.0005792456562270171,0.018981962370253933,-0.00472775699440419,0.006529056864079053
2024-08-19,-0.0007081721723171234,0.007285763164526727,0.006530104639669463,0.022511105638282385,0.0035206196193271837,0.04258631776732132,0.0300815962441386,0.009537908715333308,0.006892924496350702,0.0015048608810419618,-0.0034092485621387367,0.0031518200613799047,0.0019025309986282091,0.002785838976880908,-0.004060394423627452,0.016878043232737845,0.01730321878040963,0.009351065441751499,0.021224915430160647,0.017513626801982325,-0.002895311705671014,0.006927710542536528,0.010458650189638187,0.0030419241548919527,0.00366935893882945
2024-08-20,0.002740996639954868,0.007727484728014654,0.0036964682293246748,0.0030550434263182753,-0.00482950035924922,-0.021380717967481297,-0.007300267158314731,-0.0009140340917591901,-0.004325786009551056,0.003314293815220417,0.005874661434388039,0.011746430959350025,0.003225701671488942,0.011501416411012075,0.004572060880072436,-0.011962863082755366,-0.0015461497894528398,-0.013429152351209367,0.014433545219066181,0.00346633357724936,0.005782033496451744,0.011611116761312242,0.005188629958222262,-0.033892850106647596,0.011061854466105744
2024-08-21,-0.00048575356714340126,-0.0015548198865839458,0.006852561474421805,-0.007987163544679996,0.015877650316295348,0.009775127067694398,0.00976670507756732,-0.003933095409058161,0.0003727717607734991,0.007898513526485825,0.0005964792023395425,-0.0014680960747003192,-0.00445330767812354,0.008648307934562878,-0.002390305340414643,0.010861146698469082,0.006276354946711828,-0.0028683611214617593,-0.0020348558509935555,0.004488228506194502,0.002734728946757432,-0.0036460886692437724,0.004171360594052373,-0.006391627311831628,0.00934691753599254
2024-08-22,-0.008294049488802305,-0.020460813615095965,-0.02234539227075752,-0.012437552651511766,-0.006053731948916348,-0.037746313829189956,-0.05813634375381778,0.005426344863770182,0.00941515435100559,0.005682898884268173,-0.0009698769168622576,-5.8810034399232494e-05,0.001123936836474724,-0.01386233555277987,0.0017506649110441922,-0.008857357183465593,-0.0148680671823781,-0.009621322424687249,-0.011774265260477803,-0.00864924363841247,-0.003455657467243358,0.0030204594333595475,-0.004569360633266362,0.007699854221070308,0.004508677138137695
2024-08-23,0.010235649620812791,0.002979662705455558,0.005153271352930898,0.011049783607687151,-0.007415728243592668,0.04449394444207591,0.044835591431516886,0.00964093877372592,0.007725240821531557,0.01090418800287071,-0.0018678136870157887,-0.00577625751044243,0.009955150412528872,0.027614835341477746,-0.00508953356606095,0.00709218507479945,0.0015415518479110451,0.02070543726536053,-0.0032421170044757163,0.004161015132217875,0.006612973480183128,0.0007393295555472392,0.01030110703427807,0.013763406564650178,0.001586438753928151
2024-08-26,0.0014976758584890426,-0.007949155157525624,-0.008736614913990125,0.0032552063830235864,-0.013115935895666736,-0.02275042178900575,-0.032803441227522996,0.002445252978084465,0.003931538022972972,0.0029203430209450414,0.0028750809788981326,0.006951050857257973,0.0044722616767636095,-0.003948147036906759,0.00470544756185936,0.0133817929084557,0.002039857307959808,0.00483670023360871,0.002487042900775845,0.0006916519250460805,0.014933079203987369,0.0005684926760259872,0.0009849851419516627,0.0211805065635861,0.0043499009970903516
2024-08-27,0.003734540383914789,0.0008461550477654639,-0.013654075452589952,-0.008947112104369064,-0.0038837438771933334,0.014445263468091994,-0.018939062709292416,0.01341923861354001,0.004597669162859964,-0.0025743685410591585,0.009314716266199329,-0.006478226465297232,0.0003746247512056626,-0.0024890460872517535,0.013458828987485452,-0.009634370300975498,0.014868192228047798,-0.004079560832704101,0.010519066249806258,-0.003463786194800842,0.00927370369391356,-0.003814631896397652,-0.0015764736957275655,-0.009556348441931055,0.0013144371358286692
2024-08-28,-0.006776351759301929,-0.00785993435981374,-0.013491668231426824,-0.011174544112293192,-0.004479241430135162,-0.0211894165348478,-0.01667672472989858,0.008560160028887836,0.005028648144720422,0.005935271388089022,-0.005667655744189925,-0.0011232404481510945,0.0020241120647101316,-0.0013138391331396805,-0.00673863045287377,-0.015633144877059867,-0.012903914368090403,-0.020264519369628767,-0.017223248959821587,-0.0024318088759927776,0.003490292728494485,-0.007903575957396613,-0.01710461417995062,-0.009906253983001153,-0.0006569009261620654
2024-08-29,0.014465093223554014,0.006118555269221789,0.007698580379841969,-0.006592284372688171,0.002782449079479586,-0.06597794410175065,0.0025726237078790366,0.0081032830942281,0.0041489900645205946,0.0018893401585707201,0.01887800145950911,0.005721247338154972,0.005135054041947703,-0.009166187479330762,0.018896277194937625,0.003569418826485972,0.016086470202468124,-0.0073267982010327215,0.012555361240849617,-0.0010440168480457337,0.004172579160500046,-0.010577665883399477,0.010774223103802608,0.013722824866284044,0.004458905769941931
2024-08-30,-0.0034438738921158925,0.009683763489915178,0.036396721617948,0.009841538452288018,0.005945061053169746,0.015023997596487669,0.03725544123667223,0.015991229668996923,0.011588173708036224,0.009876170022429317,0.007445230193888628,0.008841530385532906,-0.0023185542133339764,0.003915490958477681,0.00526896680303524,0.006326688995529043,0.008356344478031597,-0.016121013681772815,0.012727706981316846,0.01004686721034092,0.00581249288149838,0.004579944882639714,0.0029723660595610355,-0.0016095905589797806,0.010543508110789346
2024-09-03,-0.027582170226570623,-0.018631420351065592,-0.012685159527315687,-0.03754271990804715,-0.018489060311879166,-0.10009665143485467,-0.016529275820300126,0.0019102039805401086,-0.02022089531009857,0.007807412929490992,0.0078212295918583,0.01722297925079315,0.014265741415735,-0.010256044111857498,-0.0025272767968602984,-0.013927111845807727,-0.005884159036550686,-0.01932342324233146,-0.03782046135977442,-0.024778867595779505,0.007423447430058294,0.026598338827893416,-0.009542821911046299,-0.021165370268882017,-0.0007771403311715142
2024-09-04,-0.00865611428095199,-0.0013198101573575626,-0.016706139175178974,-0.005799824256321349,0.0019130645960199687,-0.016713045002463508,0.040981513663141275,0.003642500914642085,-0.004412845855847338,0.0011957485375755882,0.006976259926112829,0.007876292448675316,0.009145028334449376,-0.00019180954221881177,0.002113505975007003,0.0013455321339760843,0.007345507651939513,-0.0015331456222120825,0.006435515032662266,0.003175221535864659,-0.006182391389672583,0.005504700240146825,-0.007217257202186897,-0.01228611937391424,0.0009065382584213049
2024-09-05,0.006903843024397772,-0.0012480678349423644,0.025968075788917713,0.005037127187043645,0.00800313739600912,0.009371273527181673,0.047876016035803666,-0.028937129331775998,-0.0077809598200650545,-0.014262329497855542,-0.006689163130653092,-0.0024475951869930533,-0.014487693216044874,-0.007763151772144522,-0.01203568532800357,-0.006745314254062144,-0.01280657012188777,-0.006318272188303694,0.005780067248840855,0.004217907390950572,-0.019342466133048002,0.004359815568322184,-0.01153512857694354,-0.007833497203125192,-0.003631596913350818
2024-09-06,-0.007039534609526397,-0.016517032042382807,-0.03722372046282126,-0.04102352448092539,-0.032624052029146845,-0.041712411704062854,-0.08824048544582774,-0.011900523076658164,-0.024042784346640676,-0.003703916169721096,0.002688083726512571,0.0006835637523140462,0.0023315949414818853,-0.004986848697905714,-0.0026009398115465587,-0.008041343028146956,-0.007990601796005742,-0.008773924006564954,-0.026457882741296495,0.0017522981187217124,-0.0004217049571106701,-0.003405803423381044,-0.012906060815308212,-0.004694174358043506,-0.004166509233225797
2024-09-09,0.00040736716207718723,0.00995777480243132,0.023127387297091972,-0.013425600333466762,0.008994603574670888,0.03478610593430119,0.025949973905266994,0.00041341833625925566,0.020267657147285307,0.013474844839608506,0.022090178356288022,0.0026730283909923384,-0.0046686389253691035,0.015078127933865988,0.022778981111547185,0.004538192987581242,0.01141826391959053,0.007310102015426111,0.014390399078832813,0.0293276574108792,0.009930800893077997,0.004781647430594141,0.004115132251014703,0.02082216315230162,0.009092165514606294
2024-09-10,-0.0036279818621193943,0.020685687627334522,0.02338469252840609,-0.00033638597815791813,0.0,0.015193371104909347,0.044759273955983725,-0.001502339726560301,-0.05328336685527183,0.004610992289965811,-0.0009456571089078775,0.009778217573479363,0.008264196281213191,0.014530389581908493,0.0019074967829717689,0.0006790525107129188,0.008039428886751802,0.0016263994055050312,-0.0026685704336535075,0.011158121533974812,-0.004184106522573985,-0.0021349867869701897,0.0018464624299416924,-0.03711177084939548,0.018828495318454767
2024-09-11,0.011518440877379929,0.02111771356654095,0.02730414417528586,0.01667712679630965,0.013849925417737854,0.07834783561863999,0.008628742512625562,-0.012763067046701557,0.008091230735876531,-0.015412773816286538,-0.0048481227599504175,-0.02200748694919642,-0.015613008247966244,-0.0010250536138760131,0.00032778390863130827,-0.000905359645897282,0.010217820031716713,0.013757630845726362,0.011586129747868873,-0.0026935882330179715,-0.006590299542256976,-0.011482196996279394,0.006537228760415146,-0.009975659745992313,0.0003805596667407325
2024-09-12,0.000493979688742897,0.009317276265155248,0.013350735010507195,0.023084248145648783,0.02654792917266883,0.018980410397306097,0.007337206636805016,-0.004933826359307553,-0.0030445489746432526,-0.001092798801418609,0.00495322793009685,-0.0025908602786660954,-0.002257630590062964,0.010578467033087001,0.008018095810607901,0.011034810849422998,0.010574825304509983,0.015111337516112754,0.007790857268768854,-0.017001471862149134,0.0021079616393527225,0.00832789984591404,0.010129823049689542,0.0136685166956435,0.010347183705336776
2024-09-13,-0.0012127306663409516,0.008372490392454588,-0.002730969055689944,0.01774829705905269,-0.001866271975920401,-0.0003358726283659943,0.0020864851607279924,-0.007256753945816304,-0.011097234566454768,0.005330881304337263,0.006914562198542967,0.003510201036406562,0.009976993545153053,0.0147401654126177,0.002536783131720369,0.013900695872061311,-0.08850192469479244,0.004725077298054862,0.014828375190360297,0.003765243397440675,0.009356182498037876,0.0006203489397522235,0.0038225448765189457,-0.0007195120623995433,0.01173084767214512
2024-09-16,-0.02816828344009628,0.0017402194978657064,-0.008616597457795744,0.0038032654117278425,0.017326039102666564,-0.0196716222704719,-0.0153589759450266,0.009273048138603896,0.017177395966468844,0.008841887370332157,0.010833625435986084,0.01799004183662723,-0.005214533108894704,0.005301740479546262,0.008778473577579451,0.01425468411138267,-0.029046696004531268,0.009150022704914586,-0.0008036935294560925,0.026964947669997425,0.009615994747279154,-0.0008460175363100998,0.024398671335484647,0.013937520588955785,-0.0004962016771364751
2024-09-17,0.0021703568081245265,0.008794040981460178,0.010705675426824473,0.007940024684320911,0.005684459014518553,-0.010242385794682224,0.004794890315022082,0.010787577793016112,0.006664877158334137,0.0004789579645665511,0.003710983445170177,-0.007702804274976232,-0.019158997992956887,0.0032147667916432245,0.006568608043293346,0.010936081089505584,-0.012484066162692615,-0.006717572424014048,0.014835570987278094,-0.008013491474825449,-0.004169529600976098,-0.001920561527656892,-0.008264465775628607,0.012957972060055929,-0.02463066512698797
2024-09-18,0.01782989935573189,-0.010023651277345478,-0.002410931547252041,0.003070921366802096,0.0030345343022511544,-0.019392608916848107,-0.0029445960609886415,-0.0001751633071501189,-0.008253872289991093,-0.005521915501008975,-0.010619879543081611,-0.011206578319391565,0.004643418715023574,0.0020070848351263506,-0.012513304175435095,0.007723718681293384,-0.01348787831669545,-0.009305526144485246,-0.023530903417474703,-0.002685450542882135,-0.0006966519633826061,-0.009429679260458608,-0.0007906508864346425,0.003497159444948315,0.005455917677947363
2024-09-19,0.03639508677431793,0.01812596714424637,0.018283807518041345,0.014474436997110252,0.038562766032872786,0.038925439633007965,0.07100962175825201,0.006788089842318458,0.014114841021841372,-0.0080370123368086,-0.011294827079943878,-0.013778999280064739,-0.006184772988451481,0.01634957286719084,-0.0035433532408033113,-0.0013900991041396178,0.03540003964226116,0.05232456060392415,0.019860304375048397,-0.0030297771875812196,-0.015874376229648914,-0.0031440461282188537,0.017057540354077912,0.01231686124565306,-0.0126061922561183
2024-09-20,-0.0029317484204729946,-0.007826565394854391,0.009070295653554553,0.008903174457427051,0.004016129447576732,-0.015992101055522345,-0.023519752638904136,-0.00961733702733835,0.0028939578887507587,-0.004012521923961599,-0.0016492114553407495,0.015502426012580908,-0.003593436182221079,-0.0012304317369835845,-0.0005478742983885202,0.0032050546716488664,-0.007895257533132853,0.003040465921262845,-0.00468215022173337,-0.00812464452904857,0.014340031424669086,-0.020125629050466498,0.010250531051653852,-0.0063129985794194874,0.012985692737054643
2024-09-23,-0.0076099262637897985,-0.004051601051815549,0.011829538769620484,-0.010693323076502097,0.005436401626888605,0.0022389230979224907,0.048140375327935025,-0.0007250141902529667,0.001656696673867791,-0.005742506021980856,0.01346373643355412,-0.0025862092092380825,-0.0027690572329863304,0.0053721180871474025,0.008890134664137687,-0.008354738378923246,0.010607919949273067,-0.009754789477690927,0.006171887327548246,-0.003745866034988976,0.00125554807209343,0.00541825794667079,0.0042242505232079775,0.01796883139434848,0.01593611968545635
2024-09-24,0.00396612830636882,-0.01006183397878685,0.00041255068996117736,0.0027148511841224472,-0.0019152481871404041,0.03888650095037451,0.016935793509053217,-0.0009235733527804261,0.000709055968683013,-0.0026994979194483546,-0.056479973669028086,-0.003054725929174292,0.003099417128605863,0.02195335747057144,-0.01976613272313591,0.0077146148660583716,-0.0072247548589428915,0.02330579263943247,0.023662631961510274,0.006461469640225124,-0.005592096493102312,-0.012806081104369229,0.006303142965010344,-0.002644733023315316,0.004223401515856744
2024-09-25,-0.004407729027269658,0.006826998169320998,-0.007400007450933529,-0.004941562384879976,0.008801359494725984,0.02160654272901266,0.010757148762662457,-0.004851622114086639,-0.006638292789318091,-0.013482756286525812,-0.011614932297330885,-0.005673028684864466,0.001945510833730588,-0.009353241623656283,0.004176695619217306,0.0024518734787170706,-0.011843056590557654,0.013406381503289155,-0.0009696458308240915,-0.019511171875406175,0.0016807587706376913,-0.0030648768762471692,0.0024722805838387355,-0.019671209101704692,0.00900878485650448
2024-09-26,0.005067212529611192,-0.0018529310285183944,-0.007141186533660476,0.007649063102969578,-0.0008272988119967122,0.004281993127690512,-0.010953821465680538,0.004015288489406713,-0.0019527105171071803,0.004907065764926148,0.007611042642270378,0.005499909961716114,-0.002606339798697608,-0.0005795981152777862,0.003711621142686412,0.01353658557888598,-0.004877718442599495,0.006074493822988735,-0.014138513058644735,0.001381684527997011,-0.000699842672744243,0.0017103288377896383,0.0037913060811347833,-0.01731372064625072,-0.018349342803801606
2024-09-27,0.0011859889019078477,-0.0076572176898652014,-0.0168284107446147,0.007469129634692964,-0.0008457114255484741,-0.021513221222779034,0.024249227064234113,0.007217732353133108,0.003426344069430895,6.200942940269512e-05,0.012727490289028668,0.0019608735246815436,0.012173033814899623,0.007108447310662852,0.004812617111707915,0.008472508548310446,0.00019396540300633532,0.0031861253313856153,-0.00575139571672734,0.004133636066575981,0.005447448516333156,0.0018251910933700841,0.0032116364397688753,0.026420885829502125,-0.0017531162692014297
2024-09-30,0.022614481385069073,0.005312770857285518,-0.008763077056375612,0.01152221675215192,0.00891387141725835,0.00032944748824290657,0.004482044837533062,0.006080256953477583,0.001708704562776907,0.004080898889890502,-0.0007998441571745265,-0.002018647955783212,0.004852153520722434,0.014091918992520635,0.00032392786452863857,0.001872972480570784,0.004452030670711983,-0.010647970172813482,0.0027106980963982827,-0.005169647471923602,0.0009745228089437225,0.0002941106803271812,0.003764973161670892,0.012015150245692554,0.012085054256619671
2024-10-01,-0.029574853535812178,-0.022586371071614073,-0.006460997690134298,0.006850248560223476,0.007015516825841729,-0.03724644472853344,-0.013894251852425751,-0.006211416358775711,-0.0182824453787732,-0.00043208315946782554,0.00959184445885915,-0.0009242908619071459,-0.0023632065094353802,0.009456695319267098,0.005211300209702387,-0.022498836705430597,-0.029358045763471792,-0.010430292826657694,-0.004436957804562294,-0.009373457929334944,-0.0020896654122494487,0.007790986429021054,-0.009060090503005706,0.02285583093946861,0.00641898176652972
2024-10-02,0.0025166311437410443,-0.008498418517789754,-0.002000651545077023,-0.006789825138217602,-0.006369368409539742,0.015688319165670383,-0.03550382703625727,-0.0016190932570338233,0.0012068290329973234,-0.005074918670979454,-0.002163722525566323,-0.00649360303355333,0.015328602030825223,0.005388155217992156,-0.0016331635407194876,0.0010626465936706658,0.00596864743605494,0.03129200112941487,0.006999678553690186,-0.002094960165583683,-0.009809367303545743,-0.010735612117790047,0.00533548323372473,0.013170556774023333,-0.010389643211855834
2024-10-03,-0.004906614288192976,-0.0014153103541925342,-0.015270736231762942,0.0,0.017238679502389182,0.03310189470613244,-0.03414806745440706,-0.008157256302115893,-0.00998761721527133,-0.004165635395026454,-0.0005056358221784887,-0.010525164874200582,0.0007426058609290472,0.0007777544324617838,-0.0012114727061374707,-0.0055383662588883095,-0.003981760185447525,0.00510346202358899,-0.006051275615924296,-0.009482164172779976,-0.00692454575978447,-0.0060340921852472425,-0.003617367636657062,0.008685131960175391,0.0
2024-10-04,0.004994858066733642,-0.001153178846873625,0.024697907897679776,0.007208815553877329,0.02234731090191368,0.016709464959278143,0.03839570976808335,0.019696154051855905,0.03487852740068987,-0.0013094226586568014,0.003857329915711847,-0.007315564422996759,-0.002618284171027526,-0.007854197011767008,0.005500386204707422,0.016103753374610986,0.006765497240304211,0.024057746934231523,0.01808673071178389,0.008433035966265892,-0.004975480391018332,-0.0033283716519030048,0.006084859065507423,0.018189008300677583,0.006320875218823489
2024-10-07,-0.02278859891990342,-0.01579481278172886,-0.031093362659704415,-0.024725376642597028,-0.018904284654137828,0.022166827930733386,-0.03768957599969925,-0.018504686995626025,-0.0013740279760077548,-0.004752803297572062,-0.015007614312534162,-0.010476391323017142,-0.013007242156183868,-0.0007349414494567274,-0.012942592941603567,-0.029435905251599115,-0.04006491212977957,-0.011112842062819862,-0.02501501892712528,0.021461408114193826,-0.01666926260573263,-0.004534827018863965,-0.004560244963906767,0.004316465982304687,-0.022995305704622115
2024-10-08,0.018236847155305387,0.012544838026224353,0.010563468311108654,0.008553267790837578,0.013773218754005641,0.03968125706970574,0.015124010919583781,0.0006612758909656068,-0.0008537646260921568,0.0010026476847167598,0.004264046297752473,0.006203921344745105,-0.0033986990915534625,0.014886327032311122,0.011655734007071051,0.0012980855001461823,0.018179736186504973,0.024300882628872904,0.0278732517835532,-0.0006850897390725531,0.0024603742320282508,0.01901548073926267,0.004180986575618702,-0.026920534508888903,0.007682180094890488
2024-10-09,0.016560367533056203,0.006609314635004209,0.013319379012842232,-0.015449101355513153,-0.004022335485888314,-0.0018075912927999847,-0.014210915403026646,0.004616928385400112,0.012589479292844508,0.005993675650299403,0.007139199391212183,0.006579011303864281,0.016439649818101545,0.004552981543451328,0.007126147575871243,0.01171360427304671,-0.004362240766515109,-0.012597459766133566,0.007825014132255484,0.03402720951822638,0.005621423640314637,0.012362963810657502,0.015617997041280803,0.00040958155714155274,0.008619119127053192
2024-10-10,-0.0021806352844376074,-0.0038882042900670027,0.00796086049904925,0.0013584524810356193,-0.011376630656116096,0.01615233980259614,-0.009503630132407154,-0.0021299289696472966,-0.0027213391776690684,-0.0008718434005070225,0.00194810811277232,-0.0018921329491233792,0.01090092662952483,-0.014793878700777557,-0.003867860640906599,-0.006538463798995549,0.019025323633079225,0.00778431761251318,0.003923983872293207,-0.02855901265698942,-0.004610152905916857,0.00260473668878006,-0.0003733739579995635,0.0085634039236148,-0.009874289854625464
2024-10-11,-0.006526573633277011,0.0011536402104209953,0.01155904643352474,0.007131253725361689,0.010427744990367985,-7.416987634069705e-05,-0.09192353886888906,0.011539343618575356,0.04344196790524446,0.005901164102770187,0.001332357720330527,0.012586949881118296,0.0005852815150450538,0.004720858586812743,0.008477689455145024,0.012184869623400716,-0.016316829091057354,-0.007159307456759174,-0.010322992088243511,-0.006153901120505625,0.004610152905916779,0.010465890101882149,0.013173823925127198,0.003809568571985848,0.0061359756714826595
2024-10-14,0.016345630322172726,0.006750769941913454,-0.006802098901968148,0.01048162768211704,0.0007963059226719885,0.02396862957161232,0.006224848869363662,-0.000499854319060879,-0.0036504170764121327,0.0008666172666326457,0.01016986009120854,0.008265341128087212,0.012215156444892189,0.008509481603529311,0.008722254488803793,0.008884264411222273,0.02831828887739451,0.012212436248398736,-0.013637251031821482,-0.0027470928881745725,0.01100710215862763,0.007352460704889061,0.0003685612354523908,0.0037951108196612538,0.0023693591854416856
2024-10-15,0.010964301773156342,-0.0009548161083201897,0.0007995584839864811,0.0030264657509887624,-0.00705357819623482,-0.04799380089788591,0.0018690482583788197,0.005852620435788445,0.004100292391838237,0.01535201672940124,-0.004964497968958695,0.006125884290237566,-0.08459984791594682,0.0003850967236474293,0.0011243584571797463,-0.007928677017796593,-0.00318370508843494,-0.011344984428226564,-0.009894560787681906,0.012303710070189874,0.0,-0.0011365038742231584,-0.0035070477447828887,-0.03052235731630121,0.0167964868771241
2024-10-16,-0.008891357016526397,-0.0062764817084116735,-0.0042714734594326426,-0.0018147800898024593,-0.01630229698839153,0.030826887966629458,0.007983687088569507,0.006484527351805494,0.0056050946875115795,0.0010961016600124305,0.02904158591673244,-0.006879613214432158,0.026694868238175105,0.007264604493337707,0.013394849167907244,0.02649793980809808,-0.010865242791414039,0.008666981759717165,-0.005653541874788889,0.007781950257182924,0.0032646415920001034,-0.00810544191726602,0.041649959045120546,0.002572507407045293,-0.005280099237985274
2024-10-17,0.0015951960526658492,0.0014408914576338086,0.003418620886077508,-0.013594114592253358,0.00024282584764426555,0.008875892497325845,-0.0019899714413276278,0.00034352504930573627,0.00348168885507483,0.0011560441623533159,0.009932753810949923,-0.0005803995699502572,-0.009337385924204746,-0.007216392145125321,-0.000603236572942149,-0.0021728257761795934,-0.011427367515986166,0.0008590121952153306,-0.02065338186866424,-0.013573324041757408,-0.009539440799727785,0.0010882513045599768,0.00035470983589051087,-0.0025725074070453847,-0.004071277551747483
2024-10-18,0.012201754337578233,0.003449647955760788,0.007755306570388279,0.0030029819585970633,-0.0007975915286845778,0.0077838696637059415,-0.0008605378505268966,-0.0022565277235990604,0.004224217561083243,0.00394417174327555,0.0007916273793462011,4.0825430834521524e-05,0.006304688471419701,-0.0014447892436100908,0.005009267906915695,0.00763589644309751,-0.003892178617675872,0.006266803330149377,0.10514382025913253,-0.0017096118571196782,0.007695631475168234,0.0022303279425202583,0.0063625891118961435,-0.0028290814368030475,0.005178772588056014
2024-10-21,0.006278039199201088,0.0014814944316089394,0.0004232229251258213,0.003969608142728552,-0.0022751393512049994,0.04054367112187221,-0.008417707909120813,-0.001377851011874751,-0.010571827100834898,-0.013965784019371099,-0.01305709579154927,-0.010210783019601677,0.0032602277946054375,-0.02094060760073498,-0.002579130144191619,-0.006807592684325713,0.0056618512943242974,-0.005648428233088099,0.010651430031830415,-0.009974372477390291,-0.014154151683970242,-0.0002856923984988237,-0.002999490516430797,0.0005831165201242691,-0.0061683401135987906
2024-10-22,-0.0026252193829980563,0.02063201596488416,0.0033265052557146266,0.006500347625524657,0.011839386462812513,-0.0008352359522236715,-0.004029147285192923,-0.005855596097627033,0.005009808439810254,0.0038005357854289565,-0.007207454321689855,0.000943376806840749,-0.002821378279519066,-0.011258959157443687,-0.003871397165299572,0.0012411305985873635,-0.009285317739022164,-0.010213865819513267,-0.010193305894346158,-0.0031157878907270733,0.0,-0.0036635711452633153,0.00017674743874913858,0.005149871456365502,0.014862484167182298
2024-10-23,-0.021860108790245705,-0.0068301740891792894,-0.026656796914304174,-0.014394006344572151,-0.03198312462108185,-0.028467573344633484,-0.020018310718538105,-0.0018220660045877208,-0.003172946597133474,0.014636844771609312,-0.0036230840220049824,-0.0007072851600095911,-0.00920229552156399,-0.005514755359037244,0.0013828217502746653,-0.005181879434036186,-0.01652150100247127,-0.013618456391772798,-0.019755820185598415,0.0006933099457600343,-0.02095242386649632,-0.008176947208123057,-0.00566985423487515,-0.00356894336691505,0.01512510917728545
2024-10-24,-0.0008237334499328037,0.000306153583961143,0.009000562616286057,-0.00036870284722460855,0.007229350343046872,0.006072150576929348,0.19818699146920774,-0.006184815588550242,0.007002764479606181,-0.013291863960682333,-0.0019047749200078589,0.00023584853835671507,-0.006806318681124443,0.0075779502648714815,-0.00607199573419292,-0.008766429718346793,-0.004463286003721631,0.008158584739772401,0.006995466435572222,-0.007652312077562758,-0.01049426965208377,-0.004578205330666047,-0.005702043516408471,-0.005669902347006622,-0.002765762772902278
2024-10-25,0.0036366591217504526,0.008019866291181761,0.00774968161813032,0.015549632172806669,0.00958807490629081,0.00801561364956664,0.032891334056112616,-0.008247604831884426,-0.011938585311304598,-0.017193487355108346,-0.005274987667260014,-0.00828797607540019,0.006664569288322437,-0.00940631760454835,-0.006404911809094876,-0.0038859819973271715,0.0017587732665250047,0.012820160479574962,0.0001722797447159557,-0.006656067397730548,-0.005662489550247438,-0.002151572662339358,-0.003939184983432137,-0.0008366003517517471,-0.006402940956809038
2024-10-28,0.0085624569450128,-0.0036502327224060375,0.0029769707636567114,0.008735294109063641,0.008528683932839466,-0.007232511488400767,-0.02512824530239814,0.009819214168115927,0.014247357421427208,0.004465420483081102,0.008693808545821413,0.006399440705951769,0.0012037261858999534,0.00992781573996411,0.0016738940771277315,0.012236670037372905,-0.005555784945902337,0.011331143252406629,-0.007394630553734816,0.014308379475293167,-0.003742904042896521,-0.011416068750246458,-0.00828678162090515,-0.0049498885214851185,0.0029044721604552627
2024-10-29,0.0011562593064754299,0.012486491395575876,0.01286871001658346,0.01759847795438205,0.025815893074500728,0.005181508636045097,-0.01145548515134625,-0.008476565477405993,-0.011596972291557699,-0.009387881535321677,-0.008161662418641975,-0.012660980943936659,-0.005517123476223391,-0.01960066463015469,-0.003804815449784486,-0.0007279439458993106,0.00900227719851663,0.01727860536932789,0.013682104265904344,-0.013957097937938121,-0.016789215620994256,-0.013873397849923573,0.007209947182597036,-0.01371856129840195,-0.012770031098320304
2024-10-30,-0.015395888599896556,0.0013419400355187178,0.009907234588807736,0.027781309840076644,-0.002497831235840125,-0.013614365766067709,-0.007619899978935549,0.0007475897859339825,0.006751597819751442,0.003242823780933981,0.028951155981778526,-0.006059947025826602,0.0014754179301146326,-0.006475537772016211,0.014530026618615785,-0.010982659453581825,0.0026540861766330883,-0.00836574821045828,-0.00753383454536578,0.0021060644456840343,0.005475947933322705,-0.00773123009102183,-0.001617820317002958,-0.005043261220275169,-0.0038016953289743945
2024-10-31,-0.018377183672182426,-0.062436924960451036,-0.03339535403553647,-0.019389032685708026,-0.04178690769910251,-0.048373896648429816,-0.03035306639591626,-0.008919514261985558,-0.011157764262594254,-0.0046806047478812896,-0.0010688850895944567,-0.005915426239020985,0.0027317381841220666,0.0031287433647380456,-0.02783218231475823,0.011710603399481122,-0.01782875345229238,-0.017115924349312736,0.003033527708773245,-0.007743893520933552,-0.009296644615968002,-0.0007824289661711224,-0.014860560234339388,0.0007708124812880943,0.006856881790727064
2024-11-01,-0.01336879730207409,0.009844384044293048,0.060018526321249224,0.0010514242773142198,-0.0007404461174644828,0.019690320908507957,-0.0034882074251496174,0.0027019288308265934,0.004585704813758946,0.0016875107718448618,0.0030655925412828764,-0.0004844364075651211,0.005406189495575606,-0.002950380562230664,0.016851132407044295,-0.004062302314226721,0.009824409521946385,0.011431737748529638,9.263468489393006e-05,-0.007447969090633596,-0.004603894672126065,-0.002954760138192748,0.013240332134394723,-0.01579457366746119,0.0029243853299753216
2024-11-04,-0.004045643898041516,-0.004665257394376175,-0.01092182223034851,-0.01204006965217848,-0.011490810373414097,0.00478904703508703,-0.02496977961188894,-0.022026103936121463,-0.014275698696966476,-0.011873019291004303,0.0038107604129281204,-0.00012109764537639223,-0.01739988595417671,0.0075620439221229085,-0.00493261065177103,-0.0002087417341384894,-0.0030077950355794506,0.011101444653291189,-0.0007805996214769336,-0.011817585238713346,0.0015370490471530625,0.004519006354041448,0.005928353083716039,0.0313437558527372,0.0031584083429468638
2024-11-05,0.006465320924628079,0.007317863346840643,0.018822662731709527,0.0029500405497116873,0.02073989037755341,0.02797692941904868,0.03480162701711456,0.006243304202838864,0.0077504431893504555,0.0006949584384392763,0.0049220142194619735,0.004110745103547821,0.016465661807727513,0.011361687180788208,-3.952747914011754e-05,0.008730974194597407,0.010477806928926463,-0.0017466014496409713,0.011056914984510502,0.008251118502061096,0.003985220599476483,0.009036849899272281,0.0058934851681539495,0.002946443618779831,0.01480789209146864
2024-11-06,-0.0032723625930120956,0.020971358037337684,0.03733922736991443,0.03910955319328201,-0.0006640525647192075,0.03993244359178733,0.13759466024737685,0.05218041402646914,0.109253784339811,-0.0029725853927086575,0.04698788750517219,-0.02882604347434299,0.05098539585319289,-0.029731029515787325,0.030332665192798935,0.02311894119818525,0.03714923650673811,0.031141412922630497,0.021113195936918582,-0.02276515070872924,-0.02587889807702693,-0.01888431110761224,0.02999418937830396,0.017003115866574842,-0.0028720538453771184
2024-11-07,0.02114690893849477,0.012417232194103666,0.014192148444279072,0.02373739216757749,0.033773391789150134,0.022208924224246574,0.028630012464395397,-0.018880444214584208,-0.0441904840569022,-0.007310753816218894,-0.005218503800001431,0.014547471865227677,0.014574306528729136,0.02810507012579807,-0.006255891616467855,0.0004044349404660022,-0.007775277837658454,0.012563257205755343,0.020714177435041992,0.0036482087507262806,-0.0006281056876814685,-0.004319925954911107,0.003622325962378439,0.0012389246108004896,0.004901626751858178
2024-11-08,-0.0011887552837911814,-0.0068162602768291,-0.008942557238934116,-0.013367004077044541,-0.003996620005843411,-0.008431723640077929,0.07869717552417867,0.007103130432506549,0.002535045494553352,-0.00807182855103453,0.006746196723074746,0.025974097448583037,0.016966428317905246,0.016043270717364992,0.013197473419467308,0.0009091658376610094,-0.012535360434093699,0.03531109115883874,-0.0018849391547445774,-0.011904871190097565,0.004075746148169263,0.006745400053433182,-0.0003444478591802038,-0.000330167978442093,0.011619728347297067
2024-11-11,-0.012101667322472925,-0.010778627307778772,-0.006457525082191786,0.011151541348571065,-0.010524301962783521,-0.016183826939603706,0.08580690404849912,0.008487607999693118,0.00970040966922288,-0.0027695997917031577,0.00985808687504795,-0.01006806536459659,0.015213007844301843,0.00587092575762905,0.010162377487861323,0.01841170673010951,0.019617143506396855,0.059624645134704675,0.012996295816595059,-0.01812733618608319,-0.008799502166214812,-0.005161428671119713,0.009769588829842737,-0.005298433459261149,-0.007335601957121066
2024-11-12,0.0,0.011937632343700339,0.009958024917575062,0.0070171120738748444,0.002825382162235058,0.020644436834764152,-0.06342678815128278,-0.002292030808233929,0.001127750267179168,-0.015600801128547793,-0.001547880842470212,-0.0011451441355957424,-0.01706593262753963,-0.012842688227132715,-0.001793635900569862,0.0012880367153835068,0.04257112317177353,-0.0016987246949079493,0.017305664911183728,-0.00190723589529426,-0.0025284313889029283,0.0004869546137094853,0.0013636338936040767,-0.0009966267588668656,0.009220013380818482
2024-11-13,0.00396134099661683,0.005116443427837067,0.024539669362855586,-0.01520134586394476,-0.008276119041803727,-0.013715460291360998,0.005313266949669512,0.0038741848566844943,0.006656751396349735,0.0039229209011012985,-0.0011948515202067937,0.004452340541668151,-0.014420109810626292,0.01748542983055258,-0.013872006383885475,0.01698527049686763,0.01148355683752658,0.0016694047758413898,0.013297409361242903,0.0200345720813774,-0.003169587569761575,0.002431124521809849,0.007973502603915727,0.0092631836523888,0.005982841772965998
2024-11-14,0.013676495230255659,0.003966747985854667,-0.012312812938838414,-0.018620312732060523,-0.004908551212458903,0.0033443801879045514,-0.059448133931949705,-0.000854870512967674,0.002939686986615958,-0.008980311029020097,-0.0039824237517055786,0.0029970111403820844,-0.021218196281734807,-0.010957177714488715,-0.0028398897595350425,0.060441426263416254,-0.004951213358194295,-0.029911496207223595,0.008142860375410834,-0.026546774423014254,-0.007168550445609152,0.002485456374736751,-0.021520983246767135,0.0006637524652546806,-0.012120092826015946
2024-11-15,-0.014209714161158632,-0.028247783449426637,-0.04284745921407266,-0.01775555184673001,-0.04081032804030001,-0.0331124099744431,0.030196972790488486,0.005501168571874881,0.014122392366885885,0.013927719161563951,0.004499267316557465,0.014616070321112654,-0.0015522733904908157,0.006044917236292955,0.002859124151667153,0.05317935655792297,-0.051306207755915274,-0.01945533992723681,-0.016012600453418426,-0.04802188391693783,-0.013034149128006302,-0.04034261879662309,-0.007973704390618206,-0.010422452313437932,-0.002607787442824168
2024-11-18,0.01333298175828373,0.001829669179554217,-0.004501522120521847,0.01615954037234291,0.0005772875205353539,-0.012972998154476969,0.054664350493325395,0.004074391098966506,-0.001142135169771067,0.004987511650380629,0.008105517760782001,0.0071117598639114975,-0.004365816114718378,0.0055215439463816495,-0.0004985616293681162,-0.013472390169737163,-0.007697839010831069,-0.009297117663574623,0.027637716175944627,0.002416395065310923,0.0019418977156059932,-0.0018298009487898404,-0.002613818712414763,0.008346620704312809,-0.002019835172764898
2024-11-19,0.0011396157466625014,0.004870672307439244,0.01432430133148399,0.015958562731056634,0.011994767660061405,0.04778747181089832,0.02120595242401374,-0.007098465324109586,-0.007948968894987155,-0.011502221078569828,-0.0009935063608232078,5.863311141924301e-05,-0.021686886728417846,-0.00890818917292071,-0.004168642994429697,-0.009913314164435446,0.000200127285530712,0.0036550710198418757,0.02824960020678042,0.00960785903921133,0.011731627180331109,-0.01022078013414308,-0.005248500810358451,-0.014062406004355715,0.0295311858861615
2024-11-20,0.0031490875157576584,-0.00552036560538747,-0.008491035845116046,-0.012087056646230405,0.007864362604518432,-0.007647675353840602,-0.01154032611298051,-6.398443026018713e-05,-0.009548046534772658,0.0007187511095766393,-0.014405105663974517,0.0007608948262838757,0.039920212869865246,-0.016857102982705048,-0.013411125021686445,0.016234682331728763,-0.00022016665556210042,0.006994049450251083,0.014278042540917576,-0.006394971663531593,0.006370551456069953,0.012806831966730414,0.008558286418053096,0.014145524702669382,0.006674985854537788
2024-11-21,-0.0020983118095766946,-0.004326163021105917,-0.022430287385072762,-0.04861111121780057,-0.004306182237297958,0.005332271265106755,-0.007012172684276001,0.0068658902304767995,0.016394454660608227,0.015488924480894761,0.008132308784265739,0.010825411206737084,-0.005025013597146486,0.025789661944030005,0.004982426287837408,0.00401778650548893,0.009841309838900253,0.030479344891631042,0.015303459081387192,0.007589416911266168,0.012150017049615262,0.010028838630684218,0.0010429742746433657,0.013292354985079663,0.013783797774743018
2024-11-22,0.005890203242377428,0.009953455741209144,-0.00637175235688548,-0.01726944444400179,-0.00703955934589283,-0.03271024941219493,0.0373345373484672,0.00950854120660365,0.015366000421304035,-0.0021243997626694353,6.459459786686856e-05,0.02022829226064226,-0.011141491108386626,0.02300060396830819,0.011120027340484444,0.008074095114136192,0.015168690624784148,0.018412999664971067,0.000345332236541127,0.0204812264493364,0.002506127296872525,0.010299803386186496,0.01705311403951674,-0.001148973715983213,0.022927916657914577
2024-11-25,0.012966437902475812,0.004283481548278267,0.021728540914003922,0.017388638341854827,0.010620504242310182,-0.042672899095200806,-0.040430888534493496,0.001802904789326109,0.006976133805867948,0.0039235340404593,0.01049586231739362,0.006276887646353567,0.025003467455366073,0.020432556549986956,0.010960133635600989,0.0030217192340739585,0.012765880380460344,-0.008544644282047384,-0.03652484698312355,0.020070071593745634,0.0071707908493842554,0.006460668415780742,0.0032398704241405076,-0.015056521537519216,-0.010447907241658703
2024-11-26,0.009360503322694176,0.021730189121606108,0.03132358260823746,0.00872997612061425,0.014807246302805797,0.006594765624039228,-0.001063755153845317,0.002364052805220712,-0.0012793688993449153,-0.00012931581313065817,-0.004383953797375497,0.010765607956419692,0.0015832459132111571,0.0019810320965583414,0.003563649079253878,-0.004752620217291295,0.012586025788953584,0.01193059282043958,0.008065951684419054,-0.015402610901064612,0.0026371452549003027,-0.005473519156995544,0.014366910674628093,-0.016811269113070102,0.02002157528413779
2024-11-27,-0.0005533082243189591,-0.011751375316011352,-0.010251516694207487,0.0006503439844816735,-0.007595888181664647,-0.011606814560208522,-0.015914020837727676,0.00940065383101568,-0.0007203137759126265,0.005678815071787901,0.00919385765474898,0.00027860783814375335,0.0026169283620591254,-0.00018727576573298067,0.007352622154542588,0.01845144821806466,-0.022369015494243236,-0.039132095381290415,0.005417330579701593,0.0023256264952939277,-0.0018607739245921334,0.0034474182606962257,-0.005047111139799906,-0.0026313574464957206,0.006222994823422421
2024-11-29,0.010164054424969154,0.001110566644315841,0.010395828320660513,-0.0016558573233409837,0.008955025488966544,0.021273715587895096,0.03619593916712737,-0.0001242056933797254,-0.00028024470604231714,-0.0025127299816049098,0.0012065183964150175,-0.0005577365842114291,0.0029870495749841496,0.004531047492215092,0.0010514063961380457,-0.0011060119177633508,0.004370593940719714,-6.0629905499941255e-05,0.010736135674909466,0.0146043407128607,0.002108932478012115,0.0044761396201701215,-0.001350285300766202,0.002546515436677319,0.0067253753155904995
2024-12-02,0.009477444349920887,0.017602635999916835,0.01347372166869659,0.014921987126520979,0.03172089679975436,0.0027447839988576197,0.03397975234247804,-0.011849990460756523,-0.013993018417601144,-0.0013557538940403078,0.004970603644102134,0.0024516114119930775,-0.0027567355603046193,-0.005069633108660365,-0.0029693048827108175,-0.0026424210824295097,0.0005232277642017989,0.003086237083900922,0.012249765776087022,-0.014991677120415834,-0.006732925607876777,-0.0024500387238709344,0.0037087564515678744,-0.0009330618809625722,0.0015123047459166255
2024-12-03,0.012690971627900857,0.0005104147482508198,0.012872961773847143,-0.0008750729673921231,0.034517163860396924,0.011689402286161436,-0.016005713052796626,-0.015071173930480753,-0.005824005587000969,-0.01588783515003187,-0.0115618639995167,-0.024105553966731478,-0.005421487414585045,0.005582101483977273,-0.009796144737315693,-0.006078581947312984,0.00011622253139964321,0.0012680730472549044,0.004922486966720681,-0.010120759690519985,-0.0020445674411069155,-0.008314166426524982,0.0008409601624329583,-0.001528395228285725,0.009347456273665823
2024-12-04,0.0014825329377229108,0.014321690882204412,0.021872981158048213,0.017529593601647804,0.00021165495365089383,0.03420095933444592,0.018355288553428408,-0.003985034943546638,-0.005817079278639758,-0.012482352072171311,-0.009985618813634361,-0.001768860152408948,0.009144788857991984,-0.0033361163994746154,-0.009624656778854112,0.004626407817341984,0.03843737090146115,0.10431307478130179,0.009805783430522887,-0.012994786171371474,-0.020839162091907303,-0.009444665252667087,0.002350946291292921,-0.029232597222704194,0.010002101995371427
2024-12-05,0.00012348208120873777,0.011817806606418646,0.01089568506430291,-0.009970769541439078,-0.00793313238495803,-0.00048254590763646953,0.03178623389945424,0.004792902836602056,0.008509297272898586,-0.006333506526656152,-0.0026495859963985642,0.0052400761462682854,-0.053502709445775676,-0.003230049003737847,0.006941330386890261,-0.004197152444418353,0.0032194397109361972,-0.017799689778740652,0.007447008721974982,0.018457225303286882,0.011348397500410857,0.001933549949449197,0.006686788238390102,0.004365652955571632,0.008959346650535544
2024-12-06,-0.0008232493234844678,0.002144061057540624,0.0289577215747153,0.011918808488159363,0.02407831688688653,-0.01822647647668498,0.05202108959673976,-0.00014878239408973602,0.007629274695875496,-0.0014054628709181437,0.006225121967774346,-0.012634013077091496,-0.05202330763295932,0.011259891951125336,0.007214983085418568,0.001972350927373858,0.02701836183588365,0.0016864899528906965,0.018212608984332163,0.0011664948520312651,-0.006217565141932695,-0.008487934363827446,-0.0021682890263391456,-0.010597689334875676,0.00418842452655996
2024-12-09,0.01597285252573908,0.005508153138565475,-0.004149028072046304,0.004916016654042865,-0.01648727239366939,-0.025814901171342337,0.0014634148953150045,-0.014191628994847298,-0.014455597514845653,0.0019404436886910272,-0.0087518746408063,-0.01758571899978184,0.023644223910610804,-0.005089681765695657,-0.010937908688251034,-0.01832852945487186,-0.009138177716491546,-0.02920774942390648,-0.022777023799220735,0.014277905704116692,0.0011187426503285075,0.010590752062107635,-0.015819905266515933,-0.005917026827218099,-0.019733672874727534
2024-12-10,0.004125246784980742,-0.006049297831192585,-0.004654999543156226,0.05437627392359926,0.009327754103962135,-0.027312890067357407,0.028328310501358537,-0.002979416048801057,-0.003903975203789586,-0.0024765698333074205,0.013147023563621673,0.00868637983242158,0.008118693851728587,-0.015474030971157966,0.011770259279916357,0.001046550932138635,-0.001607344587062917,-0.007852772876253274,-0.0003722328068940099,-0.020515564008045533,0.004939936113822085,0.0023175894738227793,-0.0039092807387268655,-0.0020392952662726662,0.007644127887601771
2024-12-11,-0.005179389337397635,0.012686098988570791,0.02293094704166905,0.05377449358659797,0.021342487368354264,0.030908435127401213,0.0576113551148347,-0.002381209897123324,0.002754938247144787,-0.01750804778155644,0.0045037123188777185,-0.009623639982979453,-0.057646678679469536,-0.00286740965439959,0.01023072027707493,-0.0010465509321385194,0.005250800472415788,0.01713917518733951,0.02509442057340535,-0.013386061851389198,-0.004301080815673046,-0.019393522243845246,-0.0022164134870004287,-0.006678862810165702,0.004327073572872956
2024-12-12,0.005945923998415842,0.0012686584936829938,-0.005618085452278564,-0.017761771088592518,-0.0029916508368171557,-0.014241993437873687,-0.01582716714006912,-0.005999908668951544,-0.00824645722029641,-0.0027314647442982275,0.001401251331624239,0.0012887388953874302,-0.03387368624897377,-0.016655023120680602,-0.0038244672877296676,0.002527106930602128,-0.14725542066422562,0.008921494728254743,-0.01182541056932772,0.005533606279705845,0.018975827890470965,0.013495192345481152,0.00442779092666785,-0.0008940040726333702,-0.009204147481514019
2024-12-13,0.0006853848980213051,-0.005106915610787269,-0.006616567663893641,-0.011210790979308015,-0.01668915663189574,-0.022755880284121857,0.04244899941747966,-0.00159298908202511,-0.006604753502090211,0.002595073949635341,0.0016217312358506575,0.0012281817345064872,0.00910979017189939,0.006158305486358527,-0.006425344916743502,-0.013670061957094614,-0.019015381467682536,-0.010444414102694616,-0.007243493167918512,0.008243334319154387,-0.011342232798487024,-0.005869879353851673,-0.003915869507741482,-0.008802662335010125,0.003912371653086697
2024-12-16,0.011659509156606171,0.00961237574062939,0.023763519526408726,0.035400143368440766,0.007057363755414554,-0.016901845686834616,0.05960057359180242,-0.005913896704712692,-0.0015015662177660773,-0.019073069946467205,0.0036470099329041763,0.00046765471922003695,-0.04314780120409803,-0.01515093402410974,0.002473441255861401,-0.006490287882460355,-0.008973127346659317,0.008207446024930863,0.0024022476085418594,-0.01298455996786631,-0.00907151486059266,-0.012420894592791581,-0.004616551156361844,-0.021613987591732598,0.006556601439210729
2024-12-17,0.009672571193008132,0.006335151068538097,-0.0076711237701660145,-0.006325364830836214,-0.007719072918587091,-0.012271917053166837,0.035724138195772255,0.0010100157788647834,-0.005105254226054273,0.01763978836463581,0.007600324365861758,-0.004744262715574404,-0.026383127299942417,-0.005468877052253869,0.0013190372640084643,0.00808420316018399,-0.013744244731646187,-0.01767889933718526,-0.002119320771716721,0.04567365924466703,0.013497765772242239,0.0007688196679120344,0.0029091488338664345,-0.004249855506746139,0.005780678491797537
2024-12-18,-0.02165451952123476,-0.038284634357638486,-0.047078410933269275,-0.03658376349696607,-0.03658039892855095,-0.011415412673756687,-0.08642421525210743,-0.020105985854333354,-0.03409543371247616,-0.011402750975784743,-0.027131971640641347,-0.007365810974515448,0.028827470644697185,-0.03652456183106821,-0.021029012873519465,-0.014886402858156846,-0.031055239062355845,-0.03879525658232681,-0.032711854906997836,-0.020643087753166856,-0.008713054371746763,-0.01101211193577878,-0.01706193158216263,-0.014830249500871204,-0.019792105579886178
2024-12-19,0.006990158445125982,-0.0008233726654762002,0.012482931876037162,0.0005837925703660962,-0.0027165946820331367,0.013636781292309068,-0.009038042516689774,0.006138891785851788,0.01118014788280713,-0.008115715501132017,0.016329370281992606,0.0006504841393745013,-0.02117426716486629,-0.02259869885361346,0.006364881782339806,0.00017968316793895566,-0.008922291705016218,-0.002969717741337652,0.013943153901290493,-0.0046456963483410985,-0.006384568452478716,-0.019353363065729427,0.001736758344432495,-0.008587783866896652,-0.0016047482513658915
2024-12-20,0.0186409948649641,-0.000984383789509035,0.007273430311082978,0.015266604734086383,-0.017479595622692357,0.030298682995638544,-0.0352567708528249,0.008553724749691344,0.019721776640453957,0.006179352476223434,0.008947213175980937,-0.006701341507497886,0.021994401220266892,0.019496148029519836,0.009036311930049628,0.0059086125456751706,0.022113586436852645,0.021828164344654597,0.0077411933708123005,0.022636688674357995,0.001599857051983256,0.00867675955729796,0.01532517323773023,0.0034062607198075295,-0.012497510090450926
2024-12-23,0.0030603049027731082,-0.003096945835836247,0.0006222471909635992,0.016682691048371136,0.024640260049884323,0.03623239127367423,0.02240426356053564,0.002534283485818955,0.003319366717537226,0.00552225290452567,-0.0015433539782741352,0.00029763334439276366,0.012340352560045488,-0.00038223833213625467,0.001759784255466968,-0.005639286803359041,-0.0009621174945336736,-0.002184776557254142,0.0026366164112929915,0.013190228552085346,-0.0027214783759651547,-0.009865953014226917,0.007829903992284412,0.0040533810734950165,-0.020702793639909577
2024-12-24,0.01141259665301568,0.009330246238435163,0.017573311182246015,0.007575333128438794,0.013084156152341745,0.0039302304160751846,0.07099116636191981,0.009441363245325242,0.016309933882287568,0.003984630897081892,0.010754557498895702,0.004924825303901165,-0.0004741586286681089,0.00935868435434247,0.012680277040891795,0.010358986466926871,0.002682552278962161,0.004451963568325228,0.022424839005523084,0.0011226436956918945,0.007347126417691129,0.009996927521326601,0.014643058500694727,0.0009401069787926111,0.02546154382404903
2024-12-26,0.0031708270852495693,-0.002780829657547815,-0.00877006267142877,-0.0026038473173668445,-0.007266202391691813,-0.0020702967643343503,-0.017787254049436575,0.0009152547430497593,0.0034195065298960855,-0.001853001132087973,0.0008106025290266928,0.007195580789029357,0.009928793161721478,-0.0025275832780836606,0.0008209166896235864,-8.875066787277514e-05,0.004943782935529815,-0.007899079434684335,-0.008597948986935411,-0.0067542971955813135,-0.004305882431805541,-0.002424234202303666,0.0021697366120978644,0.0008455431689612192,0.0011863447089001744
2024-12-27,-0.01333066907769876,-0.017452862528919866,-0.014640913829901727,-0.01462596565014263,-0.005884359286758244,-0.021088443572040184,-0.05074526160258332,-0.005613830571190038,-0.008135332807965651,-0.0036471219160185238,-0.007035969316367178,-0.0037092843818984232,-0.002272026188627664,-0.005786929379110141,-0.007394688172598703,-0.008924624908742509,-0.008208452173433673,-0.009615426484909826,-0.018114960390536734,0.002256453062470718,-0.0019196226619037594,0.0029475418832277086,-0.006187778915822523,-9.39139428948954e-05,-0.012252744158503059
2024-12-30,-0.013352174674122995,-0.01332794365179799,-0.011010096307821616,-0.007916683629296751,-0.01439114057087159,0.00349716305354325,-0.03356928885086787,-0.009574519396744233,-0.007700491694788605,-0.011859299334043493,-0.010568487259898111,-0.014497283130442629,-0.004303396093011518,-0.00876918331556638,-0.012574010059824095,-0.006746164945234674,-0.0015242375172543172,-0.008039209062995614,-0.007876211907794101,-0.007541474308910141,-0.0067481664479676325,-0.007681902591122647,-0.007070808196260619,-0.006784711725516986,-0.01196320935843786
