Date,AAPL,MSFT,AMZN,GOOGL,META,NVDA,TSLA,BRK-B,JPM,JNJ,V,PG,UNH,HD,MA,DIS,ADBE,CRM,NFLX,PFE,KO,PEP,CSCO,XOM,WMT
2019-01-02,37.503719329833984,94.39714813232422,76.95649719238281,52.30173110961914,134.62353515625,3.376983404159546,20.674667358398438,202.8000030517578,80.83651733398438,104.38787078857422,126.32945251464844,75.34825134277344,215.4531707763672,144.20375061035156,181.85243225097656,105.17745971679688,224.57000732421875,133.58871459960938,26.766000747680664,29.294357299804688,37.582706451416016,87.60576629638672,34.472198486328125,50.00183868408203,27.967041015625
2019-01-03,33.7680778503418,90.92448425292969,75.01399993896484,50.85320281982422,130.7142333984375,3.1729562282562256,20.02400016784668,191.66000366210938,79.68768310546875,102.7291259765625,121.77696990966797,74.81995391845703,209.57774353027344,141.02542114257812,173.6482391357422,102.62934875488281,215.6999969482422,128.51319885253906,27.1200008392334,28.474781036376953,37.35044479370117,86.78807830810547,33.21851348876953,49.234127044677734,27.823230743408203
2019-01-04,35.20961380004883,95.15331268310547,78.76950073242188,53.46163558959961,136.87588500976562,3.3762400150299072,21.179332733154297,195.1999969482422,82.62541198730469,104.45326232910156,127.02323150634766,76.34706115722656,212.02877807617188,145.2158203125,181.87158203125,105.7951889038086,226.19000244140625,135.9638671875,29.756999969482422,29.125019073486328,38.09521484375,88.56779479980469,34.714847564697266,51.04937744140625,27.997011184692383
2019-01-07,35.131248474121094,95.27466583251953,81.47550201416016,53.35502243041992,136.97508239746094,3.5549800395965576,22.33066749572754,196.91000366210938,82.68283081054688,103.78321075439453,129.3137664794922,76.0416488647461,212.43580627441406,148.07627868652344,183.27090454101562,106.71212768554688,229.25999450683594,140.16217041015625,31.534000396728516,29.28080940246582,37.59870529174805,87.80620574951172,34.949378967285156,51.31483840942383,28.326601028442383
2019-01-08,35.80095672607422,95.96546173095703,82.8290023803711,53.823646545410156,141.42022705078125,3.466477155685425,22.356666564941406,196.30999755859375,82.52693939208984,106.19376373291016,130.0170135498047,76.3222885131836,215.27618408203125,148.78724670410156,184.60543823242188,107.54220581054688,232.67999267578125,143.61155700683594,32.027000427246094,29.416282653808594,38.023136138916016,88.64793395996094,35.23248291015625,51.687931060791016,28.524349212646484
2019-01-09,36.4089241027832,97.33773040771484,82.97100067138672,53.6391716003418,143.10699462890625,3.5346524715423584,22.568666458129883,196.3699951171875,82.3874282836914,105.35208129882812,131.5472412109375,75.07585906982422,215.58584594726562,150.32620239257812,187.95616149902344,108.74869537353516,235.42999267578125,143.87765502929688,31.996000289916992,29.355316162109375,37.29439163208008,86.17080688476562,35.038360595703125,51.96059036254883,28.43146324157715
2019-01-10,36.525291442871094,96.7122573852539,82.81099700927734,53.499332427978516,143.0771942138672,3.6003472805023193,22.99799919128418,196.5800018310547,82.37921905517578,105.98945617675781,131.79437255859375,75.2574462890625,216.67425537109375,149.7658233642578,189.0890350341797,108.87417602539062,237.77000427246094,144.91244506835938,32.465999603271484,28.657670974731445,37.694801330566406,86.69989776611328,34.97366714477539,51.69511795043945,28.452438354492188
2019-01-11,36.16667556762695,95.96546173095703,82.02799987792969,52.78721618652344,142.68035888671875,3.689594268798828,23.150667190551758,196.2899932861328,81.9853515625,106.02214813232422,131.21461486816406,75.75274658203125,219.15187072753906,150.05857849121094,188.08091735839844,108.72938537597656,237.5500030517578,145.41505432128906,33.75899887084961,29.043743133544922,37.91102600097656,86.70791625976562,35.175865173339844,51.458335876464844,28.416488647460938
2019-01-14,35.622840881347656,95.26532745361328,80.8604965209961,52.1445198059082,144.25794982910156,3.729506015777588,22.293333053588867,195.77999877929688,82.83053588867188,104.82096862792969,130.30221557617188,75.24092864990234,219.4969024658203,149.55670166015625,187.62969970703125,108.50740051269531,234.55999755859375,143.93678283691406,33.29399871826172,28.698312759399414,37.758880615234375,86.03453063964844,34.949378967285156,51.393760681152344,28.449447631835938
2019-01-15,36.35192108154297,98.02853393554688,83.72799682617188,53.88018035888672,147.79022216796875,3.715376377105713,22.961999893188477,196.94000244140625,83.43777465820312,105.70348358154297,130.53025817871094,75.95085144042969,227.29244995117188,147.59959411621094,188.67617797851562,107.87036895751953,242.36000061035156,147.03135681152344,35.4640007019043,28.94214630126953,38.09521484375,87.37330627441406,35.60454177856445,51.42247772216797,28.838956832885742
2019-01-16,36.796024322509766,98.3739242553711,84.18900299072266,54.02894973754883,146.39122009277344,3.6898415088653564,23.06999969482422,198.41000366210938,84.11066436767578,104.62486267089844,130.53025817871094,75.42254638671875,231.3539581298828,148.07627868652344,189.87631225585938,107.04995727539062,241.9499969482422,146.39073181152344,35.138999938964844,28.522192001342773,37.574668884277344,86.85221862792969,35.55602264404297,51.40093231201172,28.86892318725586
2019-01-17,37.01451110839844,99.06472778320312,84.66100311279297,54.50551223754883,147.14527893066406,3.7612385749816895,23.15399932861328,198.77999877929688,84.4552993774414,105.48284912109375,130.47325134277344,75.41172790527344,229.8585662841797,146.26129150390625,191.35479736328125,107.14647674560547,244.39999389648438,147.65223693847656,35.319000244140625,28.766042709350586,37.686798095703125,87.55767822265625,35.75822067260742,51.752506256103516,28.98577308654785
2019-01-18,37.24249267578125,100.54901885986328,84.80999755859375,54.91115951538086,148.8717041015625,3.890397787094116,20.150667190551758,204.47999572753906,85.8257064819336,106.79023742675781,131.6327667236328,76.06068420410156,234.9287872314453,150.2007598876953,193.9374542236328,107.17543029785156,247.50999450683594,150.3032989501953,33.90999984741211,28.806682586669922,38.12725067138672,88.23910522460938,36.42145538330078,52.369564056396484,29.28240203857422
2019-01-22,36.40655517578125,98.65399169921875,81.6084976196289,53.48941421508789,146.4209747314453,3.6881051063537598,19.92799949645996,200.72000122070312,84.47173309326172,105.24589538574219,131.20509338378906,75.24532318115234,235.09690856933594,148.13485717773438,191.49887084960938,106.750732421875,243.85000610351562,146.7947998046875,32.51599884033203,28.630569458007812,38.215335845947266,88.11084747314453,36.21925354003906,51.5803108215332,29.210493087768555
2019-01-23,36.553775787353516,99.61548614501953,82.0009994506836,53.776039123535156,143.17642211914062,3.700997829437256,19.172666549682617,201.14999389648438,84.25838470458984,105.24589538574219,130.21664428710938,78.90607452392578,236.27377319335938,147.95083618164062,190.43313598632812,107.25263214111328,245.13999938964844,147.583251953125,32.19900131225586,28.556076049804688,38.655799865722656,88.7681884765625,36.76925277709961,51.15699768066406,29.576038360595703
2019-01-24,36.26404571533203,99.13941192626953,82.74649810791016,53.755706787109375,144.6945343017578,3.9129579067230225,19.43400001525879,201.02000427246094,84.30760192871094,103.79957580566406,130.8724365234375,78.45684051513672,235.48623657226562,148.28543090820312,191.8156280517578,106.70248413085938,242.55999755859375,144.74490356445312,32.66699981689453,27.73650550842285,38.19131851196289,87.78215789794922,36.890586853027344,51.2287483215332,29.471168518066406
2019-01-25,37.465721130371094,100.04489135742188,83.52850341796875,54.6240348815918,147.84976196289062,3.970223903656006,19.80266761779785,202.75,84.84098052978516,104.78011322021484,131.79437255859375,77.87440490722656,237.18519592285156,150.88661193847656,194.83998107910156,107.22369384765625,244.9499969482422,147.5734100341797,33.80500030517578,27.526540756225586,37.93505096435547,87.66190338134766,37.311187744140625,51.458335876464844,29.045698165893555
2019-01-28,37.11899948120117,98.09387969970703,81.89450073242188,53.5504035949707,146.32174682617188,3.4213578701019287,19.7586669921875,200.9499969482422,85.24309539794922,105.40113067626953,129.2472381591797,77.80785369873047,236.0525665283203,150.4098358154297,192.17095947265625,106.95343017578125,241.85000610351562,145.19825744628906,33.566001892089844,26.77470588684082,37.774879455566406,87.23701477050781,37.00380325317383,51.113929748535156,29.0816593170166
2019-01-29,36.73426055908203,96.09616088867188,79.69400024414062,53.06442642211914,143.06727600097656,3.2624504566192627,19.83066749572754,202.0500030517578,85.4810562133789,106.49608612060547,128.30625915527344,77.8244857788086,236.55697631835938,150.29278564453125,191.28759765625,107.04029083251953,238.27000427246094,143.07936096191406,32.88999938964844,27.61458969116211,37.95907211303711,87.3813247680664,37.17367172241211,51.30767822265625,28.976795196533203
2019-01-30,39.24449157714844,99.30744171142578,83.52149963378906,54.44947814941406,149.248779296875,3.4059884548187256,20.584667205810547,205.9600067138672,85.67801666259766,107.5665054321289,130.77743530273438,78.63985443115234,239.238037109375,152.37542724609375,195.87684631347656,106.29708862304688,242.6699981689453,147.0017852783203,34.066001892089844,28.163219451904297,38.32745361328125,88.84032440185547,37.78029251098633,51.8673095703125,28.404497146606445
2019-01-31,39.527103424072266,97.48707580566406,85.9365005493164,55.83304214477539,165.39208984375,3.56365704536438,20.468000411987305,205.5399932861328,84.9312515258789,108.74317932128906,128.31578063964844,80.26223754882812,239.08766174316406,153.5045166015625,202.70303344726562,107.63872528076172,247.82000732421875,149.77110290527344,33.95000076293945,29.003604888916016,38.54367446899414,90.32343292236328,38.24941635131836,52.57762145996094,28.713115692138672
2019-02-01,39.54610824584961,95.94678497314453,81.3115005493164,55.4725227355957,164.41973876953125,3.587951898574829,20.81399917602539,209.19000244140625,85.24309539794922,109.65835571289062,133.2009735107422,81.09423065185547,237.7779998779297,154.2071075439453,205.23768615722656,107.42638397216797,247.3800048828125,153.61468505859375,33.98500061035156,29.297399520874023,39.00014877319336,89.93862915039062,38.289852142333984,54.47179412841797,28.122854232788086
2019-02-04,40.669403076171875,98.7099838256836,81.66549682617188,56.60317611694336,167.93215942382812,3.6982712745666504,20.859333038330078,208.52000427246094,85.54669189453125,108.57974243164062,134.4840087890625,81.56015014648438,237.32675170898438,155.93006896972656,206.33218383789062,107.90898132324219,254.74000549316406,155.43789672851562,35.13399887084961,28.99677848815918,39.44060134887695,90.6601333618164,38.29792785644531,53.68257522583008,28.3955135345459
2019-02-05,41.365238189697266,100.09160614013672,82.94049835205078,57.12138366699219,169.82728576660156,3.7173588275909424,21.42333221435547,207.82000732421875,85.16924285888672,108.57974243164062,135.46295166015625,81.06926727294922,235.6455535888672,155.8966064453125,207.24427795410156,108.73905181884766,254.82000732421875,156.68954467773438,35.58100128173828,28.77129364013672,39.44861602783203,90.50780487060547,38.22514724731445,54.23501968383789,28.644197463989258
2019-02-06,41.37948989868164,98.98070526123047,82.01300048828125,55.684268951416016,169.16250610351562,3.79297137260437,21.148000717163086,206.00999450683594,85.1281967163086,108.67779541015625,134.47450256347656,81.46863555908203,238.46820068359375,154.49984741210938,206.7066192626953,107.53254699707031,254.35000610351562,155.8419952392578,35.21900177001953,28.921615600585938,39.44861602783203,90.62805938720703,38.403079986572266,53.99825668334961,28.65618896484375
2019-02-07,40.595794677734375,98.27125549316406,80.71849822998047,54.84223175048828,165.08450317382812,3.6546387672424316,20.500667572021484,201.72999572753906,84.01217651367188,107.90153503417969,133.21998596191406,80.81968688964844,238.02577209472656,153.95620727539062,205.42971801757812,107.08856201171875,253.74000549316406,152.6882781982422,34.47100067138672,28.491180419921875,39.576744079589844,90.6601333618164,37.77220916748047,53.58211898803711,28.982778549194336
2019-02-08,40.64349365234375,98.6446533203125,79.41100311279297,54.66717529296875,166.02708435058594,3.673232078552246,20.386667251586914,200.9199981689453,83.1751937866211,108.18751525878906,133.4195556640625,81.29389953613281,231.7433624267578,154.3492889404297,207.93551635742188,107.62906646728516,257.0,154.40310668945312,34.75699996948242,28.853296279907227,39.64080810546875,90.60399627685547,38.168521881103516,53.66917419433594,28.638208389282227
2019-02-11,40.409751892089844,98.25257110595703,79.55000305175781,54.65428161621094,164.49911499023438,3.630591869354248,20.856000900268555,203.0500030517578,82.78131103515625,107.86068725585938,133.8187255859375,81.75981140136719,227.5314178466797,152.99435424804688,208.43478393554688,105.63111114501953,258.3900146484375,157.59625244140625,34.573001861572266,28.477510452270508,39.72889709472656,90.56391906738281,38.483970642089844,53.75624084472656,28.823974609375
2019-02-12,40.757972717285156,99.78353118896484,81.90049743652344,55.91685104370117,163.75491333007812,3.747603178024292,20.78733253479004,206.14999389648438,84.19273376464844,109.62569427490234,134.94972229003906,82.58350372314453,233.15904235839844,155.1689453125,210.1725311279297,105.39946746826172,261.3699951171875,160.4345703125,35.99700164794922,28.60732650756836,39.76892852783203,91.22127532958984,38.73469543457031,54.69931411743164,29.054691314697266
2019-02-13,40.5886344909668,99.7088623046875,82.0,55.96891403198242,162.79249572753906,3.7899961471557617,20.544666290283203,205.8000030517578,84.59481811523438,109.86264038085938,136.37538146972656,82.56685638427734,233.424560546875,157.586181640625,211.73745727539062,106.36465454101562,260.2300109863281,158.07913208007812,35.176998138427734,28.491180419921875,39.873046875,91.48583984375,38.41925811767578,55.315940856933594,29.345327377319336
2019-02-14,40.73651123046875,99.7928695678711,81.13249969482422,55.9971809387207,162.67340087890625,3.830899953842163,20.251333236694336,202.77999877929688,84.04501342773438,109.74824523925781,136.29922485351562,81.91791534423828,234.77838134765625,157.0006866455078,211.03662109375,106.80865478515625,260.1400146484375,157.16259765625,35.90700149536133,28.6756534576416,36.509586334228516,90.25929260253906,39.1472053527832,55.3304443359375,29.519107818603516
2019-02-15,40.645870208740234,101.0251235961914,80.39749908447266,55.522605895996094,161.23472595214844,3.900562286376953,20.525333404541016,205.2899932861328,86.61349487304688,111.43968963623047,137.96534729003906,81.93455505371094,239.9105682373047,160.91500854492188,213.24478149414062,108.67147064208984,259.45001220703125,156.74867248535156,35.6870002746582,28.96944808959961,36.22929382324219,92.92082977294922,39.980289459228516,56.375118255615234,29.95956039428711
2019-02-19,40.76751708984375,100.97842407226562,81.37899780273438,55.86378479003906,161.0263214111328,3.883208751678467,20.375999450683594,205.69000244140625,86.30987548828125,110.87586975097656,137.51783752441406,83.19086456298828,239.2734375,160.86488342285156,211.78546142578125,109.55946350097656,257.80999755859375,158.28610229492188,36.19200134277344,29.106094360351562,35.90094757080078,92.93685150146484,40.158241271972656,56.75233840942383,30.621734619140625
2019-02-20,41.02986526489258,100.45343780517578,81.1050033569336,55.57020950317383,161.2942352294922,3.930558919906616,20.17066764831543,206.16000366210938,86.72834777832031,111.4151840209961,137.79396057128906,82.60012817382812,238.4771270751953,160.46343994140625,212.2847137451172,109.72354888916016,258.1000061035156,156.2460479736328,35.99100112915039,28.832799911499023,36.1171875,92.856689453125,40.14207077026367,56.969993591308594,29.926591873168945
2019-02-21,40.798519134521484,102.57218933105469,80.97200012207031,54.7579231262207,158.79385375976562,3.861640453338623,19.415332794189453,205.3300018310547,86.5478286743164,110.65525817871094,137.09890747070312,83.0161361694336,235.7251739501953,160.4382781982422,210.5565643310547,110.31232452392578,257.760009765625,157.32028198242188,35.696998596191406,28.79180908203125,36.72582244873047,93.07312774658203,39.9641227722168,56.454917907714844,29.7797794342041
2019-02-22,41.254058837890625,104.0346908569336,81.5780029296875,55.370365142822266,160.6294708251953,3.946424722671509,19.6473331451416,201.91000366210938,86.16216278076172,111.61946105957031,138.8793487548828,83.40717315673828,236.35337829589844,160.91500854492188,214.40647888183594,111.2389144897461,258.8999938964844,158.97598266601562,36.301998138427734,29.35206413269043,36.26133346557617,93.60223388671875,40.530303955078125,56.89017868041992,29.827722549438477
2019-02-25,41.55457305908203,104.6159439086914,81.6500015258789,55.40855026245117,163.3382110595703,3.9340293407440186,19.917999267578125,202.30999755859375,87.06480407714844,112.03071594238281,139.06016540527344,82.84142303466797,234.13246154785156,158.89927673339844,214.40647888183594,109.63667297363281,258.6199951171875,159.02525329589844,36.39099884033203,29.43404769897461,35.989051818847656,93.04106140136719,41.08030319213867,56.94822692871094,29.69888687133789
2019-02-26,41.578426361083984,105.33782196044922,81.81999969482422,55.640628814697266,162.85202026367188,3.8946125507354736,19.857332229614258,201.89999389648438,86.40011596679688,111.95671844482422,139.99322509765625,83.0577621459961,232.69898986816406,157.49415588378906,215.05938720703125,109.54981994628906,261.2200012207031,160.6415252685547,36.49700164794922,29.393056869506836,35.78884506225586,92.96890258789062,41.395748138427734,57.064292907714844,29.570043563842773
2019-02-27,41.707210540771484,105.15968322753906,82.05449676513672,55.684268951416016,161.54232788085938,3.8527157306671143,20.982667922973633,202.2899932861328,86.29345703125,111.7593002319336,140.16461181640625,82.29229736328125,221.28436279296875,153.62164306640625,215.60665893554688,108.85487365722656,262.8999938964844,160.759765625,36.2869987487793,29.33156967163086,35.989051818847656,92.48789978027344,41.727359771728516,57.65192413330078,29.396263122558594
2019-02-28,41.29698944091797,105.02843475341797,81.99150085449219,55.86576843261719,160.19290161132812,3.8281478881835938,21.325332641601562,201.3000030517578,85.63697052001953,112.39264678955078,141.021484375,81.9927978515625,214.32940673828125,154.8511505126953,215.7986602783203,108.91277313232422,262.5,161.28208923339844,35.810001373291016,29.618520736694336,36.309383392333984,93.45610809326172,41.872955322265625,57.33269500732422,29.65992546081543
2019-03-01,41.731075286865234,105.4971923828125,83.58650207519531,56.955265045166016,161.01646423339844,3.8824949264526367,19.652666091918945,203.1300048828125,85.69441986083984,113.79920959472656,142.30679321289062,81.90125274658203,217.80685424804688,154.87623596191406,218.1796875,110.04206848144531,264.010009765625,162.14939880371094,35.731998443603516,29.625364303588867,36.34141540527344,93.89250946044922,41.5817756652832,58.036407470703125,29.342336654663086
2019-03-04,41.94095993041992,105.24407196044922,84.80850219726562,57.19825744628906,166.0667724609375,3.8906843662261963,19.02400016784668,201.80999755859375,85.4974594116211,113.9061508178711,140.86917114257812,82.25902557373047,208.84329223632812,153.73873901367188,217.2579803466797,110.35092163085938,258.1600036621094,156.20660400390625,35.104000091552734,29.42722511291504,36.5576286315918,93.88442993164062,41.379573822021484,58.26129150390625,29.318361282348633
2019-03-05,41.864627838134766,104.71907043457031,84.62149810791016,57.980289459228516,169.926513671875,3.884233236312866,18.43600082397461,201.47000122070312,85.43181610107422,114.1446762084961,140.85963439941406,82.44205474853516,213.63037109375,153.8976593017578,217.1907501220703,110.03240966796875,257.3800048828125,154.6987762451172,35.43000030517578,29.304237365722656,36.51758575439453,93.77127075195312,41.49280548095703,58.17423629760742,29.465173721313477
2019-03-06,41.62372970581055,104.76595306396484,83.44750213623047,57.76953887939453,171.16676330566406,3.7733051776885986,18.416000366210938,200.6699981689453,85.11178588867188,114.40786743164062,140.7263641357422,82.30894470214844,211.5421142578125,154.27398681640625,215.51060485839844,110.85282135009766,256.3999938964844,154.5213623046875,35.96099853515625,28.60049819946289,36.397464752197266,94.28042602539062,41.79207229614258,57.51408386230469,29.44120979309082
2019-03-07,41.1419677734375,103.49093627929688,81.29750061035156,57.07080841064453,167.81309509277344,3.7040674686431885,18.439332962036133,199.3000030517578,84.4963607788086,113.70873260498047,139.7932891845703,81.9927978515625,209.44500732421875,152.65139770507812,213.53280639648438,110.04206848144531,255.4600067138672,153.34860229492188,35.2599983215332,28.27937889099121,36.26133346557617,93.8278579711914,41.48471450805664,58.15248489379883,29.198514938354492
2019-03-08,41.23976135253906,103.60343933105469,81.04000091552734,57.02717208862305,168.2794189453125,3.738313674926758,18.94266700744629,198.6999969482422,84.5291748046875,113.5606689453125,140.28839111328125,81.87633514404297,210.76849365234375,151.580810546875,213.014404296875,109.84901428222656,254.74000549316406,152.81639099121094,34.959999084472656,27.93775749206543,35.90896987915039,93.12474060058594,41.30678176879883,57.31820297241211,29.240455627441406
2019-03-11,42.66838836669922,105.7784423828125,83.53099822998047,58.47966384887695,170.7301788330078,3.998884439468384,19.39466667175293,202.08999633789062,85.62877655029297,113.971923828125,143.44931030273438,82.8497314453125,215.97349548339844,152.5928497314453,216.6339111328125,110.75630950927734,260.9599914550781,155.36892700195312,35.88600158691406,28.354536056518555,36.98207092285156,94.2238540649414,41.994266510009766,57.87681198120117,29.507122039794922
2019-03-12,43.147789001464844,106.51910400390625,83.65499877929688,59.37179183959961,170.58135986328125,4.033130645751953,18.890666961669922,202.5,85.37438201904297,114.48191833496094,144.45848083496094,83.24076843261719,218.3983917236328,153.8976593017578,217.8820037841797,110.73699951171875,263.510009765625,155.98980712890625,35.62699890136719,28.511667251586914,36.87797164916992,94.20767974853516,42.180301666259766,58.036407470703125,29.474164962768555
2019-03-13,43.338584899902344,107.34406280517578,84.54049682617188,59.4615478515625,172.02008056640625,4.184508323669434,19.263999938964844,204.05999755859375,85.66160583496094,114.67110443115234,145.1630401611328,84.18092346191406,224.056396484375,152.63372802734375,219.3797607421875,110.11927795410156,264.3800048828125,157.4976806640625,36.12099838256836,28.702985763549805,37.014102935791016,94.21576690673828,42.53619384765625,58.551483154296875,29.67191505432129
2019-03-14,43.820369720458984,107.42847442626953,84.31099700927734,59.13772201538086,168.84498596191406,4.108571529388428,19.33066749572754,203.3800048828125,86.4411392211914,113.52777099609375,146.81011962890625,84.29740905761719,224.96241760253906,153.0297393798828,220.34945678710938,110.49569702148438,267.69000244140625,158.34523010253906,35.88199996948242,28.142728805541992,36.91716766357422,93.34295654296875,42.65750503540039,58.3556022644043,29.58757972717285
2019-03-15,44.39038848876953,108.66596984863281,85.61799621582031,59.02714157104492,164.68760681152344,4.214039325714111,18.36199951171875,204.30999755859375,87.43408203125,113.18229675292969,148.00973510742188,85.22923278808594,223.30142211914062,153.55218505859375,221.9431915283203,110.95899963378906,257.0899963378906,159.17306518554688,36.145999908447266,28.545841217041016,36.59403610229492,93.47225189208984,43.02958297729492,58.145240783691406,29.647825241088867
2019-03-18,44.84355163574219,110.22221374511719,87.10749816894531,58.94036102294922,159.22055053710938,4.192698955535889,17.965999603271484,206.67999267578125,87.95926666259766,112.82859802246094,147.53370666503906,84.45547485351562,226.49905395507812,154.5548858642578,221.19435119628906,109.18304443359375,257.760009765625,159.60671997070312,36.34400177001953,28.56633949279785,36.68289566040039,94.7734146118164,43.28030776977539,58.81989669799805,30.0213565826416
2019-03-19,44.48817443847656,110.29721069335938,88.09249877929688,59.630157470703125,160.31198120117188,4.3604559898376465,17.83133316040039,205.14999389648438,87.63919830322266,113.87324523925781,147.18141174316406,84.77997589111328,228.3909912109375,155.15313720703125,221.78958129882812,106.17162322998047,260.4200134277344,161.55807495117188,35.87799835205078,28.901126861572266,36.80406951904297,95.43608856201172,43.11854934692383,58.66755294799805,30.078594207763672
2019-03-20,44.8769416809082,110.17533111572266,89.8635025024414,60.81882858276367,164.1518096923828,4.327945709228516,18.239999771118164,203.27000427246094,85.76826477050781,112.92733001708984,146.3816680908203,84.63019561767578,222.50196838378906,156.8131561279297,220.71434020996094,106.1619644165039,259.739990234375,161.1441192626953,37.52199935913086,28.81230354309082,36.77983093261719,95.62199401855469,43.0781135559082,58.9940185546875,29.714092254638672
2019-03-21,46.5297737121582,112.70657348632812,90.96299743652344,61.29985427856445,164.78683471679688,4.564693450927734,18.26799964904785,204.42999267578125,84.41429138183594,113.59358215332031,148.3334503173828,85.27083587646484,223.8520965576172,160.0740966796875,226.45559692382812,104.8782730102539,264.17999267578125,164.5343475341797,37.7869987487793,28.935291290283203,36.763675689697266,96.5271224975586,43.62810516357422,59.33498001098633,29.84061050415039
2019-03-22,45.56621170043945,109.73471069335938,88.2385025024414,59.887535095214844,163.06039428710938,4.40487813949585,17.635332107543945,200.5500030517578,81.86225891113281,112.61474609375,145.73431396484375,84.58026885986328,219.4730987548828,159.04611206054688,221.549560546875,104.46322631835938,259.69000244140625,159.16319274902344,36.10100173950195,28.593664169311523,37.102962493896484,97.56155395507812,42.65750503540039,58.38462448120117,29.605640411376953
2019-03-25,45.01526641845703,110.30658721923828,88.71299743652344,59.37823486328125,164.99517822265625,4.312561511993408,17.3613338470459,199.44000244140625,81.18115234375,112.36798095703125,145.69619750976562,84.82989501953125,219.26885986328125,159.82974243164062,221.2230987548828,104.03853607177734,262.2699890136719,158.5522003173828,36.62300109863281,28.620990753173828,37.18373489379883,97.66664123535156,42.649417877197266,57.97836685180664,29.572507858276367
2019-03-26,44.55018997192383,110.54097747802734,89.18800354003906,59.004329681396484,166.3743896484375,4.389244079589844,17.851333618164062,200.6199951171875,81.99356079101562,113.98016357421875,147.85740661621094,85.7117691040039,216.18663024902344,159.54324340820312,223.9785919189453,106.30674743652344,265.5899963378906,157.09356689453125,35.99700164794922,28.983112335205078,37.67650604248047,98.61214447021484,43.0538444519043,58.732845306396484,29.61769676208496
2019-03-27,44.95087814331055,109.47219848632812,88.28500366210938,58.41767501831055,164.5784912109375,4.38006067276001,18.32200050354004,199.2100067138672,81.71454620361328,114.08710479736328,146.82916259765625,85.61195373535156,214.69442749023438,159.4674530029297,223.23928833007812,106.44187927246094,262.3399963378906,152.8755340576172,35.33700180053711,28.709810256958008,37.65227508544922,98.50713348388672,42.981056213378906,58.283042907714844,29.28331756591797
2019-03-28,45.010498046875,109.6222152709961,88.6709976196289,58.13302993774414,164.26097106933594,4.3986735343933105,18.57466697692871,200.66000366210938,82.64183044433594,114.23514556884766,147.2576141357422,86.15275573730469,215.15628051757812,160.1499481201172,225.48590087890625,106.8569107055664,263.5299987792969,152.93466186523438,35.46099853515625,28.894287109375,37.628047943115234,98.46670532226562,43.15898513793945,58.573246002197266,29.25922203063965
2019-03-29,45.30385971069336,110.56909942626953,89.0374984741211,58.36214065551758,165.39208984375,4.455997943878174,18.657333374023438,200.88999938964844,83.06853485107422,114.983642578125,148.70474243164062,86.56877136230469,219.62411499023438,161.6919708251953,226.0523223876953,107.165771484375,266.489990234375,156.07850646972656,35.65599822998047,29.017274856567383,37.85422897338867,99.04051208496094,43.668556213378906,58.616764068603516,29.379709243774414
2019-04-01,45.611534118652344,111.58157348632812,90.70950317382812,59.457584381103516,167.3864288330078,4.52349853515625,19.278667449951172,205.0,85.8667221069336,114.31741333007812,149.7235107421875,86.22761535644531,218.0963897705078,164.85182189941406,229.5086669921875,108.5942611694336,272.1700134277344,158.8478546142578,36.69599914550781,29.27008056640625,37.74113082885742,98.59603118896484,44.46929168701172,59.29145431518555,29.46707534790039
2019-04-02,46.274574279785156,111.74095916748047,90.6989974975586,59.782901763916016,172.84361267089844,4.5413665771484375,19.058666229248047,203.8800048828125,86.27703857421875,113.27278900146484,150.21853637695312,86.31913757324219,217.09271240234375,163.73114013671875,229.71029663085938,108.06340789794922,271.3500061035156,158.18756103515625,36.77199935913086,29.31790542602539,37.619964599609375,98.33739471435547,44.72002029418945,59.03753662109375,29.20198631286621
2019-04-03,46.59178161621094,112.47222900390625,91.03500366210938,60.04423904418945,172.18875122070312,4.680832386016846,19.45400047302246,203.6699981689453,86.44935607910156,112.82859802246094,150.865966796875,86.26923370361328,218.3628692626953,167.35446166992188,229.3934783935547,108.60391235351562,271.5,160.26702880859375,36.974998474121094,29.27008056640625,37.30491638183594,98.24041748046875,44.995025634765625,58.6893196105957,29.27729606628418
2019-04-04,46.67286682128906,111.90034484863281,90.94300079345703,60.472694396972656,174.64944458007812,4.671901226043701,17.851999282836914,204.10000610351562,87.28448486328125,111.51255798339844,150.08523559570312,86.05289459228516,219.73959350585938,168.90481567382812,226.63803100585938,110.75630950927734,267.8900146484375,156.22634887695312,36.78799819946289,29.201753616333008,37.54725646972656,98.16768646240234,44.881065368652344,59.523597717285156,29.554433822631836
2019-04-05,46.985313415527344,112.39720916748047,91.86399841308594,60.07597351074219,174.35177612304688,4.738655090332031,18.33066749572754,205.3300018310547,87.07779693603516,112.0142822265625,150.09474182128906,86.23595428466797,220.9741973876953,170.26145935058594,227.185302734375,110.99760437011719,267.45001220703125,156.26576232910156,36.54899978637695,29.37255859375,37.539188385009766,98.28892517089844,44.938053131103516,59.8427848815918,29.77132797241211
2019-04-08,47.72467803955078,112.43472290039062,92.49299621582031,59.91877746582031,173.5679168701172,4.759500980377197,18.213333129882812,205.25,87.35891723632812,111.98138427734375,150.19000244140625,87.33417510986328,220.9475860595703,171.5170135498047,227.1564483642578,110.95899963378906,268.80999755859375,156.17706298828125,36.14099884033203,29.475048065185547,37.60380554199219,98.59603118896484,45.165950775146484,60.2127685546875,29.89183235168457
2019-04-09,47.581565856933594,111.8253402709961,91.79199981689453,59.64155960083008,176.19729614257812,4.69671630859375,18.15399932861328,204.9199981689453,86.71394348144531,111.51255798339844,149.94244384765625,87.07625579833984,220.98316955566406,169.28402709960938,226.810302734375,112.7928695678711,268.989990234375,154.6987762451172,36.47100067138672,29.27008056640625,37.700748443603516,98.73339080810547,44.91363525390625,59.43655014038086,29.72915267944336
2019-04-10,47.84869384765625,112.6784896850586,92.36650085449219,59.82802200317383,176.4354248046875,4.76719331741333,18.40399932861328,204.52000427246094,87.10256958007812,111.520751953125,150.96116638183594,87.06793212890625,218.53158569335938,168.0453643798828,227.91590881347656,113.08243560791016,271.5799865722656,157.92144775390625,36.391998291015625,29.194915771484375,37.67650604248047,98.62835693359375,45.43456268310547,59.16811752319336,30.003280639648438
2019-04-11,47.45039749145508,112.80972290039062,92.20349884033203,59.983734130859375,176.1278076171875,4.753294944763184,17.89466667175293,206.6699981689453,87.83851623535156,111.21642303466797,150.29473876953125,87.15113067626953,209.1074676513672,169.7727813720703,226.93533325195312,112.54191589355469,271.8999938964844,158.4043426513672,36.76499938964844,28.880617141723633,37.733055114746094,98.3293228149414,45.25547409057617,59.45104217529297,30.364761352539062
2019-04-12,47.43132400512695,113.39098358154297,92.15299987792969,60.635353088378906,177.70547485351562,4.715327262878418,17.84666633605957,210.55999755859375,91.9563217163086,111.84978485107422,151.98941040039062,87.40906524658203,198.27105712890625,171.7698211669922,229.61767578125,125.53346252441406,271.8599853515625,158.38465881347656,35.11399841308594,28.498008728027344,37.757293701171875,98.78191375732422,45.81711196899414,58.70384216308594,30.59370231628418
2019-04-15,47.51717758178711,113.4847412109375,92.24349975585938,60.823787689208984,178.2511749267578,4.583553791046143,17.7586669921875,209.74000549316406,90.90621185302734,112.29393005371094,152.7510223388672,87.96648406982422,204.4709014892578,172.62083435058594,229.92532348632812,127.44453430175781,272.2200012207031,157.77362060546875,34.887001037597656,28.75764274597168,37.96732711791992,99.93758392333984,46.03688430786133,58.507957458496094,30.85577392578125
2019-04-16,47.521949768066406,113.22223663330078,93.1520004272461,61.09059143066406,177.47723388671875,4.670658588409424,18.224000930786133,211.8000030517578,91.86538696289062,113.52777099609375,152.55111694335938,88.5405502319336,196.263671875,172.29225158691406,230.82908630371094,125.37902069091797,271.42999267578125,156.39385986328125,35.94599914550781,27.958253860473633,37.926937103271484,98.92736053466797,46.354312896728516,58.906951904296875,31.006399154663086
2019-04-17,48.44734573364258,114.15972900390625,93.24099731445312,61.498714447021484,177.38795471191406,4.647827625274658,18.082000732421875,210.3699951171875,94.51136779785156,113.93904113769531,152.7510223388672,88.68801879882812,192.60411071777344,174.0448455810547,231.7039337158203,127.1646499633789,269.45001220703125,153.09234619140625,35.4739990234375,27.247676849365234,38.19350051879883,102.64492797851562,45.83339309692383,59.07380294799805,31.075687408447266
2019-04-18,48.62145233154297,115.65972137451172,93.08450317382812,61.56467056274414,176.891845703125,4.623258113861084,18.21733283996582,209.99000549316406,93.81676483154297,113.11650848388672,152.48448181152344,88.85560607910156,196.96539306640625,173.29495239257812,231.59823608398438,127.84025573730469,270.57000732421875,153.7329559326172,36.03499984741211,26.90605926513672,38.355072021484375,102.7095718383789,45.90664291381836,58.85615539550781,31.08172035217285
2019-04-22,48.781253814697266,116.0253677368164,94.3655014038086,62.17412567138672,180.02725219726562,4.677112579345703,17.516666412353516,209.49000549316406,93.93253326416016,113.37150573730469,152.71299743652344,88.82208251953125,201.72625732421875,172.55345153808594,233.6748504638672,127.0970687866211,272.2099914550781,156.46287536621094,37.73400115966797,26.632762908935547,38.29045486450195,102.18428039550781,45.85780715942383,60.140235900878906,30.837705612182617
2019-04-23,49.484840393066406,117.6003646850586,96.1884994506836,63.008731842041016,182.34902954101562,4.731706619262695,17.593332290649414,211.61000061035156,94.04827880859375,115.07415008544922,153.91259765625,86.43416595458984,204.8083953857422,173.6235809326172,234.09793090820312,128.71861267089844,278.489990234375,158.89715576171875,38.18899917602539,26.93338966369629,38.94477844238281,102.7095718383789,46.14269256591797,60.488426208496094,31.048580169677734
2019-04-24,49.40851593017578,117.19721221923828,95.0875015258789,62.48605728149414,181.1583709716797,4.744115352630615,17.243999481201172,210.57000732421875,93.89122009277344,114.49838256835938,153.75070190429688,86.87824249267578,204.60418701171875,174.18809509277344,235.82847595214844,130.3980712890625,275.45001220703125,157.2512969970703,37.42300033569336,26.89922523498535,38.75898361206055,102.57217407226562,46.29734420776367,59.31321716308594,31.187150955200195
2019-04-25,48.96013259887695,121.07850646972656,95.11250305175781,62.847564697265625,191.75521850585938,4.638398170471191,16.5086669921875,211.9499969482422,93.94080352783203,114.8685302734375,153.3032989501953,86.53472900390625,204.99496459960938,174.00279235839844,236.13613891601562,132.4635772705078,277.6600036621094,160.730224609375,36.83300018310547,27.063213348388672,38.64588928222656,101.93374633789062,45.849674224853516,59.64691162109375,31.184133529663086
2019-04-26,48.72639846801758,121.7722396850586,97.53150177001953,63.34743118286133,189.99900817871094,4.41951847076416,15.675999641418457,214.22000122070312,94.65193939208984,115.47720336914062,155.1217041015625,88.69642639160156,210.5108642578125,171.5675506591797,237.16488647460938,135.05030822753906,281.9599914550781,163.55870056152344,37.48500061035156,27.309167861938477,38.985164642333984,102.15194702148438,45.4833869934082,58.391876220703125,30.584667205810547
2019-04-29,48.800323486328125,121.65974426269531,96.92150115966797,64.27873992919922,193.2633514404297,4.450289726257324,16.097999572753906,216.5800018310547,96.0162582397461,115.0247802734375,156.28321838378906,87.79149627685547,210.91058349609375,170.34573364257812,237.5975341796875,134.45188903808594,286.1400146484375,162.9673614501953,37.18299865722656,27.049530029296875,39.11442184448242,102.38630676269531,45.68688201904297,58.01465606689453,30.59370231628418
2019-04-30,47.86062240600586,122.43788146972656,96.32599639892578,59.45659637451172,191.89410400390625,4.491733551025391,15.912667274475098,216.7100067138672,95.95836639404297,116.14346313476562,156.54983520507812,89.21588134765625,207.0201416015625,171.6433868408203,244.4332733154297,132.2029571533203,289.25,162.95751953125,37.05400085449219,27.7464542388916,39.63143539428711,103.48541259765625,45.54037094116211,58.23952102661133,30.979286193847656
2019-05-01,50.20988845825195,119.88787078857422,95.57599639892578,58.18510055541992,191.52699279785156,4.478581428527832,15.600666999816895,216.7100067138672,95.22245788574219,116.7603530883789,154.98843383789062,87.91717529296875,206.02532958984375,167.51454162597656,239.15505981445312,131.6334991455078,283.3500061035156,159.80381774902344,37.88100051879883,27.855764389038086,39.25175476074219,102.83080291748047,45.23920822143555,57.0715446472168,30.533451080322266
2019-05-02,49.88313293457031,118.32223510742188,95.04100036621094,57.847389221191406,191.0308837890625,4.546081066131592,16.273332595825195,215.92999267578125,95.4291763305664,116.2092514038086,153.39842224121094,88.44503784179688,206.46939086914062,169.3767547607422,237.65524291992188,129.47145080566406,279.6400146484375,159.48846435546875,37.90599822998047,28.01974105834961,39.09018325805664,102.49945831298828,44.718284606933594,56.07042694091797,30.470199584960938
2019-05-03,50.50324630737305,120.8440933227539,98.12300109863281,58.98994445800781,193.947998046875,4.541614055633545,17.00200080871582,218.60000610351562,96.0162582397461,116.80968475341797,154.27438354492188,88.88072967529297,206.02532958984375,168.99752807617188,238.38587951660156,129.65484619140625,285.5799865722656,160.97659301757812,38.50299835205078,28.27937889099121,39.35677719116211,103.1783218383789,44.718284606933594,56.20100021362305,30.750356674194336
2019-05-06,49.72334671020508,120.14098358154297,97.52749633789062,59.18384552001953,192.37039184570312,4.463195323944092,17.022666931152344,213.16000366210938,95.16458129882812,116.87553405761719,154.50283813476562,88.54558563232422,213.61968994140625,168.21389770507812,239.04931640625,130.30152893066406,283.6600036621094,160.14874267578125,37.867000579833984,28.457021713256836,39.15481948852539,102.85502624511719,44.43339538574219,55.954345703125,30.864818572998047
2019-05-07,48.3829460144043,117.67536926269531,96.05000305175781,58.45983123779297,188.2923583984375,4.295934200286865,16.470666885375977,209.42999267578125,93.61006164550781,115.1317138671875,152.5320587158203,87.7244644165039,211.4435577392578,164.11868286132812,235.60736083984375,128.7958221435547,277.07000732421875,154.62979125976562,37.04600143432617,27.896760940551758,38.775146484375,101.81253051757812,43.505496978759766,55.656917572021484,30.51539421081543
2019-05-08,48.392486572265625,117.66596984863281,95.88849639892578,58.059146881103516,188.06417846679688,4.31603479385376,16.32266616821289,209.2899932861328,93.1139144897461,114.983642578125,153.0557098388672,88.03449249267578,212.42056274414062,164.4557647705078,235.86695861816406,130.29188537597656,276.7699890136719,154.5903778076172,36.4370002746582,27.978744506835938,38.65397644042969,101.84483337402344,43.52177810668945,55.74397277832031,30.214149475097656
2019-05-09,47.8725471496582,117.6566162109375,94.99349975585938,57.9197883605957,187.18106079101562,4.2234697341918945,16.131999969482422,208.55999755859375,93.03951263427734,114.11178588867188,152.1512451171875,87.33907318115234,211.37245178222656,163.95863342285156,235.84765625,128.9405975341797,275.7900085449219,154.04833984375,36.275001525878906,28.013214111328125,38.29045486450195,101.86907196044922,43.074100494384766,55.693172454833984,30.14449691772461
2019-05-10,47.20933532714844,119.18476104736328,94.4990005493164,57.90342712402344,186.87353515625,4.189471244812012,15.968000411987305,209.02000427246094,93.03126525878906,114.37498474121094,153.00807189941406,88.82208251953125,213.6995849609375,163.95863342285156,237.88595581054688,129.3749542236328,278.4800109863281,157.62583923339844,36.104000091552734,28.068359375,38.928627014160156,103.45307159423828,43.4322395324707,56.1774787902832,30.862226486206055
2019-05-13,44.465576171875,115.64097595214844,91.13400268554688,56.363651275634766,180.12646484375,3.9321279525756836,15.133999824523926,205.00999450683594,90.50103759765625,112.85328674316406,149.79010009765625,88.90587615966797,212.77587890625,160.38584899902344,232.06935119628906,126.76890563964844,267.70001220703125,150.93405151367188,34.5260009765625,27.9649600982666,38.81552505493164,102.76615142822266,41.755516052246094,55.55377960205078,30.250478744506836
2019-05-14,45.16946029663086,116.93473052978516,92.00599670410156,55.78196334838867,179.32275390625,4.0212178230285645,15.487333297729492,203.69000244140625,91.22039794921875,112.54070281982422,152.5320587158203,88.47856140136719,210.00457763671875,161.4644317626953,236.45346069335938,128.5641632080078,271.8599853515625,155.78286743164062,34.56100082397461,28.02699851989746,39.33252716064453,102.96819305419922,42.341552734375,55.627159118652344,30.371623992919922
2019-05-15,45.7105712890625,118.5814208984375,93.55750274658203,58.06013488769531,184.8196563720703,3.960170269012451,15.463333129882812,202.97999572753906,90.87310028076172,112.61474609375,154.98843383789062,89.40019989013672,209.69369506835938,161.5823974609375,239.5396270751953,129.99267578125,276.82000732421875,152.81639099121094,35.499000549316406,28.364763259887695,39.72835922241211,104.5360107421875,42.68341064453125,56.0380744934082,30.247453689575195
2019-05-16,45.50945281982422,121.31966400146484,95.37850189208984,58.73951721191406,185.53404235839844,3.975308418273926,15.222000122070312,204.6300048828125,92.03899383544922,113.6840591430664,157.210205078125,90.58160400390625,210.32437133789062,162.10487365722656,243.6448974609375,130.7841339111328,283.54998779296875,156.18692016601562,35.930999755859375,28.70250701904297,40.05149459838867,105.2795639038086,45.52409362792969,56.03070831298828,30.680511474609375
2019-05-17,45.2508659362793,120.51044464111328,93.44999694824219,57.959957122802734,183.85716247558594,3.884481191635132,14.0686674118042,203.27000427246094,91.59247589111328,114.01306915283203,156.46646118164062,90.02861022949219,214.40135192871094,162.2733917236328,242.80844116210938,130.3401336669922,279.8500061035156,152.33352661132812,35.44499969482422,28.585330963134766,39.74452209472656,105.47350311279297,45.8659553527832,55.70052719116211,30.544233322143555
2019-05-20,43.83589172363281,118.76963806152344,92.94850158691406,56.763851165771484,181.29727172851562,3.7658591270446777,13.690667152404785,202.72999572753906,92.07206726074219,113.8568115234375,155.87525939941406,89.92805480957031,218.49607849121094,160.89988708496094,243.71218872070312,129.2494659423828,275.45001220703125,153.7230987548828,34.81100082397461,28.668048858642578,39.46178436279297,105.05326080322266,45.589202880859375,55.693180084228516,30.744112014770508
2019-05-21,44.6762580871582,119.40950775146484,92.8759994506836,57.248836517333984,183.38092041015625,3.84800124168396,13.67199993133545,203.36000061035156,92.38630676269531,113.61002349853516,156.24710083007812,89.12373352050781,222.0045928955078,161.32118225097656,245.51002502441406,129.4232177734375,278.07000732421875,153.5260009765625,35.426998138427734,28.723188400268555,39.25982666015625,104.2935791015625,46.00431823730469,55.95001220703125,30.62297821044922
2019-05-22,43.76166915893555,120.13404083251953,92.98400115966797,57.318756103515625,183.8770294189453,3.7770261764526367,12.84866714477539,202.60000610351562,91.63385009765625,114.1364517211914,156.6094512939453,89.4169692993164,221.47164916992188,159.18093872070312,246.99063110351562,129.19155883789062,281.82000732421875,155.3590850830078,35.972999572753906,28.943771362304688,40.10803985595703,105.117919921875,45.328739166259766,55.4437141418457,30.959129333496094
2019-05-23,43.01466369628906,118.73197937011719,90.77400207519531,56.79756546020508,179.46168518066406,3.655923843383789,13.03266716003418,201.3000030517578,89.83126831054688,114.983642578125,154.0063018798828,89.45048522949219,218.94906616210938,161.78465270996094,240.09722900390625,128.11053466796875,274.25,151.48594665527344,35.22100067138672,28.89551544189453,40.26959991455078,105.03707122802734,44.10782241821289,54.144935607910156,30.847076416015625
2019-05-24,42.84947204589844,118.78844451904297,91.16400146484375,56.46382522583008,179.65020751953125,3.6020731925964355,12.708666801452637,201.69000244140625,90.71603393554688,114.9919662475586,155.08380126953125,89.39183807373047,219.9528045654297,163.1243896484375,241.77972412109375,128.16845703125,274.7699890136719,152.2743682861328,35.43899917602539,28.916200637817383,40.075721740722656,104.6572494506836,44.254329681396484,54.372406005859375,31.09236717224121
2019-05-28,42.67229080200195,118.71316528320312,91.82150268554688,56.51093673706055,182.87489318847656,3.5569067001342773,12.579999923706055,199.6999969482422,89.7320327758789,113.51779174804688,156.10411071777344,87.52339172363281,215.0053253173828,161.40542602539062,243.65447998046875,128.0043487548828,278.25,152.9445343017578,35.50600051879883,28.881736755371094,39.66374588012695,103.1459732055664,43.89619445800781,53.279090881347656,31.01666831970215
2019-05-29,42.468780517578125,117.56517028808594,90.95950317382812,55.53797912597656,180.77139282226562,3.4827072620391846,12.657333374023438,198.52000427246094,89.4839859008789,108.76409149169922,155.16961669921875,87.29717254638672,215.30731201171875,160.0909881591797,243.7794952392578,126.99089813232422,273.3800048828125,150.67779541015625,34.91899871826172,28.75765609741211,39.26789474487305,103.58240509033203,43.285736083984375,52.948883056640625,30.925819396972656
2019-05-30,42.689056396484375,118.30853271484375,90.81600189208984,55.610877990722656,181.5850067138672,3.4561235904693604,12.54800033569336,199.74000549316406,88.52478790283203,109.41007232666016,155.1981964111328,88.25234985351562,216.284423828125,161.0094757080078,244.3852081298828,127.59898376464844,274.510009765625,153.40773010253906,35.185001373291016,28.881736755371094,39.784908294677734,103.93797302246094,43.60317611694336,52.809471130371094,30.947017669677734
2019-05-31,41.915714263916016,116.37957000732422,88.75350189208984,54.87148666381836,176.08815002441406,3.3654401302337646,12.343999862670898,197.4199981689453,87.615234375,108.61502075195312,153.83465576171875,86.22470092773438,214.77438354492188,159.97300720214844,241.78933715820312,127.44453430175781,270.8999938964844,149.21922302246094,34.327999114990234,28.61979103088379,39.68796920776367,103.44500732421875,42.34969711303711,51.92893981933594,30.719884872436523
2019-06-03,41.491939544677734,112.76622772216797,84.6344985961914,51.51126480102539,162.8718719482422,3.323701858520508,11.9313325881958,198.55999755859375,88.02867889404297,108.85516357421875,151.2314910888672,86.97038269042969,210.1200714111328,159.73707580566406,232.91537475585938,127.8595962524414,259.0299987792969,143.0005340576172,33.66299819946289,28.89551544189453,40.374610900878906,104.23698425292969,42.146202087402344,52.743431091308594,30.87735939025879
2019-06-04,43.0098762512207,115.89027404785156,86.47799682617188,52.292301177978516,166.19578552246094,3.5527684688568115,12.90666675567627,201.58999633789062,90.74083709716797,110.75170135498047,154.78819274902344,87.70771789550781,213.85064697265625,164.5231475830078,239.56842041015625,130.1278076171875,268.7099914550781,148.6278839111328,35.34000015258789,29.109201431274414,40.39076614379883,104.30973052978516,43.32643508911133,53.99818420410156,31.059064865112305
2019-06-05,43.7042121887207,118.40265655517578,86.92500305175781,51.80384063720703,166.8605499267578,3.510035753250122,13.105999946594238,203.3000030517578,91.06330108642578,111.29000854492188,157.70602416992188,89.42535400390625,215.635986328125,166.8990936279297,246.3753204345703,131.2088165283203,272.8599853515625,156.1475067138672,35.573001861572266,29.281524658203125,41.02086639404297,106.18468475341797,44.563636779785156,53.55058670043945,31.622343063354492
2019-06-06,44.34585952758789,120.27516174316406,87.71800231933594,51.958560943603516,167.01931762695312,3.5721468925476074,13.729999542236328,204.77000427246094,91.26174926757812,113.19480895996094,159.16494750976562,89.9699478149414,214.79217529296875,167.30638122558594,247.884765625,132.43463134765625,274.79998779296875,157.00491333007812,35.7130012512207,29.4400634765625,41.52171325683594,107.44244384765625,44.848506927490234,54.5265007019043,31.831300735473633
2019-06-07,45.52620315551758,123.64385986328125,90.20149993896484,52.98060989379883,172.00022888183594,3.614879846572876,13.633333206176758,205.80999755859375,90.26122283935547,114.74348449707031,162.14952087402344,91.13459777832031,219.18887329101562,167.4166717529297,255.54736328125,133.23574829101562,278.1600036621094,158.93655395507812,36.08700180053711,29.584823608398438,41.59442138671875,108.6553955078125,45.52409362792969,54.7246208190918,32.11899185180664
2019-06-10,46.10801696777344,124.77301788330078,93.03150177001953,53.69422149658203,173.4587860107422,3.687673807144165,14.192000389099121,207.16000366210938,91.23694610595703,115.13275909423828,162.88375854492188,91.09270477294922,220.40579223632812,168.05313110351562,255.8357391357422,132.2995147705078,280.3399963378906,150.57923889160156,35.20100021362305,29.688207626342773,41.50556564331055,108.7530746459961,45.92292404174805,54.96676254272461,32.561134338378906
2019-06-11,46.64192199707031,124.30257415771484,93.18499755859375,53.608924865722656,176.71322631835938,3.7453134059906006,14.473333358764648,206.6300048828125,91.51807403564453,115.76215362548828,162.39744567871094,91.64569091796875,218.3894805908203,168.01913452148438,253.48992919921875,130.37875366210938,275.989990234375,147.97743225097656,35.12699890136719,29.41249656677246,41.46516418457031,108.43560028076172,46.48455047607422,54.91539764404297,32.68833541870117
2019-06-12,46.49347686767578,123.72853088378906,92.76599884033203,53.512725830078125,173.67706298828125,3.632270574569702,13.950667381286621,204.57000732421875,90.3521728515625,117.33567810058594,163.61793518066406,91.89704895019531,217.17262268066406,168.808349609375,253.67257690429688,130.99647521972656,276.8399963378906,149.09109497070312,34.555999755859375,29.695110321044922,41.715579986572266,108.38676452636719,45.46711730957031,54.321044921875,32.954830169677734
2019-06-13,46.4838981628418,124.50956726074219,93.51499938964844,54.103336334228516,176.08815002441406,3.68345046043396,14.260666847229004,204.99000549316406,90.575439453125,116.5323715209961,161.4821014404297,92.9276123046875,217.58120727539062,171.70184326171875,251.12474060058594,136.8069610595703,276.29998779296875,149.15023803710938,34.34299850463867,29.295305252075195,41.626041412353516,108.22396087646484,45.71942901611328,54.7979850769043,32.903343200683594
2019-06-14,46.14631271362305,124.63188934326172,93.4834976196289,53.8697624206543,179.91812133789062,3.593513250350952,14.32800006866455,205.16000366210938,90.80697631835938,116.0188980102539,161.77764892578125,93.17060852050781,218.91053771972656,174.60385131835938,250.06724548339844,136.72007751464844,274.2799987792969,147.83946228027344,33.972999572753906,29.474533081054688,41.77257537841797,108.0530014038086,44.563636779785156,54.55585479736328,33.03053665161133
2019-06-17,46.4216423034668,125.00830078125,94.30149841308594,54.246158599853516,187.5382843017578,3.6032025814056396,15.001999855041504,203.47999572753906,90.31085205078125,115.48054504394531,161.68226623535156,92.99464416503906,219.44583129882812,175.630615234375,249.20201110839844,136.06375122070312,275.6000061035156,148.11541748046875,35.0620002746582,29.5572452545166,41.41435623168945,107.88203430175781,45.09270477294922,55.098846435546875,33.05778503417969
2019-06-18,47.513423919677734,127.18193817138672,95.06849670410156,54.80900573730469,187.00250244140625,3.798232316970825,14.982666969299316,206.00999450683594,91.54287719726562,116.13482666015625,161.41529846191406,91.83002471923828,219.20494079589844,176.0548553466797,248.82693481445312,134.39398193359375,276.7799987792969,148.41107177734375,35.71200180053711,29.688207626342773,41.227115631103516,107.50757598876953,45.62175750732422,55.575775146484375,33.20619201660156
2019-06-19,47.37454605102539,127.68069458007812,95.43949890136719,54.772804260253906,186.0202178955078,3.804194688796997,15.095333099365234,206.75,90.88140106201172,116.3170166015625,162.75978088378906,92.5170669555664,223.21080017089844,176.4451446533203,249.84608459472656,136.01551818847656,291.2099914550781,151.90969848632812,36.35200119018555,29.984619140625,41.61789321899414,108.15068054199219,45.68688201904297,55.26759338378906,33.19709396362305
2019-06-20,47.7552375793457,128.86631774902344,95.90950012207031,55.203739166259766,188.05422973632812,3.8285422325134277,14.641332626342773,208.0399932861328,91.1128921508789,117.77464294433594,165.66812133789062,93.623046875,221.04283142089844,179.2538299560547,256.4991455078125,137.0772247314453,302.1099853515625,154.92544555664062,36.520999908447266,30.05354881286621,42.057518005371094,109.21710968017578,46.728736877441406,56.214176177978516,33.409080505371094
2019-06-21,47.59241485595703,128.88511657714844,95.56500244140625,55.8072509765625,189.65170288085938,3.770406723022461,14.790666580200195,206.2100067138672,90.49278259277344,117.67522430419922,165.38198852539062,93.17060852050781,225.0753631591797,177.67556762695312,254.26876831054688,135.34951782226562,299.3299865722656,154.57064819335938,36.92100143432617,30.101795196533203,41.96797180175781,109.05433654785156,46.419429779052734,57.00662612915039,33.654380798339844
2019-06-24,47.544532775878906,129.6472625732422,95.69499969482422,55.37731170654297,191.10037231445312,3.79276704788208,14.909333229064941,206.85000610351562,89.84777069091797,118.4785385131836,165.7729949951172,94.11739349365234,222.7200927734375,174.37474060058594,255.06668090820312,134.37466430664062,299.8699951171875,150.35255432128906,37.104000091552734,30.163837432861328,42.269187927246094,109.20084381103516,46.541526794433594,56.463653564453125,33.68769454956055
2019-06-25,46.823875427246094,125.5540542602539,93.91349792480469,53.93324279785156,187.36959838867188,3.7634496688842773,14.650667190551758,208.07000732421875,89.10363006591797,119.4557876586914,163.32240295410156,93.60628509521484,220.95355224609375,173.72984313964844,249.71142578125,135.06964111328125,287.9700012207031,147.17916870117188,36.029998779296875,30.163837432861328,42.13893508911133,108.93220520019531,45.64618682861328,55.964691162109375,33.53022384643555
2019-06-26,47.836639404296875,126.02452087402344,94.8915023803711,53.573211669921875,186.1988067626953,3.956740379333496,14.618000030517578,208.50999450683594,89.69895935058594,117.47650146484375,163.1125946044922,91.93892669677734,217.21542358398438,175.1553955078125,251.22091674804688,135.5135955810547,288.7200012207031,146.88351440429688,36.220001220703125,29.63306427001953,41.61789321899414,107.71922302246094,46.06943893432617,56.20681381225586,33.36064529418945
2019-06-27,47.82227325439453,126.23152923583984,95.21399688720703,53.390235900878906,188.02447509765625,4.055372714996338,14.855999946594238,212.02000427246094,89.99662780761719,116.51579284667969,163.27471923828125,91.98084259033203,219.77593994140625,175.66455078125,251.02867126464844,134.45188903808594,293.2300109863281,148.5096435546875,37.00199890136719,29.93636131286621,41.58533477783203,107.20636749267578,45.361289978027344,55.634483337402344,33.34246826171875
2019-06-28,47.38652801513672,126.05281829833984,94.68150329589844,53.696197509765625,191.49725341796875,4.080219268798828,14.897333145141602,213.1699981689453,92.44416809082031,115.34803771972656,165.4868927001953,91.87191009521484,217.69720458984375,176.47061157226562,254.32640075683594,134.780029296875,294.6499938964844,149.53457641601562,36.731998443603516,29.860538482666016,41.45507049560547,106.75045013427734,44.5473518371582,56.22882843017578,33.4605712890625
2019-07-01,48.25562286376953,127.67124938964844,96.1094970703125,54.54915237426758,191.49725341796875,4.128416061401367,15.14466667175293,214.6199951171875,93.9986801147461,115.414306640625,165.85879516601562,92.57571411132812,216.47494506835938,178.4307098388672,256.47991943359375,136.72007751464844,300.9700012207031,151.8308563232422,37.459999084472656,30.170724868774414,42.008663177490234,107.35287475585938,44.555484771728516,56.1774787902832,33.499942779541016
2019-07-02,48.538143157958984,128.51809692382812,96.71549987792969,55.17398452758789,193.48165893554688,4.030527114868164,14.970000267028809,214.5399932861328,94.09791564941406,115.96920013427734,167.13656616210938,93.40518951416016,217.6614990234375,178.3119354248047,260.1334228515625,137.56948852539062,301.3900146484375,151.88999938964844,37.542999267578125,30.480915069580078,42.318031311035156,107.80877685546875,45.42641830444336,55.561100006103516,33.796722412109375
2019-07-03,48.94037628173828,129.34620666503906,96.94999694824219,55.689231872558594,195.66452026367188,4.043447494506836,15.65999984741211,215.16000366210938,93.94802856445312,117.71664428710938,168.65264892578125,95.58367919921875,218.7677764892578,179.97511291503906,262.54656982421875,138.0037841796875,305.70001220703125,153.33872985839844,38.172000885009766,30.604984283447266,42.41572189331055,109.07872772216797,46.26188659667969,56.08942413330078,34.014766693115234
2019-07-05,48.89727783203125,128.96978759765625,97.14550018310547,56.16926574707031,194.87074279785156,3.980839490890503,15.539999961853027,215.25,94.5059585571289,116.4164047241211,168.4524688720703,94.80443572998047,220.3558349609375,179.43202209472656,261.642822265625,138.34371948242188,303.9800109863281,152.3433837890625,38.05500030517578,30.274124145507812,42.42387771606445,108.28909301757812,46.360172271728516,55.86195755004883,33.911800384521484
2019-07-08,47.889312744140625,128.8756561279297,97.61599731445312,55.38176345825195,194.2357177734375,3.905808925628662,15.355999946594238,215.1300048828125,93.98966217041016,116.7476806640625,168.00424194335938,95.55851745605469,221.1141815185547,180.66238403320312,261.0845031738281,136.95494079589844,302.9200134277344,150.5989532470703,37.61600112915039,29.84675407409668,42.334327697753906,107.91461181640625,46.02434158325195,56.1187744140625,34.13589859008789
2019-07-09,48.18141174316406,128.40521240234375,99.41500091552734,55.75369644165039,197.6588897705078,3.9082932472229004,15.337332725524902,214.75,94.38938903808594,117.1120834350586,169.4727325439453,94.60334777832031,219.4725799560547,179.89024353027344,263.1155700683594,137.52792358398438,304.20001220703125,151.7224578857422,37.99300003051758,29.89499855041504,42.00052261352539,107.2470703125,46.147212982177734,56.082096099853516,34.18434143066406
2019-07-10,48.657859802246094,129.71319580078125,100.87049865722656,56.577884674072266,201.1514434814453,3.976616382598877,15.928000450134277,214.02999877929688,94.11455535888672,116.9464340209961,170.9793243408203,95.3071517944336,220.79298400878906,178.82958984375,265.0792541503906,139.40228271484375,306.9800109863281,154.0089111328125,38.099998474121094,30.370628356933594,42.18778610229492,109.42066192626953,46.79428482055664,56.87457275390625,34.21464157104492
2019-07-11,48.30350875854492,130.23068237304688,100.05349731445312,56.73508071899414,199.66311645507812,4.131150245666504,15.90666675567627,213.1699981689453,95.01393127441406,116.03546142578125,172.3428955078125,95.83502197265625,232.99781799316406,181.62124633789062,267.90924072265625,139.4217071533203,307.6000061035156,156.60084533691406,37.95000076293945,29.626178741455078,42.36688232421875,109.37181854248047,46.93353271484375,56.9185791015625,34.49929428100586
2019-07-12,48.674625396728516,130.701171875,100.55000305175781,56.79756546020508,203.2748260498047,4.164192199707031,16.338666915893555,214.10000610351562,96.01316833496094,111.22373962402344,171.9519500732422,96.34609985351562,237.22666931152344,185.1766357421875,269.08367919921875,140.70367431640625,309.4200134277344,155.79270935058594,37.32500076293945,29.22638511657715,42.4320182800293,108.50072479248047,47.46593475341797,56.962623596191406,34.705230712890625
2019-07-15,49.13192367553711,130.701171875,101.04949951171875,57.053951263427734,202.32228088378906,4.155745506286621,16.899999618530273,213.5399932861328,94.84737396240234,111.56332397460938,172.18077087402344,96.75666809082031,237.2802276611328,185.57537841796875,268.91998291015625,140.87850952148438,308.760009765625,157.33998107910156,36.65999984741211,29.467636108398438,42.44015121459961,109.20896911621094,47.54784393310547,56.55904769897461,34.8203125
2019-07-16,48.96192932128906,128.9886016845703,100.49500274658203,57.20024108886719,202.25279235839844,4.151025295257568,16.825332641601562,212.8800048828125,95.86328125,109.73307037353516,170.9793243408203,97.1001968383789,236.12039184570312,184.35353088378906,266.2728271484375,140.140380859375,305.70001220703125,154.8564453125,36.5989990234375,29.536563873291016,42.44830322265625,108.92405700683594,47.19563293457031,55.71521759033203,34.753692626953125
2019-07-17,48.68658447265625,128.22640991210938,99.60150146484375,56.86699295043945,200.2287139892578,4.216365337371826,16.99066734313965,207.4499969482422,94.92231750488281,109.2030029296875,170.82669067382812,97.1420669555664,237.89585876464844,182.9534912109375,264.9830627441406,138.46026611328125,309.3900146484375,155.9503936767578,36.24399948120117,29.460742950439453,42.480857849121094,108.09368896484375,46.85981369018555,55.3849983215332,34.705230712890625
2019-07-18,49.239662170410156,128.36756896972656,98.8949966430664,56.89179229736328,199.2166290283203,4.2280426025390625,16.902666091918945,207.97999572753906,95.48857116699219,109.37692260742188,172.14263916015625,97.34954071044922,232.4982147216797,181.96066284179688,266.4269104003906,137.54736328125,310.0799865722656,155.69415283203125,32.520999908447266,29.68132209777832,42.35874557495117,108.17511749267578,47.29393005371094,54.91539764404297,34.74156951904297
2019-07-19,48.50462341308594,128.55572509765625,98.22599792480469,56.11372375488281,196.81549072265625,4.184812545776367,17.211999893188477,205.97000122070312,94.5475845336914,107.91935729980469,170.9125518798828,96.9869155883789,228.97418212890625,180.77272033691406,265.29107666015625,135.81866455078125,306.8699951171875,154.48193359375,31.510000228881836,29.481422424316406,41.83769989013672,105.90381622314453,46.9826774597168,55.02545928955078,34.49325180053711
2019-07-22,49.613155364990234,130.25889587402344,99.28150177001953,56.49357986450195,200.74465942382812,4.256364822387695,17.045333862304688,204.83999633789062,95.15547943115234,106.53628540039062,172.18077087402344,97.2314682006836,227.78756713867188,179.27078247070312,268.18841552734375,136.7801055908203,308.54998779296875,155.41819763183594,31.062000274658203,29.51589584350586,41.69931411743164,106.05850219726562,47.285736083984375,55.08415985107422,34.16618728637695
2019-07-23,50.00102233886719,131.0681610107422,99.72450256347656,56.93195724487305,200.7843475341797,4.364191055297852,17.344667434692383,206.4600067138672,96.89585876464844,106.70191955566406,172.4954376220703,96.00872039794922,227.5110321044922,180.8066864013672,268.5350341796875,137.18800354003906,307.8800048828125,153.9891815185547,30.729999542236328,29.702007293701172,44.23122787475586,106.4329605102539,47.26936340332031,55.304290771484375,33.94510269165039
2019-07-24,49.96031951904297,132.41375732421875,100.04049682617188,56.51936721801758,203.0664520263672,4.438724517822266,17.658666610717773,207.97000122070312,97.2872543334961,107.48041534423828,174.81256103515625,94.95458221435547,224.0493927001953,182.18978881835938,269.7671203613281,137.21714782714844,310.2699890136719,157.4385528564453,31.79400062561035,29.564146041870117,43.783451080322266,105.18743896484375,46.876190185546875,55.296966552734375,33.9178466796875
2019-07-25,49.56526184082031,131.91502380371094,98.69100189208984,56.331424713134766,199.14718627929688,4.307545185089111,15.254667282104492,207.89999389648438,96.35458374023438,108.59014129638672,173.15341186523438,95.09794616699219,221.88140869140625,182.9025421142578,268.9007263183594,139.081787109375,308.7300109863281,157.0443572998047,32.645999908447266,29.41249656677246,43.20542526245117,105.00835418701172,46.37655258178711,54.98143768310547,33.98447036743164
2019-07-26,49.73764419555664,132.9971466064453,97.15249633789062,61.750633239746094,198.1946563720703,4.3495330810546875,15.202667236328125,209.89999389648438,96.77928161621094,108.26717376708984,175.1558380126953,96.75080108642578,225.6642303466797,184.05654907226562,271.51898193359375,140.4803009033203,311.2699890136719,157.6553497314453,33.577999114990234,29.702007293701172,44.1009635925293,106.82373809814453,46.302852630615234,54.89338684082031,34.22673797607422
2019-07-29,50.20213317871094,132.70542907714844,95.62249755859375,61.583011627197266,194.41433715820312,4.343323707580566,15.718000411987305,208.61000061035156,96.47119140625,110.1636962890625,174.6981201171875,97.82176971435547,226.4493408203125,185.01536560058594,270.9126281738281,142.17013549804688,307.2200012207031,153.9497528076172,33.27000045776367,28.571552276611328,43.95442581176758,107.07608032226562,46.630470275878906,55.282264709472656,33.99962615966797
2019-07-30,49.98664855957031,132.06558227539062,94.92649841308594,60.89668655395508,195.50575256347656,4.358973026275635,16.150667190551758,207.80999755859375,96.25466918945312,109.38519287109375,173.09617614746094,101.54069519042969,227.43959045410156,184.4384002685547,267.7552795410156,140.75221252441406,303.6400146484375,154.6889190673828,32.59299850463867,26.738004684448242,43.7346076965332,106.22132110595703,46.25369644165039,55.28961181640625,33.93601989746094
2019-07-31,51.006587982177734,128.22640991210938,93.33899688720703,60.410709381103516,192.7176513671875,4.191769123077393,16.107332229614258,205.42999267578125,96.59608459472656,107.84480285644531,169.7301483154297,99.54209899902344,222.15802001953125,181.32427978515625,262.0857238769531,138.8875732421875,298.8599853515625,152.26451110839844,32.29899978637695,26.772462844848633,42.84721755981445,104.04771423339844,45.37727355957031,54.563175201416016,33.42725372314453
2019-08-01,49.90284729003906,129.9107208251953,92.76599884033203,60.09233856201172,191.22930908203125,4.0973615646362305,15.59000015258789,201.7100067138672,94.0479736328125,107.90279388427734,170.8458251953125,98.43738555908203,222.37210083007812,180.59454345703125,263.90484619140625,137.76101684570312,298.44000244140625,148.6278839111328,31.950000762939453,26.61244773864746,42.35874557495117,103.5022964477539,45.36908721923828,53.16901779174805,33.12440872192383
2019-08-02,48.84700393676758,128.81922912597656,91.16200256347656,59.32566452026367,187.5482177734375,4.004690170288086,15.62266731262207,202.6699981689453,94.03961181640625,108.54873657226562,169.17713928222656,98.19281768798828,223.08587646484375,180.0175018310547,259.37109375,137.6250457763672,293.7099914550781,143.59182739257812,31.882999420166016,26.438508987426758,42.60298156738281,104.13725280761719,43.616241455078125,52.64804458618164,33.130489349365234
2019-08-05,46.289974212646484,124.40607452392578,88.25650024414062,57.26420974731445,180.3149871826172,3.746307134628296,15.221332550048828,197.72999572753906,91.24166870117188,107.79512023925781,161.0148468017578,95.35939025878906,218.63392639160156,173.8995361328125,247.2327423095703,134.31333923339844,280.3599853515625,140.75350952148438,30.76300048828125,25.714927673339844,42.04938507080078,101.2717056274414,42.07636260986328,51.569393157958984,32.04631423950195
2019-08-06,47.166259765625,126.73966979980469,89.3915023803711,58.07402038574219,183.07333374023438,3.785064220428467,15.383333206176758,200.5500030517578,91.95780944824219,108.30032348632812,164.4666290283203,96.3713150024414,221.5067138671875,177.17489624023438,254.77957153320312,137.78042602539062,286.2099914550781,140.73379516601562,31.010000228881836,25.707975387573242,42.554134368896484,102.94056701660156,43.083831787109375,52.06836700439453,32.48543930053711
2019-08-07,47.65467071533203,127.2948226928711,89.66999816894531,58.31354522705078,183.70834350585938,3.823324680328369,15.561332702636719,198.2100067138672,89.95925903320312,107.8365249633789,167.17471313476562,97.41698455810547,219.87405395507812,176.41970825195312,259.2363586425781,130.97250366210938,289.0199890136719,139.590576171875,30.429000854492188,25.450544357299805,43.294979095458984,104.0232925415039,42.87086486816406,51.7308349609375,32.767059326171875
2019-08-08,48.70573806762695,130.69174194335938,91.64450073242188,59.81513214111328,188.67933654785156,3.9318957328796387,15.886667251586914,200.52000427246094,91.483154296875,109.05396270751953,171.54190063476562,99.0361328125,220.91787719726562,179.52537536621094,267.6397705078125,133.91514587402344,297.7799987792969,141.73907470703125,31.59000015258789,25.652315139770508,43.71017837524414,105.39908599853516,43.54252243041992,53.110321044921875,33.02574157714844
2019-08-09,48.304386138916016,129.58145141601562,90.37899780273438,58.95771789550781,186.3873291015625,3.8305306434631348,15.667332649230957,199.0500030517578,91.38325500488281,109.3520736694336,170.7313995361328,98.47956085205078,221.81900024414062,178.21014404296875,264.6653747558594,134.5270233154297,294.8299865722656,141.29551696777344,30.89299964904785,25.290517807006836,43.4903678894043,104.69085693359375,42.94459533691406,51.980308532714844,32.64837646484375
2019-08-12,48.18180847167969,127.77474212646484,89.24600219726562,58.243614196777344,183.92665100097656,3.762704610824585,15.267333030700684,197.17999267578125,89.6678237915039,109.26097106933594,168.1472930908203,97.84707641601562,216.9745330810547,175.65602111816406,259.9004821777344,131.83685302734375,288.6499938964844,138.6838836669922,31.08300018310547,24.622596740722656,43.3112678527832,104.48731994628906,42.21560287475586,51.72772979736328,32.02146530151367
2019-08-13,50.222232818603516,130.41885375976562,91.21700286865234,59.34600067138672,186.98265075683594,3.8769893646240234,15.666666984558105,198.77999877929688,91.05013275146484,110.49497985839844,170.31185913085938,98.87590026855469,222.34536743164062,176.77610778808594,264.26116943359375,133.06051635742188,293.1700134277344,141.79818725585938,31.22800064086914,24.490407943725586,43.55549240112305,105.77356719970703,43.182125091552734,52.36661148071289,32.68794631958008
2019-08-14,48.72736740112305,126.49138641357422,88.14800262451172,57.735321044921875,178.3107147216797,3.7284188270568848,14.641332626342773,195.80999755859375,87.26956176757812,107.87792205810547,165.44879150390625,97.64469909667969,216.9745330810547,171.0569305419922,257.1570739746094,129.0204620361328,283.6600036621094,137.69834899902344,29.910999298095703,23.822486877441406,43.14030456542969,105.11414337158203,41.453861236572266,50.25679397583008,32.3197135925293
2019-08-15,48.4846305847168,126.20819854736328,88.80599975585938,57.98674011230469,181.16827392578125,3.696120262145996,14.37600040435791,198.30999755859375,87.60266876220703,108.10980224609375,168.3230743408203,98.99395751953125,217.9113006591797,171.22665405273438,261.7198181152344,129.56430053710938,282.7099914550781,140.07351684570312,29.576000213623047,23.989459991455078,43.85673141479492,106.41669464111328,37.88264846801758,49.959632873535156,34.29480743408203
2019-08-16,49.62862014770508,128.52122497558594,89.62850189208984,58.47718048095703,182.26963806152344,3.9641947746276855,14.662667274475098,199.72000122070312,89.70113372802734,108.7889175415039,170.19471740722656,100.50346374511719,219.196044921875,172.80496215820312,264.097412109375,131.30270385742188,287.45001220703125,141.8080291748047,30.280000686645508,24.107746124267578,44.296348571777344,107.26334381103516,38.464202880859375,50.739681243896484,34.38609313964844
2019-08-19,50.55390167236328,130.67373657226562,90.80599975585938,59.52997970581055,184.7204132080078,4.242950916290283,15.121999740600586,200.94000244140625,90.50887298583984,109.5259780883789,171.6366424560547,101.3973159790039,218.32168579101562,176.45364379882812,267.6686706542969,131.39010620117188,287.9700012207031,141.59121704101562,30.937999725341797,24.47649383544922,44.52431106567383,107.92273712158203,39.725589752197266,51.5940055847168,34.635643005371094
2019-08-20,50.55630111694336,129.5880584716797,90.06900024414062,58.6914176940918,182.3787841796875,4.170652389526367,15.057332992553711,198.14999389648438,89.3597183227539,108.15949249267578,171.1591339111328,100.267333984375,214.2623291015625,184.2093048095703,266.67718505859375,131.23472595214844,285.7099914550781,143.4341583251953,29.89900016784668,24.079919815063477,43.8648681640625,107.50757598876953,39.25870895385742,51.281982421875,34.10003662109375
2019-08-21,51.1042594909668,131.03253173828125,91.177001953125,59.090614318847656,182.12078857421875,4.254130840301514,14.722000122070312,199.24000549316406,89.60952758789062,108.9297103881836,172.78253173828125,100.52029418945312,214.4318389892578,187.01792907714844,271.4612731933594,131.84657287597656,291.5299987792969,145.2475128173828,29.7810001373291,24.260812759399414,44.043968200683594,107.73551177978516,39.94674301147461,51.794586181640625,34.09090042114258
2019-08-22,51.06100082397461,130.07901000976562,90.23300170898438,59.08763885498047,180.62257385253906,4.260340213775635,14.8100004196167,201.00999450683594,90.53384399414062,108.71439361572266,171.97084045410156,100.70584869384766,207.82090759277344,187.54408264160156,270.26763916015625,132.15733337402344,287.69000244140625,146.09507751464844,29.69300079345703,24.406917572021484,44.36147689819336,107.99600219726562,39.46347427368164,51.68315887451172,34.05741882324219
2019-08-23,48.700927734375,125.93439483642578,87.48100280761719,57.20619583129883,176.365966796875,4.0357465744018555,14.09333324432373,197.16000366210938,88.28551483154297,105.78266143798828,167.32997131347656,98.9349365234375,205.7867889404297,184.53170776367188,261.7198181152344,127.87446594238281,282.44000244140625,149.3769073486328,29.143999099731445,23.89206314086914,43.750892639160156,106.05036926269531,38.177520751953125,50.13793182373047,33.728755950927734
2019-08-26,49.6262092590332,127.87923431396484,88.44349670410156,58.07897186279297,178.95562744140625,4.110529899597168,14.333333015441895,200.1999969482422,88.9933090209961,106.63372039794922,169.58358764648438,100.62151336669922,206.16143798828125,185.5330352783203,266.09002685546875,130.72972106933594,288.739990234375,152.89524841308594,29.49799919128418,24.23993492126465,44.40219497680664,108.8752212524414,38.57887268066406,50.40536880493164,34.0817756652832
2019-08-27,49.06623840332031,128.15301513671875,88.09149932861328,58.06112289428711,179.88833618164062,4.019845008850098,14.272000312805176,198.35000610351562,88.05233001708984,108.16897583007812,170.33795166015625,101.65876770019531,198.8903045654297,185.15965270996094,266.2922058105469,130.61317443847656,289.45001220703125,151.3479766845703,29.10300064086914,23.89206314086914,44.54874038696289,109.70559692382812,38.32495880126953,49.91505432128906,34.21263122558594
2019-08-28,49.3954963684082,127.98309326171875,88.2125015258789,58.2064208984375,180.34474182128906,4.009400844573975,14.37266731262207,200.4499969482422,88.93502044677734,107.36795806884766,170.61485290527344,102.37554168701172,202.8336944580078,188.3331756591797,267.8323059082031,132.61380004882812,282.1300048828125,149.63314819335938,29.177000045776367,24.406917572021484,44.866241455078125,110.0556411743164,38.39048385620117,50.27907943725586,34.303932189941406
2019-08-29,50.231842041015625,130.3999786376953,89.31999969482422,59.2225341796875,184.12510681152344,4.153143405914307,14.780667304992676,203.1999969482422,90.95022583007812,107.0008544921875,173.0021514892578,102.19002532958984,205.7510986328125,192.8898468017578,270.85479736328125,133.86660766601562,286.6300048828125,153.673828125,29.67799949645996,24.580860137939453,44.81739044189453,110.7313232421875,38.718116760253906,50.83626174926758,34.71781539916992
2019-08-30,50.166961669921875,130.15452575683594,88.81449890136719,59.03854751586914,184.22430419921875,4.165826797485352,15.040666580200195,203.41000366210938,91.483154296875,107.10096740722656,172.66798400878906,101.38890075683594,208.7666015625,193.3905029296875,270.84527587890625,133.30331420898438,284.510009765625,153.81179809570312,29.375,24.733917236328125,44.80925750732422,111.30931091308594,38.34135055541992,50.8734016418457,34.77259063720703
2019-09-03,49.43634796142578,128.43629455566406,89.49199676513672,57.99814987182617,180.96983337402344,4.082763671875,15.000666618347168,200.89999389648438,90.40061950683594,107.41802978515625,171.12095642089844,102.34182739257812,205.7510986328125,190.13211059570312,269.6324157714844,132.3806915283203,282.45001220703125,150.52011108398438,28.929000854492188,25.13050079345703,45.02091598510742,111.90359497070312,38.087425231933594,50.93281936645508,34.888240814208984
2019-09-04,50.27511978149414,129.9373779296875,90.03099822998047,58.628929138183594,185.682861328125,4.1969146728515625,14.711999893188477,202.19000244140625,91.49150848388672,107.51815795898438,173.5751495361328,103.90190124511719,202.28057861328125,191.36148071289062,275.3982849121094,133.91514587402344,284.6000061035156,150.25404357910156,29.152000427246094,24.928733825683594,45.403560638427734,113.27940368652344,38.75907516479492,51.47514343261719,35.27473831176758
2019-09-05,51.25807571411133,132.22215270996094,92.03600311279297,60.112667083740234,189.41358947753906,4.469976902008057,15.305333137512207,204.24000549316406,93.57330322265625,107.2845458984375,176.40167236328125,103.52243041992188,204.8321533203125,194.77633666992188,281.15460205078125,134.8377685546875,287.75,151.5450897216797,29.325000762939453,25.283567428588867,44.87437057495117,111.4637680053711,39.66006088256836,52.20317840576172,35.13169479370117
2019-09-06,51.25326156616211,131.32522583007812,91.67549896240234,59.82157897949219,186.03012084960938,4.442869663238525,15.16333293914795,204.72999572753906,93.77313995361328,106.975830078125,177.36614990234375,103.61518096923828,204.3057861328125,197.32046508789062,280.4808044433594,135.52734375,284.94000244140625,148.8841552734375,29.017000198364258,25.394887924194336,44.96393585205078,112.6031494140625,40.004066467285156,52.6934814453125,34.91563034057617
2019-09-09,51.47197341918945,129.83352661132812,91.56749725341797,59.769508361816406,187.29025268554688,4.488876819610596,15.452667236328125,206.6199951171875,96.0964584350586,105.92448425292969,173.36505126953125,103.02488708496094,205.8046112060547,198.80587768554688,272.7607421875,134.8280792236328,279.29998779296875,147.3762664794922,29.43400001525879,25.624486923217773,44.38591384887695,111.80802154541016,39.791114807128906,53.10950469970703,35.40256118774414
2019-09-10,52.08000183105469,128.4740447998047,91.02749633789062,59.79082107543945,184.7204132080078,4.555527687072754,15.702667236328125,208.30999755859375,97.32056427001953,108.09388732910156,168.39947509765625,101.09375,207.39266967773438,198.91685485839844,262.1433410644531,131.8756866455078,276.1400146484375,147.4846649169922,28.798999786376953,26.00714683532715,44.2882080078125,111.36540222167969,40.3071403503418,53.54037094116211,35.31734085083008
2019-09-11,53.73588943481445,128.51173400878906,91.14949798583984,60.49997329711914,187.0223388671875,4.584125995635986,16.47333335876465,210.91000366210938,97.58705139160156,109.44557189941406,167.09121704101562,102.26592254638672,208.95399475097656,198.6266326904297,259.8524475097656,132.26417541503906,277.7799987792969,151.86041259765625,28.82699966430664,26.028013229370117,44.589439392089844,111.7752456665039,40.978790283203125,53.43638229370117,35.3082160949707
2019-09-12,53.61573028564453,129.83352661132812,92.17749786376953,61.24233627319336,186.01026916503906,4.582634449005127,16.391332626342773,211.3699951171875,98.18660736083984,108.82813262939453,169.9559326171875,103.53086853027344,205.2871856689453,199.59991455078125,266.06109619140625,133.53640747070312,278.0199890136719,152.51087951660156,28.88599967956543,25.937576293945312,44.866241455078125,112.53754425048828,40.896888732910156,53.47352600097656,35.58210372924805
2019-09-13,52.57268524169922,129.64471435546875,91.96700286865234,61.49325942993164,185.7324676513672,4.524687767028809,16.34666633605957,213.61000061035156,100.1185073852539,109.12017059326172,169.27801513671875,102.98273468017578,209.40155029296875,199.7534942626953,265.984130859375,134.04141235351562,278.3500061035156,150.76651000976562,29.415000915527344,25.680145263671875,44.49721145629883,111.84085845947266,40.978790283203125,53.96384048461914,35.73731231689453
2019-09-16,52.84907150268555,128.71006774902344,90.39199829101562,61.07670974731445,184.77001953125,4.481664657592773,16.187332153320312,210.3300018310547,99.22750854492188,108.08554077148438,168.17027282714844,100.98412322998047,210.1365509033203,197.20094299316406,263.827880859375,131.8854217529297,282.92999267578125,150.79605102539062,29.429000854492188,25.624486923217773,44.25117492675781,110.56208801269531,40.92145919799805,54.77358627319336,35.1712646484375
2019-09-17,53.04133224487305,129.71080017089844,91.12750244140625,60.98992156982422,186.61553955078125,4.503052711486816,16.319332122802734,210.14999389648438,98.73619079589844,108.19403076171875,168.49496459960938,102.17315673828125,208.4245147705078,196.5349884033203,265.9166564941406,132.3806915283203,284.69000244140625,150.60882568359375,29.860000610351562,25.394887924194336,44.48080825805664,111.23421478271484,40.4709587097168,54.35757064819336,35.45732879638672
2019-09-18,53.538822174072266,130.77760314941406,90.87300109863281,61.12727737426758,186.67507934570312,4.475944995880127,16.232667922973633,210.89999389648438,99.72715759277344,108.81146240234375,167.3872528076172,102.38398742675781,206.71240234375,197.06430053710938,264.8097229003906,132.85658264160156,279.7200012207031,150.55953979492188,29.1560001373291,25.3113956451416,44.47260284423828,111.07028198242188,40.41362380981445,54.097572326660156,35.65514373779297
2019-09-19,53.10382843017578,133.1851348876953,91.07499694824219,61.42978286743164,188.65948486328125,4.400343418121338,16.440000534057617,209.22000122070312,99.41069793701172,108.5611343383789,168.02706909179688,102.79721069335938,208.72032165527344,194.75071716308594,265.58941650390625,129.45745849609375,281.260009765625,151.37754821777344,28.65999984741211,25.401844024658203,44.710426330566406,111.05387878417969,40.290771484375,53.733543395996094,35.63993453979492
2019-09-20,52.32754898071289,131.6462860107422,89.70800018310547,60.987937927246094,188.4511260986328,4.29464864730835,16.041332244873047,208.1199951171875,99.0110092163086,109.84606170654297,166.21270751953125,103.08393859863281,208.75616455078125,191.80538940429688,261.02679443359375,128.45716857910156,277.9100036621094,152.95437622070312,27.075000762939453,25.52707862854004,44.210182189941406,110.42272186279297,40.62657928466797,53.54781723022461,35.60036849975586
2019-09-23,52.56547927856445,131.3629913330078,89.26499938964844,61.22844696044922,185.3653564453125,4.348118305206299,16.082000732421875,207.9600067138672,98.99433135986328,109.92119598388672,167.02439880371094,103.91034698486328,205.06309509277344,193.1542510986328,262.9326477050781,128.64169311523438,277.44000244140625,152.41232299804688,26.591999053955078,25.2139949798584,44.39878845214844,111.02111053466797,40.47914123535156,53.5849609375,35.79513931274414
2019-09-24,52.31552505493164,129.70138549804688,87.08049774169922,60.417152404785156,179.86846923828125,4.2906694412231445,14.880666732788086,206.39999389648438,97.70361328125,109.76265716552734,166.61378479003906,104.23921203613281,201.6837615966797,192.43716430664062,260.9786376953125,128.16580200195312,272.4700012207031,149.8499755859375,25.458999633789062,25.05396270751953,44.53000259399414,110.95555877685547,40.23341369628906,52.849483489990234,36.03252029418945
2019-09-25,53.120643615722656,131.57070922851562,88.41649627685547,61.786338806152344,181.3766632080078,4.432424068450928,15.24666690826416,208.11000061035156,98.26155090332031,109.2953872680664,167.37770080566406,103.74169921875,199.14700317382812,194.73367309570312,262.54766845703125,129.2535400390625,277.42999267578125,150.7763671875,26.475000381469727,24.977436065673828,44.423404693603516,110.73422241210938,40.634769439697266,53.0055046081543,36.05381393432617
2019-09-26,52.84666442871094,131.74057006835938,86.99199676513672,61.6053352355957,178.7075958251953,4.410290241241455,16.17066764831543,206.89999389648438,97.45379638671875,107.50982666015625,167.7310028076172,104.82952117919922,193.15032958984375,196.1764373779297,263.6451110839844,127.48599243164062,283.80999755859375,150.13575744628906,26.33099937438965,24.89394187927246,44.603816986083984,111.2506103515625,39.99589920043945,52.72320556640625,36.0020866394043
2019-09-27,52.589515686035156,130.0318145751953,86.27249908447266,60.7950325012207,175.7210235595703,4.27152156829834,16.142000198364258,207.4499969482422,98.02838134765625,107.30123138427734,166.15542602539062,105.04878234863281,192.95309448242188,196.2362060546875,259.0630798339844,126.21376037597656,277.5400085449219,146.1147918701172,26.308000564575195,25.200077056884766,44.53821563720703,111.15229034423828,40.004066467285156,53.102081298828125,36.0477294921875
2019-09-30,53.827213287353516,131.2591552734375,86.79550170898438,60.55650329589844,176.69338989257812,4.328968524932861,16.058000564575195,208.02000427246094,98.0033950805664,107.95203399658203,164.25509643554688,104.88855743408203,194.79962158203125,198.0802459716797,261.41180419921875,126.56338500976562,276.25,146.29222106933594,26.761999130249023,24.998302459716797,44.64482498168945,112.3818130493164,40.4709587097168,52.45576858520508,36.117733001708984
2019-10-01,53.97622299194336,129.40867614746094,86.78250122070312,59.80570983886719,174.44107055664062,4.327228546142578,16.312667846679688,206.7100067138672,96.22135925292969,108.46102905273438,166.43231201171875,104.44160461425781,194.7010040283203,197.27774047851562,260.805419921875,125.81558990478516,272.7099914550781,145.5530548095703,26.95800018310547,24.65043067932129,44.81703186035156,112.6031494140625,39.103092193603516,51.22256088256836,35.865135192871094
2019-10-02,52.623165130615234,127.1239242553711,85.6614990234375,58.41321563720703,173.24049377441406,4.303354263305664,16.208667755126953,203.10000610351562,94.30611419677734,110.13812255859375,162.17343139648438,102.10569763183594,194.28871154785156,192.55662536621094,254.58702087402344,125.41738891601562,266.6600036621094,142.13323974609375,26.80299949645996,24.142532348632812,43.52952194213867,109.79154205322266,38.13656234741211,49.88534927368164,35.338645935058594
2019-10-03,53.07018280029297,128.66285705566406,86.22100067138672,58.98399353027344,177.9832763671875,4.509021759033203,15.535332679748535,204.97999572753906,94.17178344726562,109.46227264404297,165.0763397216797,102.66226196289062,193.04273986816406,193.63229370117188,258.2545166015625,124.45592498779297,272.3999938964844,144.8730010986328,26.815000534057617,24.664344787597656,44.15277099609375,113.06217193603516,38.83805847167969,50.501956939697266,35.39647674560547
2019-10-04,54.557830810546875,130.3999786376953,86.98249816894531,60.05167007446289,179.04495239257812,4.525435447692871,15.428667068481445,208.0800018310547,96.21153259277344,111.52317810058594,168.04617309570312,104.568115234375,197.0226287841797,194.58853149414062,263.8086853027344,126.51483154296875,276.9599914550781,145.8881072998047,27.27899932861328,24.998302459716797,44.72682189941406,114.98849487304688,39.217689514160156,51.23741912841797,35.959476470947266
2019-10-07,54.569847106933594,129.45591735839844,86.63300323486328,59.91728210449219,178.28091430664062,4.584125995635986,15.847999572753906,207.24000549316406,96.00169372558594,111.10600280761719,167.01483154296875,103.58989715576172,198.3134002685547,193.57260131835938,262.0085754394531,127.12664794921875,276.8999938964844,146.64698791503906,27.445999145507812,24.928733825683594,44.1773681640625,113.39823913574219,39.42402267456055,50.531654357910156,35.676456451416016
2019-10-08,53.93055725097656,128.08694458007812,85.27549743652344,59.018707275390625,176.365966796875,4.407555103302002,16.003332138061523,204.08999633789062,93.86119842529297,110.00460815429688,164.64663696289062,101.97919464111328,197.30047607421875,193.51283264160156,257.3922119140625,124.7667007446289,270.8299865722656,143.7987823486328,27.07200050354004,24.65043067932129,43.93954849243164,112.49656677246094,38.28510665893555,49.55104064941406,35.782958984375
2019-10-09,54.56264114379883,130.51333618164062,86.09950256347656,59.62718200683594,178.44961547851562,4.4940996170043945,16.302000045776367,206.69000244140625,94.54114532470703,107.81855010986328,166.9957275390625,102.86466979980469,199.0663299560547,195.45074462890625,262.37481689453125,125.6019058227539,274.2699890136719,144.9223175048828,26.753000259399414,24.831327438354492,44.14457702636719,112.99659729003906,38.656494140625,50.10078048706055,36.19381332397461
2019-10-10,55.298057556152344,131.32522583007812,86.01300048828125,59.977783203125,178.6282196044922,4.55179500579834,16.31599998474121,206.86000061035156,95.86737823486328,107.6850357055664,166.9957275390625,102.8309326171875,200.54534912109375,197.73020935058594,263.9071960449219,125.61161804199219,274.9800109863281,144.2915496826172,28.04800033569336,24.90090560913086,44.005157470703125,113.02941131591797,38.087039947509766,50.7025260925293,36.40074920654297
2019-10-11,56.768890380859375,131.87277221679688,86.59600067138672,60.2872314453125,182.75584411621094,4.625409126281738,16.525999069213867,208.0800018310547,97.48741149902344,109.57908630371094,169.0774383544922,102.1141357421875,199.0574188232422,200.33409118652344,265.9118347167969,126.27201843261719,278.2900085449219,147.20872497558594,28.292999267578125,25.123538970947266,43.70993423461914,112.82447052001953,38.425418853759766,51.24485397338867,36.59249496459961
2019-10-14,56.68717575073242,131.7500762939453,86.82150268554688,60.389381408691406,181.8529052734375,4.638838291168213,17.130666732788086,207.91000366210938,97.74761962890625,109.07012176513672,169.3639373779297,101.23711395263672,197.7307586669922,199.9242706298828,266.3647766113281,125.96125793457031,277.7799987792969,147.20872497558594,28.55299949645996,25.255735397338867,43.70993423461914,112.66870880126953,38.00450897216797,51.3934211730957,36.266849517822266
2019-10-15,56.55500411987305,133.6571807861328,88.36900329589844,61.602848052978516,187.41925048828125,4.883551120758057,17.19266700744629,209.3800048828125,100.69388580322266,110.83899688720703,170.69125366210938,98.83374786376953,213.86546325683594,201.1536102294922,268.46575927734375,126.0195083618164,279.3900146484375,150.5299835205078,28.424999237060547,25.394887924194336,43.88215255737305,111.75064086914062,38.26035690307617,51.57172393798828,36.376399993896484
2019-10-16,56.326683044433594,132.56198120117188,88.87149810791016,61.64053726196289,188.0740966796875,4.829833507537842,17.316667556762695,209.2899932861328,100.45885467529297,112.7830810546875,169.85093688964844,99.11199951171875,212.43128967285156,201.39266967773438,268.1864013671875,127.08783721923828,272.70001220703125,144.8434600830078,28.628000259399414,25.283567428588867,43.865753173828125,111.8244400024414,38.615234375,50.68766784667969,36.34293746948242
2019-10-17,56.545387268066406,131.88226318359375,89.3740005493164,62.12652587890625,188.9075469970703,4.831823825836182,17.46466636657715,208.6199951171875,101.0212631225586,113.61748504638672,169.91778564453125,98.98131561279297,218.4190216064453,202.13540649414062,266.4901428222656,128.5542755126953,269.239990234375,144.05503845214844,29.334999084472656,25.367053985595703,44.11177444458008,112.2670669555664,38.81329345703125,50.620811462402344,36.47075271606445
2019-10-18,56.816959381103516,129.7296905517578,87.87550354003906,61.71046447753906,184.4029083251953,4.737321376800537,17.1299991607666,208.75999450683594,101.19754791259766,106.55029296875,167.78829956054688,99.69420623779297,219.91598510742188,203.12567138671875,260.8232116699219,127.11692810058594,265.5199890136719,142.005126953125,27.530000686645508,25.367053985595703,44.92363357543945,111.68507385253906,38.54921340942383,50.227081298828125,36.25771713256836
2019-10-21,57.802330017089844,130.69265747070312,89.28299713134766,61.704017639160156,188.28245544433594,4.87459659576416,16.899999618530273,211.49000549316406,103.70732879638672,106.81729125976562,168.475830078125,101.06057739257812,218.64308166503906,202.0756378173828,264.3601379394531,126.5051040649414,266.8399963378906,142.45848083496094,27.80500030517578,25.367053985595703,44.47260284423828,111.57850646972656,39.11040115356445,51.0665397644043,36.44031524658203
2019-10-22,57.67014694213867,128.7478485107422,88.2864990234375,61.5512809753418,180.9202117919922,4.864648342132568,17.038667678833008,210.6199951171875,104.74817657470703,107.80186462402344,163.1570281982422,103.69146728515625,223.62696838378906,202.50253295898438,251.79270935058594,128.58343505859375,261.0899963378906,140.27059936523438,26.66900062561035,25.34617805480957,44.16096878051758,112.02114868164062,39.242454528808594,51.32655715942383,36.39163589477539
2019-10-23,58.444000244140625,129.56918334960938,88.1084976196289,62.36604309082031,184.7005615234375,4.851718425750732,16.978666305541992,210.9600067138672,105.02517700195312,108.38591003417969,163.5962677001953,104.38740539550781,222.1210479736328,200.34259033203125,251.3975372314453,127.35002899169922,261.32000732421875,143.0301055908203,27.12700080871582,25.58273696899414,44.808834075927734,112.66870880126953,38.82980728149414,51.816871643066406,36.321624755859375
2019-10-24,58.54014205932617,132.11825561523438,89.03900146484375,62.4394416809082,184.92877197265625,4.895735263824463,19.978666305541992,210.25999450683594,104.94962310791016,106.3833999633789,168.21804809570312,105.90653991699219,219.17198181152344,199.6766357421875,259.01129150390625,126.5051040649414,269.70001220703125,145.97683715820312,27.149999618530273,25.318359375,44.78422927856445,113.02941131591797,38.30161666870117,51.32655715942383,36.245540618896484
2019-10-25,59.26112747192383,132.86407470703125,88.06649780273438,62.69681167602539,186.42703247070312,5.086731433868408,21.875333786010742,211.8000030517578,105.78900909423828,107.09263610839844,169.8318634033203,104.59955596923828,219.53050231933594,200.09503173828125,260.39910888671875,127.12664794921875,270.9800109863281,148.3125457763672,27.68199920654297,25.58273696899414,44.07896041870117,112.00476837158203,38.706016540527344,51.44541931152344,36.227291107177734
2019-10-28,59.854759216308594,136.13072204589844,88.85399627685547,63.92069625854492,187.92527770996094,5.142686367034912,21.847333908081055,212.86000061035156,106.19195556640625,107.78516387939453,171.7321319580078,104.79476165771484,221.44879150390625,202.16104125976562,265.93109130859375,126.7673110961914,271.3500061035156,152.55027770996094,28.18600082397461,25.937576293945312,43.931358337402344,111.9473876953125,38.92884063720703,50.99226379394531,36.282066345214844
2019-10-29,58.47044372558594,134.84677124023438,88.135498046875,62.516300201416016,187.83595275878906,5.046442985534668,21.08133316040039,213.00999450683594,106.12479400634766,107.735107421875,169.62173461914062,104.89662170410156,226.14573669433594,199.8900909423828,264.3505554199219,125.74757385253906,271.45001220703125,152.84596252441406,28.121000289916992,26.584619522094727,43.80014419555664,111.54571533203125,38.98661422729492,50.84366989135742,35.652099609375
2019-10-30,58.463226318359375,136.52725219726562,88.99949645996094,62.51829147338867,186.78421020507812,5.048431873321533,21.000667572021484,213.25,105.53721618652344,110.83899688720703,171.16873168945312,106.03384399414062,228.3956756591797,201.6829376220703,267.10687255859375,125.86414337158203,278.4100036621094,155.98980712890625,29.145000457763672,26.772472381591797,44.234779357910156,112.21788024902344,39.25070571899414,50.30880355834961,35.941219329833984
2019-10-31,59.78505325317383,135.3565673828125,88.83300018310547,62.42406463623047,190.15774536132812,4.9991912841796875,20.994667053222656,212.5800018310547,104.8573226928711,110.17147827148438,170.79629516601562,105.66889190673828,226.5132293701172,200.2657470703125,266.7792053222656,126.1749038696289,277.92999267578125,154.22572326660156,28.740999221801758,26.69594383239746,44.63663101196289,112.43919372558594,39.20943832397461,50.19736099243164,35.68559265136719
2019-11-01,61.481807708740234,135.68699645996094,89.5719985961914,63.0910530090332,192.11241149902344,5.038237571716309,20.887332916259766,215.8300018310547,107.27476501464844,109.47061157226562,172.77297973632812,105.1257553100586,226.0740509033203,202.62205505371094,268.93804931640625,128.92330932617188,277.82000732421875,157.4287109375,28.680999755859375,26.709850311279297,44.20197296142578,112.2424545288086,38.81329345703125,51.70542907714844,35.79513931274414
2019-11-04,61.885555267333984,136.4705810546875,90.23300170898438,63.95193862915039,193.20384216308594,5.234951972961426,21.1646671295166,217.97999572753906,108.13095092773438,108.66127014160156,170.88226318359375,101.0521011352539,225.21348571777344,200.5560302734375,266.3165283203125,129.08840942382812,277.5,155.31967163085938,29.285999298095703,26.459381103515625,43.5787239074707,110.79159545898438,39.1846809387207,53.24323272705078,35.77992630004883
2019-11-05,61.796634674072266,136.38568115234375,90.08550262451172,64.04268646240234,192.80697631835938,5.212817668914795,21.148000717163086,220.8800048828125,108.36599731445312,108.81980895996094,168.41854858398438,100.90782165527344,224.36196899414062,198.23390197753906,259.2522277832031,127.66081237792969,289.2900085449219,155.86170959472656,28.80299949645996,26.076719284057617,42.98826217651367,109.8488998413086,39.41576385498047,54.298126220703125,36.172515869140625
2019-11-06,61.82307434082031,136.0079803466797,89.78849792480469,64.02136993408203,190.05853271484375,5.163575649261475,21.77199935913086,222.0,108.53386688232422,109.2703628540039,168.80052185058594,102.1129379272461,224.55921936035156,199.77914428710938,260.08111572265625,127.48599243164062,287.3999938964844,156.63040161132812,28.858999252319336,26.16716766357422,43.29990005493164,110.20140075683594,39.8366584777832,53.10950469970703,36.367279052734375
2019-11-07,62.536590576171875,136.19679260253906,89.41000366210938,64.81134033203125,188.9373321533203,5.181233882904053,22.369333267211914,222.74000549316406,109.12142944335938,109.66251373291016,170.38563537597656,101.51884460449219,229.88363647460938,198.8656463623047,262.9049072265625,129.1272735595703,290.7699890136719,157.19215393066406,28.957000732421875,25.928327560424805,42.881656646728516,109.2833251953125,39.96044921875,54.238704681396484,36.58943557739258
2019-11-08,62.70773696899414,137.80177307128906,89.29399871826172,64.91349029541016,189.35403442382812,5.167308807373047,22.47599983215332,221.30999755859375,109.44042205810547,110.97249603271484,170.9013671875,101.58675384521484,230.34078979492188,198.78028869628906,264.92889404296875,133.983154296875,292.4599914550781,158.7788543701172,29.156999588012695,26.026668548583984,42.8160514831543,109.12757873535156,40.298831939697266,53.20866394042969,36.34901809692383
2019-11-11,63.20432662963867,137.9434051513672,88.5824966430664,64.38188171386719,188.13363647460938,5.177254676818848,23.006000518798828,220.85000610351562,109.05427551269531,110.12142181396484,171.44566345214844,101.27275848388672,227.75921630859375,197.89244079589844,266.9623718261719,132.79832458496094,290.2699890136719,159.4391632080078,29.417999267578125,25.9423770904541,42.512630462646484,108.52101135253906,39.69636535644531,52.8853645324707,36.227291107177734
2019-11-12,63.146453857421875,138.84974670410156,88.9000015258789,64.32881927490234,192.95579528808594,5.212817668914795,23.32866668701172,220.88999938964844,108.4163589477539,109.59575653076172,171.6366424560547,101.22183227539062,228.79905700683594,199.01931762695312,267.09722900390625,134.5852813720703,291.7200012207031,160.50355529785156,29.201000213623047,25.97047233581543,42.40601348876953,108.1849136352539,39.919189453125,52.15607833862305,36.251617431640625
2019-11-13,63.751495361328125,139.0763397216797,87.65550231933594,64.27774810791016,191.68577575683594,5.186954021453857,23.073999404907227,219.77000427246094,107.84555053710938,109.52901458740234,171.3214874267578,102.39299011230469,227.29310607910156,200.45355224609375,267.9935302734375,144.43295288085938,293.5400085449219,160.247314453125,28.31100082397461,25.710561752319336,42.980064392089844,109.25873565673828,39.993465423583984,51.72751235961914,36.81768035888672
2019-11-14,63.31037902832031,139.784423828125,87.7300033569336,64.92092895507812,191.64605712890625,5.217294216156006,23.290000915527344,219.36000061035156,107.94625854492188,109.2703628540039,171.9336700439453,102.26570892333984,229.3188934326172,201.9475860595703,269.4969787597656,142.90821838378906,294.5299987792969,160.69078063964844,28.961999893188477,25.675434112548828,43.16048812866211,109.2915267944336,37.063682556152344,51.50196075439453,36.717254638671875
2019-11-15,64.06246948242188,141.58766174316406,86.97450256347656,66.13043212890625,193.58087158203125,5.07802677154541,23.47800064086914,219.74000549316406,108.72691345214844,112.5912094116211,171.95285034179688,102.29962921142578,241.48268127441406,202.579345703125,270.6053161621094,140.49972534179688,297.5,160.84848022460938,29.503000259399414,26.188243865966797,43.193294525146484,109.68499755859375,37.212242126464844,52.02073669433594,36.17555236816406
2019-11-18,64.38549041748047,141.93699645996094,87.62650299072266,65.45104217529297,195.86294555664062,5.279217720031738,23.332666397094727,219.35000610351562,109.64185333251953,112.49942779541016,171.8476104736328,103.44534301757812,244.64682006835938,203.91116333007812,270.6824951171875,143.39381408691406,297.1600036621094,160.41485595703125,30.256999969482422,26.146089553833008,43.48851776123047,109.8899154663086,37.261749267578125,51.516998291015625,36.59553527832031
2019-11-19,64.19023132324219,141.9841766357422,87.6395034790039,65.0915298461914,197.7680206298828,5.172529697418213,23.968000411987305,219.02999877929688,109.60828399658203,112.49107360839844,174.8223419189453,103.04647827148438,245.8121795654297,192.82131958007812,274.9711608886719,144.102783203125,300.6000061035156,161.587646484375,30.260000228881836,26.455181121826172,43.52952194213867,110.30796813964844,37.525848388671875,50.99070739746094,36.4859733581543
2019-11-20,63.442955017089844,141.7379150390625,87.27649688720703,64.55941009521484,195.9720916748047,5.251862525939941,23.481332778930664,217.47999572753906,108.81087493896484,113.42556762695312,173.7606201171875,103.78482818603516,247.00433349609375,188.58688354492188,275.0386962890625,142.69454956054688,300.1000061035156,161.82415771484375,30.516000747680664,26.026668548583984,43.64433288574219,109.62761688232422,37.20399475097656,51.14858627319336,36.254676818847656
2019-11-21,63.15849304199219,141.605224609375,86.7354965209961,64.47411346435547,196.3888397216797,5.226993560791016,23.655332565307617,216.6300048828125,109.06266021728516,113.8427505493164,172.06759643554688,102.1299057006836,247.89173889160156,186.5720672607422,274.1423645019531,142.6654510498047,298.79998779296875,160.52325439453125,31.16900062561035,26.51137924194336,43.43109893798828,109.7669448852539,37.00593185424805,52.38163375854492,36.476837158203125
2019-11-22,63.103065490722656,141.70947265625,87.28600311279297,64.15328216552734,197.2719268798828,5.244650363922119,22.202667236328125,217.9600067138672,109.78455352783203,115.20280456542969,171.6658477783203,102.08747863769531,248.15167236328125,186.1366729736328,272.3305358886719,144.01536560058594,299.29998779296875,160.4542694091797,31.04800033569336,26.92583656311035,43.48851776123047,109.89813232421875,37.01416778564453,52.15607833862305,36.32467269897461
2019-11-25,64.20950317382812,143.26303100585938,88.69200134277344,64.74685668945312,198.23435974121094,5.501298904418945,22.422666549682617,219.05999755859375,110.37213134765625,115.2531967163086,173.1006317138672,102.274169921875,253.37754821777344,186.45252990722656,277.1878356933594,145.375,305.2799987792969,159.3701934814453,31.55500030517578,27.17170524597168,43.64433288574219,109.70136260986328,37.50935363769531,51.810218811035156,36.190765380859375
2019-11-26,63.708133697509766,144.0209503173828,89.84700012207031,65.11185455322266,197.42074584960938,5.396600246429443,21.92799949645996,218.89999389648438,110.5232162475586,115.24481964111328,174.6119384765625,103.7593765258789,252.2390899658203,188.4673614501953,278.8936767578125,147.268798828125,307.8999938964844,160.1881866455078,31.249000549316406,26.897737503051758,44.20197296142578,111.23421478271484,37.393798828125,51.68239212036133,36.27293014526367
2019-11-27,64.56385040283203,144.295654296875,90.92549896240234,65.0687026977539,200.42715454101562,5.431442737579346,22.086000442504883,220.5,110.85055541992188,115.73211669921875,176.3528289794922,103.33503723144531,251.5847930908203,190.37966918945312,281.129638671875,147.1134033203125,309.05999755859375,159.17306518554688,31.593000411987305,27.136579513549805,44.24298095703125,111.40635681152344,37.33604049682617,51.65233612060547,36.142066955566406
2019-11-29,64.42164611816406,143.4051513671875,90.04000091552734,64.67000579833984,200.0699462890625,5.394111156463623,21.996000289916992,220.3000030517578,110.59874725341797,115.51368713378906,176.48670959472656,103.58963775634766,250.86764526367188,188.25390625,281.6405029296875,147.21054077148438,309.5299987792969,160.5331268310547,31.465999603271484,27.059309005737305,44.119049072265625,111.34078216552734,37.393798828125,51.223777770996094,36.24249267578125
2019-12-02,63.67678451538086,141.6715545654297,89.08000183105469,63.91474151611328,198.1450653076172,5.207704067230225,22.32466697692871,220.3300018310547,110.35533905029297,115.40442657470703,173.88494873046875,104.1497802734375,250.67941284179688,185.78665161132812,276.0892028808594,146.27821350097656,302.75,158.6704559326172,30.999000549316406,26.897737503051758,44.4082145690918,111.38175964355469,36.89037322998047,51.44180679321289,36.30032730102539
2019-12-03,62.54142761230469,141.44419860839844,88.49800109863281,64.20633697509766,197.2719268798828,5.1681342124938965,22.413333892822266,218.0800018310547,108.93675231933594,115.23641204833984,173.99020385742188,104.34496307373047,248.2054443359375,182.69615173339844,276.686767578125,144.29701232910156,303.9100036621094,159.23220825195312,30.615999221801758,26.729150772094727,44.44953918457031,111.03750610351562,36.543758392333984,51.03580856323242,36.11469268798828
2019-12-04,63.09341049194336,141.95578002929688,88.03450012207031,65.40642547607422,197.16278076171875,5.211934566497803,22.20199966430664,218.39999389648438,111.08561706542969,117.1015625,172.74667358398438,105.68588256835938,250.374755859375,183.9506378173828,276.4458312988281,144.0056610107422,302.510009765625,154.1665496826172,30.43199920654297,26.79236602783203,44.85436248779297,112.54576873779297,36.22189712524414,51.61475372314453,36.12076187133789
2019-12-05,64.01907348632812,142.03152465820312,87.02400207519531,65.80412292480469,197.80770874023438,5.195013523101807,22.024667739868164,219.60000610351562,111.68999481201172,117.25279235839844,173.9805908203125,105.76226806640625,252.77699279785156,183.00547790527344,279.3467712402344,143.18988037109375,303.0299987792969,155.93067932128906,30.285999298095703,26.71509552001953,44.77174377441406,112.54161834716797,35.91653823852539,51.434303283691406,36.273616790771484
2019-12-06,65.25567626953125,143.7556610107422,87.58000183105469,66.4205322265625,199.48455810546875,5.2803754806518555,22.392667770385742,222.61000061035156,113.35197448730469,117.94173431396484,174.2484588623047,105.3973159790039,252.1200714111328,184.10523986816406,279.8768005371094,143.4035186767578,306.2300109863281,155.7237091064453,30.735000610351562,26.897737503051758,44.96177291870117,113.38359069824219,36.18063735961914,52.261329650878906,36.616004943847656
2019-12-09,64.34208679199219,143.38623046875,87.47550201416016,66.59905242919922,199.77227783203125,5.2803754806518555,22.635332107543945,221.3800048828125,112.82317352294922,118.04255676269531,174.96583557128906,105.97441864013672,249.73558044433594,186.0384063720703,278.5853576660156,141.99534606933594,307.04998779296875,155.20138549804688,30.25,26.91880989074707,44.672611236572266,113.21852111816406,36.23014831542969,52.37411880493164,36.487606048583984
2019-12-10,64.71813201904297,143.16835021972656,86.96050262451172,66.59410095214844,199.30593872070312,5.325422763824463,23.256000518798828,221.25999450683594,112.89868927001953,117.61408233642578,174.3345489501953,105.46520233154297,251.51724243164062,185.49710083007812,278.151611328125,141.8885040283203,304.1700134277344,154.1370086669922,29.312000274658203,27.031206130981445,44.42474365234375,112.48383331298828,36.39521408081055,51.92300033569336,36.420345306396484
2019-12-11,65.2701416015625,143.70828247070312,87.43599700927734,66.66154479980469,200.68511962890625,5.40904426574707,23.51333236694336,222.57000732421875,112.63009643554688,118.4458236694336,174.09535217285156,105.79619598388672,252.39907836914062,182.1463165283203,279.5394287109375,143.33555603027344,303.739990234375,154.12716674804688,29.89299964904785,26.84856414794922,44.573463439941406,113.1689682006836,36.543758392333984,51.84779739379883,36.37755584716797
2019-12-12,65.43646240234375,145.167236328125,88.0165023803711,66.87179565429688,195.2180633544922,5.576536178588867,23.978666305541992,225.9199981689453,115.85340881347656,118.74827575683594,174.69801330566406,105.71981811523438,255.19741821289062,182.18069458007812,281.6211853027344,143.50064086914062,305.9599914550781,156.29534912109375,29.8439998626709,27.0733642578125,44.73043441772461,113.23501586914062,37.69091033935547,52.8853645324707,36.60988998413086
2019-12-13,66.32596588134766,146.38922119140625,88.0469970703125,66.79147338867188,192.5985870361328,5.574544429779053,23.892667770385742,225.3699951171875,114.83770751953125,118.78190612792969,177.08929443359375,106.48363494873047,256.8801574707031,183.93345642089844,285.3605651855469,143.01214599609375,317.94000244140625,158.798583984375,29.850000381469727,26.92583656311035,44.96177291870117,113.86233520507812,37.385555267333984,52.05082321166992,36.77190399169922
2019-12-16,67.46133422851562,147.33656311035156,88.46050262451172,67.47730255126953,196.37893676757812,5.603414058685303,25.433332443237305,226.85000610351562,115.28260040283203,119.1263656616211,178.14151000976562,106.56000518798828,262.77398681640625,185.17921447753906,286.1991271972656,145.0443115234375,323.79998779296875,159.61656188964844,30.42099952697754,27.494842529296875,44.96177291870117,113.13594818115234,37.946754455566406,52.62973403930664,36.848323822021484
2019-12-17,67.59388732910156,146.54080200195312,89.53299713134766,67.1891860961914,196.84527587890625,5.6815619468688965,25.266000747680664,227.0500030517578,115.98767852783203,120.61343383789062,177.45277404785156,106.34783172607422,261.3702392578125,187.06080627441406,285.27386474609375,144.33108520507812,322.8500061035156,159.29135131835938,31.54800033569336,27.326250076293945,44.96177291870117,112.40131378173828,38.326385498046875,52.38915252685547,37.07453918457031
2019-12-18,67.4323959350586,146.2376708984375,89.20149993896484,67.0414047241211,200.92324829101562,5.711925029754639,26.209999084472656,225.00999450683594,115.87015533447266,120.30258178710938,176.85975646972656,105.24456787109375,263.5567321777344,187.3014373779297,284.0594482421875,142.8948974609375,324.3800048828125,159.14353942871094,32.08000183105469,27.319229125976562,44.54041290283203,112.23623657226562,38.4914436340332,52.53200149536133,36.64045715332031
2019-12-19,67.4999008178711,147.50706481933594,89.61399841308594,67.26604461669922,204.45553588867188,5.860005855560303,26.93600082397461,225.2100067138672,115.29096984863281,122.1173324584961,178.4283905029297,106.01685333251953,265.1044921875,189.20877075195312,286.74835205078125,142.78741455078125,327.6300048828125,160.96676635742188,33.22200012207031,27.37542152404785,44.87916564941406,112.6489486694336,39.514793395996094,52.17110824584961,36.707706451416016
2019-12-20,67.3600845336914,149.11753845214844,89.32499694824219,67.00719451904297,204.69366455078125,5.9573163986206055,27.03933334350586,226.30999755859375,115.19866943359375,122.71383666992188,179.82498168945312,106.39027404785156,263.27789306640625,190.0421905517578,287.7507019042969,143.50064086914062,327.6099853515625,162.16908264160156,33.689998626708984,27.558063507080078,45.41618347167969,113.84584045410156,39.1599235534668,52.584625244140625,36.77190399169922
2019-12-23,68.45927429199219,149.11753845214844,89.6500015258789,66.9779281616211,204.5745849609375,5.943626403808594,27.947999954223633,225.47999572753906,115.16507720947266,123.0331039428711,178.9449462890625,105.99990844726562,265.5273742675781,188.3410186767578,286.4977722167969,141.3512420654297,328.95001220703125,161.37083435058594,33.310001373291016,27.621286392211914,45.366607666015625,113.11944580078125,39.69636535644531,52.8477783203125,36.386722564697266
2019-12-24,68.52437591552734,149.089111328125,89.46050262451172,66.67046356201172,203.52285766601562,5.938650608062744,28.350000381469727,225.47000122070312,115.48403930664062,122.6046142578125,179.4136505126953,106.27145385742188,265.03253173828125,189.5954132080078,286.7002258300781,141.9472198486328,329.6400146484375,160.88790893554688,33.31999969482422,27.600215911865234,45.201377868652344,112.99561309814453,39.43227005004883,52.64478302001953,36.53345489501953
2019-12-26,69.88391876220703,150.31112670898438,93.4384994506836,67.56507873535156,206.1720733642578,5.952834606170654,28.729333877563477,226.4499969482422,116.70955657958984,122.52059936523438,180.9344940185547,106.27145385742188,266.03131103515625,189.7243194580078,288.35791015625,142.34779357910156,331.20001220703125,162.12969970703125,33.26300048828125,27.663434982299805,45.45749282836914,112.83056640625,39.49003219604492,52.727481842041016,36.53651809692383
2019-12-27,69.85740661621094,150.5858612060547,93.48999786376953,67.17678833007812,206.47967529296875,5.895097255706787,28.691999435424805,226.13999938964844,116.79350280761719,122.4533920288086,181.15447998046875,107.00981140136719,266.3192443847656,188.99400329589844,289.8421630859375,142.3966522216797,330.7900085449219,162.5928497314453,32.909000396728516,27.621286392211914,45.73014450073242,113.53216552734375,39.42402267456055,52.54703903198242,36.55791473388672
2019-12-30,70.27200317382812,149.28797912597656,92.34449768066406,66.43639373779297,202.81837463378906,5.781857967376709,27.64666748046875,225.75999450683594,116.36539459228516,122.0753402709961,179.662353515625,105.63495635986328,264.41156005859375,186.7085723876953,286.9314880371094,140.4622039794922,328.3399963378906,160.08961486816406,32.33100128173828,27.333274841308594,45.66404342651367,112.92960357666016,39.27546691894531,52.23877716064453,36.49982833862305
2019-12-31,70.78544616699219,149.39219665527344,92.39199829101562,66.4205322265625,203.65184020996094,5.856024265289307,27.8886661529541,226.5,117.01177215576172,122.5542221069336,179.729248046875,105.99990844726562,264.52862548828125,187.6278533935547,287.77001953125,141.30242919921875,329.80999755859375,160.28672790527344,32.356998443603516,27.5229434967041,45.73014450073242,112.81401062011719,39.580810546875,52.46432876586914,36.32864761352539
2020-01-02,72.40052032470703,152.1584014892578,94.90049743652344,67.8730239868164,208.1465606689453,5.970754623413086,28.68400001525879,228.38999938964844,118.43033599853516,122.63825988769531,182.80926513671875,104.7353515625,263.1968078613281,188.72764587402344,292.3961486816406,144.79026794433594,334.42999267578125,164.57379150390625,32.98099899291992,27.494842529296875,45.43271255493164,112.11241912841797,40.25421142578125,53.3064079284668,36.359214782714844
2020-01-03,71.6966323852539,150.26376342773438,93.74849700927734,67.5179672241211,207.04522705078125,5.875186443328857,29.534000396728516,226.17999267578125,116.86746978759766,121.21835327148438,181.3553924560547,104.03093719482422,260.53350830078125,188.1004180908203,289.5432434082031,143.12939453125,331.80999755859375,163.76565551757812,32.59000015258789,27.34733009338379,45.18484878540039,111.95556640625,39.59744644165039,52.87784957885742,36.038238525390625
2020-01-06,72.26792907714844,150.65220642089844,95.14399719238281,69.31758880615234,210.9446258544922,5.899825096130371,30.1026668548584,226.99000549316406,116.77452850341797,121.0671615600586,180.96322631835938,104.17523193359375,262.3420104980469,188.9854278564453,290.3143005371094,142.29893493652344,333.7099914550781,170.94032287597656,33.58300018310547,27.31219482421875,45.16832733154297,112.38480377197266,39.73877716064453,53.28386306762695,35.96486282348633
2020-01-07,71.92804718017578,149.278564453125,95.34300231933594,69.18370056152344,211.40103149414062,5.97125244140625,31.270666122436523,225.9199981689453,114.789306640625,121.80645751953125,180.48492431640625,103.53023529052734,260.75836181640625,187.74813842773438,289.331298828125,142.34779357910156,333.3900146484375,173.45339965820312,33.07500076293945,27.22087860107422,44.821311950683594,110.61831665039062,39.48106384277344,52.8477783203125,35.63166427612305
2020-01-08,73.0851058959961,151.6562957763672,94.59850311279297,69.6761245727539,213.54420471191406,5.982449531555176,32.80933380126953,225.99000549316406,115.68477630615234,121.7896499633789,183.57449340820312,103.97154235839844,266.25616455078125,190.5576934814453,294.4364929199219,142.05470275878906,337.8699951171875,174.76417541503906,33.92599868774414,27.438650131225586,44.90393829345703,111.18791198730469,39.50599670410156,52.05082321166992,35.50938034057617
2020-01-09,74.63749694824219,153.5509796142578,95.05249786376953,70.40757751464844,216.60025024414062,6.048155307769775,32.089332580566406,228.64999389648438,116.10717010498047,122.1509780883789,184.84661865234375,105.1087646484375,264.7445068359375,193.4788818359375,298.2966003417969,141.49781799316406,340.45001220703125,177.0013427734375,33.566001892089844,27.319229125976562,45.721885681152344,111.2621841430664,39.339725494384766,52.44929122924805,35.876216888427734
2020-01-10,74.80625915527344,152.84046936035156,94.15799713134766,70.86231231689453,216.36209106445312,6.080508232116699,31.876667022705078,226.6199951171875,114.94983673095703,121.87366485595703,185.3440399169922,105.21060943603516,265.5633850097656,192.6455078125,300.29425048828125,141.29263305664062,339.80999755859375,177.59268188476562,32.904998779296875,27.740707397460938,45.878868103027344,111.04757690429688,39.18177032470703,51.98313903808594,35.576637268066406
2020-01-13,76.4044189453125,154.6782989501953,94.56500244140625,71.41129302978516,220.18212890625,6.271145343780518,34.990665435791016,228.4499969482422,115.9044189453125,122.41136932373047,186.83616638183594,105.98290252685547,257.21307373046875,191.8894500732422,304.1930847167969,140.56968688964844,345.6300048828125,181.18984985351562,33.891998291015625,27.68451499938965,46.37457275390625,112.6984634399414,39.8801155090332,52.479373931884766,35.423797607421875
2020-01-14,75.3727035522461,153.5888671875,93.47200012207031,70.94315338134766,217.35435485839844,6.1541748046875,35.861331939697266,227.1699981689453,117.25607299804688,123.1003189086914,187.52488708496094,105.82167053222656,259.3636474609375,191.43405151367188,299.78271484375,141.8592987060547,344.6300048828125,179.48487854003906,33.86899948120117,28.148141860961914,46.26716613769531,112.96261596679688,39.730464935302734,52.028255462646484,35.515480041503906
2020-01-15,75.04969787597656,154.58352661132812,93.10099792480469,71.37012481689453,219.42803955078125,6.111617088317871,34.56666564941406,228.35000610351562,115.49893951416016,123.51200866699219,191.11183166503906,106.89948272705078,266.71527099609375,192.96339416503906,303.2665710449219,140.9995574951172,342.94000244140625,178.44020080566406,33.90700149536133,28.569631576538086,46.84551239013672,114.90238952636719,39.91336441040039,51.94554901123047,35.24036407470703
2020-01-16,75.98979949951172,157.416015625,93.89700317382812,71.91364288330078,220.04324340820312,6.1952409744262695,34.232666015625,229.72999572753906,115.9466781616211,124.51179504394531,192.21180725097656,106.99283599853516,270.6113586425781,196.59771728515625,309.1051330566406,141.78114318847656,345.3800048828125,180.046630859375,33.86199951171875,28.527477264404297,46.94465637207031,115.2408447265625,40.77797317504883,51.74254608154297,35.429908752441406
2020-01-17,76.83109283447266,158.2970428466797,93.23600006103516,73.3696060180664,220.41033935546875,6.203949928283691,34.03333282470703,230.1999969482422,116.74921417236328,125.32673645019531,195.79869079589844,107.28138732910156,268.5688781738281,199.2526092529297,312.34759521484375,141.0093231201172,349.739990234375,179.59326171875,33.96699905395508,28.45723533630371,47.04380416870117,116.60282897949219,40.75303268432617,51.54706573486328,35.142539978027344
2020-01-21,76.31041717529297,157.72862243652344,94.5999984741211,73.50498962402344,219.71578979492188,6.1706013679504395,36.47999954223633,228.6300048828125,115.60029602050781,125.4107666015625,198.27610778808594,107.00981140136719,270.42242431640625,200.14613342285156,310.6781921386719,140.25701904296875,350.0,182.58929443359375,33.81100082397461,28.337810516357422,47.233821868896484,117.0981216430664,40.570133209228516,50.81024169921875,35.335140228271484
2020-01-22,76.58280181884766,156.97079467773438,94.37300109863281,73.58531951904297,219.5967254638672,6.224606990814209,37.97066879272461,229.5399932861328,115.46512603759766,124.5538101196289,198.8595733642578,107.19652557373047,270.4764099121094,200.1032257080078,312.97503662109375,140.69667053222656,350.05999755859375,180.10574340820312,32.599998474121094,28.232439041137695,47.59735107421875,118.352783203125,40.794593811035156,50.517024993896484,35.49103546142578
2020-01-23,76.95161437988281,157.93701171875,94.22899627685547,73.6259765625,218.04884338378906,6.2930474281311035,38.14666748046875,229.3800048828125,115.34683990478516,124.78904724121094,197.5396270751953,106.70648193359375,269.4595947265625,200.74752807617188,313.62158203125,138.9282989501953,351.760009765625,181.3179473876953,34.959999084472656,28.59772300720215,47.77912139892578,118.57569122314453,40.73640441894531,50.201255798339844,35.40238571166992
2020-01-24,76.72984313964844,156.34552001953125,93.08200073242188,72.70757293701172,216.24305725097656,6.2338151931762695,37.654666900634766,226.86000061035156,112.4830322265625,124.61260986328125,196.085693359375,106.83453369140625,263.47576904296875,199.32992553710938,312.3574523925781,136.8571014404297,351.3699951171875,179.4750213623047,35.316001892089844,27.97252082824707,47.65517807006836,117.97305297851562,40.6117057800293,49.862911224365234,34.96219253540039
2020-01-27,74.47359466552734,153.73095703125,91.41699981689453,70.99968719482422,213.1969451904297,5.977972030639648,37.201332092285156,222.4499969482422,111.53688049316406,124.97388458251953,192.9196319580078,107.30406951904297,255.62942504882812,198.63401794433594,304.7334899902344,132.77325439453125,346.8999938964844,178.09527587890625,34.28799819946289,28.21136474609375,47.48994445800781,117.32918548583984,39.464420318603516,48.674983978271484,35.41767501831055
2020-01-28,76.58039855957031,156.74343872070312,92.6624984741211,71.93049621582031,216.09420776367188,6.171349048614502,37.793331146240234,224.02999877929688,113.56436920166016,125.60398864746094,194.0292205810547,107.59434509277344,257.2310791015625,200.92803955078125,309.0761413574219,135.1864471435547,354.6300048828125,180.20433044433594,34.85200119018555,26.79236602783203,47.101619720458984,117.57685089111328,39.71384048461914,48.607330322265625,35.64389419555664
2020-01-29,78.18338775634766,159.18748474121094,92.9000015258789,72.23795318603516,221.49183654785156,6.110869884490967,38.732666015625,224.5,113.39541625976562,126.47774505615234,195.9517822265625,106.76625061035156,254.55859375,201.0655059814453,309.12445068359375,132.92959594726562,351.6600036621094,179.13992309570312,34.316001892089844,26.39897918701172,47.101619720458984,116.99081420898438,39.11526107788086,48.20132064819336,35.42685317993164
2020-01-30,78.07009887695312,163.6778106689453,93.53399658203125,72.11646270751953,207.89849853515625,6.117590427398682,42.72066879272461,227.8800048828125,114.79774475097656,126.3265609741211,199.1561279296875,107.52605438232422,252.83096313476562,200.00868225097656,313.1197509765625,134.6393280029297,356.739990234375,182.98350524902344,34.77399826049805,26.306726455688477,48.63010025024414,118.72427368164062,39.27322006225586,48.71259307861328,35.63777160644531
2020-01-31,74.60857391357422,161.26214599609375,100.43599700927734,71.05176544189453,200.33786010742188,5.884145736694336,43.371334075927734,224.42999267578125,111.81568908691406,125.07469177246094,190.3179168701172,106.39060974121094,245.15550231933594,195.97918701171875,304.89752197265625,135.12782287597656,351.1400146484375,179.672119140625,34.50899887084961,26.427371978759766,48.25005340576172,117.23018646240234,38.21739959716797,46.705135345458984,34.998870849609375
2020-02-03,74.40367126464844,165.1935272216797,100.20999908447266,73.52233123779297,202.60011291503906,5.981207370758057,52.0,223.47000122070312,112.66889953613281,126.16691589355469,192.077880859375,106.80892944335938,246.56822204589844,198.9346923828125,313.17767333984375,138.06858825683594,358.0,182.73712158203125,35.79999923706055,26.61897087097168,48.39876937866211,117.6346664428711,38.68296432495117,45.66005325317383,34.931617736816406
2020-02-04,76.8600082397461,170.63107299804688,102.4834976196289,71.6780776977539,208.19619750976562,6.150442123413086,59.137332916259766,225.0800018310547,114.29087829589844,127.36832427978516,194.7083282470703,107.27848815917969,252.70494079589844,201.907470703125,317.6168518066406,141.4001007080078,366.739990234375,185.61485290527344,36.9010009765625,26.746713638305664,48.613582611083984,118.22071075439453,39.58913040161133,45.08864974975586,35.237308502197266
2020-02-05,77.48675537109375,170.42269897460938,101.99349975585938,71.70982360839844,208.47402954101562,6.24078369140625,48.97999954223633,228.64999389648438,116.23387908935547,129.3762969970703,193.9909210205078,108.26024627685547,266.1032409667969,204.5795135498047,316.84490966796875,138.11740112304688,365.54998779296875,182.80612182617188,36.96699905395508,27.087339401245117,48.6218376159668,119.1121826171875,40.2791633605957,47.16375732421875,35.70808029174805
2020-02-06,78.39311218261719,173.9562225341797,102.5114974975586,73.19354248046875,209.20823669433594,6.327640533447266,49.930667877197266,229.61000061035156,116.25077819824219,128.98985290527344,194.21092224121094,108.5419921875,263.1609191894531,205.2067413330078,317.7906188964844,139.4168243408203,367.4599914550781,184.0281524658203,36.69499969482422,27.151214599609375,48.737510681152344,119.13694763183594,40.478675842285156,46.52469253540039,35.55524444580078
2020-02-07,77.3275375366211,174.20248413085938,103.96399688720703,73.3492660522461,210.67672729492188,6.261439323425293,49.871334075927734,227.3800048828125,115.87908935546875,127.61196899414062,193.9239959716797,107.63704681396484,260.2454528808594,203.8836212158203,315.5709533691406,137.77548217773438,366.0899963378906,183.0327606201172,36.676998138427734,27.00218963623047,48.90275192260742,119.99542236328125,39.8801155090332,46.2164306640625,35.5980339050293
2020-02-10,77.69480895996094,178.75909423828125,106.69550323486328,74.81465911865234,211.40103149414062,6.544660568237305,51.41866683959961,227.11000061035156,116.36061096191406,127.58676147460938,197.03268432617188,107.71385192871094,258.2748718261719,206.7274627685547,318.7363586425781,139.309326171875,370.0,186.38356018066406,37.106998443603516,26.831871032714844,49.365421295166016,120.23481750488281,40.62832260131836,45.72834396362305,35.231201171875
2020-02-11,77.22605895996094,174.7235565185547,107.54000091552734,74.88408660888672,205.57675170898438,6.667106628417969,51.62533187866211,227.3300018310547,116.58026123046875,127.69598388671875,195.07177734375,105.99790954589844,261.6581726074219,207.61245727539062,319.3540344238281,137.7657012939453,369.2799987792969,186.3737030029297,37.36899948120117,27.03057289123535,49.23323440551758,120.58149719238281,40.84447479248047,46.163047790527344,35.277061462402344
2020-02-12,79.05998992919922,174.9792938232422,108.0,75.30907440185547,209.1189422607422,6.782832145690918,51.15266799926758,227.44000244140625,116.58026123046875,126.9398422241211,198.41958618164062,105.3917465209961,273.076904296875,207.56947326660156,322.48065185546875,138.5863800048828,374.2900085449219,186.7186737060547,38.000999450683594,26.782194137573242,49.08450698852539,120.58149719238281,41.50956344604492,46.7274055480957,35.41461944580078
2020-02-13,78.49700164794922,174.0320281982422,107.49349975585938,75.04922485351562,211.4804229736328,6.739030361175537,53.599998474121094,226.47000122070312,116.47886657714844,126.09967803955078,198.66860961914062,106.68087768554688,271.9251403808594,208.23104858398438,324.1018981933594,137.65823364257812,374.8399963378906,185.9105224609375,38.13999938964844,26.207380294799805,49.249755859375,120.90339660644531,39.339725494384766,46.46809768676758,35.900672912597656
2020-02-14,78.51634979248047,175.58560180664062,106.74349975585938,75.31402587890625,212.51229858398438,7.212142467498779,53.33533477783203,226.8000030517578,116.12409210205078,126.13324737548828,201.4369659423828,107.6882553100586,268.8477478027344,210.52505493164062,329.0334167480469,136.3295135498047,379.6700134277344,187.20156860351562,38.040000915527344,25.909330368041992,49.53065490722656,121.3326644897461,39.04874801635742,46.25456619262695,36.038238525390625
2020-02-18,77.07867431640625,177.36654663085938,107.78350067138672,75.3492431640625,216.10411071777344,7.380878925323486,57.22666549682617,226.77000427246094,114.5865478515625,125.30158233642578,202.30865478515625,106.6040267944336,271.87115478515625,209.5885467529297,329.313232421875,135.93873596191406,378.8500061035156,188.3250732421875,38.77799987792969,25.774490356445312,49.18365478515625,120.1852798461914,38.73284912109375,45.667327880859375,36.57014846801758
2020-02-19,78.19498443603516,177.89852905273438,108.51100158691406,75.6185073852539,215.7965545654297,7.832088470458984,61.16133117675781,229.24000549316406,116.14940643310547,125.13348388671875,204.329833984375,107.09065246582031,274.72357177734375,209.33082580566406,332.5171813964844,138.04901123046875,383.2799987792969,190.0792999267578,38.61899948120117,25.710622787475586,49.38194274902344,120.12751770019531,38.483428955078125,46.01814270019531,35.97403335571289
2020-02-20,77.39279174804688,175.18173217773438,107.65499877929688,75.22773742675781,212.9091796875,7.682764530181885,59.96066665649414,228.1699981689453,116.14940643310547,124.6546401977539,202.5481414794922,108.06390380859375,271.8621520996094,212.23483276367188,332.4110107421875,137.1404266357422,378.9599914550781,190.56222534179688,38.599998474121094,25.440956115722656,49.34063720703125,119.82206726074219,38.94898986816406,45.652069091796875,35.97710418701172
2020-02-21,75.64097595214844,169.64382934570312,104.79850006103516,73.56497955322266,208.54345703125,7.31865930557251,60.06666564941406,229.3300018310547,114.73017120361328,125.96524047851562,200.019287109375,108.16633605957031,271.23223876953125,210.79139709472656,327.82708740234375,135.77261352539062,372.95001220703125,186.75808715820312,38.00699996948242,25.348695755004883,49.67938232421875,120.39167022705078,38.49174880981445,45.095340728759766,36.249168395996094
2020-02-24,72.04801940917969,162.32955932617188,100.4645004272461,70.41104888916016,199.15711975097656,6.8012495040893555,55.58599853515625,221.69000244140625,111.6467056274414,123.36953735351562,190.42111206054688,105.2636947631836,249.9605255126953,205.94564819335938,313.3223876953125,129.9497528076172,357.4100036621094,183.24960327148438,36.869998931884766,24.603567123413086,48.45660400390625,117.74195861816406,36.57963180541992,42.98280334472656,35.55829620361328
2020-02-25,69.60759735107422,159.65081787109375,98.63700103759766,68.747802734375,195.23789978027344,6.521762371063232,53.32733154296875,218.0500030517578,106.66248321533203,122.30413055419922,180.46853637695312,103.667236328125,237.00311279296875,203.95236206054688,292.30364990234375,125.24066162109375,347.79998779296875,178.64715576171875,36.00899887084961,24.07842445373535,47.77085494995117,116.47077941894531,35.53211975097656,41.335487365722656,34.96831512451172
2020-02-26,70.71182250976562,161.6456298828125,98.97949981689453,68.95360565185547,195.66452026367188,6.661133289337158,51.91999816894531,216.05999755859375,106.98348999023438,121.48401641845703,179.3286590576172,102.58301544189453,236.6522216796875,202.14801025390625,287.6231994628906,120.52178192138672,351.3399963378906,176.28192138671875,37.92399978637695,24.63904571533203,47.58909225463867,117.19717407226562,35.049930572509766,40.42792510986328,34.78183364868164
2020-02-27,66.08952331542969,150.25621032714844,94.21499633789062,65.20855712890625,188.27255249023438,6.290338039398193,45.266666412353516,207.6699981689453,102.53150177001953,117.62848663330078,172.43170166015625,96.89722442626953,228.4818115234375,193.08367919921875,275.8302307128906,115.32418823242188,337.5199890136719,169.65911865234375,37.17100143432617,24.19906997680664,45.38313674926758,112.56636810302734,33.28746032714844,37.99509811401367,33.74858093261719
2020-02-28,66.05087280273438,153.8943634033203,94.1875,66.4135971069336,190.9713592529297,6.725381851196289,44.53266525268555,206.33999633789062,98.08792114257812,113.70526123046875,174.10809326171875,96.66674041748047,229.41769409179688,187.16395568847656,280.1054382324219,114.94316101074219,345.1199951171875,167.93446350097656,36.90299987792969,23.71650505065918,44.193424224853516,108.98394012451172,33.196022033691406,39.23058319091797,32.917110443115234
2020-03-02,72.20024108886719,164.13436889648438,97.69750213623047,68.747802734375,194.9104461669922,6.883760929107666,49.574668884277344,217.6300048828125,102.65821075439453,118.3894271850586,184.2330780029297,102.0707778930664,245.7493133544922,197.5600128173828,296.01904296875,117.21955108642578,360.2799987792969,174.20240783691406,38.10499954223633,24.75259780883789,46.20106887817383,113.565185546875,34.22688674926758,41.09143829345703,35.423797607421875
2020-03-03,69.90721893310547,156.26914978027344,95.44950103759766,66.33771514892578,184.44259643554688,6.62129020690918,49.70066833496094,208.80999755859375,98.80597686767578,114.64376068115234,177.91090393066406,100.88409423828125,235.21249389648438,195.84169006347656,281.79425048828125,113.77075958251953,348.3399963378906,166.9193572998047,36.87699890136719,24.34099769592285,46.31674575805664,111.91427612304688,33.28746032714844,39.12380599975586,34.51588821411133
2020-03-04,73.14984130859375,162.00660705566406,98.79149627685547,68.51373291015625,190.26687622070312,7.084970951080322,49.96666717529297,217.86000061035156,101.2474136352539,121.31489562988281,186.1105499267578,106.28816223144531,260.4254455566406,207.13131713867188,291.7922058105469,116.43795013427734,363.8500061035156,173.14788818359375,38.37900161743164,25.831266403198242,48.67967224121094,117.53559112548828,34.4097900390625,39.97797775268555,35.69585418701172
2020-03-05,70.77706909179688,157.9409942626953,96.20149993896484,65.1991195678711,183.7281951904297,6.805567264556885,48.30266571044922,208.9600067138672,96.28008270263672,120.07197570800781,179.0891571044922,103.83798217773438,254.61257934570312,201.7442626953125,280.5686340332031,111.35760498046875,351.0299987792969,167.14602661132812,37.27799987792969,25.164194107055664,46.878562927246094,114.76414489746094,32.89673614501953,38.21625518798828,35.43601989746094
2020-03-06,69.83714294433594,153.4763641357422,95.05449676513672,64.25592803955078,179.67996215820312,6.62502384185791,46.89866638183594,205.97999572753906,91.3043212890625,120.08889770507812,176.59861755371094,103.86360168457031,255.43141174316406,196.33139038085938,276.9786071777344,112.61790466308594,336.7699890136719,161.70590209960938,36.89699935913086,24.851945877075195,45.655784606933594,114.06608581542969,32.98817825317383,36.37064743041992,35.83647537231445
2020-03-09,64.31358337402344,143.0749053955078,90.03050231933594,60.29119110107422,168.18020629882812,6.11203670501709,40.53333282470703,193.1300048828125,78.93665313720703,115.36245727539062,163.92562866210938,99.082763671875,246.0463104248047,180.82318115234375,252.8524627685547,101.94915771484375,305.7900085449219,149.02212524414062,34.64899826049805,23.957786560058594,42.84670639038086,108.16583251953125,31.558237075805664,31.924423217773438,35.81508255004883
2020-03-10,68.94552612304688,152.85897827148438,94.59100341796875,63.23585891723633,176.80255126953125,6.501509189605713,43.02199935913086,202.72999572753906,85.06979370117188,119.75914764404297,174.91270446777344,102.91598510742188,251.94915771484375,193.91709899902344,270.7637939453125,108.89557647705078,332.3800048828125,159.0055389404297,36.41299819946289,24.54679298400879,44.3338623046875,111.4732894897461,33.32071304321289,33.10652542114258,36.61906051635742
2020-03-11,66.55103302001953,145.93411254882812,91.04299926757812,60.04869842529297,168.91444396972656,6.137684345245361,42.28200149536133,194.63999938964844,81.06552124023438,111.43926239013672,165.66897583007812,95.26663970947266,249.9515380859375,184.1347198486328,260.33160400390625,103.08246612548828,315.2300109863281,152.33352661132812,34.992000579833984,22.82944679260254,43.13587188720703,107.8250961303711,30.801715850830078,32.01594161987305,34.980525970458984
2020-03-12,59.97880554199219,132.09402465820312,83.83049774169922,55.121917724609375,153.26724243164062,5.386630535125732,37.369998931884766,175.97000122070312,74.38327026367188,106.03641510009766,153.34080505371094,86.94287109375,225.3235321044922,164.84683227539062,233.0592498779297,89.69767761230469,285.0,138.55577087402344,31.524999618530273,21.30369758605957,38.963565826416016,95.85006713867188,27.60099220275879,28.355222702026367,31.807430267333984
2020-03-13,67.16475677490234,150.87367248535156,89.25,60.215816497802734,168.9541015625,5.997483730316162,36.44133377075195,196.39999389648438,87.78153991699219,113.54458618164062,168.427734375,97.38386535644531,245.84690856933594,177.88998413085938,260.57293701171875,100.1612548828125,335.5,145.64173889160156,33.630001068115234,23.21265411376953,40.39710235595703,105.91374969482422,31.29221534729004,29.072120666503906,34.87966537475586
2020-03-16,58.52421951293945,128.63632202148438,84.4574966430664,53.21022415161133,144.87310791015625,4.890824794769287,29.67133331298828,177.77000427246094,74.64514923095703,107.4906997680664,145.6105499267578,92.62864685058594,203.3722686767578,142.6787109375,227.41371154785156,92.82405090332031,286.0299987792969,122.5014877319336,29.884000778198242,21.4172420501709,37.721736907958984,93.98028564453125,28.02497673034668,26.303709030151367,32.6358642578125
2020-03-17,61.0975341796875,139.227783203125,90.39199829101562,55.444740295410156,148.25653076171875,5.410536289215088,28.68000030517578,187.60000610351562,79.20700073242188,115.4892807006836,151.24298095703125,100.94389343261719,220.70550537109375,150.18626403808594,229.5658416748047,91.37810516357422,311.80999755859375,133.46058654785156,31.975000381469727,22.822341918945312,39.321956634521484,106.13813781738281,29.513113021850586,28.073049545288086,36.45703887939453
2020-03-18,59.60186767578125,133.36688232421875,91.5,54.11226272583008,145.81570434570312,5.0506978034973145,24.08133316040039,172.44000244140625,70.86897277832031,114.11109924316406,142.22914123535156,100.26942443847656,196.1605682373047,134.60891723632812,219.96359252929688,86.7569351196289,294.6099853515625,130.32659912109375,31.547000885009766,22.964277267456055,37.3800163269043,100.4871826171875,30.859901428222656,25.258878707885742,37.4719352722168
2020-03-19,59.14519119262695,135.5612030029297,94.04650115966797,55.127864837646484,151.93765258789062,5.303457260131836,28.50933265686035,174.67999267578125,72.06011962890625,107.42304992675781,145.8404083251953,94.61780548095703,198.6367950439453,139.3660430908203,219.21083068847656,92.74588775634766,307.510009765625,137.442138671875,33.202999114990234,21.587554931640625,34.86301803588867,97.5121078491211,31.350400924682617,26.25794792175293,36.67668533325195
2020-03-20,55.39033126831055,130.46966552734375,92.30449676513672,52.972679138183594,148.5641632080078,5.123660564422607,28.50200080871582,170.05999755859375,70.53948974609375,101.36915588378906,140.64857482910156,87.44654846191406,186.6986846923828,131.59893798828125,204.03062438964844,84.00181579589844,295.3399963378906,137.33372497558594,33.28300094604492,20.58694839477539,31.920949935913086,86.36811828613281,29.59624481201172,24.969072341918945,34.99407196044922
2020-03-23,54.213600158691406,129.1682586669922,95.1415023803711,52.27445602416992,146.9468231201172,5.296483516693115,28.952667236328125,162.1300048828125,66.76332092285156,93.97085571289062,130.02548217773438,83.40846252441406,176.09811401367188,140.45582580566406,196.19442749023438,83.78687286376953,307.2699890136719,138.4867706298828,36.027000427246094,20.217931747436523,31.304214477539062,87.40689086914062,28.764892578125,23.985260009765625,35.089256286621094
2020-03-24,59.652610778808594,140.90914916992188,97.00499725341797,56.037353515625,159.72654724121094,6.205170631408691,33.66666793823242,178.1999969482422,74.70426940917969,100.7688217163086,148.0244140625,88.16368103027344,198.6367950439453,159.76966857910156,228.7841796875,95.86250305175781,310.0,151.4169464111328,35.731998443603516,21.076602935791016,32.879417419433594,94.60355377197266,32.09031295776367,27.02822494506836,35.31954574584961
2020-03-25,59.32398986816406,139.56027221679688,94.29199981689453,54.629486083984375,154.9936981201172,6.116516590118408,35.95000076293945,180.47000122070312,77.49208068847656,100.95484161376953,154.96922302246094,86.15742492675781,211.91241455078125,157.20950317382812,247.5157470703125,98.41243743896484,305.9100036621094,144.9321746826172,34.23899841308594,21.11208724975586,34.67966079711914,93.489990234375,31.3171443939209,28.439125061035156,33.59088134765625
2020-03-26,62.445804595947266,148.28997802734375,97.77449798583984,57.66935729980469,162.0681610107422,6.405884265899658,35.21066665649414,183.89999389648438,82.89026641845703,107.01719665527344,161.77029418945312,91.6724624633789,230.80003356933594,168.8428192138672,253.98155212402344,102.93592071533203,322.6700134277344,152.49114990234375,36.29899978637695,22.531391143798828,36.913299560546875,99.93870544433594,33.73640441894531,29.605974197387695,33.719825744628906
2020-03-27,59.86040496826172,142.20101928710938,95.00499725341797,55.057945251464844,155.5691680908203,6.293572902679443,34.29066848754883,179.66000366210938,76.9852066040039,104.13397216796875,154.75843811035156,94.05435180664062,219.10597229003906,164.81222534179688,238.994384765625,94.18206787109375,305.8299865722656,143.88748168945312,35.71200180053711,21.928180694580078,35.67979431152344,100.10491180419922,32.27320861816406,28.179821014404297,33.646141052246094
2020-03-30,61.568695068359375,152.20352172851562,98.19750213623047,56.84566879272461,164.65785217285156,6.613818168640137,33.47533416748047,183.17999267578125,78.98734283447266,112.46235656738281,158.59962463378906,98.17782592773438,227.0857696533203,169.6126251220703,244.39859008789062,97.50384521484375,318.3900146484375,147.68177795410156,37.09600067138672,23.184267044067383,37.505035400390625,104.27664184570312,33.52023696899414,28.599281311035156,35.368675231933594
2020-03-31,61.443058013916016,149.80978393554688,97.48600006103516,57.62126159667969,165.50123596191406,6.564262866973877,34.93333435058594,182.8300018310547,76.05593872070312,110.87277221679688,154.33702087402344,93.9092025756836,225.36871337890625,161.49085998535156,233.1172332763672,94.3774642944336,318.239990234375,141.896728515625,37.54999923706055,23.162982940673828,36.87995529174805,99.80574035644531,32.680572509765625,28.957719802856445,34.88660430908203
2020-04-01,58.21009826660156,144.4903106689453,95.38500213623047,54.65329360961914,158.35726928710938,6.053016185760498,32.104000091552734,175.9499969482422,71.2659912109375,108.91116333007812,146.66419982910156,93.33721160888672,214.46990966796875,154.50228881835938,220.6197967529297,92.73611450195312,301.2099914550781,132.12026977539062,36.40800094604492,22.531391143798828,35.10471725463867,98.16031646728516,31.865846633911133,28.622161865234375,35.046268463134766
2020-04-02,59.181434631347656,147.4824981689453,95.94149780273438,55.3936767578125,156.958251953125,6.361806392669678,30.29800033569336,179.72999572753906,73.92708587646484,112.5807113647461,150.76400756835938,97.66558837890625,217.28948974609375,156.82032775878906,230.5308837890625,94.73896026611328,303.9599914550781,132.3765106201172,37.007999420166016,23.326200485229492,36.62993240356445,102.93038177490234,33.40164566040039,30.81094741821289,36.431060791015625
2020-04-03,58.330909729003906,146.1241455078125,95.32949829101562,54.187137603759766,152.9794921875,6.073935508728027,32.000667572021484,178.33999633789062,71.74195098876953,113.44316864013672,145.457275390625,98.24610900878906,207.39378356933594,154.56285095214844,228.74554443359375,91.72004699707031,293.6099853515625,132.3666534423828,36.17599868774414,23.87262725830078,36.529903411865234,103.53701782226562,32.780609130859375,29.903400421142578,36.6859016418457
2020-04-06,63.4195442199707,156.99105834960938,99.87950134277344,58.674556732177734,164.26097106933594,6.683794021606445,34.41600036621094,185.24000549316406,76.3597640991211,118.16957092285156,162.30673217773438,100.57677459716797,224.4288330078125,165.4868927001953,256.6450500488281,97.28890991210938,319.1300048828125,145.41505432128906,37.99599838256836,24.53260040283203,38.89690399169922,108.99684143066406,34.76960372924805,30.864336013793945,38.70934295654297
2020-04-07,62.68500900268555,155.30023193359375,100.58000183105469,58.643310546875,167.51541137695312,6.45045804977417,36.36333465576172,185.25,77.36695098876953,116.2417984008789,161.49253845214844,96.27404022216797,224.15769958496094,166.31719970703125,250.02481079101562,98.91070556640625,308.92999267578125,142.97096252441406,37.22800064086914,23.851341247558594,38.76354217529297,108.4317626953125,34.10660171508789,31.45157241821289,37.456581115722656
2020-04-08,64.28942108154297,156.85809326171875,102.1500015258789,59.85529708862305,172.92298889160156,6.647685527801514,36.589332580566406,191.00999450683594,80.49097442626953,121.12889862060547,167.57518005371094,98.2632064819336,242.0421905517578,168.50547790527344,261.8843078613281,98.74462127685547,317.17999267578125,148.93341064453125,37.11199951171875,24.553892135620117,39.8553581237793,110.20182800292969,35.0297737121582,33.442081451416016,37.41053771972656
2020-04-09,64.75332641601562,156.86758422851562,102.13800048828125,59.83396911621094,173.82589721679688,6.548075199127197,38.20000076293945,193.83999633789062,87.71212005615234,119.41249084472656,166.37782287597656,97.88755798339844,238.69850158691406,174.30914306640625,260.3861083984375,102.095703125,318.70001220703125,152.31378173828125,37.071998596191406,25.114513397216797,40.83881378173828,111.04948425292969,34.57658386230469,32.892974853515625,37.39823913574219
2020-04-13,66.02430725097656,157.21902465820312,108.44349670410156,60.02439880371094,173.4290008544922,6.719902515411377,43.39666748046875,188.77000427246094,83.81134796142578,118.17804718017578,161.87567138671875,98.98883819580078,238.13824462890625,171.939208984375,254.52896118164062,101.11871337890625,320.6499938964844,150.29342651367188,39.672000885009766,24.937105178833008,39.113590240478516,108.77247619628906,34.59336853027344,32.610801696777344,38.472896575927734
2020-04-14,69.35872650146484,164.99874877929688,114.16600036621094,62.74292755126953,176.78269958496094,7.071025848388672,47.32600021362305,192.94000244140625,81.5152587890625,123.47100067138672,167.26861572265625,103.26599884033203,244.4551544189453,179.18731689453125,261.6620178222656,103.59050750732422,340.7699890136719,155.4280548095703,41.35499954223633,25.859649658203125,40.77214431762695,115.013427734375,35.90257263183594,32.359127044677734,39.608978271484375
2020-04-15,68.72564697265625,163.26998901367188,115.38400268554688,62.34967803955078,175.592041015625,6.993579387664795,48.65533447265625,188.57000732421875,77.49497985839844,124.84918975830078,158.97323608398438,103.48796081542969,254.55868530273438,171.67111206054688,248.536376953125,100.99170684814453,332.54998779296875,153.37815856933594,42.67499923706055,25.526123046875,39.68033218383789,112.21290588378906,34.84514617919922,30.87196922302246,39.53528594970703
2020-04-16,69.271728515625,168.17147827148438,120.40950012207031,62.35612487792969,174.877685546875,7.33872652053833,49.680667877197266,187.9600067138672,74.54165649414062,126.54864501953125,155.58224487304688,103.72700500488281,269.6959533691406,172.85610961914062,238.50367736816406,99.67276763916016,342.70001220703125,154.78746032714844,43.91699981689453,25.462244033813477,39.255271911621094,112.71979522705078,34.82835006713867,29.857646942138672,40.63143539428711
2020-04-17,68.3318099975586,169.65335083007812,118.75,63.4257926940918,177.84437561035156,7.279458522796631,50.259334564208984,191.1999969482422,81.24211883544922,128.53561401367188,162.40255737304688,106.45036315917969,262.583740234375,181.1334228515625,251.27169799804688,104.17668914794922,344.1099853515625,160.26702880859375,42.29600143432617,26.193185806274414,40.05537414550781,114.30708312988281,35.65081024169922,32.96162414550781,40.56697082519531
2020-04-20,66.91346740722656,166.29066467285156,119.68049621582031,62.54059982299805,176.85215759277344,7.148223400115967,49.75733184814453,188.75,78.2802505493164,128.23971557617188,157.30648803710938,102.95864868164062,254.97447204589844,178.21859741210938,243.307373046875,99.9072494506836,344.8800048828125,160.40499877929688,43.749000549316406,25.604177474975586,38.78021240234375,111.81401824951172,35.70116424560547,31.405824661254883,39.869972229003906
2020-04-21,64.84512329101562,159.41334533691406,116.40599822998047,60.111183166503906,169.47007751464844,6.711435317993164,45.781333923339844,183.47999572753906,76.00977325439453,126.55709838867188,153.7718505859375,102.1732177734375,247.7899169921875,173.513427734375,237.140869140625,98.22681427001953,328.989990234375,148.38150024414062,43.382999420166016,25.277738571166992,37.821754455566406,108.81401824951172,34.03107833862305,31.238039016723633,39.6734619140625
2020-04-22,66.71290588378906,164.82778930664062,118.17449951171875,62.40472412109375,180.86073303222656,7.1258111000061035,48.807334899902344,186.5800018310547,76.25729370117188,129.3557891845703,159.57669067382812,101.93418884277344,250.34742736816406,176.59255981445312,248.3140411376953,98.66646575927734,336.7699890136719,151.90969848632812,42.141998291015625,25.72481918334961,38.071781158447266,110.21015930175781,35.04655075073242,32.13032913208008,40.404239654541016
2020-04-23,66.45438385009766,162.83302307128906,119.97250366210938,63.037498474121094,183.68850708007812,7.072518825531006,47.04199981689453,185.6300048828125,76.30000305175781,131.4865264892578,159.37559509277344,102.61399841308594,257.8572692871094,174.9924774169922,247.2991943359375,98.67623138427734,335.3699951171875,149.5247344970703,42.66999816894531,26.037059783935547,37.56336975097656,108.24893188476562,34.9290657043457,33.137027740478516,39.46466064453125
2020-04-24,68.37287902832031,165.80624389648438,120.51100158691406,63.30677032470703,188.59007263183594,7.211474895477295,48.34333419799805,186.52000427246094,77.42669677734375,130.93692016601562,160.2760009765625,102.08116149902344,263.2434387207031,183.52061462402344,250.10218811035156,98.86185455322266,344.1000061035156,151.7520294189453,42.499000549316406,26.52672576904297,37.86341857910156,111.65611267089844,35.68437576293945,33.350555419921875,39.74407958984375
2020-04-27,68.42120361328125,165.3312530517578,118.80000305175781,63.02212142944336,186.04005432128906,7.397994041442871,53.25,187.4600067138672,80.76412963867188,130.45492553710938,164.529052734375,100.93812561035156,265.6744079589844,188.3469696044922,256.2493896484375,103.61981964111328,348.5,155.34922790527344,42.13800048828125,27.200885772705078,38.988563537597656,111.73925018310547,36.13756561279297,33.51072311401367,39.394046783447266
2020-04-28,67.3121566772461,161.3036651611328,115.7040023803711,61.124305725097656,181.48577880859375,7.255551815032959,51.27466583251953,187.1199951171875,81.33600616455078,128.00296020507812,164.04055786132812,100.45686340332031,260.59552001953125,188.23451232910156,255.7467803955078,103.76637268066406,333.45001220703125,152.22509765625,40.382999420166016,26.9028377532959,38.955238342285156,113.28491973876953,35.659202575683594,34.296241760253906,39.301937103271484
2020-04-29,69.52301788330078,168.54190063476562,118.635498046875,66.55889129638672,192.67794799804688,7.4323601722717285,53.367332458496094,189.61000061035156,83.5296859741211,127.03062438964844,174.13682556152344,100.62015533447266,259.9539489746094,191.8499298095703,274.1980285644531,109.66738891601562,349.1700134277344,158.1086883544922,41.18899917602539,27.051860809326172,39.271942138671875,110.82510375976562,36.37255859375,36.19524383544922,37.950927734375
2020-04-30,70.98968505859375,170.23277282714844,123.69999694824219,66.78303527832031,203.11607360839844,7.278463363647461,52.12533187866211,187.36000061035156,81.73719787597656,126.86150360107422,171.19607543945312,101.29908752441406,264.3097839355469,190.13734436035156,265.7698059082031,105.66173553466797,353.6400146484375,159.60671997070312,41.98500061035156,27.222177505493164,38.246803283691406,109.93590545654297,35.5668830871582,35.44021987915039,37.32148361206055
2020-05-01,69.84679412841797,165.8251495361328,114.302001953125,65.3260726928711,200.695068359375,7.041891098022461,46.75466537475586,182.6699981689453,79.59474182128906,125.38182067871094,168.1786651611328,100.3967056274414,257.1162414550781,189.0475311279297,259.7481994628906,103.07270050048828,343.8399963378906,154.10743713378906,41.527000427246094,26.711231231689453,38.0051155090332,108.1491928100586,34.34159469604492,32.900611877441406,37.74213409423828
2020-05-04,70.83505249023438,169.88131713867188,115.79949951171875,65.60279083251953,203.66175842285156,7.253808975219727,50.74599838256836,177.9499969482422,78.64728546142578,125.36493682861328,168.73422241210938,99.49431610107422,259.8545837402344,191.8759002685547,260.2508850097656,100.80607604980469,349.1099853515625,159.13368225097656,42.814998626708984,26.69703483581543,37.62172317504883,108.79740905761719,34.70246505737305,34.22760772705078,37.98163604736328
2020-05-05,71.89822387695312,171.7051239013672,115.88999938964844,66.89808654785156,205.45770263671875,7.314820289611816,51.2140007019043,176.02999877929688,78.52779388427734,126.4049301147461,170.92787170410156,99.70056915283203,264.8249816894531,195.1366424560547,264.81298828125,98.73485565185547,356.1300048828125,160.88790893554688,42.46799850463867,27.32862091064453,37.83842086791992,109.42066955566406,34.79478073120117,34.18947982788086,38.29790496826172
2020-05-06,72.63999938964844,173.3959197998047,117.56300354003906,66.72005462646484,206.84678649902344,7.415674209594727,52.172000885009766,172.3800048828125,77.05113220214844,125.20429229736328,171.25352478027344,97.19967651367188,260.96612548828125,193.67489624023438,263.3244934082031,98.55899047851562,362.5199890136719,161.30181884765625,43.42599868774414,27.32862091064453,37.29667282104492,108.6810531616211,34.534629821777344,33.548866271972656,37.85881423950195
2020-05-07,73.39144897460938,174.40284729003906,118.38050079345703,67.90278625488281,209.61505126953125,7.591984272003174,52.00266647338867,173.47999572753906,77.85346221923828,124.78998565673828,175.02767944335938,96.40042114257812,257.55908203125,198.4579620361328,269.1527099609375,103.14108276367188,366.7799987792969,167.44166564941406,43.65299987792969,26.490060806274414,37.171661376953125,109.32093811035156,34.7192497253418,33.73952102661133,37.590518951416016
2020-05-08,75.1382827758789,175.42872619628906,118.98049926757812,68.64962005615234,210.6965789794922,7.781988620758057,54.62799835205078,176.8300018310547,79.12527465820312,125.728515625,177.29783630371094,99.64899444580078,259.3664855957031,202.76531982421875,272.98980712890625,106.64849853515625,367.510009765625,173.35487365722656,43.55500030517578,26.67640495300293,38.43016815185547,111.54808044433594,36.07881164550781,35.21906661987305,37.91432571411133
2020-05-11,76.32059478759766,177.38555908203125,120.44999694824219,69.60420227050781,211.5200958251953,8.034001350402832,54.08599853515625,174.63999938964844,76.79505920410156,126.0751953125,175.832275390625,99.09898376464844,260.89373779296875,204.60763549804688,271.8203125,105.29046630859375,371.4200134277344,180.02691650390625,44.051998138427734,27.307119369506836,37.955108642578125,111.67273712158203,36.35575866699219,34.883487701416016,38.13945007324219
2020-05-12,75.44839477539062,173.3674774169922,117.84750366210938,68.19536590576172,208.4640655517578,7.772027969360352,53.96066665649414,172.80999755859375,74.28558349609375,124.40950775146484,171.9145050048828,98.44583892822266,259.9991149902344,201.44195556640625,263.0055236816406,102.15432739257812,365.1000061035156,174.9711456298828,43.18199920654297,26.776742935180664,37.35501480102539,110.47606658935547,36.271846771240234,34.3004150390625,38.173370361328125
2020-05-13,74.53743743896484,170.74571228027344,118.39600372314453,66.8638687133789,203.5030059814453,7.749615669250488,52.73066711425781,170.57000732421875,71.72488403320312,124.40104675292969,169.91871643066406,97.90440368652344,251.23304748535156,199.0201873779297,260.15411376953125,100.55205535888672,358.55999755859375,167.18544006347656,43.82699966430664,26.5545654296875,36.6215934753418,110.49268341064453,35.206016540527344,32.59783935546875,38.151790618896484
2020-05-14,74.99536895751953,171.4866180419922,119.44249725341797,67.28687286376953,205.19969177246094,7.999138355255127,53.55533218383789,170.92999267578125,74.7038345336914,124.83228302001953,173.57443237304688,97.80988311767578,262.6288146972656,202.80857849121094,268.03155517578125,103.47327423095703,355.3900146484375,164.58364868164062,44.19499969482422,27.178119659423828,36.42155838012695,110.5924072265625,36.800559997558594,32.8854866027832,38.06235885620117
2020-05-15,74.55194854736328,173.98492431640625,120.48899841308594,68.09022521972656,209.23802185058594,8.457590103149414,53.27799987792969,169.25,73.32105255126953,127.19972229003906,176.0595703125,98.49739837646484,262.9451599121094,207.0034942626953,269.60693359375,106.54102325439453,365.29998779296875,168.85098266601562,45.41899871826172,27.063438415527344,36.05484390258789,112.97743225097656,37.153045654296875,32.65226364135742,38.83951187133789
2020-05-18,76.3084945678711,175.64724731445312,121.31300354003906,68.69126892089844,211.53001403808594,8.716073989868164,54.242000579833984,175.4600067138672,77.20474243164062,127.2673568725586,183.63006591796875,99.8724594116211,265.1141052246094,212.21034240722656,280.2002868652344,114.16156768798828,367.9700012207031,170.00405883789062,45.257999420166016,27.28562355041504,37.48003387451172,112.6201171875,37.8160285949707,35.24888610839844,39.369956970214844
2020-05-19,75.86756896972656,174.43133544921875,122.46649932861328,68.15667724609375,215.19126892089844,8.771109580993652,53.867332458496094,172.49000549316406,75.68544006347656,125.99911499023438,181.69183349609375,96.63248443603516,261.21917724609375,205.93959045410156,281.0024719238281,111.73861694335938,372.20001220703125,173.49281311035156,45.104000091552734,27.006101608276367,37.12165451049805,109.47052764892578,37.438385009765625,34.16047668457031,38.534202575683594
2020-05-20,77.34304809570312,176.850830078125,124.89700317382812,69.88043975830078,228.17938232421875,8.934967041015625,54.37066650390625,176.02000427246094,77.95589447021484,124.86605834960938,186.00958251953125,97.35440063476562,260.26116943359375,206.01748657226562,288.8024597167969,117.16091918945312,383.6300048828125,174.36996459960938,44.766998291015625,26.970264434814453,38.246803283691406,109.07994079589844,38.13494873046875,35.272212982177734,38.68840026855469
2020-05-21,76.76641082763672,174.72665405273438,122.33699798583984,69.76093292236328,229.5883026123047,8.740979194641113,55.17333221435547,174.94000244140625,76.96575927734375,124.04595184326172,182.90081787109375,95.9277572631836,259.2851257324219,208.34408569335938,284.4144287109375,115.1190185546875,382.1700134277344,172.72412109375,43.625,26.7050724029541,37.64672088623047,108.20738220214844,37.46355438232422,34.64248275756836,38.54653549194336
2020-05-22,77.26068115234375,174.80284118652344,121.84400177001953,70.08277130126953,233.08090209960938,8.990998268127441,54.45866775512695,174.92999267578125,76.36829376220703,122.91358184814453,183.13108825683594,96.76998138427734,262.0234069824219,209.20904541015625,285.04266357421875,115.30463409423828,385.260009765625,175.27664184570312,42.93199920654297,26.877090454101562,37.53004837036133,108.4317626953125,37.6817626953125,34.673587799072266,38.34299087524414
2020-05-26,76.73735809326172,172.9548797607422,121.09300231933594,70.48593139648438,230.39199829101562,8.68370246887207,54.591331481933594,180.33999633789062,81.78839111328125,123.07537078857422,185.39553833007812,96.28011322021484,266.496826171875,209.7279815673828,293.180908203125,118.16722869873047,376.6300048828125,173.96591186523438,41.47700119018555,26.869918823242188,38.41349411010742,107.8250961303711,37.63140869140625,35.69202423095703,38.198055267333984
2020-05-27,77.07170104980469,173.18350219726562,120.51950073242188,70.431884765625,227.3558349609375,8.49195384979248,54.68199920654297,185.77000427246094,86.52567291259766,123.35631561279297,185.01173400878906,97.87862396240234,274.52178955078125,213.94882202148438,289.7399597167969,118.73389434814453,375.1700134277344,174.04473876953125,41.98899841308594,26.812583923339844,38.946895599365234,108.70599365234375,38.571346282958984,35.948577880859375,37.7724723815918
2020-05-28,77.10560607910156,172.79293823242188,120.05500030517578,70.33071899414062,223.7044677734375,8.45385456085205,53.72066879272461,185.10000610351562,85.23680877685547,125.12721252441406,186.3933563232422,99.7435531616211,274.7025146484375,212.0287322998047,292.18536376953125,114.0638656616211,379.8299865722656,178.47964477539062,41.34400177001953,27.364463806152344,39.246944427490234,109.93590545654297,38.26922607421875,35.01565933227539,38.145626068115234
2020-05-29,77.03050231933594,174.55519104003906,122.11849975585938,71.08846282958984,223.3373565673828,8.840839385986328,55.66666793823242,185.5800018310547,83.06021118164062,126.64263916015625,187.3336944580078,99.62322235107422,275.4978942871094,214.9175567626953,290.8225402832031,114.6012191772461,386.6000061035156,172.26092529296875,41.972999572753906,27.371627807617188,38.90522003173828,109.32093811035156,40.13233947753906,35.34994888305664,38.25972366333008
2020-06-01,77.97779846191406,174.15512084960938,123.552001953125,71.1553955078125,230.10427856445312,8.771856307983398,59.87333297729492,183.83999633789062,84.1612777709961,125.31451416015625,186.4797821044922,100.76624298095703,276.47381591796875,213.88827514648438,291.3155212402344,116.03738403320312,389.67999267578125,173.80821228027344,42.59199905395508,25.414974212646484,39.16359329223633,110.51762390136719,38.85669708251953,35.97966766357422,38.2288932800293
2020-06-02,78.33882141113281,176.1364288330078,123.62049865722656,71.52435302734375,230.90794372558594,8.790783882141113,58.770668029785156,185.94000244140625,84.44297790527344,126.2169418334961,188.4083709716797,101.4623794555664,276.8172912597656,218.57623291015625,293.43212890625,116.01785278320312,390.44000244140625,171.7090301513672,42.73099899291992,25.916683197021484,39.088592529296875,110.21842956542969,39.35183334350586,36.78043746948242,38.222721099853516
2020-06-03,78.77007293701172,176.56503295898438,123.91999816894531,71.37260437011719,228.36790466308594,8.735247611999512,58.86399841308594,190.82000732421875,89.00100708007812,126.55750274658203,188.897705078125,101.86628723144531,275.94970703125,218.39346313476562,296.7958068847656,119.36893463134766,389.9200134277344,172.45803833007812,42.196998596191406,25.916683197021484,39.92203140258789,110.37632751464844,39.39380645751953,38.2808837890625,38.07777404785156
2020-06-04,78.0916976928711,174.24081420898438,123.02999877929688,70.13533020019531,224.52801513671875,8.736248970031738,57.62533187866211,192.0500030517578,90.85323333740234,124.92285919189453,185.7985382080078,99.73493194580078,269.37969970703125,216.60980224609375,291.2864685058594,120.84419250488281,385.79998779296875,168.95938110351562,41.43299865722656,25.809171676635742,39.93870162963867,109.34876251220703,39.32666778564453,38.172035217285156,37.658355712890625
2020-06-05,80.31581115722656,178.3177490234375,124.1500015258789,71.4107894897461,228.97314453125,8.889219284057617,59.04399871826172,200.66000366210938,94.94180297851562,125.40812683105469,191.52674865722656,101.69442749023438,281.8238830566406,221.78684997558594,301.4449157714844,121.94818878173828,392.8999938964844,171.36412048339844,41.959999084472656,25.794841766357422,40.9138298034668,110.91484069824219,40.140724182128906,41.266231536865234,37.48874282836914
2020-06-08,80.79070281982422,179.42274475097656,126.2030029296875,71.80851745605469,229.59823608398438,8.774614334106445,63.327999114990234,201.55999755859375,96.83672332763672,124.95690155029297,191.51718139648438,102.31321716308594,279.6820373535156,223.4139404296875,300.02410888671875,124.35159301757812,397.7799987792969,173.99546813964844,41.94900131225586,26.224872589111328,41.5472412109375,110.72225189208984,40.39250564575195,42.5567741394043,37.39005661010742
2020-06-09,83.34191131591797,180.7943878173828,130.04299926757812,72.00885009765625,236.81163024902344,9.014782905578613,62.711334228515625,196.07000732421875,94.35286712646484,124.26731872558594,191.0182342529297,101.7030258178711,279.43804931640625,223.4052276611328,301.06787109375,121.03958892822266,397.1600036621094,172.0342559814453,43.404998779296875,25.952512741088867,40.83881378173828,111.35872650146484,40.32535934448242,41.608299255371094,37.42397689819336
2020-06-10,85.486083984375,187.50035095214844,132.37249755859375,72.63468170166016,234.88673400878906,9.334426879882812,68.336669921875,191.50999450683594,90.52889251708984,125.83381652832031,192.36148071289062,102.46788787841797,276.3111572265625,221.39532470703125,302.6723937988281,119.36893463134766,406.82000732421875,179.4651641845703,43.448001861572266,25.744665145874023,40.52211380004883,112.33016967773438,39.7966423034668,39.37705612182617,37.36537551879883
2020-06-11,81.3818359375,177.43186950683594,127.89800262451172,69.52041625976562,222.6824951171875,8.765896797180176,64.85600280761719,178.02000427246094,82.97484588623047,119.93377685546875,181.23129272460938,99.91542053222656,256.411376953125,208.36131286621094,281.5050048828125,110.04842376708984,387.6700134277344,169.5605926513672,42.555999755859375,23.866853713989258,37.955108642578125,107.06245422363281,36.649505615234375,35.90193557739258,37.03539276123047
2020-06-12,82.08445739746094,178.8321533203125,127.2509994506836,70.06690216064453,226.80020141601562,8.901676177978516,62.35200119018555,181.2100067138672,85.2453384399414,121.0235824584961,184.47439575195312,99.36539459228516,257.69464111328125,210.95419311523438,287.82635498046875,112.83285522460938,406.5400085449219,172.57630920410156,41.80699920654297,24.189376831054688,38.350379943847656,108.03395080566406,37.824424743652344,36.67158126831055,36.310665130615234
2020-06-15,83.09961700439453,179.97518920898438,128.63400268554688,70.45469665527344,230.6896514892578,9.14208984375,66.05999755859375,181.5500030517578,86.4232406616211,120.25732421875,183.99459838867188,100.28497314453125,258.7157897949219,210.0057830810547,287.2270202636719,114.38627624511719,401.3399963378906,176.02565002441406,42.54999923706055,23.90986442565918,38.939090728759766,109.2734146118164,38.05941390991211,36.64826583862305,36.41552734375
2020-06-16,85.30194854736328,184.38552856445312,130.7635040283203,71.73065185546875,233.8151397705078,9.037201881408691,65.47533416748047,182.3000030517578,87.1146240234375,122.9902114868164,185.06932067871094,101.52254486083984,264.7887878417969,217.47991943359375,294.29241943359375,115.7149887084961,411.6700134277344,177.86859130859375,43.612998962402344,23.938526153564453,39.33436965942383,110.26998901367188,39.007755279541016,37.472347259521484,36.89970397949219
2020-06-17,85.18318939208984,185.02374267578125,132.0489959716797,72.03166198730469,233.6960906982422,9.204129219055176,66.11933135986328,180.86000061035156,84.91243743896484,122.61560821533203,185.7218017578125,101.35063934326172,264.4272766113281,218.26295471191406,293.5964660644531,114.94316101074219,413.489990234375,178.7752685546875,44.777000427246094,24.053203582763672,39.17458724975586,110.3453598022461,38.74758529663086,36.251773834228516,36.70849609375
2020-06-18,85.2171401977539,187.00502014160156,132.69900512695312,71.11820220947266,234.10287475585938,9.186189651489258,66.9306640625,180.72999572753906,84.45149993896484,122.09626007080078,186.05760192871094,102.51084899902344,263.4151306152344,216.83602905273438,294.6500244140625,115.64659118652344,420.4599914550781,184.9447021484375,44.98699951171875,23.8238525390625,39.519386291503906,111.1995849609375,38.46226119995117,36.477230072021484,36.38775634765625
2020-06-19,84.73017120361328,185.89053344726562,133.75050354003906,70.64810943603516,236.93069458007812,9.229288101196289,66.72666931152344,179.72000122070312,83.48699188232422,122.45382690429688,184.4167938232422,102.20146942138672,264.33184814453125,214.60858154296875,286.5793762207031,111.71907806396484,428.010009765625,184.24496459960938,45.37200164794922,23.952863693237305,38.70360565185547,109.9433822631836,38.03424072265625,35.74644470214844,36.96139144897461
2020-06-22,86.94703674316406,191.05337524414062,135.6909942626953,71.93843078613281,237.3573760986328,9.49387264251709,66.28800201416016,180.1699981689453,82.58222198486328,122.0792465209961,187.06504821777344,101.19596099853516,265.6297607421875,216.79254150390625,294.25372314453125,113.25296020507812,438.6400146484375,188.87698364257812,46.80400085449219,23.730676651000977,38.46812057495117,109.7507553100586,37.89996337890625,36.08851623535156,37.5257568359375
2020-06-23,88.80287170410156,192.32981872558594,138.2205047607422,72.59896850585938,240.35382080078125,9.417390823364258,66.78533172607422,181.00999450683594,83.58940887451172,121.62803649902344,189.9531707763672,101.17877197265625,270.1042175292969,217.7931365966797,296.6120910644531,113.90753936767578,440.54998779296875,186.32444763183594,46.625999450683594,23.48699378967285,38.38401794433594,110.01038360595703,38.16012954711914,36.30619812011719,37.33762741088867
2020-06-24,87.23534393310547,188.45291137695312,136.72000122070312,71.04778289794922,232.19784545898438,9.203630447387695,64.0566635131836,177.52999877929688,80.79825592041016,119.03982543945312,183.65884399414062,100.05294799804688,262.462158203125,214.15615844726562,284.1726989746094,109.49154663085938,431.67999267578125,182.86524963378906,45.78499984741211,23.0712947845459,37.551414489746094,108.50291442871094,37.555877685546875,34.59584045410156,37.100154876708984
2020-06-25,88.3934326171875,190.8342742919922,137.72900390625,71.46434020996094,233.84487915039062,9.457250595092773,65.73200225830078,178.85000610351562,83.61503601074219,118.91209411621094,186.12477111816406,101.31627655029297,268.8516540527344,213.50357055664062,288.0388488769531,108.7978744506836,436.95001220703125,185.61485290527344,46.590999603271484,23.164466857910156,37.786895751953125,110.05224609375,37.9503173828125,35.11671829223633,36.9182014465332
2020-06-26,85.67748260498047,187.01458740234375,134.64349365234375,67.56854248046875,214.39752197265625,9.123407363891602,63.982666015625,175.3699951171875,79.03138732910156,117.32855987548828,181.60546875,99.03024291992188,260.3746032714844,209.7012481689453,279.658935546875,106.5898666381836,426.9200134277344,180.51968383789062,44.34000015258789,22.96378517150879,36.64311599731445,107.97531127929688,38.865089416503906,33.91169357299805,36.489532470703125
2020-06-29,87.65206909179688,189.0244598388672,134.0189971923828,69.28585052490234,218.9219970703125,9.168254852294922,67.29000091552734,177.19000244140625,79.38136291503906,118.3757553100586,183.63006591796875,101.11861419677734,262.9885559082031,214.14743041992188,283.1289367675781,108.9542007446289,424.20001220703125,180.67735290527344,44.7239990234375,23.39381980895996,37.307525634765625,109.77588653564453,38.73080062866211,34.455909729003906,36.717742919921875
2020-06-30,88.38375091552734,193.85389709472656,137.9409942626953,70.3212890625,225.30197143554688,9.464972496032715,71.98733520507812,178.50999450683594,80.28611755371094,119.72944641113281,185.34751892089844,102.76007843017578,267.6990661621094,217.96714782714844,285.8062744140625,108.94441986083984,435.30999755859375,184.6194610595703,45.50400161743164,23.436819076538086,37.5766487121582,110.76410675048828,39.14203643798828,34.766876220703125,36.93980026245117
2020-07-01,88.21656799316406,194.9873809814453,143.93499755859375,71.50897216796875,235.7003631591797,9.497111320495605,74.64199829101562,177.99000549316406,79.60327911376953,119.51660919189453,185.932861328125,103.1124496459961,270.22216796875,215.91371154785156,291.0932312011719,110.409912109375,439.80999755859375,189.11346435546875,48.56399917602539,24.18221092224121,37.69438552856445,110.84783935546875,38.65526580810547,33.981666564941406,36.91202926635742
2020-07-02,88.21656799316406,196.473388671875,144.51499938964844,72.8940200805664,231.60252380371094,9.579079627990723,80.57733154296875,178.8300018310547,79.86183166503906,120.01890563964844,187.7462921142578,103.88591003417969,270.70330810546875,216.21826171875,292.3013610839844,109.59900665283203,442.95001220703125,189.74423217773438,47.68899917602539,24.734086990356445,37.744850158691406,111.2582015991211,38.5960693359375,34.269317626953125,36.763999938964844
2020-07-06,90.5763931274414,200.70274353027344,152.8520050048828,74.36785125732422,238.40907287597656,9.805295944213867,91.43866729736328,182.72000122070312,81.87864685058594,121.73016357421875,189.75167846679688,104.53047180175781,274.8327941894531,217.13185119628906,295.34588623046875,111.7972412109375,452.5899963378906,194.85916137695312,49.38100051879883,24.734086990356445,38.03919982910156,111.63507080078125,39.2642822265625,34.51032257080078,36.66531753540039
2020-07-07,90.29534912109375,198.36898803710938,150.00599670410156,73.88533020019531,238.98458862304688,9.837684631347656,92.65733337402344,181.14999389648438,79.56881713867188,121.6194839477539,186.33584594726562,105.03752899169922,269.241943359375,215.21766662597656,289.87530517578125,111.0156478881836,449.3599853515625,193.53854370117188,49.316001892089844,24.39006233215332,38.02238464355469,111.86119842529297,38.5960693359375,33.616268157958984,39.1510009765625
2020-07-08,92.39833068847656,202.73167419433594,154.0554962158203,74.56373596191406,241.68341064453125,10.180742263793945,91.05867004394531,181.1999969482422,80.41345977783203,121.97711181640625,187.170654296875,105.61333465576172,270.7940368652344,216.80126953125,290.4947814941406,113.9759292602539,457.67999267578125,197.38209533691406,50.27799987792969,24.189376831054688,37.90464401245117,112.40554809570312,38.74831771850586,33.53852844238281,38.376922607421875
2020-07-09,92.795654296875,204.1509552001953,159.13150024414062,75.31056213378906,242.5962371826172,10.472732543945312,92.9520034790039,178.8000030517578,78.67245483398438,121.3130111694336,184.42645263671875,105.26097869873047,264.25927734375,215.7484130859375,285.1136474609375,114.12248229980469,460.8399963378906,197.83544921875,50.7760009765625,23.981531143188477,36.929054260253906,111.14096069335938,39.50112533569336,32.15468978881836,39.397708892822266
2020-07-10,92.95796966552734,203.53182983398438,160.0,76.3197250366211,243.1617889404297,10.443083763122559,102.97666931152344,182.89999389648438,82.97323608398438,121.21086120605469,184.75265502929688,106.47274017333984,264.3227233886719,217.61912536621094,286.1685485839844,116.59426879882812,466.20001220703125,196.00238037109375,54.87300109863281,24.24671745300293,37.971920013427734,112.60655212402344,39.46728515625,33.157588958740234,40.30133056640625
2020-07-13,92.5291519165039,197.24502563476562,155.1999969482422,74.99169921875,237.13905334472656,10.017557144165039,99.80400085449219,184.1300048828125,84.16262817382812,123.62877655029297,181.3655548095703,106.61027526855469,272.0192565917969,217.19277954101562,280.845458984375,113.54606628417969,442.4700012207031,185.61485290527344,52.54999923706055,25.23579216003418,38.056026458740234,112.98339080810547,38.84981155395508,33.16535949707031,39.94357681274414
2020-07-14,94.06037902832031,198.46426391601562,154.1999969482422,75.41967010498047,237.86337280273438,10.34118938446045,101.12000274658203,189.7100067138672,84.6452865600586,125.93597412109375,185.50106811523438,107.50405883789062,280.0152282714844,224.3014373779297,289.3333740234375,115.92992401123047,433.7799987792969,186.81719970703125,52.487998962402344,25.250131607055664,38.577457427978516,113.4942626953125,39.12894821166992,34.26155090332031,40.711483001708984
2020-07-15,94.70726013183594,198.1689453125,150.44349670410156,75.22229766845703,238.40907287597656,10.191954612731934,103.06732940673828,190.55999755859375,85.95533752441406,126.22542572021484,188.59063720703125,106.99700927734375,275.9764404296875,224.31011962890625,295.8856506347656,118.11837768554688,433.010009765625,185.36846923828125,52.32600021362305,25.601327896118164,39.023193359375,111.9616928100586,39.24736785888672,34.6969108581543,40.70840072631836
2020-07-16,93.54187774658203,194.2444610595703,149.9949951171875,75.12509155273438,239.05401611328125,10.099777221679688,100.04266357421875,191.00999450683594,86.19667053222656,127.06831359863281,185.66416931152344,107.22045135498047,278.7718811035156,224.55372619628906,289.72052001953125,116.68220520019531,426.2900085449219,182.8258056640625,52.73899841308594,25.515316009521484,38.81293869018555,112.12080383300781,38.72294616699219,34.424800872802734,40.770084381103516
2020-07-17,93.35289764404297,193.25379943847656,148.09849548339844,75.22079467773438,240.14547729492188,10.16629409790039,100.05599975585938,190.75999450683594,84.60218811035156,127.15349578857422,187.18978881835938,107.96813201904297,278.2091369628906,226.55499267578125,294.27899169921875,115.92015838623047,432.4200134277344,185.06295776367188,49.29899978637695,25.981184005737305,39.37643051147461,112.7740249633789,39.543418884277344,33.833961486816406,40.62822341918945
2020-07-20,95.32023620605469,201.56004333496094,159.8419952392578,77.5510482788086,243.50906372070312,10.474479675292969,109.53333282470703,190.47999572753906,83.8609848022461,127.36634063720703,190.43292236328125,107.63296508789062,275.4228515625,226.37229919433594,301.9248352050781,115.07994079589844,455.2699890136719,192.26719665527344,50.24100112915039,26.16036605834961,38.7877082824707,111.4759521484375,39.72951126098633,33.04096603393555,40.54495620727539
2020-07-21,94.00463104248047,198.84521484375,156.9145050048828,77.15829467773438,239.8676300048828,10.292856216430664,104.55733489990234,192.27000427246094,85.6795425415039,127.48548889160156,188.5235137939453,107.48685455322266,276.92034912109375,228.32997131347656,297.7050476074219,115.89083862304688,444.2799987792969,188.0392608642578,49.0099983215332,26.29654312133789,39.696006774902344,112.58140563964844,39.77180099487305,34.71245574951172,40.81016540527344
2020-07-22,94.26871490478516,201.7029266357422,154.99549865722656,77.60113525390625,238.00225830078125,10.402727127075195,106.15533447265625,192.10000610351562,85.0589828491211,127.71537017822266,190.80712890625,108.40643310546875,278.37255859375,230.7227325439453,303.2893981933594,116.29139709472656,445.04998779296875,188.54188537597656,48.981998443603516,27.636816024780273,40.77250671386719,113.90462493896484,39.67029571533203,33.90391159057617,40.91195297241211
2020-07-23,89.97794342041016,192.92991638183594,149.32749938964844,75.21583557128906,230.7888946533203,10.094793319702148,100.87133026123047,193.25,85.30892944335938,127.37483215332031,189.4350128173828,109.10784149169922,274.9780578613281,229.5393829345703,299.93115234375,115.40235137939453,431.739990234375,185.81198120117188,47.757999420166016,27.529306411743164,40.60429763793945,114.80069732666016,40.101680755615234,33.973899841308594,40.597381591796875
2020-07-24,89.75505828857422,191.74876403808594,150.44549560546875,74.79235076904297,228.91360473632812,10.159317970275879,94.46666717529297,194.52000427246094,84.70561981201172,126.10626220703125,187.2473907470703,108.93484497070312,272.99951171875,230.84454345703125,297.0469970703125,114.90408325195312,430.30999755859375,185.76268005371094,48.04499816894531,26.99176597595215,40.78092575073242,113.94649505615234,39.24736785888672,33.76398468017578,40.47401809692383
2020-07-27,91.88227844238281,194.17776489257812,152.760498046875,75.84465026855469,231.68186950683594,10.385534286499023,102.63999938964844,192.13999938964844,83.5162124633789,125.30597686767578,188.93609619140625,109.24620819091797,271.0118103027344,232.68045043945312,298.9245300292969,113.63397979736328,437.1000061035156,188.1969757080078,49.564998626708984,26.90575408935547,40.77250671386719,115.2947998046875,39.91559600830078,34.26155090332031,40.46477508544922
2020-07-28,90.37284851074219,192.43460083007812,150.01649475097656,74.56620025634766,228.32821655273438,10.180248260498047,98.43267059326172,194.1199951171875,83.87821960449219,125.00799560546875,188.77297973632812,110.59534454345703,272.218994140625,230.81845092773438,296.4759216308594,113.50697326660156,432.260009765625,186.75808715820312,48.85100173950195,27.966510772705078,40.520206451416016,115.05197143554688,39.1458740234375,33.857276916503906,40.63438034057617
2020-07-29,92.10516357421875,194.37777709960938,151.67649841308594,75.55106353759766,231.47348022460938,10.429383277893066,99.94066619873047,196.41000366210938,85.9122543334961,124.76107788085938,190.53846740722656,110.96722412109375,278.34527587890625,230.27902221679688,299.35040283203125,112.95010375976562,436.29998779296875,190.8086395263672,48.448001861572266,28.138517379760742,40.38563919067383,115.5125732421875,39.509578704833984,34.230445861816406,40.304405212402344
2020-07-30,93.21965789794922,194.22535705566406,152.593994140625,76.28797149658203,232.674072265625,10.577373504638672,99.16600036621094,194.3000030517578,83.61964416503906,125.0165023803711,186.20147705078125,113.65684509277344,277.0292663574219,231.7146453857422,299.05999755859375,112.99893951416016,438.8800048828125,188.92626953125,48.58000183105469,28.037200927734375,40.10810470581055,115.31156158447266,39.28119659423828,32.55118179321289,40.12861633300781
2020-07-31,102.97869110107422,195.28268432617188,158.23399353027344,73.78764343261719,251.69482421875,10.578119277954102,95.38400268554688,195.77999877929688,83.2921142578125,124.09703826904297,182.6897430419922,113.39742279052734,274.80560302734375,231.00112915039062,298.6051330566406,114.2494888305664,444.32000732421875,192.03067016601562,48.88800048828125,27.849029541015625,39.72964859008789,115.28643798828125,39.8394660949707,32.71445083618164,39.90658187866211
2020-08-03,105.57350158691406,206.265625,155.59449768066406,73.53026580810547,249.9981689453125,10.972254753112793,99.0,199.25999450683594,82.82671356201172,125.45069885253906,182.9679412841797,113.54443359375,275.5589599609375,231.60150146484375,302.5345764160156,113.67305755615234,447.9700012207031,200.24996948242188,49.86199951171875,27.75494956970215,38.939090728759766,114.48245239257812,39.89021301269531,32.84660720825195,39.875728607177734
2020-08-04,106.27852630615234,203.16986083984375,156.94149780273438,73.06114196777344,247.88475036621094,11.189004898071289,99.13333129882812,200.24000549316406,82.35269165039062,125.34004974365234,184.50315856933594,115.70650482177734,276.36669921875,233.07199096679688,304.2767028808594,114.59144592285156,446.9200134277344,198.4957733154297,50.9640007019043,27.78389549255371,39.267086029052734,115.1273193359375,40.321590423583984,33.79507827758789,40.597381591796875
2020-08-05,106.66378021240234,202.83648681640625,160.25149536132812,73.34827423095703,247.18023681640625,11.24779987335205,99.00133514404297,203.6199951171875,83.78340148925781,126.34466552734375,188.15887451171875,115.40386199951172,283.600341796875,232.7326202392578,317.44879150390625,124.67401123046875,449.510009765625,199.7079620361328,50.21099853515625,27.82731819152832,39.71282196044922,114.1056137084961,40.03401184082031,34.09050750732422,40.03300857543945
2020-08-06,110.38517761230469,206.08462524414062,161.25,74.63067626953125,263.2144470214844,11.29638385772705,99.30533599853516,205.02000427246094,83.80926513671875,125.62097930908203,190.7207794189453,114.7724838256836,285.0434265136719,234.3771209716797,319.5201416015625,127.81014251708984,464.1099853515625,204.78343200683594,50.90800094604492,27.697052001953125,39.93148422241211,113.77899169921875,40.406185150146484,33.92724609375,39.89116287231445
2020-08-07,107.87549591064453,202.3982696533203,158.3730010986328,74.30438995361328,266.34979248046875,11.160850524902344,96.84733581542969,209.47999572753906,85.6536865234375,126.51496124267578,188.4083709716797,115.49896240234375,287.73907470703125,236.352294921875,317.4681091308594,126.94062042236328,449.57000732421875,198.14097595214844,49.472999572753906,27.82731819152832,40.20062255859375,114.5159683227539,40.118587493896484,33.77175521850586,40.08235549926758
2020-08-10,109.44344329833984,198.36898803710938,157.4080047607422,74.22750854492188,260.9521789550781,11.126469612121582,94.57133483886719,212.5800018310547,86.73963928222656,126.02963256835938,188.82095336914062,115.97462463378906,289.61773681640625,239.04086303710938,312.4935302734375,125.82684326171875,443.2900085449219,194.30726623535156,48.3380012512207,27.78389549255371,40.133331298828125,113.87950897216797,40.37235641479492,34.60361099243164,40.67139434814453
2020-08-11,106.18858337402344,193.7300567626953,154.0334930419922,73.42018127441406,254.13568115234375,10.812557220458984,91.6259994506836,212.66000366210938,89.48043060302734,125.12721252441406,189.76129150390625,115.22219848632812,286.3957824707031,239.20616149902344,317.97149658203125,127.48773956298828,435.2300109863281,189.21206665039062,46.69300079345703,27.349647521972656,40.30995178222656,113.15926361083984,39.91559600830078,34.96122741699219,40.153297424316406
2020-08-12,109.71770477294922,199.26438903808594,158.11199951171875,74.7442398071289,257.86639404296875,11.400772094726562,103.65066528320312,213.24000549316406,88.72196197509766,127.41738891601562,190.69200134277344,117.15081024169922,292.49493408203125,245.00094604492188,317.0907287597656,128.75782775878906,445.3599853515625,189.8329315185547,47.547000885009766,27.74047088623047,40.7304573059082,115.4036865234375,40.685306549072266,34.95330810546875,40.67448043823242
2020-08-13,111.6594467163086,198.79763793945312,158.05099487304688,75.21088409423828,259.2654113769531,11.403509140014648,108.06666564941406,211.97999572753906,88.23070526123047,126.00410461425781,189.8655548095703,117.42753601074219,291.814208984375,245.07057189941406,315.697021484375,127.94692993164062,450.0199890136719,192.31646728515625,48.132999420166016,27.624675750732422,40.688411712646484,115.65496063232422,36.13465118408203,34.09710693359375,40.829315185546875
2020-08-14,111.55992126464844,198.9881591796875,157.4010009765625,74.61480712890625,259.20587158203125,11.524092674255371,110.04733276367188,210.9600067138672,88.26519775390625,126.20845794677734,188.96231079101562,116.83949279785156,293.7928161621094,244.1046905517578,316.2874755859375,127.52680969238281,447.6000061035156,190.66078186035156,48.268001556396484,27.54506492614746,40.747276306152344,115.20269012451172,35.94856262207031,34.247745513916016,41.06156539916992
2020-08-17,111.26868438720703,200.3026885986328,159.12049865722656,75.1905517578125,259.12652587890625,12.294425010681152,122.3759994506836,206.77999877929688,85.93810272216797,126.84699249267578,191.6433563232422,117.18538665771484,290.89752197265625,250.79580688476562,319.60711669921875,126.39350891113281,451.5799865722656,193.893310546875,48.23500061035156,27.75494956970215,40.54542541503906,115.50419616699219,35.60176086425781,33.803794860839844,41.99055480957031
2020-08-18,112.19583892822266,201.45523071289062,165.62449645996094,77.1513442993164,260.29736328125,12.218440055847168,125.80599975585938,208.3300018310547,84.74006652832031,127.78346252441406,191.23974609375,118.05889892578125,287.5393371582031,247.9767303466797,320.352294921875,125.95386505126953,463.510009765625,201.05812072753906,49.1870002746582,27.76218605041504,40.7220458984375,115.663330078125,35.50872039794922,33.637306213378906,41.7149543762207
2020-08-19,112.33663177490234,200.23304748535156,163.0240020751953,76.59742736816406,260.5453796386719,12.096611022949219,125.23533630371094,207.2100067138672,84.93832397460938,128.03887939453125,193.1424560546875,117.41893005371094,286.2596740722656,246.11465454101562,321.7073059082031,124.83031463623047,462.010009765625,202.14224243164062,48.452999114990234,27.6898136138916,39.83898162841797,114.27312469482422,35.41567611694336,33.26470184326172,41.002716064453125
2020-08-20,114.82933044433594,204.89273071289062,164.86849975585938,78.16645050048828,266.9154052734375,12.099102973937988,133.45533752441406,206.1199951171875,83.92130279541016,128.91580200195312,196.17904663085938,118.35289764404297,284.3808898925781,244.21786499023438,326.4690856933594,125.1722640991211,478.4800109863281,206.47854614257812,49.790000915527344,28.022727966308594,39.82215881347656,114.49922943115234,35.78785705566406,32.75733184814453,40.432945251464844
2020-08-21,120.74676513671875,203.4031524658203,164.23599243164062,78.13273620605469,264.93096923828125,12.639731407165527,136.6653289794922,207.42999267578125,83.87821960449219,130.056640625,196.15982055664062,118.86317443847656,285.1160583496094,246.4366455078125,326.256103515625,124.5079116821289,473.2200012207031,204.52719116210938,49.23099899291992,28.138519287109375,39.763282775878906,114.28148651123047,35.737098693847656,32.51156234741211,40.76118469238281
2020-08-24,122.19091796875,204.04293823242188,165.3730010986328,78.6078109741211,269.27685546875,12.676353454589844,134.27999877929688,212.61000061035156,86.2397689819336,130.3994903564453,198.3507843017578,119.78852844238281,280.3057861328125,249.4993896484375,332.5857849121094,127.68314361572266,476.29998779296875,205.44374084472656,48.88100051879883,28.10957145690918,40.343589782714844,115.26972198486328,35.67788314819336,33.470821380615234,40.66828918457031
2020-08-25,121.18849182128906,206.69740295410156,167.32449340820312,79.63432312011719,278.6334533691406,12.705999374389648,134.8893280029297,213.35000610351562,86.61898803710938,130.32235717773438,199.97482299804688,120.26422119140625,283.37347412109375,248.95982360839844,336.47650146484375,126.80382537841797,484.42999267578125,212.92391967773438,49.05799865722656,27.798368453979492,40.293128967285156,114.98495483398438,35.49180603027344,32.40850830078125,40.45151138305664
2020-08-26,122.83655548095703,211.16610717773438,172.09249877929688,81.53263854980469,301.5436706542969,12.728920936584473,143.54466247558594,214.66000366210938,85.40373229980469,130.5280303955078,202.05047607421875,119.68476867675781,280.2876281738281,254.00650024414062,339.72833251953125,129.13885498046875,528.489990234375,268.3797607421875,54.75299835205078,27.537830352783203,40.50338363647461,115.96480560302734,35.737098693847656,31.718786239624023,40.47319793701172
2020-08-27,121.36813354492188,216.35101318359375,170.0,80.75853729248047,290.9368896484375,12.584671020507812,149.25,216.8699951171875,88.21347045898438,131.11085510253906,202.79042053222656,119.52909851074219,282.87432861328125,251.13511657714844,344.5481262207031,130.6531982421875,510.32000732421875,272.32183837890625,52.62699890136719,27.400325775146484,40.562252044677734,115.90614318847656,35.77093505859375,31.504751205444336,42.309513092041016
2020-08-28,121.17152404785156,218.57582092285156,170.08999633789062,81.299560546875,291.37347412109375,13.102375984191895,147.55999755859375,218.5500030517578,88.57543182373047,131.67649841308594,207.28768920898438,120.013427734375,285.3247985839844,249.0991668701172,354.3426513671875,132.42153930664062,516.4400024414062,267.17742919921875,52.388999938964844,27.43651008605957,41.90788269042969,117.19590759277344,35.694793701171875,32.25788116455078,43.445980072021484
2020-08-31,125.28073120117188,215.34840393066406,172.54800415039062,80.80862426757812,290.9170227050781,13.32834529876709,166.10667419433594,218.0399932861328,86.35179901123047,131.47935485839844,203.71290588378906,119.63288879394531,283.6728820800781,248.01150512695312,346.667724609375,128.83599853515625,513.3900146484375,268.7049560546875,52.95600128173828,27.349647521972656,41.65557861328125,117.29639434814453,35.71172332763672,31.66329574584961,42.996971130371094
2020-09-01,130.27096557617188,217.00985717773438,174.95599365234375,82.0756607055664,293.13958740234375,13.777425765991211,158.35000610351562,218.5500030517578,86.3087158203125,129.8595733642578,205.0198516845703,119.50313568115234,283.9270324707031,248.79452514648438,345.419189453125,130.4773406982422,527.9500122070312,277.18060302734375,55.654998779296875,26.691062927246094,41.310752868652344,116.56776428222656,35.55101013183594,31.258981704711914,45.70343780517578
2020-09-02,127.57197570800781,221.19207763671875,176.57249450683594,85.16560363769531,300.1446533203125,14.301268577575684,149.1233367919922,221.67999267578125,87.61016082763672,131.83935546875,208.0276336669922,121.51822662353516,290.6524658203125,251.20870971679688,349.096923828125,132.27500915527344,533.7999877929688,272.6865539550781,55.284000396728516,26.922653198242188,43.05166244506836,120.00139617919922,35.88088607788086,31.0687198638916,45.73131561279297
2020-09-03,117.35845184326172,207.4899444580078,168.39999389648438,80.80762481689453,288.8532409667969,12.974464416503906,135.6666717529297,218.14999389648438,87.33435821533203,128.17117309570312,200.80128479003906,119.57234954833984,287.0129699707031,240.21392822265625,332.77935791015625,130.17446899414062,507.79998779296875,261.175537109375,52.57500076293945,26.34367561340332,42.45454788208008,117.55780792236328,34.63749313354492,31.005300521850586,44.75895309448242
2020-09-04,117.43611145019531,204.57760620117188,164.7310028076172,78.41243743896484,280.52862548828125,12.5827054977417,139.44000244140625,218.32000732421875,89.22187042236328,127.348388671875,196.66912841796875,119.31291198730469,283.1737365722656,235.86680603027344,324.2333068847656,128.9532470703125,491.94000244140625,251.01467895507812,51.60499954223633,26.31472396850586,42.925514221191406,117.04325103759766,34.527530670166016,30.981521606445312,44.22944259643555
2020-09-08,109.53326416015625,193.51084899902344,157.49200439453125,75.55553436279297,269.0486755371094,11.875442504882812,110.06999969482422,217.8000030517578,86.11911010742188,126.20853424072266,192.30642700195312,117.5658950805664,278.8626403808594,235.5169219970703,319.2684326171875,131.11239624023438,462.1300048828125,237.7790069580078,50.70199966430664,26.003520965576172,41.89105987548828,114.33566284179688,33.83393859863281,30.268022537231445,42.873104095458984
2020-09-09,113.90216064453125,201.75125122070312,163.4304962158203,76.72736358642578,271.5887451171875,12.674912452697754,122.09333038330078,219.6300048828125,86.93789672851562,128.29971313476562,196.09255981445312,119.4771957397461,283.19189453125,242.32192993164062,328.71441650390625,130.2917022705078,479.4599914550781,246.8064422607422,50.01900100708008,26.184459686279297,42.21063995361328,115.65150451660156,33.94389724731445,30.08568572998047,43.31901550292969
2020-09-10,110.18373107910156,196.0985107421875,158.7554931640625,75.6770248413086,266.0025329589844,12.272933959960938,123.77999877929688,217.8000030517578,86.0415267944336,125.90861511230469,193.67098999023438,118.22319030761719,276.45751953125,238.5258331298828,322.1719665527344,130.15493774414062,476.260009765625,244.21450805664062,48.06700134277344,25.800878524780273,42.05086135864258,113.66930389404297,33.4702262878418,29.33255958557129,42.36524200439453
2020-09-11,108.73712921142578,194.8190155029297,155.81100463867188,75.166748046875,264.5340576171875,12.126150131225586,124.23999786376953,217.92999267578125,87.11024475097656,126.65420532226562,192.8445281982422,119.46858215332031,274.7532653808594,241.70086669921875,319.5296325683594,128.71876525878906,471.3500061035156,239.5825653076172,48.202999114990234,26.10485076904297,42.94232940673828,114.55496215820312,33.73243713378906,29.253280639648438,42.3311882019043
2020-09-14,111.99925231933594,196.13674926757812,155.14849853515625,74.82308959960938,264.0776672363281,12.831666946411133,139.8733367919922,219.94000244140625,88.31687927246094,127.14273071289062,196.9766082763672,119.89234924316406,281.2147216796875,245.4795379638672,327.70782470703125,128.23025512695312,485.9100036621094,243.07131958007812,47.625999450683594,26.785152435302734,42.993194580078125,115.2803726196289,34.14690399169922,29.063013076782227,42.52317810058594
2020-09-15,112.17400360107422,199.3545379638672,157.80650329589844,76.1268081665039,270.2988586425781,12.950043678283691,149.9199981689453,218.94000244140625,85.5675048828125,127.60552978515625,197.37060546875,119.89234924316406,279.9935607910156,249.791748046875,328.2304992675781,128.22048950195312,497.6700134277344,248.0383758544922,49.5989990234375,26.748966217041016,43.28145980834961,114.39471435546875,34.34144592285156,28.75383186340332,42.53556823730469
2020-09-16,108.86334991455078,195.79298400878906,153.90499877929688,74.98474884033203,261.4681701660156,12.475045204162598,147.25332641601562,219.58999633789062,85.92947387695312,127.18555450439453,197.12075805664062,119.08804321289062,279.3464050292969,246.33676147460938,330.8534240722656,129.05093383789062,476.0,246.97402954101562,48.38600158691406,26.618696212768555,43.061031341552734,113.85487365722656,34.1891975402832,29.97469711303711,42.19492721557617
2020-09-17,107.12550354003906,193.74960327148438,150.43649291992188,73.74252319335938,252.83590698242188,12.424205780029297,141.14332580566406,218.0500030517578,84.94693756103516,126.13140106201172,197.2553253173828,118.93238067626953,277.9429931640625,244.87599182128906,328.51123046875,127.22396087646484,474.29998779296875,240.99183654785156,47.02000045776367,26.64764404296875,42.8575439453125,112.35344696044922,34.14690399169922,29.966772079467773,42.328094482421875
2020-09-18,103.72746276855469,191.3433380126953,147.74549865722656,71.95975494384766,250.563720703125,12.1508207321167,147.38333129882812,218.2100067138672,84.7659683227539,127.85408020019531,194.6991424560547,118.80261993408203,280.71337890625,240.70382690429688,324.475341796875,125.67052459716797,467.54998779296875,239.2671661376953,46.99599838256836,26.5101375579834,42.772762298583984,110.8941879272461,33.67323303222656,29.483182907104492,41.894561767578125
2020-09-21,106.87309265136719,193.39625549316406,148.02349853515625,70.92084503173828,246.21778869628906,12.477785110473633,149.79666137695312,213.02000427246094,82.14582824707031,124.35730743408203,189.7406463623047,118.23187255859375,272.66619873046875,238.2196807861328,317.3036804199219,122.52462005615234,475.6400146484375,241.50433349609375,48.73500061035156,26.06865882873535,41.61972427368164,110.7002182006836,33.02193069458008,28.88067626953125,42.445762634277344
2020-09-22,108.55267333984375,198.0559844970703,156.44949340820312,72.39268493652344,252.76641845703125,12.597904205322266,141.41000366210938,214.16000366210938,81.24946594238281,123.59455108642578,192.72921752929688,119.31291198730469,268.1733093261719,239.05935668945312,324.52374267578125,124.283203125,486.7799987792969,244.19479370117188,49.117000579833984,26.23511505126953,42.10298538208008,111.46778106689453,33.258758544921875,28.167184829711914,42.82974624633789
2020-09-23,103.99930572509766,191.5343475341797,149.9929962158203,69.891845703125,247.0810546875,12.085528373718262,126.78666687011719,209.61000061035156,79.9307861328125,123.79165649414062,187.74185180664062,117.88593292236328,266.2412109375,233.14654541015625,314.0904541015625,120.4436264038086,470.3900146484375,232.57542419433594,47.06100082397461,26.054189682006836,40.873634338378906,110.49776458740234,32.37908172607422,27.263418197631836,42.111331939697266
2020-09-24,105.06726837158203,194.01695251464844,150.989501953125,70.559814453125,247.58705139160156,12.309069633483887,129.26333618164062,208.72000122070312,79.86183166503906,123.98876953125,187.88597106933594,118.4134521484375,266.7151794433594,232.40304565429688,317.652099609375,119.67179870605469,467.6700134277344,234.11285400390625,47.30799865722656,25.880489349365234,41.289066314697266,110.98701477050781,32.0153694152832,27.207929611206055,42.3311882019043
2020-09-25,109.00898742675781,198.43795776367188,154.75650024414062,71.36317443847656,252.83590698242188,12.833163261413574,135.77999877929688,210.4499969482422,80.55998229980469,124.83724975585938,189.54847717285156,119.01884460449219,275.6827697753906,234.89585876464844,321.1072998046875,121.14705657958984,479.7799987792969,239.22775268554688,48.28799819946289,26.09037971496582,41.30604553222656,112.64867401123047,32.52286911010742,27.46161651611328,42.507694244384766
2020-09-28,111.61091613769531,199.9847869873047,158.70249938964844,72.33515167236328,254.82034301757812,12.993901252746582,140.39999389648438,213.5399932861328,82.8784408569336,126.07997131347656,192.4986114501953,119.3561019897461,276.3480529785156,238.2021484375,327.50457763671875,123.09127044677734,488.510009765625,243.10089111328125,49.064998626708984,26.336435317993164,41.78080749511719,116.37691497802734,33.09805679321289,27.992765426635742,42.501502990722656
2020-09-29,110.76625061035156,197.9031982421875,157.24400329589844,72.70013427734375,259.7515869140625,13.184052467346191,139.69000244140625,210.44000244140625,82.18028259277344,126.03715515136719,191.65293884277344,118.70750427246094,277.18658447265625,238.0098114013672,325.4140930175781,122.51484680175781,489.3299865722656,243.86961364746094,49.347999572753906,26.177215576171875,41.475589752197266,115.6937255859375,33.03883743286133,27.17621421813965,42.46743392944336
2020-09-30,112.43614196777344,200.83465576171875,157.43649291992188,72.67930603027344,259.8607482910156,13.487842559814453,143.00332641601562,212.94000244140625,82.97323608398438,127.5969467163086,192.1622314453125,120.20368194580078,284.1309509277344,242.90798950195312,327.2917785644531,121.2252197265625,490.42999267578125,247.68360900878906,50.00299835205078,26.560791015625,41.85711669921875,116.90833282470703,33.31796646118164,27.215856552124023,43.32521057128906
2020-10-01,113.3875732421875,202.86843872070312,161.06300354003906,73.78515625,264.553955078125,13.571575164794922,149.3866729736328,212.02000427246094,83.57654571533203,126.25996398925781,195.41030883789062,120.41987609863281,285.3158264160156,242.82923889160156,332.324462890625,120.47293090820312,499.510009765625,249.78277587890625,52.750999450683594,26.32196617126465,41.69602966308594,118.76400756835938,33.12162780761719,26.264530181884766,44.306854248046875
2020-10-02,109.72740936279297,196.88148498535156,156.25,72.18341064453125,257.91607666015625,13.021068572998047,138.3633270263672,211.17999267578125,84.36947631835938,125.33438873291016,193.59408569335938,119.4512939453125,284.32244873046875,244.30747985839844,327.93048095703125,119.73042297363281,478.989990234375,244.26380920410156,50.305999755859375,26.329195022583008,41.848636627197266,116.45283508300781,32.6692008972168,26.145610809326172,43.507911682128906
2020-10-05,113.10603332519531,200.88238525390625,159.9600067138672,73.53375244140625,262.58935546875,13.599489212036133,141.89332580566406,212.36000061035156,86.1527328491211,127.03990173339844,195.59283447265625,120.5495834350586,289.9454040527344,246.74786376953125,332.20831298828125,120.53155517578125,486.4700012207031,247.8905792236328,52.064998626708984,26.59697914123535,41.8655891418457,116.34320068359375,32.925296783447266,26.748117446899414,43.91048049926758
2020-10-06,109.86332702636719,196.61416625976562,154.9980010986328,71.95629119873047,256.6459655761719,13.693190574645996,137.9933319091797,210.25999450683594,85.26544952392578,125.35148620605469,192.62353515625,120.7398910522461,286.573486328125,241.8233642578125,326.5755310058594,118.14768981933594,478.9800109863281,246.52069091796875,50.58700180053711,26.177215576171875,41.492557525634766,114.46218872070312,32.925296783447266,26.47064781188965,43.548160552978516
2020-10-07,111.7273941040039,200.35720825195312,159.7845001220703,72.35895538330078,256.11016845703125,13.919976234436035,141.76666259765625,213.2899932861328,86.7529525756836,126.73992156982422,194.56463623046875,121.68253326416016,294.5203857421875,247.3513641357422,332.83740234375,120.08213806152344,493.1499938964844,256.2182922363281,53.465999603271484,26.394336700439453,42.018211364746094,115.56719207763672,33.63382339477539,26.5578556060791,43.628684997558594
2020-10-08,111.62059783935547,201.07330322265625,159.52749633789062,73.5634994506836,261.70623779296875,13.795119285583496,141.97332763671875,215.14999389648438,88.53620147705078,127.60552978515625,195.05470275878906,122.5041275024414,293.8276672363281,248.86453247070312,334.4361267089844,120.25799560546875,490.8399963378906,256.454833984375,53.17900085449219,26.698305130004883,42.78124237060547,116.27570343017578,33.96674346923828,27.953134536743164,43.774227142333984
2020-10-09,113.56236267089844,206.06719970703125,164.33250427246094,74.90343475341797,262.3909606933594,13.719355583190918,144.6666717529297,215.67999267578125,88.03164672851562,129.38821411132812,198.57180786132812,123.60250854492188,298.7763366699219,250.089111328125,341.451416015625,122.1045150756836,502.1600036621094,262.1314697265625,53.944000244140625,26.62593650817871,43.07798385620117,116.77336883544922,34.01797103881836,27.540891647338867,44.213951110839844
2020-10-12,120.77589416503906,211.4048309326172,172.14649963378906,77.5882339477539,273.6028747558594,14.181148529052734,147.43333435058594,216.41000366210938,89.1103286743164,130.13381958007812,198.3411865234375,124.96027374267578,300.717529296875,250.95501708984375,341.1123046875,122.09474182128906,510.8900146484375,263.2057189941406,53.98099899291992,26.64764404296875,43.315372467041016,119.88587188720703,34.453330993652344,27.453689575195312,44.669158935546875
2020-10-13,117.57202911376953,212.79891967773438,172.18150329589844,77.71121978759766,273.9898681640625,14.203330039978027,148.88333129882812,212.30999755859375,87.66632080078125,127.15129852294922,196.3424072265625,124.71813201904297,302.0390625,253.97274780273438,335.104736328125,125.99295043945312,514.3099975585938,262.96917724609375,55.409000396728516,26.70554542541504,42.5777587890625,121.0751724243164,33.98381042480469,27.128644943237305,45.28229904174805
2020-10-14,117.65940856933594,210.8892364501953,168.1855010986328,77.53121185302734,269.70355224609375,14.050809860229492,153.76666259765625,210.91000366210938,87.17919921875,126.92848205566406,194.30517578125,124.57112121582031,293.31744384765625,251.11248779296875,332.062255859375,123.6774673461914,506.30999755859375,258.04150390625,54.14500045776367,26.676593780517578,42.49298858642578,120.21484375,34.05210494995117,27.073156356811523,44.57316589355469
2020-10-15,117.1933822631836,209.74339294433594,166.9324951171875,77.13597869873047,264.64324951171875,13.92595386505127,149.6266632080078,211.64999389648438,88.4840087890625,126.14855194091797,191.75865173339844,124.38951110839844,295.7962341308594,251.5061492919922,328.0604553222656,124.42975616455078,501.1499938964844,253.99098205566406,54.194000244140625,26.452228546142578,42.38276290893555,119.29539489746094,34.12040328979492,27.310985565185547,44.755855560302734
2020-10-16,115.55261993408203,209.74339294433594,163.635498046875,77.74246215820312,263.8593444824219,13.767956733703613,146.55667114257812,211.91000366210938,88.30132293701172,126.92848205566406,192.44090270996094,124.87379455566406,300.6537780761719,251.61106872558594,328.8646545410156,123.89240264892578,502.82000732421875,254.80897521972656,53.07899856567383,27.465450286865234,42.41667938232422,119.5484390258789,34.282596588134766,27.033517837524414,44.81159591674805
2020-10-19,112.60118865966797,204.54898071289062,160.36050415039062,75.87043762207031,259.3646240234375,13.455193519592285,143.61000061035156,208.99000549316406,86.81385040283203,123.68881225585938,189.27944946289062,122.7289810180664,295.477294921875,248.173583984375,321.3745422363281,121.37176513671875,495.20001220703125,251.32020568847656,53.071998596191406,27.356897354125977,42.06906509399414,117.81925964355469,33.548458099365234,26.494426727294922,44.266597747802734
2020-10-20,114.08662414550781,204.95956420898438,160.85049438476562,76.91827392578125,265.4767150878906,13.602479934692383,140.64666748046875,210.05999755859375,87.30968475341797,123.88594055175781,189.9808807373047,123.22197723388672,294.7391357421875,250.19407653808594,321.4230041503906,122.0751953125,494.5799865722656,252.2663116455078,52.54199981689453,27.132535934448242,42.60320281982422,117.84459686279297,33.463096618652344,26.71640968322754,44.56077194213867
2020-10-21,113.46526336669922,205.10281372070312,159.2469940185547,78.64945983886719,276.5596923828125,13.482109069824219,140.8800048828125,210.17999267578125,86.4397964477539,123.35456085205078,190.68238830566406,123.88789367675781,294.17401123046875,248.8558807373047,323.0702819824219,123.71654510498047,495.9599914550781,250.55149841308594,48.904998779296875,26.835811614990234,42.38276290893555,117.7518310546875,33.34358215332031,26.288307189941406,44.71560287475586
2020-10-22,112.37789916992188,205.18875122070312,158.82000732421875,79.67449951171875,275.9544677734375,13.318877220153809,141.92999267578125,211.61000061035156,89.49307250976562,124.34015655517578,190.2595672607422,123.0103759765625,296.8534240722656,245.9256591796875,323.2446594238281,124.6251449584961,483.6000061035156,246.05746459960938,48.52299880981445,27.089120864868164,42.9677619934082,117.76024627685547,33.138702392578125,27.63602066040039,44.452388763427734
2020-10-23,111.68859100341797,206.46823120117188,160.22000122070312,80.97969818115234,282.572509765625,13.547405242919922,140.2100067138672,212.7100067138672,90.30203247070312,124.47730255126953,190.2787628173828,123.81919860839844,301.2917175292969,247.5350799560547,319.3785400390625,125.39698791503906,488.5,246.8951873779297,48.827999114990234,27.631914138793945,42.83210754394531,117.71807098388672,33.138702392578125,27.081085205078125,44.545291900634766
2020-10-26,111.69828033447266,200.59588623046875,160.3520050048828,78.56517028808594,274.95233154296875,13.099820137023926,140.0933380126953,208.49000549316406,88.06645202636719,123.38883209228516,185.53167724609375,122.87994384765625,294.4201965332031,241.447265625,308.1871032714844,121.20568084716797,475.20001220703125,238.47874450683594,48.82400131225586,27.443750381469727,42.22168731689453,116.45283508300781,32.15699768066406,26.438936233520508,44.02194595336914
2020-10-27,113.20310974121094,203.62281799316406,164.31649780273438,79.28868865966797,281.08416748046875,13.354513168334961,141.55999755859375,206.8800048828125,86.40499114990234,122.68608856201172,182.6392059326172,123.8017807006836,292.0961608886719,242.14703369140625,307.2666015625,120.47293090820312,478.55999755859375,246.6783905029297,48.893001556396484,27.089120864868164,42.30646896362305,117.3469467163086,31.474084854125977,26.018766403198242,44.241817474365234
2020-10-28,107.96043395996094,193.5299835205078,158.13900756835938,74.92079162597656,265.5858459472656,12.587188720703125,135.33999633789062,200.6999969482422,83.97804260253906,118.58084869384766,173.8080291748047,119.71449279785156,280.6952819824219,235.9192352294922,282.3353271484375,115.74429321289062,456.9700012207031,234.9801025390625,48.624000549316406,25.65613555908203,40.661685943603516,113.17162322998047,30.483856201171875,25.02780532836914,43.36546325683594
2020-10-29,111.96041870117188,195.47792053222656,160.55050659179688,77.20589447021484,278.6433410644531,12.982938766479492,136.94332885742188,201.50999450683594,84.52605438232422,117.5781021118164,177.6518096923828,119.6362533569336,276.7581787109375,235.84059143066406,284.079345703125,118.74365997314453,461.1099853515625,233.70877075195312,50.42100143432617,25.533103942871094,40.71255111694336,113.01980590820312,30.46677589416504,26.13768768310547,43.32830810546875
2020-10-30,105.6886215209961,193.32948303222656,151.8074951171875,80.14311981201172,261.061279296875,12.494485855102539,129.34666442871094,201.89999389648438,85.28286743164062,117.50952911376953,174.6151885986328,119.22750091552734,278.0887451171875,233.28648376464844,279.6802978515625,118.46033477783203,447.1000061035156,228.9092254638672,47.57400131225586,25.677852630615234,40.7464599609375,112.42935180664062,30.64605140686035,25.860212326049805,42.96599578857422
2020-11-02,105.60121154785156,193.19578552246094,150.2239990234375,80.55026245117188,259.324951171875,12.541085243225098,133.50332641601562,204.30999755859375,87.20529174804688,118.86366271972656,177.52691650390625,120.44496154785156,284.4317626953125,236.8114776611328,280.96905517578125,117.3660888671875,444.94000244140625,229.08663940429688,48.4119987487793,26.220640182495117,41.221248626708984,113.99824523925781,30.64605140686035,26.946317672729492,43.476951599121094
2020-11-03,107.22258758544922,197.1106414794922,152.42050170898438,81.6084976196289,263.2342224121094,12.9784517288208,141.3000030517578,206.6300048828125,89.95411682128906,118.70079803466797,180.98631286621094,122.81039428710938,292.86175537109375,242.61056518554688,286.2208251953125,121.1666030883789,454.0199890136719,233.69891357421875,48.72200012207031,26.191692352294922,41.84015655517578,115.59246826171875,31.31189727783203,26.486507415771484,44.213951110839844
2020-11-04,111.60120391845703,206.6210174560547,162.05799865722656,86.57694244384766,285.1423645019531,13.75075912475586,140.32666015625,206.1699981689453,87.20529174804688,119.47216033935547,186.3965301513672,122.30599212646484,323.12762451171875,247.2900390625,297.6642150878906,122.19244384765625,487.2300109863281,247.1120147705078,49.69499969482422,27.016746520996094,41.68754577636719,116.28414154052734,31.21799087524414,26.343807220458984,43.960025787353516
2020-11-05,115.56233215332031,213.20950317382812,166.10000610351562,87.40262603759766,292.3855285644531,14.1153564453125,146.02999877929688,207.4499969482422,90.77178955078125,119.78069305419922,189.92320251464844,123.81919860839844,322.9817810058594,250.02780151367188,306.70458984375,124.03895568847656,496.4700012207031,256.454833984375,51.375999450683594,26.60728645324707,41.91646957397461,116.44441223144531,31.781400680541992,26.29623794555664,44.4276123046875
2020-11-06,115.43104553222656,213.62010192871094,165.56849670410156,87.2652587890625,291.1253967285156,14.516085624694824,143.31666564941406,208.85000610351562,89.56266021728516,121.91476440429688,190.7208251953125,124.55835723876953,316.65704345703125,248.61962890625,303.9042663574219,124.52745056152344,494.6300048828125,256.38580322265625,51.472999572753906,26.614599227905273,41.92493438720703,116.72274780273438,32.0374870300293,25.987060546875,45.13984298706055
2020-11-09,113.12612915039062,208.53073120117188,157.18699645996094,87.34906005859375,276.599365234375,13.587776184082031,140.4199981689453,221.5,101.68875122070312,125.19722747802734,204.3759765625,120.00147247314453,318.97186279296875,236.13795471191406,333.8645324707031,139.309326171875,471.1400146484375,255.52845764160156,47.04999923706055,28.661876678466797,44.570159912109375,116.78178405761719,32.609439849853516,29.277061462402344,44.44929504394531
2020-11-10,112.7857437133789,201.48388671875,151.75100708007812,86.17377471923828,270.3087463378906,12.72973918914795,136.7866668701172,228.47999572753906,101.35819244384766,127.08272552490234,204.98138427734375,121.97555541992188,322.3346252441406,241.03616333007812,324.3880615234375,138.8404083251953,452.0,244.07656860351562,48.02399826049805,28.28166961669922,45.76559066772461,119.5400390625,33.05332946777344,29.92658042907715,45.0748176574707
2020-11-11,116.20906829833984,206.7738037109375,156.8695068359375,86.64537811279297,274.3272399902344,13.375697135925293,139.0433349609375,227.3699951171875,99.8446044921875,126.67137145996094,204.39520263671875,123.54959869384766,320.5212097167969,242.94296264648438,322.0722961425781,134.64910888671875,467.75,250.50221252441406,49.07600021362305,28.150062561035156,45.426456451416016,121.37882995605469,33.574073791503906,29.618057250976562,45.824214935302734
2020-11-12,115.93675994873047,205.7139434814453,155.51400756835938,86.42668151855469,272.9381408691406,13.414322853088379,137.25332641601562,224.72000122070312,98.61807250976562,127.09986114501953,200.43014526367188,123.61920166015625,322.990966796875,241.6221923828125,318.0994873046875,132.4020233154297,462.5799865722656,245.8110809326172,48.676998138427734,27.4554500579834,44.94319534301758,121.32820129394531,33.010650634765625,28.603185653686523,45.901615142822266
2020-11-13,115.98539733886719,206.735595703125,156.4405059814453,87.88661193847656,274.7935791015625,13.255077362060547,136.1666717529297,227.4199981689453,99.23568725585938,128.47113037109375,202.56666564941406,125.47150421142578,324.13922119140625,242.43565368652344,324.6302185058594,135.17665100097656,469.3399963378906,245.89979553222656,48.284000396728516,28.237794876098633,45.31623840332031,122.06210327148438,35.341121673583984,29.293302536010742,46.616947174072266
2020-11-16,116.99684143066406,207.42306518554688,156.55299377441406,87.97439575195312,276.7878723144531,13.472638130187988,136.02999877929688,233.10000610351562,102.03670501708984,129.28538513183594,204.70314025878906,123.86265563964844,325.1873474121094,244.534912109375,325.03729248046875,141.34149169921875,460.95001220703125,246.2742919921875,47.90999984741211,27.294586181640625,45.65536880493164,122.94771575927734,36.31428527832031,30.982051849365234,47.20530700683594
2020-11-17,116.11182403564453,204.7781982421875,156.7830047607422,87.3609619140625,272.8587341308594,13.379932403564453,147.20333862304688,233.16000366210938,101.00154876708984,127.99980926513672,202.78802490234375,123.38434600830078,320.8856201171875,238.3246612548828,326.0546875,141.1754150390625,467.95001220703125,252.4634246826172,48.0629997253418,27.774356842041016,45.51123809814453,122.50912475585938,35.75086975097656,31.39611053466797,46.254642486572266
2020-11-18,114.7891616821289,202.0784149169922,155.2729949951172,86.31856536865234,269.852294921875,13.386414527893066,162.2133331298828,230.07000732421875,100.2534408569336,126.30282592773438,200.01629638671875,121.48854064941406,313.9684753417969,236.0154571533203,325.5121154785156,140.58920288085938,459.4700012207031,253.43911743164062,48.17900085449219,27.99013328552246,44.604068756103516,120.94023132324219,35.2728385925293,30.21074104309082,46.16792678833008
2020-11-19,115.38240814208984,203.36129760742188,155.8509979248047,87.20772552490234,270.8148193359375,13.397875785827637,166.42333984375,229.52999877929688,100.52310180664062,126.1056900024414,199.7660675048828,121.34073638916016,307.12432861328125,236.9776153564453,323.5160217285156,138.45936584472656,466.4100036621094,260.8206787109375,48.46699905395508,27.889942169189453,45.04493713378906,120.88963317871094,35.1447868347168,30.365005493164062,47.106224060058594
2020-11-20,114.11810302734375,201.4178466796875,154.97000122070312,86.1073226928711,267.60003662109375,13.046483993530273,163.20333862304688,227.00999450683594,99.66194915771484,125.43719482421875,196.2147979736328,121.14067840576172,305.0281982421875,235.99794006347656,312.9737548828125,137.82432556152344,462.9200134277344,254.3063507080078,48.82400131225586,28.28297996520996,44.654937744140625,120.97396850585938,34.97405242919922,29.991527557373047,46.524051666259766
2020-11-23,110.72391510009766,201.14979553222656,154.91949462890625,85.66993713378906,266.3398742675781,13.098572731018066,173.9499969482422,229.5399932861328,102.53253936767578,124.15995788574219,200.33392333984375,120.67107391357422,305.3562316894531,237.38873291015625,321.733154296875,142.62135314941406,460.6099853515625,253.91212463378906,47.6619987487793,28.144264221191406,44.66341781616211,120.63655090332031,35.54600143432617,31.956329345703125,46.73771286010742
2020-11-24,112.00769805908203,204.7398223876953,155.9029998779297,87.4720458984375,274.7637939453125,12.916897773742676,185.1266632080078,233.9199981689453,107.27337646484375,124.15995788574219,201.79673767089844,120.27974700927734,306.22210693359375,239.05935668945312,331.76190185546875,148.0045928955078,462.70001220703125,257.0658264160156,48.28799819946289,28.205917358398438,45.12124252319336,121.48849487304688,36.374046325683594,34.083499908447266,46.870880126953125
2020-11-25,112.84408569335938,204.7494354248047,159.2534942626953,87.48344421386719,273.4441223144531,13.193022727966309,191.3333282470703,233.1300048828125,106.15121459960938,123.99597930908203,202.96124267578125,120.60151672363281,303.652099609375,239.62791442871094,330.7250061035156,145.65980529785156,470.0799865722656,243.2487335205078,48.5,28.151973724365234,44.8753776550293,121.59815216064453,36.28013610839844,33.13358688354492,47.01641082763672
2020-11-27,113.38871002197266,206.05140686035156,159.76699829101562,88.61856842041016,275.6468505859375,13.219443321228027,195.25332641601562,231.5500030517578,105.44662475585938,124.27215576171875,203.06707763671875,120.54063415527344,307.9810485839844,241.40342712402344,328.5449523925781,143.74488830566406,477.0299987792969,244.0469970703125,49.13600158691406,28.69142723083496,44.68037414550781,121.96931457519531,36.45086669921875,32.63020324707031,46.945194244384766
2020-11-30,115.7811508178711,204.94091796875,158.40199279785156,87.00093078613281,274.81341552734375,13.359248161315918,189.1999969482422,228.91000366210938,102.54122924804688,124.85897064208984,202.4415283203125,120.76676940917969,306.5228271484375,242.64559936523438,326.0644226074219,144.60464477539062,478.4700012207031,242.2434539794922,49.06999969482422,29.52373695373535,44.090789794921875,121.65718841552734,36.724037170410156,30.957691192626953,47.31369400024414
2020-12-01,119.35039520263672,206.9896697998047,161.00399780273438,89.03214263916016,284.31878662109375,13.347784996032715,194.9199981689453,229.67999267578125,104.1592025756836,127.24951171875,203.2595672607422,121.20156860351562,310.94287109375,241.93707275390625,328.36083984375,146.0017547607422,479.1499938964844,237.85787963867188,50.45800018310547,30.371456146240234,44.46674728393555,123.209228515625,37.16794204711914,31.25809669494629,47.26725387573242
2020-12-02,119.70050048828125,206.18548583984375,160.17649841308594,90.5005111694336,285.28125,13.50179672241211,189.60667419433594,230.4199981689453,106.15991973876953,127.8449478149414,202.27793884277344,120.32324981689453,316.748291015625,238.41921997070312,329.6591491699219,150.0758056640625,481.260009765625,217.58547973632812,50.3380012512207,31.442657470703125,44.52656555175781,121.98616027832031,37.466712951660156,32.42722702026367,46.61075210571289
2020-12-03,119.5643539428711,205.10366821289062,159.3365020751953,90.34529876708984,279.6553955078125,13.357711791992188,197.7933349609375,231.02000427246094,105.46402740478516,128.587158203125,200.22801208496094,119.43620300292969,317.7688903808594,235.8161163330078,324.7369384765625,149.71432495117188,484.2799987792969,217.77272033691406,49.75199890136719,30.89550018310547,45.09906768798828,122.71076202392578,37.654510498046875,32.64643859863281,46.23295974731445
2020-12-04,118.8932876586914,205.21853637695312,158.12899780273438,90.44050598144531,277.52215576171875,13.519497871398926,199.67999267578125,231.35000610351562,106.42088317871094,129.68319702148438,204.68392944335938,119.54924011230469,320.0188903808594,232.16636657714844,333.6609802246094,150.59359741210938,486.0,222.59197998046875,49.83100128173828,31.088171005249023,46.013343811035156,123.90011596679688,37.8849983215332,33.83993148803711,46.1121940612793
2020-12-07,120.35211944580078,205.15155029296875,157.89999389648438,90.10676574707031,283.3563537597656,13.567855834960938,213.9199981689453,229.24000549316406,106.0207290649414,128.56129455566406,204.6550750732422,119.73187255859375,318.16217041015625,230.9791259765625,330.376220703125,150.14419555664062,492.25,224.40536499023438,51.577999114990234,31.78946304321289,45.278507232666016,123.49231719970703,37.859397888183594,33.2066535949707,45.864463806152344
2020-12-08,120.96481323242188,206.79815673828125,158.864501953125,89.82410430908203,281.193359375,13.311841011047363,216.6266632080078,228.19000244140625,106.12512969970703,130.7877960205078,204.77056884765625,120.05364990234375,318.16217041015625,230.1700439453125,330.2115478515625,150.18328857421875,495.2799987792969,224.56304931640625,51.26599884033203,32.79900360107422,45.440860748291016,123.61976623535156,37.876461029052734,34.294593811035156,46.279415130615234
2020-12-09,118.43621826171875,202.7677001953125,155.2100067138672,88.16431427001953,275.7560119628906,12.89378833770752,201.4933319091797,227.50999450683594,105.29875946044922,132.12545776367188,201.70045471191406,118.6274185180664,315.0066833496094,233.56471252441406,326.3937683105469,150.87692260742188,483.739990234375,217.37850952148438,49.36000061035156,32.2518424987793,45.56901931762695,123.76414489746094,38.14963912963867,34.74925231933594,45.914005279541016
2020-12-10,119.8561019897461,201.54234313964844,155.07449340820312,87.65801239013672,274.9622802734375,12.935171127319336,209.02333068847656,227.35000610351562,104.6202621459961,131.39190673828125,199.80450439453125,117.84474182128906,310.653076171875,232.88751220703125,321.22930908203125,151.1309356689453,476.8699951171875,219.69451904296875,50.10900115966797,32.159366607666016,45.329769134521484,122.89766693115234,37.83378219604492,35.73164749145508,45.699554443359375
2020-12-11,119.04891204833984,204.16543579101562,155.8209991455078,88.0125732421875,271.4199523925781,12.976057052612305,203.3300018310547,226.38999938964844,104.00260925292969,131.9960479736328,198.48606872558594,118.71439361572266,308.2933654785156,232.6588592529297,317.25653076171875,171.67710876464844,475.9100036621094,219.20176696777344,50.321998596191406,31.68927574157715,45.58611297607422,123.15251159667969,37.83378219604492,35.561161041259766,45.6871337890625
2020-12-14,118.43621826171875,205.0653533935547,157.84849548339844,86.89481353759766,272.0550231933594,13.270709991455078,213.27667236328125,222.85000610351562,102.90657806396484,128.64756774902344,199.4580841064453,118.14043426513672,307.43359375,233.56471252441406,320.8707275390625,165.40480041503906,486.4200134277344,218.06838989257812,52.242000579833984,30.21732521057129,45.51775360107422,122.52388763427734,37.76549530029297,34.27835464477539,45.26755905151367
2020-12-15,124.36869049072266,204.99835205078125,158.25599670410156,87.33219146728516,273.4044494628906,13.322312355041504,211.0833282470703,224.3800048828125,104.66374206542969,129.94204711914062,200.52635192871094,118.8361587524414,310.67144775390625,235.6754150390625,323.2931213378906,169.93807983398438,482.6400146484375,216.96461486816406,51.97800064086914,29.831998825073242,46.00480270385742,122.98262786865234,38.17524719238281,34.944114685058594,45.24579620361328
2020-12-16,124.30064392089844,209.9287109375,162.04800415039062,87.13929748535156,273.5235900878906,13.204648971557617,207.58999633789062,221.91000366210938,104.96819305419922,129.1653594970703,200.4397430419922,119.3753433227539,310.3695373535156,237.0912628173828,321.7912902832031,169.13693237304688,489.8999938964844,220.38441467285156,52.483001708984375,29.161537170410156,45.33831787109375,123.08454132080078,38.17524719238281,35.47996520996094,45.19918441772461
2020-12-17,125.16618347167969,210.06275939941406,161.8040008544922,86.31212615966797,272.3428039550781,13.303115844726562,218.63333129882812,224.67999267578125,104.09832763671875,132.57420349121094,203.24026489257812,120.22759246826172,312.5007019042969,240.94332885742188,326.44232177734375,169.55703735351562,495.3599853515625,222.65110778808594,53.290000915527344,29.307950973510742,45.51775360107422,123.78116607666016,38.2606086730957,35.30134963989258,45.407413482666016
2020-12-18,123.18221282958984,209.26817321777344,160.08250427246094,85.60348510742188,274.24786376953125,13.2340669631958,231.6666717529297,223.42999267578125,103.5850830078125,133.34226989746094,203.365478515625,120.91458892822266,309.49151611328125,237.84764099121094,329.7657470703125,168.91221618652344,502.95001220703125,224.1392364501953,53.44499969482422,29.03822135925293,45.91935729980469,124.81754302978516,38.78986358642578,34.692420959472656,45.36079406738281
2020-12-21,124.70909118652344,213.09759521484375,160.3090057373047,86.01705932617188,270.6659851074219,13.294143676757812,216.6199951171875,223.49000549316406,107.47344970703125,132.056396484375,201.1519012451172,119.5927505493164,307.3878173828125,238.322509765625,323.9907531738281,166.76283264160156,498.3900146484375,223.19317626953125,52.89099884033203,28.807025909423828,45.124691009521484,123.51778411865234,38.31182098388672,34.059139251708984,45.36699676513672
2020-12-22,128.2588653564453,214.38999938964844,160.3260040283203,85.30595397949219,265.01031494140625,13.2402982711792,213.44667053222656,221.8800048828125,105.83807373046875,131.79751586914062,198.10105895996094,118.74919128417969,306.4092102050781,237.487060546875,321.9268798828125,166.52835083007812,504.1700134277344,227.82516479492188,52.733001708984375,28.313810348510742,45.081966400146484,122.34550476074219,38.14963912963867,33.48268508911133,44.8169059753418
2020-12-23,127.36412811279297,211.5945281982422,159.2635040283203,85.70316314697266,266.0223693847656,12.972066879272461,215.32666015625,224.24000549316406,108.79566955566406,131.1243896484375,197.58140563964844,118.5665512084961,308.7688903808594,237.2847442626953,319.01031494140625,169.55703735351562,496.9100036621094,224.1392364501953,51.448001861572266,28.85326385498047,45.35540771484375,122.67681121826172,37.8849983215332,33.91300964355469,44.51232147216797
2020-12-24,128.34640502929688,213.25070190429688,158.63450622558594,85.99723052978516,265.31793212890625,12.956608772277832,220.58999633789062,226.52999877929688,108.31723022460938,131.5817413330078,200.85353088378906,119.76668548583984,311.69580078125,238.26100158691406,325.57025146484375,169.73289489746094,499.8599853515625,222.5131378173828,51.39699935913086,28.722257614135742,45.663021087646484,123.2289810180664,38.02158737182617,33.77497482299805,44.599342346191406
2020-12-28,132.9368133544922,215.36651611328125,164.197998046875,87.97090911865234,274.84320068359375,12.863126754760742,221.22999572753906,228.41000366210938,109.03050231933594,132.20310974121094,204.63580322265625,120.60151672363281,316.41522216796875,236.7922821044922,333.7772521972656,174.744873046875,498.95001220703125,221.38963317871094,51.9119987487793,28.375465393066406,46.27824401855469,124.80057525634766,38.34596633911133,33.888648986816406,45.1339111328125
2020-12-29,131.16677856445312,214.59104919433594,166.10000610351562,87.16755676269531,274.6248474121094,12.90625286102295,221.99667358398438,229.57000732421875,108.74346923828125,133.02296447753906,206.31040954589844,120.37541198730469,317.69573974609375,234.10113525390625,335.8992919921875,173.22076416015625,502.1099853515625,219.2412109375,53.08700180053711,28.552709579467773,46.25260543823242,125.23381042480469,38.10695266723633,33.507057189941406,44.84796905517578
2020-12-30,130.04832458496094,212.2263641357422,164.29249572753906,86.10087585449219,269.7530822753906,13.108176231384277,231.5933380126953,229.64999389648438,109.04792022705078,134.67129516601562,210.15040588378906,119.8101577758789,315.5372009277344,233.28330993652344,344.5133361816406,177.00172424316406,497.45001220703125,219.1820526123047,52.45899963378906,28.313810348510742,46.51749038696289,125.14035034179688,37.970367431640625,33.77497482299805,44.81068420410156
2020-12-31,129.04666137695312,212.93482971191406,162.84649658203125,86.91366577148438,271.0331115722656,13.017685890197754,235.22332763671875,231.8699951171875,110.53543090820312,135.81912231445312,210.50645446777344,121.0015640258789,320.74139404296875,233.59983825683594,345.8601989746094,177.01148986816406,500.1199951171875,219.3101806640625,54.073001861572266,28.367761611938477,46.85927963256836,125.98136901855469,38.20084762573242,33.46646499633789,44.801353454589844
2021-01-04,125.85671997070312,208.4065399169922,159.3314971923828,85.59902954101562,266.8459167480469,13.076018333435059,243.2566680908203,228.4499969482422,109.49156951904297,135.05966186523438,209.57290649414062,119.85362243652344,319.6622009277344,232.1048126220703,340.5793762207031,173.59201049804688,485.3399963378906,217.12228393554688,52.2859992980957,28.367761611938477,45.081966400146484,122.55789184570312,37.83080291748047,33.693790435791016,45.541053771972656
2021-01-05,127.41275787353516,208.60757446289062,160.92550659179688,86.2893295288086,268.860107421875,13.366434097290039,245.0366668701172,227.47000122070312,110.08734893798828,136.64756774902344,206.44515991210938,120.61892700195312,315.36334228515625,233.97802734375,336.6357421875,174.3345184326172,485.69000244140625,218.3147735595703,52.08000183105469,28.66061019897461,44.586387634277344,122.92314910888672,37.8480110168457,35.31759262084961,45.298641204833984
2021-01-06,123.12385559082031,203.198486328125,156.91900634765625,85.43785095214844,261.2597351074219,12.578442573547363,251.9933319091797,230.27000427246094,115.25657653808594,137.93345642089844,204.6261749267578,121.88860321044922,328.5980529785156,235.31480407714844,336.7617492675781,174.99887084960938,466.30999755859375,213.02247619628906,50.04899978637695,28.413990020751953,43.1679573059082,121.41954803466797,38.2094612121582,36.21879196166992,45.581451416015625
2021-01-07,127.32527160644531,208.98098754882812,158.10800170898438,87.9897689819336,266.64752197265625,13.305859565734863,272.0133361816406,232.8800048828125,119.04150390625,138.3994598388672,205.7714385986328,120.74938201904297,333.8663330078125,234.1627655029297,339.4296569824219,174.4713134765625,477.739990234375,214.82598876953125,50.888999938964844,28.560422897338867,42.689453125,121.02880096435547,38.69137954711914,36.502952575683594,45.57833480834961
2021-01-08,128.42420959472656,210.2542266845703,159.13499450683594,89.1546401977539,265.486572265625,13.238801956176758,293.3399963378906,234.02999877929688,119.17295837402344,138.1146697998047,207.3497772216797,120.69720458984375,332.3663635253906,236.6515655517578,343.3006896972656,174.57876586914062,485.1000061035156,218.82725524902344,51.040000915527344,28.614364624023438,43.64646530151367,122.4814453125,38.777435302734375,36.908897399902344,45.57213592529297
2021-01-11,125.43849182128906,208.21505737304688,155.7104949951172,87.09465789794922,254.84014892578125,13.582565307617188,270.39666748046875,233.42999267578125,120.9515151977539,137.53646850585938,204.8860321044922,119.87970733642578,329.95166015625,238.53363037109375,337.8191833496094,174.96958923339844,474.239990234375,215.09210205078125,49.90999984741211,29.107582092285156,42.894527435302734,120.70596313476562,39.035614013671875,38.02933120727539,45.777252197265625
2021-01-12,125.2634506225586,205.7642364501953,156.04150390625,86.15939331054688,249.13490295410156,13.446208953857422,283.14666748046875,233.02999877929688,122.85276794433594,136.4663543701172,201.00758361816406,119.18400573730469,326.8602600097656,243.0187530517578,332.6966552734375,171.94090270996094,471.6499938964844,212.401611328125,49.42499923706055,28.65289306640625,42.817623138427734,120.14525604248047,39.40566635131836,38.87370300292969,46.29939270019531
2021-01-13,127.29606628417969,207.11412048339844,158.29449462890625,86.64636993408203,249.6806182861328,13.493071556091309,284.8033447265625,234.50999450683594,122.96664428710938,136.25921630859375,201.4791259765625,119.36663818359375,324.729248046875,241.01361083984375,336.0049133300781,172.06790161132812,472.04998779296875,215.02310180664062,50.77899932861328,28.406295776367188,42.860347747802734,121.13066864013672,39.035614013671875,39.3121337890625,45.82699203491211
2021-01-14,125.37041473388672,203.9356689453125,156.37350463867188,85.83656311035156,243.72735595703125,13.162520408630371,281.6666564941406,235.02000427246094,123.68509674072266,138.64111328125,194.2707061767578,118.09696197509766,320.604248046875,235.99195861816406,317.1832580566406,169.43978881835938,463.2699890136719,212.48043823242188,50.08599853515625,28.321517944335938,42.06568145751953,120.42561340332031,38.854881286621094,40.84661865234375,45.67781066894531
2021-01-15,123.6490249633789,203.58145141601562,155.21249389648438,85.67291259765625,249.4027862548828,12.822742462158203,275.38665771484375,233.49000549316406,121.46843719482422,138.3390655517578,194.01087951660156,117.20993041992188,321.3083801269531,242.36798095703125,313.6226501464844,167.4955596923828,458.0799865722656,210.0560302734375,49.79800033569336,28.28297996520996,41.612815856933594,120.11131286621094,39.095848083496094,38.8818244934082,44.953651428222656
2021-01-19,124.3200912475586,207.20985412597656,156.03799438476562,88.49211120605469,259.06695556640625,12.988020896911621,281.51666259765625,234.5500030517578,120.94275665283203,140.47930908203125,194.07826232910156,116.18376922607422,322.1224060058594,240.25729370117188,316.2228088378906,168.2967071533203,456.5,213.62362670898438,50.176998138427734,28.30610466003418,41.450462341308594,120.68045806884766,38.889305114746094,39.653114318847656,44.56514358520508
2021-01-20,128.40476989746094,214.77293395996094,163.16900634765625,93.23292541503906,265.3973083496094,13.32754898071289,283.48333740234375,234.75999450683594,119.12913513183594,140.13409423828125,198.2646942138672,114.73146057128906,320.8877258300781,241.2334747314453,324.9253845214844,169.64495849609375,469.7300109863281,220.20700073242188,58.63399887084961,28.12885093688965,41.595726013183594,120.06031799316406,39.01839828491211,40.21333694458008,45.224037170410156
2021-01-21,133.11187744140625,215.37603759765625,165.34950256347656,93.43526458740234,270.7452697753906,13.827862739562988,281.663330078125,234.16000366210938,118.13033294677734,139.57315063476562,197.42742919921875,114.61859893798828,324.69256591796875,245.41087341308594,324.46942138671875,167.33924865722656,472.0199890136719,218.95533752441406,57.98400115966797,28.11344337463379,41.82643508911133,118.59918975830078,38.820465087890625,39.0604362487793,45.01891326904297
2021-01-22,135.25146484375,216.3142852783203,164.6114959716797,93.85230255126953,272.36260986328125,13.67330551147461,282.21331787109375,232.9199981689453,117.2191390991211,141.14378356933594,194.42469787597656,113.73495483398438,317.8786315917969,249.76422119140625,319.18182373046875,168.80474853515625,472.44000244140625,222.5032958984375,56.516998291015625,28.16738510131836,41.43338394165039,117.73271179199219,38.52786636352539,38.50835037231445,45.47888946533203
2021-01-25,138.9957275390625,219.74159240722656,164.6999969482422,93.9375991821289,275.8453369140625,13.614225387573242,293.6000061035156,233.00999450683594,115.75597381591797,143.24093627929688,193.42379760742188,115.69470977783203,318.116455078125,250.71409606933594,319.3758850097656,167.9352264404297,473.44000244140625,222.65110778808594,55.678001403808594,28.72995948791504,41.68116760253906,119.08342742919922,38.751617431640625,38.07804489135742,45.43849563598633
2021-01-26,139.2291717529297,222.42221069335938,166.30650329589844,94.61550903320312,279.8538513183594,13.3968505859375,294.36334228515625,231.57000732421875,115.2828598022461,147.12442016601562,194.4150390625,116.43833923339844,313.8176574707031,248.5330047607422,317.9303894042969,165.65882873535156,476.2799987792969,222.98619079589844,56.19300079345703,28.75307846069336,42.11695861816406,120.45960235595703,38.949546813964844,37.24178695678711,45.845638275146484
2021-01-27,138.1593780517578,222.96786499023438,161.62899780273438,90.20149230957031,270.0210266113281,12.880828857421875,288.0533447265625,227.36000061035156,112.02362823486328,144.88058471679688,187.6397705078125,112.31767272949219,304.5616760253906,241.01361083984375,306.0843505859375,159.27906799316406,460.0,221.52761840820312,52.327999114990234,27.928483963012695,41.467552185058594,117.26544189453125,39.32819366455078,36.81959915161133,44.70500564575195
2021-01-28,133.32582092285156,228.74075317382812,161.88099670410156,91.90045166015625,262.9366149902344,13.013697624206543,278.4766540527344,230.9499969482422,113.99494171142578,145.98524475097656,190.767578125,114.0499267578125,309.2811279296875,244.53143310546875,314.6122131347656,167.9254608154297,465.6700134277344,223.2227020263672,53.86000061035156,27.936275482177734,41.99732971191406,118.24238586425781,39.01839828491211,37.39603805541992,44.677040100097656
2021-01-29,128.33668518066406,222.0679931640625,160.30999755859375,90.61903381347656,256.31854248046875,12.952622413635254,264.510009765625,227.8699951171875,112.73329162597656,140.78135681152344,185.9844512939453,112.16893005371094,305.1012878417969,238.17303466796875,306.8604431152344,164.3008270263672,458.7699890136719,222.29632568359375,53.23899841308594,27.96744155883789,41.142852783203125,116.01669311523438,38.36436080932617,36.40552520751953,43.66384506225586
2021-02-01,130.45680236816406,229.43003845214844,167.1439971923828,93.87760162353516,259.96990966796875,13.199165344238281,279.9366760253906,229.32000732421875,113.56563568115234,140.41891479492188,190.90232849121094,112.83383178710938,305.48541259765625,237.5134735107422,311.9734191894531,167.03639221191406,470.0,225.1543731689453,53.90399932861328,27.889535903930664,41.424827575683594,116.364990234375,39.070037841796875,36.47048568725586,43.28466796875
2021-02-02,131.28347778320312,229.29598999023438,169.0,95.16942596435547,265.0003967285156,13.518001556396484,290.92999267578125,232.24000549316406,117.06143951416016,139.158935546875,194.9925079345703,112.67634582519531,309.80242919921875,239.35150146484375,324.40142822265625,172.8885955810547,484.92999267578125,230.81129455566406,54.816001892089844,27.25851058959961,41.83498001098633,117.55429077148438,39.44008255004883,37.04692840576172,43.75086212158203
2021-02-03,130.26231384277344,232.63717651367188,165.62649536132812,102.10015106201172,264.57379150390625,13.491827011108398,284.89666748046875,232.67999267578125,118.40193939208984,138.5116424560547,193.78953552246094,112.81635284423828,309.04327392578125,241.11923217773438,322.8977355957031,172.3707733154297,481.9200134277344,231.42236328125,53.94499969482422,27.14165496826172,41.67262649536133,117.24848937988281,39.38844299316406,38.50022888183594,43.88450241088867
2021-02-04,133.61758422851562,231.68939208984375,166.5500030517578,101.83979034423828,264.4150390625,13.625195503234863,283.3299865722656,235.77000427246094,121.1267318725586,139.79751586914062,201.38291931152344,112.8863525390625,301.2049560546875,245.20864868164062,330.6689453125,176.0833282470703,489.3800048828125,234.53660583496094,55.215999603271484,27.180601119995117,41.8776969909668,118.65860748291016,40.662086486816406,39.23905944824219,44.29786682128906
2021-02-05,133.20364379882812,231.87130737304688,167.6074981689453,103.58535766601562,266.01251220703125,13.55215072631836,284.07666015625,235.16000366210938,120.89016723632812,141.92050170898438,200.92095947265625,113.35877227783203,296.8056640625,245.2438507080078,328.6509094238281,176.991943359375,492.1199951171875,235.43344116210938,55.07899856567383,27.203981399536133,42.424564361572266,119.74602508544922,41.376365661621094,40.554325103759766,44.86662292480469
2021-02-08,133.34974670410156,232.1297607421875,166.14700317382812,103.37162780761719,264.5042724609375,14.397478103637695,287.8066711425781,237.4199981689453,122.78263854980469,142.32614135742188,199.11158752441406,113.00882720947266,296.650146484375,246.2727508544922,326.9822082519531,185.62857055664062,493.760009765625,235.47283935546875,54.79199981689453,27.12607765197754,42.65526580810547,119.27031707763672,42.116458892822266,42.2999153137207,45.074867248535156
2021-02-09,132.47311401367188,233.3743896484375,165.25,102.91886901855469,267.35198974609375,14.222480773925781,283.1533203125,239.91000366210938,122.29203033447266,143.49118041992188,198.75552368164062,112.57135009765625,301.4884338378906,243.4057159423828,323.499267578125,183.87974548339844,496.04998779296875,233.275146484375,55.90700149536133,27.242938995361328,42.46729278564453,118.59069061279297,41.7378044128418,41.80450439453125,45.3234977722168
2021-02-10,131.86924743652344,232.46484375,164.32899475097656,103.46883392333984,269.7530822753906,14.72204875946045,268.2733459472656,239.9199981689453,122.36207580566406,143.95718383789062,198.67855834960938,112.17768859863281,304.93658447265625,245.0943145751953,324.24627685546875,185.26707458496094,492.6700134277344,233.29486083984375,56.35900115966797,27.063753128051758,42.381839752197266,116.97660827636719,40.65349197387695,42.209083557128906,44.795135498046875
2021-02-11,131.61602783203125,234.06361389160156,163.10650634765625,103.5813980102539,268.28466796875,15.207158088684082,270.5533447265625,239.75999450683594,122.02042388916016,143.30995178222656,203.05462646484375,112.27391052246094,304.6347961425781,243.6607666015625,332.6480407714844,186.5176239013672,496.6199951171875,237.7494354248047,55.75899887084961,26.822248458862305,42.97996520996094,114.6574935913086,40.946083068847656,41.15220260620117,44.760963439941406
2021-02-12,131.84974670410156,234.54234313964844,163.885498046875,103.89283752441406,268.3937683105469,14.918487548828125,272.0400085449219,242.4600067138672,123.75520324707031,143.7587432861328,202.37991333007812,111.6527328491211,300.21722412109375,244.05653381347656,330.8338317871094,183.3521728515625,498.8399963378906,236.8920135498047,55.652000427246094,27.048175811767578,43.31321716308594,113.72303771972656,40.696510314941406,41.713680267333984,44.90080642700195
2021-02-16,129.7265167236328,233.3072967529297,163.44749450683594,104.669921875,271.8367919921875,15.286434173583984,265.40667724609375,245.27999877929688,126.7340087890625,142.45562744140625,200.3942413330078,111.91520690917969,296.90625,242.19210815429688,331.03759765625,182.0625457763672,501.6400146484375,244.99310302734375,55.72800064086914,27.024797439575195,42.95433807373047,114.15631103515625,40.025264739990234,42.96871566772461,45.270660400390625
2021-02-17,127.43756866455078,234.32444763183594,165.4320068359375,105.06265258789062,271.43994140625,14.863393783569336,266.04998779296875,245.25,127.12833404541016,142.9647674560547,200.0183563232422,112.38764953613281,298.95489501953125,247.05551147460938,327.2732849121094,182.15048217773438,491.2300109863281,244.07656860351562,55.13399887084961,27.180601119995117,42.834712982177734,114.22425842285156,39.80152130126953,43.63751983642578,45.749290466308594
2021-02-18,126.33695983886719,233.9310302734375,166.4114990234375,104.4273910522461,267.29248046875,14.786616325378418,262.4599914550781,243.5,127.55764770507812,143.03378295898438,201.79190063476562,113.32376861572266,300.3726501464844,248.9286651611328,328.3695373535156,178.78961181640625,488.3699951171875,243.43592834472656,54.821998596191406,26.923526763916016,43.3815803527832,114.99727630615234,39.878971099853516,42.95220184326172,42.784278869628906
2021-02-19,126.49281311035156,231.22503662109375,162.4949951171875,103.58436584472656,259.52337646484375,14.883835792541504,260.4333190917969,241.85000610351562,129.68666076660156,140.6519317626953,197.33872985839844,111.21529388427734,296.86962890625,245.9298095703125,323.2372741699219,179.42465209960938,479.1199951171875,242.99246215820312,54.02199935913086,26.83004379272461,42.817623138427734,112.56771087646484,39.310997009277344,43.24119567871094,42.99562454223633
2021-02-22,122.72343444824219,225.0263214111328,159.03700256347656,101.87104034423828,258.3029479980469,14.314716339111328,238.1666717529297,244.97000122070312,130.9044952392578,140.5650634765625,200.79910278320312,110.74285888671875,299.6684265136719,242.59671020507812,330.5039978027344,187.34805297851562,467.3299865722656,237.46363830566406,53.37799835205078,26.6898136138916,43.2619514465332,112.12599182128906,39.095848083496094,44.83477020263672,42.79360580444336
2021-02-23,122.58707427978516,223.83645629882812,159.72500610351562,102.16163635253906,263.7898864746094,14.101577758789062,232.94667053222656,245.52999877929688,131.9558563232422,139.3232879638672,204.4523162841797,111.56527709960938,301.37872314453125,235.02455139160156,339.9730529785156,192.55543518066406,467.79998779296875,232.23048400878906,54.6150016784668,26.41714859008789,43.18505096435547,112.79708099365234,39.16469192504883,45.45403289794922,42.103633880615234
2021-02-24,122.09032440185547,225.06468200683594,157.97650146484375,103.33642578125,262.2519836425781,14.457558631896973,247.33999633789062,248.4499969482422,134.27764892578125,141.19029235839844,211.50799560546875,111.68773651123047,303.8482360839844,228.63095092773438,356.36920166015625,192.96575927734375,476.6199951171875,236.99058532714844,55.340999603271484,26.292505264282227,43.330299377441406,112.21090698242188,39.36262130737305,46.8164176940918,41.4012336730957
2021-02-25,117.84370422363281,219.7295379638672,152.85800170898438,99.97123718261719,252.70689392089844,13.269463539123535,227.4066619873047,243.69000244140625,132.45523071289062,141.33792114257812,206.0330810546875,110.74285888671875,300.79339599609375,224.47998046875,343.9992980957031,186.58599853515625,459.1600036621094,227.7364501953125,54.66999816894531,26.34703826904297,42.8688850402832,110.4354476928711,39.173301696777344,46.0402717590332,41.009639739990234
2021-02-26,118.1067123413086,222.98243713378906,154.64649963378906,100.26679229736328,255.61407470703125,13.675301551818848,225.1666717529297,240.50999450683594,128.9419403076172,137.60386657714844,204.72216796875,108.07447052001953,303.857421875,227.1974639892578,343.3006896972656,184.6906280517578,459.6700134277344,213.36741638183594,53.8849983215332,26.0899600982666,41.86061096191406,109.74736785888672,38.61393356323242,44.8925666809082,40.37871551513672
2021-03-01,124.46690368652344,227.3580780029297,157.3070068359375,102.63472747802734,262.8473815917969,13.802186965942383,239.47666931152344,249.2100067138672,131.8594970703125,138.35069274902344,208.80906677246094,108.73936462402344,306.0799560546875,230.08209228515625,352.0809631347656,190.49398803710938,469.57000732421875,214.3923797607422,55.06399917602539,26.245763778686523,42.638187408447266,110.96214294433594,39.51752853393555,46.5687141418457,40.829376220703125
2021-03-02,121.8663330078125,224.41220092773438,154.72650146484375,102.37785339355469,256.9833068847656,13.36793041229248,228.81333923339844,249.22000122070312,131.43016052246094,138.09019470214844,207.98013305664062,108.39818572998047,306.07080078125,228.91241455078125,352.0032958984375,189.47792053222656,466.5899963378906,210.38125610351562,54.78200149536133,26.10553550720215,42.80907440185547,111.34442901611328,39.173301696777344,46.296234130859375,40.437767028808594
2021-03-03,118.88587951660156,218.35736083984375,150.25,99.74610137939453,253.42127990722656,12.768152236938477,217.73333740234375,251.5500030517578,133.97100830078125,135.6587371826172,207.0933837890625,107.7507553100586,304.4518737792969,226.3356170654297,349.50994873046875,187.8365478515625,448.45001220703125,203.0193634033203,52.06999969482422,26.79109001159668,42.706546783447266,109.70487976074219,38.837677001953125,46.66780090332031,39.65455627441406
2021-03-04,117.0060806274414,217.56094360351562,148.8784942626953,100.86286926269531,255.63394165039062,12.334892272949219,207.14666748046875,245.47999572753906,131.91204833984375,132.92333984375,203.86428833007812,106.86712646484375,305.3116760253906,220.68075561523438,339.0804138183594,183.70387268066406,439.05999755859375,202.3590545654297,51.12900161743164,26.643070220947266,42.67235565185547,110.31539916992188,38.34715270996094,48.476043701171875,39.635921478271484
2021-03-05,118.2625503540039,222.23399353027344,150.0229949951172,103.99398803710938,262.2221984863281,12.425880432128906,199.31666564941406,253.14999389648438,132.21871948242188,135.5544891357422,207.6331329345703,110.21792602539062,317.4671630859375,222.9585418701172,350.1211242675781,185.61880493164062,440.8299865722656,207.71044921875,51.638999938964844,26.79109001159668,43.39866256713867,113.91183471679688,39.80152130126953,50.3090705871582,40.13008117675781
2021-03-08,113.33412170410156,218.19424438476562,147.59750366210938,99.55220031738281,253.3220672607422,11.560111999511719,187.6666717529297,257.6099853515625,133.97100830078125,136.6833953857422,212.3177032470703,111.38151550292969,320.27496337890625,227.8043212890625,360.2596130371094,197.2645263671875,421.20001220703125,204.71446228027344,49.33300018310547,26.75992774963379,44.124961853027344,113.14115905761719,40.88583755493164,50.25951385498047,39.74469757080078
2021-03-09,117.94112396240234,224.32582092285156,153.1425018310547,101.18172454833984,263.6708679199219,12.488774299621582,224.52667236328125,259.0199890136719,133.02474975585938,136.9439239501953,212.4044189453125,110.39289855957031,321.9304504394531,233.01943969726562,365.29486083984375,190.03477478027344,439.17999267578125,208.4693145751953,50.64400100708008,26.837827682495117,43.45846939086914,113.243896484375,41.21286392211914,49.48337936401367,40.058597564697266
2021-03-10,116.85999298095703,223.0208282470703,152.8820037841797,100.9749526977539,262.8373718261719,12.436903953552246,222.68666076660156,263.989990234375,135.91598510742188,138.20303344726562,215.11297607421875,111.40777587890625,319.75360107421875,235.6123809814453,370.3204650878906,190.5721435546875,437.010009765625,208.89312744140625,50.45399856567383,27.21177101135254,43.954071044921875,114.38275909423828,41.557090759277344,51.00264358520508,41.08113098144531
2021-03-11,118.78849792480469,227.5403594970703,155.67950439453125,104.16606903076172,271.7475280761719,12.960827827453613,233.1999969482422,260.9100036621094,135.20632934570312,138.1944122314453,217.98538208007812,111.0315933227539,322.954833984375,237.92213439941406,372.9205627441406,192.22325134277344,451.05999755859375,212.82537841796875,52.305999755859375,27.040380477905273,43.47557067871094,114.07452392578125,41.9959831237793,50.62282943725586,41.06557083129883
2021-03-12,117.88268280029297,226.21617126464844,154.47450256347656,101.65978240966797,266.31011962890625,12.823678016662598,231.2433319091797,260.0199890136719,136.80966186523438,138.59381103515625,216.26002502441406,112.1076889038086,326.78228759765625,241.6832275390625,371.3003234863281,192.6238250732422,444.29998779296875,209.13949584960938,51.801998138427734,27.219552993774414,43.38941192626953,113.9203872680664,42.0131950378418,51.167789459228516,41.6840705871582
2021-03-15,120.76570129394531,225.31417846679688,154.08399963378906,101.87995910644531,271.6185302734375,13.158086776733398,235.97999572753906,254.61000061035156,136.1262969970703,139.305908203125,215.20938110351562,112.47513580322266,324.818115234375,246.4973907470703,370.3786315917969,192.2330322265625,447.5899963378906,209.72096252441406,52.025001525878906,27.585708618164062,43.966670989990234,113.91183471679688,42.520931243896484,49.86320495605469,41.4696159362793
2021-03-16,122.30463409423828,228.09693908691406,154.59300231933594,103.34039306640625,277.1053771972656,13.257833480834961,225.6266632080078,251.5,134.49667358398438,140.13087463378906,216.58775329589844,112.80757904052734,325.4789733886719,249.63015747070312,370.980224609375,189.77102661132812,450.5400085449219,211.37661743164062,52.40299987792969,27.91290283203125,44.13037109375,114.75096130371094,42.744686126708984,48.80632019042969,41.457183837890625
2021-03-17,121.51570129394531,227.45399475097656,156.7864990234375,103.257568359375,281.79864501953125,13.307709693908691,233.93666076660156,252.0,135.8809814453125,139.60987854003906,214.9683837890625,112.35265350341797,323.2576599121094,247.81597900390625,367.3905029296875,190.7480010986328,451.010009765625,210.03631591796875,52.444000244140625,27.881742477416992,44.14760971069336,114.41705322265625,42.52953338623047,49.02099609375,41.112205505371094
2021-03-18,117.39569091796875,221.3896026611328,151.39950561523438,100.238525390625,276.4505615234375,12.69051456451416,217.72000122070312,252.4600067138672,138.1239013671875,139.34934997558594,212.69363403320312,112.59761810302734,332.3171691894531,250.58595275878906,356.05877685546875,187.85610961914062,439.17999267578125,206.44898986816406,50.479000091552734,27.86616325378418,43.57033157348633,113.48367309570312,41.9959831237793,46.90725326538086,40.57539749145508
2021-03-19,116.8697280883789,221.0345458984375,153.7480010986328,100.51721954345703,287.8510437011719,12.813455581665039,218.2899932861328,250.99000549316406,135.92477416992188,138.9759063720703,199.4303741455078,111.99394226074219,335.55718994140625,255.84254455566406,345.8813781738281,186.74232482910156,441.5,209.12962341308594,51.21799850463867,27.67918586730957,43.77711868286133,115.17057037353516,42.150882720947266,46.64302062988281,41.11532211303711
2021-03-22,120.18132781982422,226.44650268554688,155.5435028076172,100.70220947265625,291.25433349609375,13.153098106384277,223.3333282470703,250.36000061035156,132.27125549316406,139.3753662109375,200.49069213867188,113.89244842529297,336.7321472167969,255.70103454589844,347.7151184082031,188.42276000976562,452.4100036621094,212.0566864013672,52.31100082397461,28.04534339904785,43.940818786621094,117.99630737304688,43.28683090209961,46.16412353515625,41.31193542480469
2021-03-23,119.3534164428711,227.97216796875,156.875,101.2298355102539,288.3670654296875,13.037891387939453,220.72000122070312,248.30999755859375,130.94833374023438,139.2451171875,200.63523864746094,116.0096664428711,338.2374267578125,256.6214294433594,344.6785583496094,184.3877716064453,460.20001220703125,211.88909912109375,53.50899887084961,27.5467586517334,44.2768440246582,119.41775512695312,43.03727340698242,45.59440231323242,41.80192947387695
2021-03-24,116.96712493896484,225.93789672851562,154.35350036621094,100.79344177246094,279.94317626953125,12.611215591430664,210.08999633789062,249.6300048828125,131.96463012695312,140.5998077392578,200.5581512451172,115.97466278076172,340.1650085449219,259.0727233886719,348.92779541015625,180.47003173828125,451.510009765625,206.49826049804688,52.08100128173828,27.741518020629883,44.388851165771484,118.86116790771484,42.72747039794922,46.51917266845703,41.54288864135742
2021-03-25,117.45411682128906,222.94407653808594,152.31300354003906,100.78997039794922,276.569580078125,12.503732681274414,213.4633331298828,250.75,133.65557861328125,140.6519012451172,200.46176147460938,116.779541015625,340.6147155761719,262.9930419921875,347.67633056640625,182.60964965820312,450.989990234375,202.4674530029297,50.2859992980957,27.788253784179688,44.81964111328125,119.56332397460938,43.46755599975586,46.38706588745117,41.82378005981445
2021-03-26,118.05799102783203,226.91664123535156,152.60150146484375,100.40664672851562,280.81634521484375,12.806968688964844,206.23666381835938,256.7699890136719,135.8809814453125,143.22232055664062,205.82102966308594,118.50309753417969,345.5621337890625,268.8603515625,355.224365234375,181.64242553710938,469.0899963378906,206.0646514892578,50.80500030517578,28.240097045898438,45.698455810546875,122.19213104248047,45.24034118652344,47.65035629272461,42.17332077026367
2021-03-29,118.23332214355469,225.72682189941406,153.7864990234375,101.45101165771484,288.5555725097656,12.915695190429688,203.76333618164062,258.82000732421875,133.76943969726562,144.1862335205078,206.76565551757812,120.35785675048828,347.9301452636719,267.4355773925781,352.0906066894531,180.59706115722656,469.32000732421875,207.72032165527344,51.39500045776367,28.528339385986328,46.396331787109375,123.99884033203125,45.19731903076172,47.394405364990234,42.65394592285156
2021-03-30,116.78205108642578,222.47390747070312,152.76449584960938,101.48473358154297,285.7575378417969,12.839388847351074,211.8733367919922,258.19000244140625,135.34652709960938,143.2917938232422,204.24986267089844,118.50309753417969,342.8819274902344,269.75421142578125,347.5210266113281,181.26141357421875,465.4599914550781,206.9614715576172,51.3390007019043,28.131031036376953,45.79322814941406,122.05509185791016,44.55189514160156,46.80815124511719,42.36369323730469
2021-03-31,118.97357177734375,226.23538208007812,154.70399475097656,102.28064727783203,292.2366638183594,13.314690589904785,222.64332580566406,255.47000122070312,133.37522888183594,142.71864318847656,204.08599853515625,118.48556518554688,341.5142517089844,270.13470458984375,345.43511962890625,180.274658203125,475.3699951171875,208.80442810058594,52.16600036621094,28.224519729614258,45.414146423339844,121.12176513671875,44.500247955322266,46.09806823730469,42.39178466796875
2021-04-01,119.80146026611328,232.54922485351562,158.0500030517578,105.61607360839844,296.3345031738281,13.777027130126953,220.5833282470703,258.20001220703125,134.67190551757812,141.39871215820312,209.03077697753906,117.4794921875,336.9249267578125,272.3471374511719,352.46905517578125,184.62225341796875,483.3399963378906,215.55528259277344,53.94200134277344,28.279048919677734,45.2418098449707,120.9761734008789,44.73259735107422,47.38613510131836,42.32624435424805
2021-04-05,122.62604522705078,238.9975128173828,161.3365020751953,110.03852844238281,306.50469970703125,13.952335357666016,230.35000610351562,262.6600036621094,135.38577270507812,141.91976928710938,211.13206481933594,119.37796783447266,339.7795715332031,279.1170959472656,357.3393859863281,184.16307067871094,491.6199951171875,217.10255432128906,54.06700134277344,28.263469696044922,45.500282287597656,122.58600616455078,45.425994873046875,46.651275634765625,43.51532745361328
2021-04-06,122.92799377441406,237.83644104003906,161.1909942626953,109.55750274658203,303.87530517578125,13.82664966583252,230.5399932861328,263.05999755859375,134.43394470214844,141.88497924804688,210.75616455078125,119.42172241210938,334.4466552734375,277.6835021972656,358.55206298828125,185.36477661132812,491.3399963378906,217.89100646972656,54.452999114990234,28.084293365478516,45.827693939208984,123.02271270751953,45.09663772583008,46.51917266845703,43.72443771362305
2021-04-07,124.57404327392578,239.79396057128906,163.96949768066406,111.03380584716797,310.6521301269531,14.107940673828125,223.6566619873047,263.6199951171875,136.54025268554688,142.07603454589844,211.35377502441406,119.63167572021484,335.6123352050781,276.524169921875,360.0170593261719,183.2447052001953,493.4100036621094,217.5953369140625,54.69900131225586,27.975223541259766,45.905235290527344,122.8000717163086,44.871280670166016,46.7255973815918,43.63080596923828
2021-04-08,126.97002410888672,243.0084686279297,164.96499633789062,111.59913635253906,310.5827331542969,14.281006813049316,227.93333435058594,263.510009765625,136.70773315429688,141.52029418945312,212.73216247558594,120.08666229248047,334.92388916015625,278.2586975097656,366.9136047363281,183.01023864746094,499.8399963378906,221.202392578125,55.45800018310547,28.014179229736328,45.76736831665039,122.05509185791016,44.99263000488281,46.23844528198242,43.602718353271484
2021-04-09,129.5414276123047,245.50331115722656,168.61000061035156,112.60285186767578,310.02703857421875,14.36379623413086,225.67333984375,266.010009765625,137.7300262451172,140.0266876220703,214.48646545410156,119.30796813964844,345.3968200683594,282.5066223144531,369.1864929199219,183.5670928955078,504.0400085449219,227.9335479736328,55.53099822998047,28.512758255004883,45.81908416748047,122.080810546875,45.148643493652344,46.13109588623047,43.62456130981445
2021-04-12,127.8271713256836,245.5608673095703,168.96949768066406,111.31101989746094,309.11419677734375,15.170763969421387,233.9933319091797,267.92999267578125,137.439208984375,140.36537170410156,213.4744110107422,119.78916931152344,345.3785095214844,283.8870544433594,368.953369140625,182.19931030273438,506.0299987792969,225.45001220703125,55.27799987792969,28.801006317138672,45.96554183959961,122.46612548828125,44.69793701171875,45.82558822631836,43.63080596923828
2021-04-13,130.9342498779297,248.0365447998047,170.0,111.79747772216797,307.3481140136719,15.640081405639648,254.10667419433594,267.1000061035156,135.79998779296875,138.48960876464844,213.0405731201172,118.20561981201172,343.7447204589844,283.54193115234375,367.2923583984375,181.22232055664062,514.8599853515625,228.64315795898438,55.37300109863281,28.949026107788086,45.74154281616211,122.4918212890625,44.775936126708984,45.998992919921875,43.49659729003906
2021-04-14,128.59664916992188,245.25384521484375,166.64999389648438,111.17662811279297,300.4621887207031,15.238592147827148,244.07666015625,267.5299987792969,133.26185607910156,138.87171936035156,213.96595764160156,118.63433837890625,344.7818298339844,283.20562744140625,367.47698974609375,183.14700317382812,510.6300048828125,224.72076416015625,54.00199890136719,28.95680809020996,45.7329216003418,121.68692779541016,44.52458190917969,47.328346252441406,43.48099899291992
2021-04-15,131.00242614746094,249.0057373046875,168.95449829101562,113.32585144042969,305.42315673828125,16.096681594848633,246.28334045410156,269.1400146484375,134.10787963867188,139.27987670898438,218.11073303222656,120.06912994384766,357.9809875488281,285.6127014160156,375.41278076171875,181.65219116210938,523.25,229.628662109375,54.922000885009766,29.29180145263672,45.94831085205078,121.8581771850586,44.75860595703125,47.047603607177734,43.7431640625
2021-04-16,130.6712646484375,250.195556640625,169.9720001220703,113.20188903808594,303.79595947265625,15.872493743896484,246.5933380126953,272.1099853515625,135.103759765625,140.88638305664062,218.23602294921875,120.07786560058594,358.89886474609375,290.33843994140625,375.1019287109375,182.95159912109375,525.0800170898438,228.554443359375,54.65399932861328,30.047470092773438,46.2498664855957,123.44229888916016,45.76402282714844,46.78339385986328,43.88359832763672
2021-04-19,131.33355712890625,248.2764892578125,168.60049438476562,113.54949951171875,299.8866271972656,15.323129653930664,238.2100067138672,270.2799987792969,134.5308837890625,141.27711486816406,217.63839721679688,119.5179443359375,357.8249816894531,289.2500305175781,371.20697021484375,183.11767578125,516.1699829101562,227.1648406982422,55.444000244140625,30.32792091369629,46.525577545166016,123.94749450683594,45.80736541748047,46.634765625,43.602718353271484
2021-04-20,129.64852905273438,247.8158416748047,166.7344970703125,113.01642608642578,300.29345703125,15.13310718536377,239.663330078125,267.8900146484375,131.55210876464844,144.5683135986328,215.21902465820312,120.51529693603516,363.9656066894531,286.6923828125,365.8354187011719,178.5844268798828,514.2100219726562,224.66160583496094,54.957000732421875,30.40582275390625,46.67205047607422,124.76953887939453,44.88862228393555,45.65220260620117,43.93978500366211
2021-04-21,130.02842712402344,250.0420684814453,168.1009979248047,112.98369598388672,299.1226501464844,15.321883201599121,248.0399932861328,272.2099914550781,132.6713409423828,144.663818359375,219.23843383789062,119.72793579101562,366.0583190917969,288.4535217285156,372.11993408203125,178.89707946777344,512.3400268554688,227.22396850585938,50.88999938964844,30.795333862304688,47.0511474609375,125.85700988769531,45.00996017456055,46.23844528198242,44.06772994995117
2021-04-22,128.50894165039062,246.76995849609375,165.45199584960938,111.70277404785156,294.211181640625,14.812915802001953,239.89666748046875,269.510009765625,129.8776092529297,143.4393768310547,219.35414123535156,118.5392837524414,363.97467041015625,284.4800109863281,372.37249755859375,178.55514526367188,507.2900085449219,228.00254821777344,50.87799835205078,30.101991653442383,46.9046745300293,125.07781219482422,44.63725662231445,45.635684967041016,43.590232849121094
2021-04-23,130.8271026611328,250.58895874023438,167.04400634765625,114.05384826660156,298.78533935546875,15.226872444152832,243.13333129882812,271.9800109863281,132.3629150390625,143.7346649169922,221.69639587402344,117.93175506591797,367.43511962890625,286.6304931640625,375.96649169921875,178.8091583251953,515.8400268554688,230.13128662109375,50.55500030517578,30.11758041381836,46.93052291870117,124.87232971191406,44.99263000488281,45.88339614868164,43.662010192871094
2021-04-26,131.21665954589844,250.9727783203125,170.4499969482422,114.54975128173828,300.680419921875,15.439087867736816,246.06666564941406,270.8599853515625,132.6890106201172,142.51893615722656,222.0241241455078,115.57203674316406,363.35052490234375,283.1791687011719,376.3646240234375,180.0303955078125,515.7000122070312,232.0531005859375,51.029998779296875,30.133161544799805,46.23263168334961,122.75727081298828,44.75860595703125,45.97421646118164,43.04094314575195
2021-04-27,130.89524841308594,251.3758087158203,170.8715057373047,113.61001586914062,301.206298828125,15.34307861328125,234.913330078125,273.6499938964844,133.2970733642578,141.7026824951172,221.609619140625,115.5016098022461,362.10223388671875,283.71014404296875,377.9188537597656,180.39187622070312,517.3200073242188,230.8211669921875,50.55500030517578,29.953977584838867,46.16371154785156,122.35480499267578,44.52458190917969,46.57696533203125,43.18762969970703
2021-04-28,130.10633850097656,244.2654571533203,172.9250030517578,116.9851303100586,304.70880126953125,15.238341331481934,231.46665954589844,272.95001220703125,134.16073608398438,140.6605987548828,225.0218048095703,115.69530487060547,362.18487548828125,282.93133544921875,384.3102722167969,179.17063903808594,515.47998046875,233.45252990722656,50.652000427246094,30.23443603515625,46.17232894897461,121.4471435546875,44.299232482910156,47.98064041137695,43.03470230102539
2021-04-29,130.00892639160156,242.29837036132812,173.5655059814453,118.65730285644531,326.9443359375,15.286222457885742,225.6666717529297,277.6000061035156,136.7694091796875,142.58840942382812,228.30873107910156,116.67265319824219,368.57330322265625,287.9136657714844,377.8023376464844,181.06597900390625,516.0900268554688,230.96897888183594,50.900001525878906,30.07083511352539,46.74958801269531,123.25389099121094,44.60260009765625,48.665950775146484,43.57774353027344
2021-04-30,128.04147338867188,241.98175048828125,173.37100219726562,116.71038818359375,322.54876708984375,14.971763610839844,236.47999572753906,274.95001220703125,135.55320739746094,141.31185913085938,225.12789916992188,117.47386932373047,366.04913330078125,286.4358215332031,371.1097717285156,181.7401123046875,508.3399963378906,226.9874725341797,51.34700012207031,30.10978889465332,46.50835037231445,123.44229888916016,44.12588119506836,47.26228713989258,43.66512680053711
2021-05-03,129.09339904785156,241.67465209960938,169.32449340820312,116.19366455078125,320.0682678222656,14.79944896697998,228.3000030517578,279.17999267578125,135.1566162109375,143.46548461914062,224.21217346191406,118.86506652832031,372.5660095214844,292.2765197753906,368.5259704589844,181.24185180664062,503.4599914550781,220.5223846435547,50.9109992980957,31.029050827026367,46.93913650512695,124.83805084228516,44.351226806640625,48.56687545776367,44.354862213134766
2021-05-04,124.52532958984375,237.76927185058594,165.593505859375,114.39601135253906,315.881103515625,14.315169334411621,224.53334045410156,280.260009765625,137.02496337890625,145.6885223388672,223.65310668945312,118.46003723144531,377.55938720703125,294.4888916015625,365.13604736328125,180.01084899902344,490.70001220703125,214.03758239746094,50.31800079345703,31.12254524230957,46.64619827270508,123.27104949951172,43.9525260925293,48.872379302978516,43.91792678833008
2021-05-05,124.76884460449219,236.5026397705078,163.52699279785156,114.78976440429688,312.56707763671875,14.422150611877441,223.64666748046875,282.760009765625,138.82284545898438,145.08067321777344,220.93492126464844,117.5091323852539,378.62408447265625,293.8517150878906,358.5600891113281,177.33389282226562,486.69000244140625,212.28330993652344,49.608001708984375,31.13811492919922,46.525577545166016,123.21110534667969,44.31656265258789,50.34209442138672,43.88047409057617
2021-05-06,126.36619567871094,239.6308135986328,165.31849670410156,115.90951538085938,317.5281982421875,14.48648738861084,221.17999267578125,289.7099914550781,141.6165313720703,145.66249084472656,222.96875,118.98832702636719,380.8911437988281,298.74560546875,364.7183532714844,177.60745239257812,483.6099853515625,214.89498901367188,49.95500183105469,30.831298828125,46.99082946777344,124.64109802246094,45.45199966430664,50.82099151611328,44.19379425048828
2021-05-07,127.03936767578125,242.25039672851562,164.58050537109375,116.63252258300781,316.5954895019531,14.775010108947754,224.1233367919922,290.92999267578125,142.10128784179688,146.3224334716797,223.7398681640625,118.99710083007812,383.35107421875,300.223388671875,364.640625,180.58726501464844,488.7300109863281,213.36741638183594,50.38399887084961,31.138118743896484,46.96498489379883,124.64109802246094,46.31007766723633,51.54759979248047,43.927467346191406
2021-05-10,123.76121520996094,237.18394470214844,159.52450561523438,113.64820098876953,303.587646484375,14.229883193969727,209.67999267578125,292.3299865722656,142.08370971679688,147.8594970703125,217.81190490722656,121.21592712402344,386.3250427246094,301.87835693359375,355.8402404785156,180.05970764160156,479.3800048828125,210.79518127441406,48.66899871826172,31.358394622802734,47.30962371826172,125.63439178466797,46.07605743408203,51.67146682739258,44.12173080444336
2021-05-11,122.84407806396484,236.27236938476562,161.19549560546875,112.57257843017578,304.1431884765625,14.270284652709961,205.73333740234375,285.6300048828125,139.72177124023438,146.65243530273438,217.33958435058594,120.6172103881836,377.8896789550781,292.62164306640625,357.0738830566406,177.49020385742188,485.19000244140625,212.44102478027344,49.507999420166016,30.957164764404297,46.801292419433594,124.71817016601562,45.7900276184082,50.02833557128906,43.723812103271484
2021-05-12,119.78055572509766,229.33473205566406,157.5970001220703,109.11070251464844,300.1942138671875,13.723908424377441,196.6300048828125,282.9100036621094,138.76116943359375,146.06195068359375,212.66468811035156,119.34049224853516,372.0795593261719,280.5330810546875,346.3988952636719,173.75811767578125,472.0899963378906,207.49365234375,48.49800109863281,31.22465705871582,46.56003952026367,123.50223541259766,44.72393798828125,50.29640197753906,42.59273147583008
2021-05-13,121.92697143554688,233.20176696777344,158.07350158691406,110.53839874267578,302.88311767578125,13.630890846252441,190.56333923339844,286.8999938964844,142.3304443359375,147.5902557373047,215.9756622314453,121.25999450683594,375.0075378417969,287.9844665527344,349.70147705078125,174.23681640625,474.1600036621094,208.7945556640625,48.66600036621094,31.547212600708008,46.96498489379883,125.33470153808594,45.495338439941406,49.676509857177734,43.31337356567383
2021-05-14,124.3465805053711,238.1147003173828,161.14500427246094,112.98518371582031,313.47998046875,14.207191467285156,196.5800018310547,290.67999267578125,144.54249572753906,147.81607055664062,219.0646209716797,121.51528930664062,376.1457214355469,286.400390625,353.47998046875,169.70358276367188,486.55999755859375,214.51063537597656,49.33700180053711,31.484277725219727,47.15453338623047,125.52308654785156,45.850704193115234,50.907936096191406,43.71441650390625
2021-05-17,123.19532775878906,235.2648162841797,163.51950073242188,113.50785827636719,313.003662109375,14.12988567352295,192.27667236328125,289.2200012207031,145.1241455078125,147.9636688232422,218.5819549560547,121.26876068115234,375.0718688964844,283.19677734375,352.887451171875,166.1668701171875,482.739990234375,211.94825744628906,48.89400100708008,31.555076599121094,47.076988220214844,125.16343688964844,45.88536834716797,52.09749221801758,43.51703643798828
2021-05-18,121.80989837646484,233.24974060058594,161.61399841308594,112.19619750976562,307.5465087890625,13.980514526367188,192.6233367919922,287.5899963378906,143.07957458496094,148.01576232910156,217.74217224121094,120.02728271484375,376.6781005859375,280.3118591308594,352.6640625,165.7760772705078,480.6199951171875,211.22882080078125,48.62799835205078,31.50787353515625,46.818519592285156,124.5982666015625,45.87670135498047,50.62311935424805,44.463253021240234
2021-05-19,121.65380096435547,233.82681274414062,161.58999633789062,112.64399719238281,311.14825439453125,14.030387878417969,187.82000732421875,286.2200012207031,141.98670959472656,147.69451904296875,216.7961883544922,120.27384185791016,375.87042236328125,278.27642822265625,350.6340026855469,165.37550354003906,480.4700012207031,218.1373748779297,48.77000045776367,31.334793090820312,46.67205047607422,124.52977752685547,45.478004455566406,49.408416748046875,44.466392517089844
2021-05-20,124.20999145507812,237.05838012695312,162.38400268554688,114.4019775390625,316.1291809082031,14.575760841369629,195.5933380126953,286.7300109863281,141.73997497558594,148.55422973632812,218.5819549560547,121.5064926147461,375.08099365234375,279.55963134765625,357.16131591796875,167.4174041748047,491.6700134277344,220.5421142578125,50.16699981689453,31.562938690185547,47.085601806640625,126.07108306884766,45.80736541748047,49.29114532470703,44.623050689697266
2021-05-21,122.37577819824219,235.79843139648438,160.1540069580078,113.76622009277344,313.7677001953125,14.954059600830078,193.6266632080078,287.739990234375,143.35275268554688,148.45867919921875,218.90054321289062,121.5064926147461,377.8254699707031,279.444580078125,357.0642395019531,168.43350219726562,488.07000732421875,219.35946655273438,49.78900146484375,31.4292049407959,47.059757232666016,125.95977783203125,45.44333267211914,49.358158111572266,44.41312026977539
2021-05-24,124.00511169433594,241.19403076171875,162.24949645996094,117.08430480957031,322.1023254394531,15.572751998901367,202.14666748046875,289.7300109863281,144.1282958984375,149.0266571044922,221.36204528808594,121.4712905883789,377.2012939453125,278.6215515136719,361.7071838378906,170.29954528808594,497.8299865722656,223.7056427001953,50.290000915527344,31.319059371948242,47.214847564697266,126.60202026367188,46.2754020690918,49.93618392944336,44.416259765625
2021-05-25,123.80998992919922,242.0980682373047,162.95249938964844,117.17505645751953,325.23773193359375,15.608410835266113,201.56333923339844,287.20001220703125,142.63888549804688,148.615966796875,221.07244873046875,121.8851089477539,379.1288146972656,280.3118591308594,356.695068359375,172.1167449951172,505.0799865722656,224.4152374267578,50.13399887084961,30.94144058227539,47.20623016357422,126.98731231689453,46.20606231689453,48.80527114868164,44.597984313964844
2021-05-26,123.76121520996094,241.87689208984375,163.25799560546875,118.03990173339844,325.1087341308594,15.660530090332031,206.3766632080078,287.3299865722656,142.6212615966797,147.73341369628906,219.1901397705078,121.6121597290039,379.2757263183594,280.8251037597656,352.2560119628906,172.4098663330078,506.9800109863281,226.35671997070312,50.236000061035156,30.61888885498047,47.41300582885742,126.98731231689453,45.859375,49.37491989135742,44.544708251953125
2021-05-27,122.22942352294922,239.78018188476562,161.5054931640625,117.1656265258789,330.1590881347656,15.44906234741211,210.28334045410156,289.29998779296875,144.84213256835938,147.50619506835938,218.9873809814453,118.8474349975586,378.80755615234375,282.0994873046875,351.6246643066406,174.9207000732422,498.2799987792969,222.56240844726562,50.38600158691406,30.40647315979004,47.80934524536133,125.4545669555664,45.86803436279297,49.05659103393555,44.39431381225586
2021-05-28,121.57574462890625,240.13601684570312,161.15350341796875,116.87651062011719,326.17034912109375,16.203659057617188,208.4066619873047,289.44000244140625,144.74517822265625,147.89065551757812,219.41212463378906,118.73298645019531,378.0916442871094,282.22332763671875,350.24542236328125,174.53968811035156,504.5799865722656,234.65489196777344,50.28099822998047,30.469411849975586,47.637020111083984,126.67902374267578,45.850704193115234,48.897430419921875,44.5008544921875
2021-06-01,121.2537841796875,237.94320678710938,160.9324951171875,118.0830307006836,326.5672607421875,16.223609924316406,207.96665954589844,289.8399963378906,146.3403778076172,144.64015197753906,218.765380859375,116.99842834472656,373.3187561035156,279.9224853515625,349.47802734375,174.72532653808594,495.9100036621094,232.78237915039062,49.90800094604492,30.28846549987793,47.62841033935547,126.41362762451172,45.608009338378906,50.64824676513672,44.384925842285156
2021-06-02,122.01476287841797,237.84707641601562,161.69949340820312,117.5578842163086,326.5870666503906,16.736064910888672,201.7066650390625,290.0199890136719,146.34915161132812,145.22561645507812,221.6902313232422,117.5091323852539,372.5201416015625,278.6502990722656,356.335693359375,172.9276580810547,495.7699890136719,231.2252197265625,49.92399978637695,30.51661491394043,47.817955017089844,126.91883850097656,45.9027099609375,51.050350189208984,44.28779602050781
2021-06-03,120.53179168701172,236.31781005859375,159.35049438476562,116.41681671142578,323.5013427734375,16.927085876464844,190.94667053222656,291.9700012207031,146.44610595703125,145.08578491210938,220.19403076171875,119.61345672607422,374.45684814453125,277.0489807128906,351.4498596191406,172.1851348876953,493.1400146484375,227.49993896484375,48.94300079345703,30.658226013183594,47.938575744628906,127.37164306640625,46.22340774536133,51.251399993896484,44.36612319946289
2021-06-04,122.8245849609375,241.20359802246094,160.31100463867188,118.69746398925781,327.77777099609375,17.5340576171875,199.68333435058594,292.5199890136719,146.68405151367188,145.02462768554688,222.15357971191406,119.70150756835938,372.3273620605469,276.67535400390625,355.52947998046875,173.10350036621094,504.5,234.04385375976562,49.4739990234375,30.799829483032227,48.455528259277344,127.51827239990234,46.86479568481445,51.47758483886719,44.444454193115234
2021-06-07,122.8343276977539,244.10818481445312,159.90049743652344,119.13038635253906,333.9592590332031,17.5747013092041,201.7100067138672,289.4599914550781,145.9966583251953,144.03724670410156,223.29258728027344,120.11531829833984,367.3799743652344,275.7413330078125,353.64501953125,172.91790771484375,509.4700012207031,234.69430541992188,49.465999603271484,30.673954010009766,48.283206939697266,127.44066619873047,46.734771728515625,51.14250183105469,44.14680480957031
2021-06-08,123.65386199951172,242.9155731201172,163.20550537109375,118.93897247314453,331.08184814453125,17.413114547729492,201.19667053222656,289.19000244140625,145.41500854492188,142.7702178955078,223.99728393554688,118.7241439819336,368.7476501464844,276.5775146484375,354.79119873046875,172.2730712890625,509.20001220703125,232.99917602539062,49.23899841308594,30.563812255859375,47.94719314575195,126.2503662109375,46.91679382324219,52.04722595214844,43.811546325683594
2021-06-09,124.03437805175781,243.89662170410156,164.0574951171875,119.41006469726562,327.6785583496094,17.31857681274414,199.5933380126953,288.5799865722656,143.59951782226562,144.6925811767578,224.24827575683594,118.68013000488281,368.16021728515625,273.4105529785156,352.91650390625,171.98974609375,514.6799926757812,232.67396545410156,48.58100128173828,31.319059371948242,47.80071258544922,126.0174560546875,46.82145309448242,52.482845306396484,43.57655334472656
2021-06-10,123.03921508789062,247.40704345703125,167.4824981689453,120.75843811035156,329.871337890625,17.385175704956055,203.3733367919922,284.9100036621094,141.36099243164062,145.99456787109375,225.83131408691406,119.56063079833984,368.5182189941406,274.2735290527344,353.85882568359375,172.50755310058594,535.52001953125,236.71466064453125,48.72700119018555,32.00349807739258,48.171199798583984,127.3113021850586,47.696861267089844,52.566612243652344,43.827213287353516
2021-06-11,124.24903106689453,248.03225708007812,167.3415069580078,120.51395416259766,328.68072509765625,17.784515380859375,203.29666137695312,286.82000732421875,141.2640380859375,144.14210510253906,226.8063201904297,118.74177551269531,365.21392822265625,276.4618835449219,355.0243835449219,173.29891967773438,541.260009765625,236.8328857421875,48.87699890136719,31.5865478515625,48.3865966796875,127.38892364501953,47.47151184082031,52.080745697021484,44.099796295166016
2021-06-14,127.30281829833984,249.95578002929688,169.19349670410156,121.4417953491211,334.1477966308594,17.977567672729492,205.89666748046875,283.5299987792969,138.8668975830078,144.50033569335938,225.95684814453125,118.78581237792969,366.379638671875,275.1719665527344,356.01513671875,174.0804901123047,556.9500122070312,242.69680786132812,49.98899841308594,31.177448272705078,48.22167205810547,128.14791870117188,46.95146560668945,51.99696350097656,44.04026412963867
2021-06-15,126.48328399658203,248.48426818847656,169.156494140625,120.42420196533203,334.1278991699219,17.74784278869629,199.7866668701172,283.94000244140625,136.7606201171875,143.7313690185547,224.89500427246094,118.5569076538086,367.40753173828125,272.6188659667969,357.5692443847656,171.8138885498047,548.4600219726562,239.07005310058594,49.189998626708984,31.1459903717041,48.100135803222656,128.15655517578125,46.622093200683594,53.89020919799805,43.864810943603516
2021-06-16,126.9808349609375,247.54176330566406,170.7624969482422,119.78250122070312,328.5020446777344,17.769540786743164,201.6233367919922,283.1099853515625,137.7212371826172,143.678955078125,221.63232421875,116.9103775024414,364.6263732910156,269.35394287109375,353.39251708984375,170.64149475097656,543.3300170898438,238.8828125,49.24100112915039,30.91783905029297,47.457759857177734,126.88001251220703,46.34474563598633,53.697532653808594,42.97185516357422
2021-06-17,128.5808868408203,250.9271697998047,174.46200561523438,120.74554443359375,333.8898620605469,18.614606857299805,205.53334045410156,278.69000244140625,133.7465057373047,144.3693084716797,224.0938262939453,117.97578430175781,364.7181701660156,269.65643310546875,356.7631530761719,170.63172912597656,551.3599853515625,240.89329528808594,49.83399963378906,31.05944061279297,47.700828552246094,128.10482788085938,46.050052642822266,51.92995071411133,43.15044403076172
2021-06-18,127.28331756591797,249.51336669921875,174.34500122070312,119.12641906738281,327.0931701660156,18.596153259277344,207.77000427246094,274.0400085449219,130.36233520507812,141.53817749023438,222.41421508789062,116.25000762939453,358.70245361328125,269.20269775390625,356.88934326171875,168.45303344726562,565.5900268554688,239.2671661376953,50.07699966430664,30.532352447509766,46.676483154296875,125.4309310913086,45.131309509277344,50.597984313964844,42.35147476196289
2021-06-21,129.07846069335938,252.5911102294922,172.697998046875,120.81398010253906,329.70263671875,18.38513946533203,206.94332885742188,277.1000061035156,132.5744171142578,143.16342163085938,226.1885223388672,117.16572570800781,366.7173156738281,273.641845703125,362.3968200683594,169.9673614501953,567.3499755859375,240.9425506591797,49.70000076293945,31.012250900268555,47.188655853271484,126.41424560546875,46.0933952331543,52.43258285522461,42.73685073852539
2021-06-22,130.71755981445312,255.3609619140625,175.27200317382812,121.32772064208984,336.3901672363281,18.843585968017578,207.90333557128906,276.9200134277344,132.3805389404297,142.97120666503906,227.7426300048828,117.20973205566406,367.28851318359375,278.187744140625,367.2049560546875,169.50819396972656,575.739990234375,239.59242248535156,50.88199996948242,31.161720275878906,47.362266540527344,126.60400390625,46.162723541259766,53.437835693359375,42.93425369262695
2021-06-23,130.44439697265625,255.13014221191406,175.1909942626953,121.12590026855469,337.93804931640625,19.01369285583496,218.85667419433594,274.6600036621094,133.18252563476562,142.1061248779297,226.5360107421875,117.0424575805664,364.4049377441406,277.2625732421875,364.3880310058594,171.29608154296875,574.22998046875,238.3407440185547,51.27399826049805,30.721160888671875,46.98031997680664,124.93928527832031,45.7293586730957,53.83156204223633,42.598995208740234
2021-06-24,130.1614990234375,256.495849609375,172.45399475097656,121.4958267211914,340.5078430175781,19.161603927612305,226.60667419433594,275.489990234375,134.40753173828125,142.7527313232422,228.0419158935547,117.12169647216797,367.4541931152344,277.41375732421875,364.00921630859375,173.8362579345703,578.260009765625,240.2428436279297,51.805999755859375,30.831298828125,47.21469497680664,125.64655303955078,45.7466926574707,54.04936218261719,42.89664840698242
2021-06-25,129.86874389648438,254.8897247314453,170.072998046875,121.5042724609375,338.71197509765625,18.987504959106445,223.9566650390625,278.3800048828125,135.76473999023438,143.4867401123047,229.0843963623047,118.79461669921875,373.05535888671875,279.0062255859375,368.72991943359375,174.24661254882812,579.6599731445312,238.3703155517578,52.707000732421875,30.666091918945312,47.153934478759766,126.2847900390625,45.9893798828125,54.16664505004883,43.40423583984375
2021-06-28,131.49813842773438,258.44830322265625,172.1945037841797,121.53153991699219,352.870849609375,19.93932342529297,229.57333374023438,276.6099853515625,136.01145935058594,143.32070922851562,225.96649169921875,119.14682006835938,369.84027099609375,279.58441162109375,357.1418762207031,172.50755310058594,588.7999877929688,241.03126525878906,53.303001403808594,30.776229858398438,47.10184860229492,126.82825469970703,45.9027099609375,52.784423828125,43.26950454711914
2021-06-29,133.01034545898438,261.02587890625,172.40699768066406,121.27020263671875,349.1501159667969,19.980981826782227,226.9199981689453,276.2099914550781,135.84408569335938,143.3294677734375,227.7619171142578,118.33675384521484,366.7449035644531,283.1072082519531,357.4527282714844,169.92828369140625,590.75,242.25331115722656,53.349998474121094,30.760494232177734,46.75461959838867,126.74200439453125,45.859375,52.45771408081055,43.01884078979492
2021-06-30,133.62503051757812,260.5448913574219,172.00799560546875,121.08869171142578,345.00262451171875,19.956785202026367,226.56666564941406,277.9200134277344,137.077880859375,143.9498748779297,225.70584106445312,118.80341339111328,368.900634765625,283.68548583984375,354.6260681152344,171.72596740722656,585.6400146484375,240.73561096191406,52.82099914550781,30.807701110839844,46.971641540527344,127.80291748046875,45.93737030029297,52.84306335449219,44.18439865112305
2021-07-01,133.92745971679688,261.2182312011719,171.64849853515625,121.4407958984375,351.6305847167969,20.165807723999023,225.97332763671875,280.1700134277344,138.43507385253906,145.01589965820312,226.98968505859375,119.07637786865234,373.0000915527344,286.04296875,360.08502197265625,173.18167114257812,584.72998046875,241.43533325195312,53.354000091552734,31.12238883972168,46.84142303466797,127.82880401611328,46.31873321533203,52.99384689331055,43.651756286621094
2021-07-02,136.5519561767578,267.0369567871094,175.5489959716797,124.2307357788086,351.9381408691406,20.44017791748047,226.3000030517578,279.1199951171875,138.30209350585938,147.65480041503906,230.3489532470703,119.65748596191406,377.1180419921875,287.0749206542969,364.28118896484375,173.03512573242188,593.0700073242188,244.6087646484375,53.39799880981445,31.256122589111328,47.03240203857422,128.44122314453125,46.728965759277344,52.918453216552734,43.89927291870117
2021-07-06,138.5618133544922,267.0465087890625,183.78700256347656,125.15560150146484,350.0331115722656,20.651187896728516,219.86000061035156,277.32000732421875,135.9797821044922,146.77224731445312,231.28529357910156,119.72793579101562,377.9471130371094,284.0146484375,365.3399658203125,169.6938018798828,596.9000244140625,246.6290740966797,54.16400146484375,30.90996742248535,46.771976470947266,128.63096618652344,46.24018478393555,51.41057205200195,43.846004486083984
2021-07-07,141.04971313476562,269.2298278808594,184.82899475097656,125.43726348876953,347.7609558105469,20.32518768310547,214.88333129882812,279.239990234375,136.13934326171875,148.03048706054688,231.67144775390625,120.62602233886719,379.2369079589844,287.7687683105469,363.20306396484375,168.84384155273438,605.77001953125,244.84527587890625,53.59600067138672,30.957164764404297,47.153934478759766,129.20022583007812,46.48456573486328,50.60635757446289,43.77395248413086
2021-07-08,139.75210571289062,266.81573486328125,186.57049560546875,124.01898193359375,342.9586486816406,19.857267379760742,217.60333251953125,274.1000061035156,133.79043579101562,147.7421875,228.39906311035156,120.60839080810547,377.6615295410156,283.3741455078125,360.00360107421875,168.8242950439453,605.9500122070312,242.2434539794922,53.07600021362305,30.878494262695312,46.98899459838867,129.2606201171875,46.48456573486328,50.380184173583984,43.73634719848633
2021-07-09,141.57655334472656,267.3157958984375,185.9669952392578,124.48959350585938,347.6915283203125,20.004425048828125,218.98333740234375,280.489990234375,138.07164001464844,148.32760620117188,230.1945343017578,120.65243530273438,379.6513977050781,286.5321960449219,362.6778259277344,172.9667205810547,604.5,241.51417541503906,53.597999572753906,31.161720275878906,47.27546310424805,128.93287658691406,46.90351486206055,51.29329299926758,43.95880889892578
2021-07-12,140.98138427734375,266.71954345703125,185.92750549316406,125.93465423583984,350.4101257324219,20.465620040893555,228.56666564941406,280.1099853515625,140.04827880859375,148.09165954589844,229.6153106689453,120.74928283691406,383.27191162109375,286.2207946777344,365.225830078125,180.1378631591797,600.2000122070312,239.39527893066406,53.73099899291992,31.279726028442383,47.292823791503906,128.958740234375,46.45839309692383,51.2430305480957,43.88047409057617
2021-07-13,142.09365844726562,270.23968505859375,183.8679962158203,126.29764556884766,349.3484802246094,20.203718185424805,222.84666442871094,279.2099914550781,137.96530151367188,147.90817260742188,233.93983459472656,120.5995864868164,385.5750732421875,282.0485534667969,373.1514892578125,179.42465209960938,605.010009765625,240.48922729492188,54.06800079345703,31.193193435668945,47.76157760620117,131.9344940185547,46.53693389892578,51.000091552734375,44.04654312133789
2021-07-14,145.51817321777344,271.71124267578125,184.08399963378906,127.1858139038086,344.92327880859375,19.79615020751953,217.7933349609375,278.30999755859375,137.49551391601562,148.9130096435547,237.45352172851562,121.4888916015625,382.0743103027344,283.97900390625,380.0465087890625,179.199951171875,608.8300170898438,238.9222412109375,54.79499816894531,31.4292049407959,48.83800506591797,133.29730224609375,47.208988189697266,49.86917495727539,44.35044860839844
2021-07-15,144.86448669433594,270.28778076171875,181.55999755859375,125.96390533447266,341.77789306640625,18.92289924621582,216.86666870117188,279.7200012207031,137.796875,147.1217498779297,239.92471313476562,122.52790069580078,386.966064453125,287.08380126953125,379.4920959472656,179.9131317138672,606.1699829101562,234.1424102783203,54.29499816894531,31.539339065551758,48.99425506591797,133.90972900390625,46.82496643066406,49.38330078125,44.384925842285156
2021-07-16,142.82542419433594,270.0183410644531,178.68150329589844,125.92919158935547,338.50360107421875,18.119489669799805,214.74000549316406,277.8999938964844,134.65023803710938,146.8858184814453,239.50961303710938,123.71650695800781,386.6436767578125,286.04296875,376.46771240234375,175.1844940185547,606.0999755859375,234.9801025390625,53.03099822998047,31.743881225585938,48.959529876708984,134.40138244628906,46.86860275268555,48.017826080322266,44.35359573364258
2021-07-19,138.9813232421875,266.42138671875,177.47950744628906,123.55680847167969,334.3263854980469,18.73682975769043,215.4066619873047,272.6600036621094,130.27151489257812,145.81979370117188,232.06719970703125,123.65491485595703,376.8417053222656,283.6676940917969,355.3940124511719,168.9708251953125,602.0499877929688,234.11285400390625,53.22800064086914,31.5865478515625,48.37791442871094,134.3841094970703,46.31001663208008,46.36752700805664,44.25019836425781
2021-07-20,142.59121704101562,268.6430969238281,178.6595001220703,125.1749267578125,338.999755859375,18.5694637298584,220.1666717529297,276.8900146484375,132.70016479492188,147.19163513183594,234.27774047851562,122.9945297241211,380.4436950683594,289.4322814941406,364.0879821777344,172.68341064453125,608.719970703125,236.6358184814453,53.10499954223633,32.29458236694336,48.46472930908203,134.40138244628906,46.76386260986328,46.8785285949707,44.45072555541992
2021-07-21,141.85951232910156,270.64361572265625,179.25999450683594,126.50345611572266,343.5341491699219,19.365636825561523,218.42999267578125,279.8800048828125,135.49227905273438,148.10043334960938,235.20436096191406,122.56306457519531,381.98211669921875,290.33074951171875,369.60198974609375,172.82017517089844,612.260009765625,238.60687255859375,51.362998962402344,32.270992279052734,49.08974075317383,133.90110778808594,47.02570724487305,48.386417388916016,44.23140335083008
2021-07-22,143.22543334960938,275.20233154296875,181.90150451660156,127.36878967285156,348.4554748535156,19.549219131469727,216.4199981689453,277.70001220703125,133.78155517578125,148.52857971191406,235.66770935058594,122.09349822998047,383.0231628417969,290.5977478027344,371.644287109375,171.10069274902344,623.6799926757812,244.68760681152344,51.176998138427734,32.6250114440918,49.02030563354492,133.85797119140625,47.60173797607422,47.8419075012207,44.26272964477539
2021-07-23,144.94259643554688,278.5975036621094,182.83200073242188,131.9246368408203,366.91070556640625,19.513303756713867,214.4600067138672,278.489990234375,133.52452087402344,150.11013793945312,240.37841796875,123.85667419433594,384.8011474609375,296.09539794921875,382.4387512207031,172.0874481201172,625.8699951171875,244.65802001953125,51.54100036621094,32.79021072387695,49.48905563354492,135.5744171142578,48.20396041870117,47.78325271606445,44.62617492675781
2021-07-26,145.36209106445312,278.00115966796875,184.99099731445312,132.93629455566406,369.55987548828125,19.249902725219727,219.2066650390625,278.79998779296875,134.4197540283203,150.1800537109375,241.56568908691406,124.29080200195312,380.9687805175781,294.61865234375,381.991455078125,174.6276092529297,620.7999877929688,244.01744079589844,51.64899826049805,32.892494201660156,49.53245544433594,135.4796142578125,48.41343688964844,48.989566802978516,44.6888427734375
2021-07-27,143.1961669921875,275.58709716796875,181.3195037841797,130.81874084472656,364.9460754394531,19.16409683227539,214.92666625976562,280.7799987792969,134.2424774169922,150.87034606933594,242.22207641601562,124.79585266113281,382.4059753417969,291.1314697265625,379.5310363769531,175.37014770507812,618.280029296875,239.98660278320312,51.89099884033203,33.12063980102539,49.706077575683594,136.22996520996094,48.24760437011719,48.44505310058594,44.69197463989258
2021-07-28,141.44973754882812,275.2794189453125,181.51600646972656,134.9783935546875,370.3735046386719,19.458423614501953,215.66000366210938,278.1000061035156,134.46408081054688,150.45095825195312,238.3705291748047,122.9440689086914,376.9430236816406,289.5835876464844,372.88897705078125,174.97935485839844,620.9199829101562,240.43008422851562,51.93000030517578,34.182701110839844,49.25468444824219,134.97926330566406,47.802486419677734,48.77177429199219,44.51024627685547
2021-07-29,142.09365844726562,275.5485534667969,179.99600219726562,134.6645050048828,355.5299987792969,19.617063522338867,225.78334045410156,279.760009765625,135.6163787841797,150.45095825195312,239.31655883789062,123.58202362060547,379.62384033203125,291.2827453613281,378.11126708984375,174.24661254882812,621.7000122070312,240.50892639160156,51.42499923706055,33.96836853027344,49.523780822753906,135.25527954101562,48.06431198120117,49.36654281616211,44.566650390625
2021-07-30,142.30828857421875,274.0193786621094,166.37950134277344,133.62213134765625,353.52569580078125,19.454437255859375,229.06666564941406,278.2900085449219,134.5349884033203,150.4683837890625,237.83966064453125,126.01858520507812,379.7528076171875,291.9587707519531,375.3201599121094,171.97019958496094,621.6300048828125,238.42945861816406,51.75699996948242,33.9842414855957,49.50642013549805,135.37603759765625,48.32614517211914,48.22725296020508,44.66377639770508
2021-08-02,141.97659301757812,273.9328918457031,166.57400512695312,133.7490997314453,349.2095947265625,19.704862594604492,236.55667114257812,278.1400146484375,133.99432373046875,150.52957153320312,231.45907592773438,125.70845031738281,382.8389892578125,291.09588623046875,364.93402099609375,171.51101684570312,618.75,237.3749542236328,51.51499938964844,34.89716339111328,49.37621307373047,134.8326416015625,48.39598083496094,48.23563003540039,44.56037902832031
2021-08-03,143.77175903320312,276.1448974609375,168.31199645996094,134.51821899414062,348.5050964355469,19.769712448120117,236.5800018310547,281.79998779296875,135.51889038085938,152.38206481933594,228.86241149902344,127.5425033569336,388.6703796386719,295.29486083984375,357.48486328125,169.00991821289062,621.280029296875,237.64105224609375,51.082000732421875,36.262550354003906,49.410926818847656,135.13453674316406,49.094200134277344,48.755008697509766,45.06169891357422
2021-08-04,143.3717498779297,275.5583190917969,167.73599243164062,134.01783752441406,356.1253662109375,20.2276668548584,236.97332763671875,278.7799987792969,134.0563201904297,151.48202514648438,228.45697021484375,126.19577026367188,388.3387451171875,293.8447265625,357.8835754394531,168.60935974121094,625.6799926757812,240.63705444335938,51.73500061035156,35.87356948852539,48.6991081237793,132.8746795654297,48.60543441772461,47.61572265625,44.754638671875
2021-08-05,143.47906494140625,278.4531555175781,168.79949951171875,135.13461303710938,360.143798828125,20.589834213256836,238.2100067138672,280.2099914550781,135.7493438720703,151.77037048339844,231.8740997314453,126.2577896118164,378.80389404296875,296.3356628417969,361.7054138183594,172.64431762695312,632.0800170898438,246.93458557128906,52.48899841308594,35.7703742980957,49.046329498291016,133.09890747070312,48.66653823852539,47.917301177978516,45.58493423461914
2021-08-06,142.79510498046875,278.3953857421875,167.2469940185547,134.62579345703125,360.6795349121094,20.319454193115234,233.03334045410156,285.6300048828125,139.6051025390625,151.2635498046875,233.02281188964844,125.29204559326172,382.42437744140625,293.4266357421875,364.2241516113281,173.05467224121094,631.3800048828125,246.9641571044922,52.05500030517578,35.77831268310547,49.167869567871094,133.11619567871094,48.51816940307617,48.470191955566406,45.503475189208984
2021-08-09,142.74624633789062,277.30865478515625,167.093505859375,135.79071044921875,358.79437255859375,20.248615264892578,237.9199981689453,287.2300109863281,139.45443725585938,151.787841796875,231.67144775390625,125.97425079345703,378.5091552734375,292.46588134765625,360.4800720214844,172.6540985107422,629.219970703125,245.71253967285156,51.99700164794922,36.50070571899414,49.176544189453125,133.13345336914062,48.41343688964844,47.917301177978516,45.613136291503906
2021-08-10,142.2675018310547,275.4909362792969,166.03399658203125,135.68557739257812,358.3181457519531,19.890438079833984,236.663330078125,288.94000244140625,141.16510009765625,151.8402862548828,229.80838012695312,126.05398559570312,379.34747314453125,294.8855285644531,357.71820068359375,172.9960479736328,621.739990234375,239.8683319091797,51.58399963378906,38.25508499145508,49.3067626953125,133.20242309570312,48.535621643066406,48.73825454711914,46.584434509277344
2021-08-11,142.52151489257812,275.9814758300781,164.60549926757812,135.16192626953125,357.1571960449219,19.653980255126953,235.94000244140625,291.2799987792969,142.8492431640625,151.86648559570312,226.90283203125,126.36410522460938,375.62567138671875,299.7961120605469,354.2173156738281,173.99258422851562,626.030029296875,238.77439880371094,51.2400016784668,36.76267623901367,49.24599075317383,133.72857666015625,48.75381088256836,48.88066101074219,47.00114059448242
2021-08-12,145.48216247558594,278.7320861816406,165.1750030517578,136.0694122314453,359.82623291015625,19.859516143798828,240.75,290.239990234375,143.4076690673828,153.0897674560547,224.05130004882812,126.65648651123047,373.98577880859375,297.1451721191406,352.0194396972656,175.1649627685547,634.3499755859375,244.7959747314453,51.071998596191406,37.500946044921875,49.34148406982422,133.75448608398438,49.21638870239258,48.770118713378906,46.875362396240234
2021-08-13,145.68734741210938,281.6558837890625,164.69850158691406,136.59852600097656,360.3521423339844,20.141864776611328,239.05667114257812,287.8900146484375,141.80331420898438,154.0072784423828,224.88259887695312,127.267822265625,377.4036560058594,294.7432556152344,352.76837158203125,176.9137725830078,637.3099975585938,247.92013549804688,51.59199905395508,38.48530960083008,49.680030822753906,135.00515747070312,49.28620910644531,48.276893615722656,47.02315902709961
2021-08-16,147.6611328125,283.33905029296875,164.94949340820312,137.17572021484375,363.705810546875,19.90440559387207,228.72332763671875,289.45001220703125,140.8726043701172,155.3966064453125,227.5021209716797,128.1538543701172,384.3497314453125,298.0613708496094,353.5560302734375,174.96958923339844,636.9400024414062,245.5942840576172,51.79199981689453,38.82666015625,49.89705276489258,136.3248748779297,49.12038040161133,47.571067810058594,47.40681457519531
2021-08-17,146.75242614746094,281.8770751953125,162.09800720214844,135.541259765625,355.658935546875,19.413528442382812,221.90333557128906,289.1000061035156,139.1707763671875,156.82093811035156,226.69985961914062,128.3665313720703,388.559814453125,285.34014892578125,353.235107421875,171.7845916748047,635.010009765625,243.41624450683594,51.89099884033203,40.02534866333008,49.72343444824219,136.19546508789062,48.88473129272461,47.24791717529297,47.391090393066406
2021-08-18,143.01007080078125,280.1522216796875,160.06100463867188,134.3386993408203,352.6823425292969,18.996482849121094,229.663330078125,286.3599853515625,137.90322875976562,154.82864379882812,223.89666748046875,126.96658325195312,384.4511413574219,286.05181884765625,351.0177917480469,170.7196502685547,626.77001953125,247.5850372314453,52.1870002746582,39.14419937133789,49.046329498291016,134.79812622070312,48.13414001464844,46.25294876098633,46.887935638427734
2021-08-19,143.34226989746094,285.9724426269531,159.3874969482422,134.56781005859375,352.3548889160156,19.752750396728516,224.49000549316406,285.1300048828125,136.75094604492188,156.03453063964844,223.8386993408203,128.46395874023438,394.18865966796875,287.2528076171875,347.47796630859375,169.26393127441406,637.6599731445312,249.4082794189453,54.37099838256836,38.73933410644531,49.35884475708008,137.06663513183594,49.984439849853516,44.84129333496094,47.20554733276367
2021-08-20,144.79818725585938,293.286376953125,159.99749755859375,136.30296325683594,356.57183837890625,20.7684268951416,226.75332641601562,285.2699890136719,137.1409912109375,156.7947235107422,223.63568115234375,128.5525665283203,395.86517333984375,292.8928527832031,345.2218322753906,171.09091186523438,647.3400268554688,252.42401123046875,54.6879997253418,38.675838470458984,49.167869567871094,136.58363342285156,50.813594818115234,44.84980392456055,47.62694549560547
2021-08-23,146.28341674804688,293.56585693359375,163.2935028076172,138.89353942871094,360.5208435058594,21.90781021118164,235.43333435058594,285.6199951171875,138.89599609375,156.11788940429688,226.3228302001953,127.89690399169922,391.85784912109375,291.55841064453125,351.0760803222656,173.57247924804688,656.8599853515625,256.7505187988281,55.33300018310547,39.63637924194336,48.99425506591797,136.15231323242188,51.0928840637207,46.69515609741211,47.312469482421875
2021-08-24,146.19544982910156,291.60968017578125,165.28900146484375,140.10353088378906,362.66400146484375,21.743192672729492,236.163330078125,286.0199890136719,139.7557830810547,154.16653442382812,226.41952514648438,126.86024475097656,390.0614929199219,289.031982421875,351.82501220703125,174.3638458251953,657.239990234375,255.9029083251953,55.340999603271484,38.40592575073242,48.620975494384766,134.46177673339844,51.773658752441406,47.07783508300781,46.825035095214844
2021-08-25,144.9643096923828,291.0218811035156,164.95899963378906,140.9143524169922,365.5216369628906,22.162227630615234,237.06666564941406,287.29998779296875,142.63653564453125,153.14688110351562,224.82464599609375,126.40840148925781,386.680419921875,288.1246337890625,349.21868896484375,174.20751953125,656.7999877929688,257.07568359375,54.757999420166016,37.71528244018555,48.67306137084961,133.8665771484375,51.79983901977539,47.16287612915039,46.84390640258789
2021-08-26,144.16307067871094,288.2080993652344,165.8000030517578,140.2810821533203,361.54278564453125,22.017562866210938,233.72000122070312,285.2699890136719,143.37220764160156,152.32940673828125,222.82373046875,126.1868896484375,384.0181579589844,285.98956298828125,343.1505126953125,172.49777221679688,652.3900146484375,263.9153137207031,55.012001037597656,37.61207580566406,48.212974548339844,133.37496948242188,51.66891860961914,46.525081634521484,46.33760452270508
2021-08-27,145.1988067626953,288.8152160644531,167.48150634765625,142.82357788085938,369.7285461425781,22.584266662597656,237.30667114257812,286.6000061035156,144.52452087402344,152.00421142578125,224.92127990722656,126.08943939208984,385.7777099609375,287.67987060546875,345.94146728515625,175.9954071044922,658.52001953125,262.6735534667969,55.891998291015625,36.992889404296875,48.308475494384766,133.64234924316406,51.511817932128906,47.42649841308594,46.07658767700195
2021-08-30,149.6153564453125,292.5443420410156,171.07850646972656,143.40524291992188,377.696044921875,22.636146545410156,243.6366729736328,285.6600036621094,142.2110595703125,152.64585876464844,223.51004028320312,126.63875579833984,385.3538818359375,290.9891052246094,343.3351745605469,175.83908081054688,665.989990234375,261.1361083984375,56.61800003051758,37.119895935058594,48.768550872802734,134.556640625,51.60783767700195,46.907752990722656,46.44767379760742
2021-08-31,148.3549041748047,290.8965148925781,173.5395050048828,143.51136779785156,376.4259948730469,22.337778091430664,245.24000549316406,285.7699890136719,141.77671813964844,152.1800079345703,221.4511260986328,126.16033172607422,383.4837646484375,290.17071533203125,336.7029113769531,177.12872314453125,663.7000122070312,261.43170166015625,56.91899871826172,36.57215881347656,48.881404876708984,134.89297485351562,51.511817932128906,46.36350631713867,46.573455810546875
2021-09-01,149.0193328857422,290.84832763671875,173.9499969482422,144.02513122558594,379.0751953125,22.393659591674805,244.69667053222656,285.260009765625,141.57286071777344,152.71620178222656,222.43711853027344,127.44501495361328,384.47869873046875,289.37493896484375,339.9509582519531,179.258544921875,665.8900146484375,264.4375915527344,58.207000732421875,36.54833984375,49.211273193359375,136.2041015625,51.52927780151367,45.7257080078125,46.47282791137695
2021-09-02,150.13319396972656,290.19305419921875,173.156005859375,142.11244201660156,372.35791015625,22.348751068115234,244.1300048828125,285.04998779296875,142.2288055419922,153.76217651367188,216.6953887939453,127.5425033569336,390.3378601074219,293.0408020019531,331.8890380859375,177.67584228515625,664.6400146484375,260.3279113769531,58.85499954223633,37.183406829833984,49.280723571777344,136.30398559570312,51.95693588256836,46.8397331237793,46.718109130859375
2021-09-03,150.7683563232422,290.18353271484375,173.90249633789062,142.56121826171875,373.330322265625,22.794809341430664,244.52333068847656,281.8900146484375,141.3690185546875,153.85885620117188,217.59434509277344,127.63113403320312,389.5547790527344,295.3655700683594,330.8679504394531,176.8356170654297,666.5900268554688,263.215576171875,59.053001403808594,37.183406829833984,49.24599075317383,136.42555236816406,51.86093521118164,46.661136627197266,46.93510818481445
2021-09-07,153.10365295410156,289.25848388671875,175.46449279785156,143.09779357910156,379.2042236328125,22.61419677734375,250.97332763671875,278.8999938964844,141.12081909179688,151.46803283691406,218.71566772460938,127.15270233154297,388.06231689453125,294.1226806640625,335.2246398925781,180.09877014160156,661.3900146484375,261.3726501464844,60.67100143432617,37.11196517944336,48.325836181640625,134.2023162841797,51.38963317871094,46.38902282714844,46.31245040893555
2021-09-08,151.5597686767578,289.28729248046875,176.27499389648438,142.51312255859375,374.630126953125,22.29187774658203,251.2899932861328,279.3399963378906,140.49148559570312,151.09884643554688,221.4414825439453,128.11842346191406,382.6730651855469,296.47418212890625,341.3804626464844,180.89015197753906,663.219970703125,258.820068359375,60.60499954223633,36.92143249511719,48.976898193359375,136.1042022705078,51.21506881713867,45.96382141113281,46.372196197509766
2021-09-09,150.54359436035156,286.4350280761719,174.20799255371094,142.36436462402344,375.0567626953125,22.13021469116211,251.6199951171875,278.6099853515625,141.1031036376953,147.73231506347656,219.8948516845703,127.57795715332031,381.8992614746094,296.64422607421875,341.7403564453125,181.63267517089844,661.6799926757812,256.9673156738281,59.75400161743164,36.54039764404297,48.49076843261719,135.24444580078125,51.1452522277832,45.997825622558594,46.04514694213867
2021-09-10,145.56033325195312,284.9510803222656,173.45750427246094,139.72122192382812,375.74139404296875,22.43058204650879,245.42333984375,277.6000061035156,139.48097229003906,146.76539611816406,217.40103149414062,127.70201110839844,373.4034423828125,296.8050537109375,337.8309326171875,179.88385009765625,658.9400024414062,253.47853088378906,59.87200164794922,36.19111633300781,48.27375411987305,135.00999450683594,50.52557373046875,45.9042854309082,45.87847900390625
2021-09-13,146.12705993652344,286.18450927734375,172.85850524902344,141.165771484375,373.578369140625,22.105266571044922,247.6666717529297,279.9200134277344,141.69696044921875,145.7370147705078,217.13035583496094,129.07530212402344,383.2120666503906,299.9345703125,338.2491455078125,180.72406005859375,645.1500244140625,250.43321228027344,58.92900085449219,35.38934326171875,48.67306137084961,135.2705078125,50.7088508605957,47.08633804321289,45.617454528808594
2021-09-14,144.72976684570312,288.88262939453125,172.5,141.3760223388672,373.59820556640625,22.195077896118164,248.163330078125,277.20001220703125,139.2239532470703,144.85800170898438,215.5837860107422,128.8538055419922,381.38153076171875,297.8511962890625,336.28472900390625,178.20343017578125,645.010009765625,250.68946838378906,57.7760009765625,35.49252700805664,48.70804977416992,134.74070739746094,50.508113861083984,46.41452407836914,45.37846374511719
2021-09-15,145.6189422607422,293.7296447753906,173.7895050048828,143.24559020996094,371.0085754394531,22.293869018554688,251.94332885742188,278.17999267578125,140.1901092529297,145.4029541015625,216.33773803710938,128.57913208007812,385.9854431152344,298.0747985839844,335.2635803222656,180.1671600341797,661.0800170898438,252.45358276367188,58.2869987487793,35.5401725769043,48.874229431152344,135.496337890625,50.237548828125,47.979244232177734,45.457069396972656
2021-09-16,145.3844757080078,294.1150817871094,174.41200256347656,142.4328155517578,370.1552429199219,22.195077896118164,252.3300018310547,277.510009765625,140.12806701660156,145.22720336914062,216.84042358398438,127.6843032836914,385.3568115234375,300.7750244140625,336.7806701660156,179.12179565429688,665.1099853515625,256.5928039550781,58.650001525878906,35.30200958251953,48.410675048828125,135.09681701660156,50.03681182861328,47.469017028808594,45.608028411865234
2021-09-17,142.71694946289062,288.9596252441406,173.12600708007812,139.6458282470703,361.880126953125,21.85379981994629,253.163330078125,276.760009765625,139.7646484375,144.81407165527344,214.3465118408203,127.88805389404297,388.4260559082031,300.13128662109375,333.6006774902344,179.24879455566406,654.47998046875,256.7602844238281,58.935001373291016,34.841583251953125,47.61476135253906,133.85491943359375,49.617862701416016,46.907752990722656,45.5136833190918
2021-09-20,139.66836547851562,283.59234619140625,167.7864990234375,137.58238220214844,352.93035888671875,21.06846046447754,243.38999938964844,274.20001220703125,135.5809326171875,143.98779296875,212.7032928466797,126.60327911376953,381.529541015625,296.1434020996094,330.34283447265625,174.5006103515625,641.2899780273438,254.48377990722656,57.542999267578125,35.087669372558594,47.282413482666016,133.4033203125,48.78000259399414,45.65766906738281,44.88788604736328
2021-09-21,140.14715576171875,284.07415771484375,167.18150329589844,137.89332580566406,354.6965637207031,21.201183319091797,246.4600067138672,273.17999267578125,135.59866333007812,144.62066650390625,212.81927490234375,126.7982406616211,381.1966857910156,298.83477783203125,328.0964050292969,167.2318115234375,645.8900146484375,254.23736572265625,57.31399917602539,34.865394592285156,47.27366256713867,133.342529296875,48.23013687133789,45.615150451660156,44.97593688964844
2021-09-22,142.51174926757812,287.71661376953125,169.00250244140625,139.13356018066406,340.5376281738281,21.894716262817383,250.64666748046875,274.07000732421875,138.19573974609375,144.09326171875,215.31314086914062,127.23241424560547,377.8316345214844,300.3636779785156,333.96044921875,169.65472412109375,626.0800170898438,255.4200439453125,59.064998626708984,34.88922119140625,47.3436279296875,133.75071716308594,48.45706558227539,46.95027160644531,44.87216567993164
2021-09-23,143.46929931640625,288.66094970703125,170.8000030517578,140.05841064453125,343.2662048339844,22.434572219848633,251.2133331298828,278.1199951171875,142.8669891357422,144.9107208251953,220.68751525878906,127.75516510009766,377.2122497558594,300.3458557128906,344.3271484375,172.1949005126953,630.8400268554688,273.83953857421875,59.32600021362305,35.07973098754883,47.26490783691406,133.85491943359375,49.478233337402344,48.5405158996582,44.89731979370117
2021-09-24,143.5572967529297,288.45855712890625,171.2760009765625,141.04922485351562,350.2117614746094,22.034420013427734,258.1300048828125,277.8699951171875,144.5156707763672,144.47125244140625,223.8579864501953,127.18812561035156,376.33392333984375,301.7585144042969,348.3045654296875,171.95065307617188,622.7100219726562,281.4971923828125,59.23899841308594,34.88127517700195,47.13372039794922,133.9157257080078,49.513145446777344,48.974212646484375,45.023109436035156
2021-09-27,142.04273986816406,283.4670715332031,170.2899932861328,139.9156036376953,350.8268737792969,21.614301681518555,263.78668212890625,279.7200012207031,148.00799560546875,143.4252166748047,221.9344482421875,125.51351928710938,374.6606140136719,305.2635192871094,346.95281982421875,174.1586456298828,603.6500244140625,275.63323974609375,59.263999938964844,34.58755874633789,46.88882064819336,132.63040161132812,49.06802749633789,50.42839813232422,44.733787536621094
2021-09-28,138.6619415283203,273.20458984375,165.79800415039062,134.716552734375,337.9975891113281,20.65532875061035,259.1866760253906,276.7900085449219,147.21022033691406,143.10879516601562,218.02932739257812,124.56546783447266,368.512939453125,298.4591979980469,341.5167236328125,170.50473022460938,578.77001953125,268.34033203125,58.3849983215332,34.166831970214844,46.04043197631836,131.18011474609375,48.45706558227539,50.95563507080078,44.18346405029297
2021-09-29,139.5608673095703,273.6671142578125,165.05599975585938,133.25218200683594,336.9656677246094,20.473716735839844,260.4366760253906,277.2900085449219,147.09500122070312,144.17234802246094,219.11192321777344,125.83248138427734,370.1678161621094,301.2577819824219,343.4712829589844,168.70704650878906,577.7000122070312,266.5860595703125,59.90599822998047,34.555809020996094,46.3203125,132.26564025878906,48.422157287597656,50.92162322998047,44.16459655761719
2021-09-30,138.2613525390625,271.66278076171875,164.2519989013672,132.58021545410156,336.74737548828125,20.672304153442383,258.49334716796875,272.94000244140625,145.09181213378906,141.95729064941406,215.31314086914062,123.86554718017578,361.2281494140625,293.5057678222656,338.1129455566406,165.27781677246094,575.719970703125,267.29571533203125,61.034000396728516,34.143009185791016,45.891746520996094,130.62425231933594,47.50572967529297,50.02019500732422,43.83124923706055
2021-10-01,139.385009765625,278.58154296875,164.16299438476562,135.42372131347656,340.3392028808594,20.6982421875,258.40667724609375,275.7099914550781,148.14093017578125,141.05191040039062,222.76573181152344,123.67057037353516,362.79046630859375,294.9363098144531,350.26898193359375,171.96041870117188,577.469970703125,271.2772216796875,61.314998626708984,34.07950210571289,46.37279510498047,131.09323120117188,48.12540817260742,51.81452941894531,43.098533630371094
2021-10-04,135.95530700683594,272.8094177246094,159.48899841308594,132.56387329101562,323.68988037109375,19.69037628173828,260.510009765625,273.6400146484375,147.9813995361328,139.95323181152344,217.2270050048828,122.97063446044922,357.77984619140625,291.9052429199219,334.7287292480469,169.46910095214844,558.489990234375,266.94085693359375,60.334999084472656,33.674644470214844,46.3465690612793,130.44189453125,47.65091323852539,52.48634338378906,42.68342208862305
2021-10-05,137.88021850585938,278.2538757324219,161.0500030517578,134.90798950195312,330.367431640625,20.407855987548828,260.1966552734375,278.04998779296875,150.39794921875,140.26963806152344,216.7920379638672,123.44911193847656,363.7148742675781,294.59661865234375,333.76593017578125,170.59263610839844,566.7000122070312,267.8377380371094,63.48099899291992,33.59525680541992,46.42527389526367,131.21481323242188,48.055110931396484,52.40130615234375,42.96330642700195
2021-10-06,138.74986267089844,282.4456481933594,163.10049438476562,136.43736267089844,331.0422058105469,20.656330108642578,260.9166564941406,280.2200012207031,150.718994140625,140.55970764160156,218.9475860595703,125.09709167480469,364.4730224609375,295.3833923339844,339.09521484375,171.44261169433594,570.3099975585938,271.2870788574219,63.90999984741211,33.35711669921875,46.97628402709961,134.57577514648438,47.39610290527344,51.44035720825195,43.27777862548828
2021-10-07,140.01031494140625,284.12237548828125,165.1215057373047,138.083740234375,326.65655517578125,21.030540466308594,264.53668212890625,282.95001220703125,151.67312622070312,141.81666564941406,222.85275268554688,126.09829711914062,374.1336669921875,301.7496032714844,344.6064758300781,173.62132263183594,578.9600219726562,270.6070251464844,63.185001373291016,33.928672790527344,47.124969482421875,135.81761169433594,48.345088958740234,51.58492660522461,43.7872314453125
2021-10-08,139.62925720214844,284.12237548828125,164.43099975585938,138.63966369628906,327.48004150390625,20.787052154541016,261.8299865722656,284.1400146484375,151.7890625,141.45628356933594,222.5821075439453,125.57554626464844,377.6097717285156,298.94207763671875,345.6287841796875,172.67364501953125,576.8599853515625,268.5374450683594,63.26599884033203,33.698463439941406,47.33488845825195,135.5050048828125,48.39780044555664,52.87752151489258,43.919307708740234
2021-10-11,139.54132080078125,283.52490234375,162.31500244140625,137.77529907226562,322.91595458984375,20.651344299316406,263.9800109863281,280.92999267578125,148.5966796875,140.85858154296875,217.59434509277344,126.09829711914062,374.4018249511719,301.2935791015625,338.0240783691406,169.52772521972656,573.0700073242188,269.7890625,62.70399856567383,33.388858795166016,47.431087493896484,135.68736267089844,48.26601028442383,52.35028076171875,43.87841796875
2021-10-12,138.27110290527344,282.2239990234375,162.3665008544922,135.33050537109375,321.2489929199219,20.62739372253418,268.5733337402344,278.6199951171875,147.45530700683594,138.60836791992188,216.5697479248047,125.9122543334961,372.7840270996094,302.03564453125,336.2617492675781,169.14671325683594,580.6900024414062,274.9631042480469,62.49399948120117,33.2221565246582,47.431087493896484,136.28660583496094,47.69485092163086,52.078147888183594,43.83124923706055
2021-10-13,137.68482971191406,285.5292663574219,164.21400451660156,136.4542236328125,322.0129699707031,20.89482307434082,270.3599853515625,277.8999938964844,143.56736755371094,139.93560791015625,215.03285217285156,126.20459747314453,373.070556640625,302.46484375,333.3503112792969,168.98062133789062,591.1199951171875,280.2947998046875,62.97600173950195,32.880802154541016,47.439842224121094,137.2071533203125,47.99361038208008,51.93357849121094,43.513633728027344
2021-10-14,140.4696044921875,291.7348937988281,164.9929962158203,139.9939422607422,325.9719543457031,21.70012664794922,272.7733459472656,281.6400146484375,145.7698974609375,140.7355194091797,217.66200256347656,127.63113403320312,388.6109313964844,307.6239929199219,335.5216369628906,170.39724731445312,607.510009765625,285.8236083984375,63.380001068115234,33.079261779785156,47.76344680786133,138.31008911132812,48.898651123046875,52.724456787109375,43.985347747802734
2021-10-15,141.52484130859375,293.14178466796875,170.4510040283203,140.20916748046875,322.2312927246094,21.815876007080078,281.010009765625,284.2099914550781,148.56991577148438,141.78150939941406,223.2779998779297,127.95897674560547,395.73870849609375,313.3106994628906,346.64141845703125,172.40008544921875,610.0900268554688,287.43994140625,62.82899856567383,32.93637466430664,47.64975357055664,137.91925048828125,48.54718017578125,53.22617721557617,44.199195861816406
2021-10-18,143.1957550048828,296.1097412109375,172.33700561523438,141.60757446289062,332.7288513183594,22.175121307373047,290.03668212890625,282.5899963378906,148.5164031982422,140.7443389892578,222.94937133789062,126.11599731445312,392.5491943359375,317.42364501953125,349.0173645019531,167.2024688720703,622.8300170898438,287.47930908203125,63.797000885009766,32.80142593383789,47.177452087402344,137.29397583007812,48.49445343017578,53.2006721496582,44.5545539855957
2021-10-19,145.35511779785156,297.0155029296875,172.20750427246094,142.06285095214844,337.3426818847656,22.242979049682617,288.0899963378906,284.8299865722656,150.31771850585938,144.04054260253906,225.7235870361328,124.62751770019531,392.3272705078125,320.0881652832031,352.5811462402344,167.24156188964844,636.0700073242188,288.1100769042969,63.900001525878906,33.41267395019531,47.36111831665039,139.03961181640625,48.97772979736328,54.000038146972656,45.50110626220703
2021-10-20,145.8437042236328,296.2253723144531,170.7530059814453,140.60690307617188,338.1265869140625,22.056373596191406,288.6000061035156,287.489990234375,152.34188842773438,143.96141052246094,223.69369506835938,125.11482238769531,402.2284240722656,320.302734375,347.3912353515625,166.62606811523438,632.3699951171875,285.8926086425781,62.513999938964844,33.976295471191406,47.780948638916016,140.09043884277344,49.38193130493164,54.29768371582031,45.91306686401367
2021-10-21,146.05865478515625,299.4535217285156,171.75050354003906,140.72291564941406,339.21795654296875,22.644128799438477,298.0,286.82000732421875,151.14698791503906,143.62738037109375,222.55307006835938,124.21440124511719,408.8753356933594,326.0161437988281,346.8459777832031,167.39788818359375,638.6599731445312,285.6166687011719,65.31600189208984,34.02393341064453,47.53604507446289,138.24061584472656,48.93378829956055,53.31121826171875,46.16778564453125
2021-10-22,145.28672790527344,297.91162109375,166.77749633789062,136.43885803222656,322.08245849609375,22.67805290222168,303.2266540527344,289.239990234375,153.1801300048828,143.90867614746094,223.51004028320312,125.55162048339844,415.2357482910156,327.2411193847656,349.2413024902344,165.5220489501953,643.5800170898438,288.326904296875,66.47799682617188,34.26209259033203,47.62350845336914,138.92672729492188,48.42416000366211,53.67689514160156,46.6489372253418
2021-10-25,145.23788452148438,296.9191589355469,166.01849365234375,136.32032775878906,326.13067626953125,23.11713218688965,341.6199951171875,290.260009765625,152.43109130859375,144.22512817382812,226.071533203125,125.56949615478516,415.540771484375,331.95318603515625,351.3736877441406,168.05245971679688,646.969970703125,289.6672058105469,67.16600036621094,34.25414276123047,47.431087493896484,138.2753448486328,48.450523376464844,54.72287368774414,47.18982696533203
2021-10-26,145.90232849121094,298.8271179199219,168.80349731445312,138.16656494140625,313.35101318359375,24.664854049682617,339.4766540527344,290.8500061035156,152.84130859375,145.6930694580078,224.080322265625,127.3525161743164,420.3018493652344,330.1112365722656,347.9267578125,168.08177185058594,642.5,290.8399963378906,66.85199737548828,34.57962417602539,47.64101028442383,139.96884155273438,49.03923797607422,55.989959716796875,46.77787399291992
2021-10-27,145.443115234375,311.4119873046875,169.62449645996094,145.01889038085938,309.7889404296875,24.3994197845459,345.9533386230469,287.7799987792969,149.6578369140625,143.92625427246094,208.57586669921875,126.44315338134766,419.2295227050781,332.9010009765625,326.89459228515625,165.64906311035156,640.0800170898438,290.87939453125,66.29199981689453,34.11125183105469,48.55936813354492,139.48251342773438,49.36434555053711,54.53578567504883,46.394203186035156
2021-10-28,149.0779266357422,312.5490417480469,172.32850646972656,144.6534423828125,314.4523620605469,24.888385772705078,359.0133361816406,289.7200012207031,151.9138946533203,143.14395141601562,202.8341522216797,127.200927734375,421.0414733886719,332.2303771972656,324.2753601074219,165.7760772705078,639.280029296875,294.0627136230469,67.40499877929688,34.277957916259766,49.01416778564453,140.359619140625,49.41707992553711,54.68885803222656,46.68352508544922
2021-10-29,146.37136840820312,319.5544738769531,168.6215057373047,146.83245849609375,321.050537109375,25.5130672454834,371.3333435058594,287.010009765625,151.49476623535156,143.1703338623047,204.69973754882812,127.4773178100586,425.6915588378906,332.3823547363281,326.6997985839844,165.18011474609375,650.3599853515625,295.3537292480469,69.03099822998047,34.722511291503906,49.30280685424805,140.34228515625,49.17981719970703,54.824928283691406,46.98855972290039
2021-11-01,145.55056762695312,317.3864440917969,165.90550231933594,142.3207244873047,327.41064453125,25.77251434326172,402.86334228515625,286.239990234375,151.41452026367188,143.29339599609375,205.36669921875,127.16529083251953,419.8118591308594,327.67926025390625,325.2684326171875,166.2743377685547,640.2000122070312,298.3793029785156,68.11699676513672,34.64311981201172,49.12786865234375,140.04702758789062,49.2940559387207,55.8113899230957,47.104915618896484
2021-11-02,146.5863037109375,321.00958251953125,165.6374969482422,144.24034118652344,325.52545166015625,26.34531021118164,390.6666564941406,287.92999267578125,152.01199340820312,145.5523681640625,202.15753173828125,128.43125915527344,417.89813232421875,328.4034729003906,319.8448791503906,165.92262268066406,640.4000244140625,298.5665588378906,67.77200317382812,36.079978942871094,49.066654205322266,141.3323211669922,50.62965393066406,55.1225700378418,47.082908630371094
2021-11-03,148.02264404296875,321.84783935546875,169.1999969482422,145.3963165283203,329.0378723144531,26.541887283325195,404.6199951171875,288.7200012207031,152.0654754638672,145.08653259277344,201.15225219726562,129.31385803222656,422.78857421875,329.9056091308594,320.7699890136719,166.1668701171875,655.1799926757812,298.5074157714844,68.8290023803711,35.57985305786133,49.23283004760742,142.6871337890625,50.6560173034668,54.3657112121582,47.22756576538086
2021-11-04,147.50479125976562,324.1991882324219,173.85000610351562,147.0521240234375,333.2349548339844,29.73813247680664,409.9700012207031,287.69000244140625,150.06805419921875,144.68218994140625,201.8095703125,129.55453491210938,422.26171875,332.7757568359375,326.6121520996094,166.3622589111328,674.0800170898438,303.5829162597656,66.83999633789062,35.11538314819336,49.503963470458984,142.69580078125,50.190311431884766,54.77391052246094,47.573486328125
2021-11-05,148.03318786621094,323.8329772949219,175.94949340820312,147.6318359375,338.47381591796875,29.689237594604492,407.36334228515625,287.8800048828125,149.85400390625,143.65377807617188,209.43614196777344,130.19644165039062,421.38348388671875,329.39599609375,339.6209411621094,171.58917236328125,662.719970703125,302.8043518066406,64.5719985961914,38.92722702026367,49.71387481689453,144.16343688964844,50.14638137817383,55.292633056640625,47.2432861328125
2021-11-08,147.21127319335938,324.72906494140625,174.44900512695312,147.80935668945312,335.9833984375,30.7390193939209,387.64666748046875,288.79998779296875,150.754638671875,143.16152954101562,213.12857055664062,129.22470092773438,427.6790771484375,329.5658264160156,340.4779357910156,172.80062866210938,666.02001953125,305.47509765625,65.1449966430664,38.703006744384766,49.267818450927734,141.06307983398438,50.084869384765625,55.88792419433594,46.94139099121094
2021-11-09,147.57325744628906,323.7269287109375,178.81149291992188,147.6977996826172,332.7586669921875,30.592327117919922,341.1666564941406,286.3500061035156,149.61325073242188,142.84507751464844,206.265625,129.616943359375,429.2784729003906,331.4077453613281,335.58984375,171.08114624023438,667.9199829101562,305.2287902832031,65.5989990234375,37.878170013427734,49.40776062011719,142.0010223388672,50.47148895263672,56.43217468261719,47.104915618896484
2021-11-10,144.74534606933594,318.7643737792969,174.1024932861328,144.69757080078125,325.0888671875,29.396860122680664,355.98333740234375,285.32000732421875,149.4705810546875,144.39215087890625,208.73001098632812,130.8917999267578,425.1645812988281,329.5569152832031,348.5304260253906,170.4363250732422,647.5,295.3340148925781,64.69100189208984,39.255558013916016,49.60891342163086,142.4613037109375,50.76145935058594,55.3204231262207,46.68038558959961
2021-11-11,144.69638061523438,320.3350830078125,173.625,144.5716094970703,325.1880798339844,30.32588768005371,354.5033264160156,284.6499938964844,149.46163940429688,143.3285369873047,203.7528533935547,130.51739501953125,422.8441467285156,328.70751953125,345.02508544921875,158.3802490234375,643.1699829101562,298.59613037109375,65.75800323486328,40.18449401855469,49.62641525268555,141.28890991210938,49.873985290527344,55.423831939697266,46.699249267578125
2021-11-12,146.7708740234375,324.46893310546875,176.25750732421875,147.45924377441406,338.2357177734375,30.32588768005371,344.47332763671875,285.989990234375,148.7928466796875,145.04261779785156,205.36993408203125,130.66000366210938,424.3232727050781,333.1781311035156,353.9443359375,155.95730590820312,657.5999755859375,302.2130432128906,68.26100158691406,39.82413101196289,49.51271057128906,141.254150390625,49.92670822143555,55.00154495239258,46.46653747558594
2021-11-15,146.78067016601562,323.8425598144531,177.28399658203125,147.235107421875,344.8537902832031,29.96166229248047,337.7966613769531,284.6700134277344,148.52536010742188,143.73291015625,205.5732879638672,131.40890502929688,416.75189208984375,331.792236328125,351.8605041503906,154.78489685058594,659.72998046875,301.0697937011719,67.93299865722656,39.76007080078125,49.52145004272461,142.2528839111328,50.32210922241211,55.47555160522461,46.1992301940918
2021-11-16,147.7591552734375,327.1574401855469,177.03500366210938,146.66383361816406,340.2895812988281,30.139284133911133,351.57666015625,283.3599853515625,147.45530700683594,142.98573303222656,208.3620147705078,131.2216796875,415.6609802246094,350.7923889160156,359.8450012207031,155.17572021484375,671.030029296875,302.6466979980469,68.73999786376953,39.720027923583984,49.17161178588867,141.82733154296875,50.084869384765625,56.035728454589844,45.023109436035156
2021-11-17,150.19580078125,327.3795166015625,177.4499969482422,146.8334197998047,338.1166076660156,29.19927406311035,363.0033264160156,281.5899963378906,146.66163635253906,143.5219268798828,198.5626983642578,131.1414337158203,415.0415954589844,353.045654296875,349.7281494140625,153.710205078125,670.6699829101562,303.5632019042969,69.16899871826172,40.73705291748047,48.90046691894531,141.8794403076172,49.873985290527344,55.423831939697266,44.63629913330078
2021-11-18,154.4817352294922,329.45501708984375,184.80299377441406,148.6102752685547,336.0528564453125,31.608179092407227,365.4599914550781,280.6300048828125,145.39541625976562,142.74838256835938,196.88748168945312,131.15924072265625,415.5223693847656,362.8810119628906,339.06597900390625,152.00048828125,670.9600219726562,298.60595703125,68.2020034790039,41.16948699951172,48.46315002441406,141.92286682128906,47.12370681762695,54.82057189941406,45.01996994018555
2021-11-19,157.10421752929688,331.2313232421875,183.82850646972656,147.70570373535156,342.6114196777344,32.9154052734375,379.0199890136719,279.989990234375,143.49603271484375,143.17909240722656,194.4957733154297,130.8917999267578,406.7675476074219,365.4202880859375,330.7893981933594,150.45681762695312,688.3699951171875,296.81231689453125,67.87999725341797,40.680992126464844,48.218257904052734,142.26158142089844,46.789825439453125,52.28680419921875,44.77781677246094
2021-11-22,157.56414794921875,328.06494140625,178.6284942626953,145.10272216796875,338.3547668457031,31.88858985900879,385.6233215332031,284.9700012207031,146.55462646484375,141.2946014404297,189.38308715820312,131.76548767089844,404.493408203125,365.509765625,312.8536071777344,150.61314392089844,673.5700073242188,292.54498291015625,65.91999816894531,41.001319885253906,48.51563262939453,142.5568389892578,47.976036071777344,53.010738372802734,45.52941131591797
2021-11-23,157.94580078125,325.98931884765625,179.0019989013672,144.58700561523438,334.6240234375,31.67902946472168,369.6766662597656,288.55999755859375,150.05911254882812,142.17051696777344,192.20086669921875,133.2275848388672,413.3590393066406,365.1341857910156,320.3512878417969,147.55517578125,665.1599731445312,287.2033996582031,65.40599822998047,40.90522384643555,48.874229431152344,143.51214599609375,48.59110641479492,54.40688705444336,45.85332107543945
2021-11-24,158.46441650390625,326.2113952636719,179.02049255371094,144.92222595214844,338.4043884277344,32.605072021484375,372.0,287.2799987792969,148.8820343017578,141.77236938476562,196.81002807617188,132.53221130371094,416.16021728515625,368.4781799316406,331.06207275390625,147.8580322265625,668.3200073242188,284.9859313964844,65.8290023803711,40.753074645996094,48.480648040771484,142.20077514648438,48.80198669433594,54.708526611328125,46.082881927490234
2021-11-26,153.4445037841797,318.26629638671875,175.22799682617188,141.0175018310547,330.5262451171875,31.436538696289062,360.6400146484375,283.0899963378906,144.39663696289062,140.85218811035156,191.38748168945312,131.4712677001953,406.68438720703125,360.0645446777344,315.648193359375,144.70233154296875,662.0999755859375,280.09771728515625,66.56400299072266,43.24358367919922,46.993770599365234,139.94277954101562,48.037540435791016,52.78666687011719,45.56715393066406
2021-11-29,156.80088806152344,324.9757080078125,178.07850646972656,144.33755493164062,335.39794921875,33.30559539794922,378.9966735839844,282.1199951171875,143.77243041992188,141.3388214111328,190.070556640625,132.8531494140625,417.8611145019531,363.748291015625,314.51873779296875,144.40924072265625,687.489990234375,292.4464111328125,66.38400268554688,41.962284088134766,47.73720932006836,142.54815673828125,48.995304107666016,53.07967758178711,44.85329055786133
2021-11-30,161.7523193359375,319.144775390625,175.35350036621094,140.73434448242188,321.93359375,32.6070671081543,381.586669921875,276.69000244140625,141.63232421875,137.95907592773438,187.6304168701172,128.89480590820312,410.6688232421875,358.19573974609375,306.641357421875,141.5662078857422,669.8499755859375,280.8368835449219,64.19000244140625,43.02735900878906,46.22999954223633,138.7616729736328,48.18691635131836,51.57147979736328,44.22434997558594
2021-12-01,161.2336883544922,318.65240478515625,172.18600463867188,139.895263671875,308.1815490722656,31.37252426147461,365.0,275.0,140.79412841796875,139.86131286621094,184.1348114013672,130.51739501953125,410.7798156738281,359.5066223144531,298.2284851074219,138.87945556640625,657.4099731445312,247.86102294921875,61.777000427246094,43.78812789916992,46.097782135009766,139.0917205810547,48.353858947753906,51.52839660644531,43.1268310546875
2021-12-02,160.24534606933594,318.0829162597656,171.8679962158203,141.79405212402344,307.9732360839844,32.06216049194336,361.5333251953125,279.0899963378906,143.75462341308594,138.9853973388672,192.0072021484375,131.28407287597656,412.33282470703125,366.1055603027344,311.7826232910156,143.81326293945312,671.8800048828125,257.4206237792969,61.64699935913086,42.47480392456055,46.776466369628906,140.4337921142578,49.337982177734375,52.81251525878906,42.601661682128906
2021-12-03,158.36656188964844,311.8272399902344,169.489501953125,140.83749389648438,304.4508361816406,30.63200569152832,338.3233337402344,277.42999267578125,141.15078735351562,141.01145935058594,190.09962463378906,133.619873046875,416.73846435546875,366.1415100097656,313.642333984375,142.8558349609375,616.530029296875,254.58236694335938,60.2130012512207,43.45979690551758,47.190738677978516,144.009765625,49.40827941894531,52.47640609741211,43.243194580078125
2021-12-06,161.77186584472656,314.89715576171875,171.36849975585938,141.98150634765625,315.3949279785156,29.977306365966797,336.336669921875,281.3800048828125,142.81829833984375,144.16119384765625,196.25807189941406,135.64353942871094,426.7460021972656,373.2253723144531,324.5674133300781,146.9103546142578,622.0399780273438,255.00608825683594,61.26900100708008,41.225547790527344,48.39826965332031,145.50485229492188,50.049720764160156,53.071067810058594,43.71175003051758
2021-12-07,167.50608825683594,323.3249206542969,176.1645050048828,146.0623016357422,320.2964172363281,32.362545013427734,350.5833435058594,284.9700012207031,144.96739196777344,144.53274536132812,200.7994842529297,135.2869415283203,431.0310974121094,373.6562805175781,330.5849304199219,147.3402099609375,649.9600219726562,263.1268310546875,62.55799865722656,41.4177360534668,48.662696838378906,145.33876037597656,51.03384780883789,53.66572189331055,43.570247650146484
2021-12-08,171.32237243652344,323.37310791015625,176.1580047607422,146.9717559814453,327.9861145019531,31.762754440307617,356.32000732421875,283.7200012207031,143.3087615966797,145.3998565673828,202.3681640625,135.89320373535156,434.8614501953125,369.2300720214844,333.3405456542969,149.81201171875,653.0999755859375,262.4566345214844,62.80799865722656,41.16147994995117,48.47760009765625,145.59228515625,50.10245132446289,53.82084655761719,43.129981994628906
2021-12-09,170.8135528564453,321.5679016113281,174.17100524902344,146.42828369140625,327.25189208984375,30.42940330505371,334.6000061035156,284.5199890136719,143.08584594726562,146.78004455566406,204.69210815429688,136.6866455078125,438.9981994628906,369.310791015625,335.4632873535156,149.42120361328125,632.5700073242188,260.4955139160156,61.099998474121094,41.70603561401367,48.35420608520508,145.40867614746094,50.568138122558594,53.958736419677734,43.72988510131836
2021-12-10,175.59864807128906,330.6810607910156,172.21200561523438,146.7882843017578,327.1824645996094,30.13798713684082,339.010009765625,288.2300109863281,142.51515197753906,146.41729736328125,206.63841247558594,138.594482421875,443.5521240234375,372.95599365234375,340.7213134765625,149.19651794433594,654.4500122070312,262.1807556152344,61.16600036621094,42.2665901184082,49.60580062866211,147.734375,52.06190872192383,54.30347442626953,44.528709411621094
2021-12-13,171.96824645996094,327.64971923828125,169.5675048828125,144.63113403320312,331.88555908203125,28.10503578186035,322.13665771484375,290.010009765625,140.82083129882812,149.03614807128906,204.33383178710938,140.56472778320312,443.4687194824219,363.8340759277344,336.23248291015625,146.9689483642578,658.2999877929688,261.9146423339844,60.45600128173828,44.20455551147461,50.91028594970703,148.46881103515625,51.49955749511719,53.114158630371094,45.3306770324707
2021-12-14,170.5885009765625,316.9726867675781,169.0915069580078,142.7273406982422,331.141357421875,28.280689239501953,319.5033264160156,295.0299987792969,141.89981079101562,150.66409301757812,203.32681274414062,141.08177185058594,444.6929016113281,361.1047058105469,331.5975646972656,145.6695556640625,614.8599853515625,251.89181518554688,59.79899978637695,44.4768180847168,50.945552825927734,148.10157775878906,50.76145935058594,53.03659439086914,45.76323699951172
2021-12-15,175.4518585205078,323.0641784667969,173.31500244140625,145.24057006835938,338.999755859375,30.398466110229492,325.3299865722656,294.5799865722656,140.8386688232422,151.4160919189453,205.5829620361328,141.62562561035156,458.53106689453125,366.1415100097656,337.24517822265625,146.93966674804688,630.3300170898438,256.2774353027344,60.50400161743164,47.087459564208984,51.17472457885742,150.00762939453125,52.65940856933594,52.80390167236328,46.025306701660156
2021-12-16,168.5629425048828,313.65179443359375,168.87100219726562,143.26097106933594,332.2923583984375,28.330583572387695,308.97332763671875,300.1700134277344,143.04127502441406,153.07058715820312,207.5776824951172,143.63150024414062,457.12115478515625,358.70751953125,343.6424560546875,145.32763671875,566.0900268554688,249.45753479003906,59.10599899291992,49.0494270324707,51.69475173950195,150.22621154785156,52.99331283569336,52.890079498291016,45.258056640625
2021-12-17,167.46697998046875,312.5898742675781,170.0175018310547,140.56324768066406,331.19097900390625,27.74574851989746,310.8566589355469,293.6600036621094,139.78648376464844,148.84153747558594,205.1665802001953,140.37753295898438,451.7973937988281,348.3376770019531,340.12738037109375,145.33740234375,556.6400146484375,249.2703094482422,58.67300033569336,47.63200378417969,50.883846282958984,147.1486053466797,53.12510299682617,51.735233306884766,43.808815002441406
2021-12-20,166.10678100585938,308.8345642089844,167.07899475097656,140.4462127685547,322.91595458984375,27.66391372680664,299.9800109863281,289.6099853515625,137.2718505859375,148.41683959960938,202.12611389160156,140.73410034179688,448.6532897949219,349.612548828125,328.160400390625,143.10008239746094,549.77001953125,243.63307189941406,59.374000549316406,48.86524200439453,50.71638107299805,148.1278076171875,53.03723907470703,50.985450744628906,43.95090866088867
2021-12-21,169.2772674560547,315.95904541015625,170.41700744628906,142.29644775390625,331.5977783203125,29.0172176361084,312.84332275390625,293.239990234375,139.18898010253906,147.93905639648438,208.55567932128906,140.64495849609375,451.8809509277344,350.57330322265625,341.51971435546875,147.57469177246094,557.52001953125,248.8957977294922,60.492000579833984,47.20757293701172,50.919105529785156,147.69070434570312,53.62596893310547,52.14029312133789,44.08351516723633
2021-12-22,171.87037658691406,321.6644592285156,171.03700256347656,145.2147979736328,327.87701416015625,29.341567993164062,336.2900085449219,294.4100036621094,139.7329559326172,148.5760498046875,211.05397033691406,142.03573608398438,458.2991638183594,355.21502685546875,348.08258056640625,148.3856201171875,563.97998046875,249.14218139648438,61.42399978637695,47.68805694580078,51.28049087524414,148.60873413085938,54.06528854370117,52.56258773803711,44.140342712402344
2021-12-23,172.4966583251953,323.1029052734375,171.06849670410156,145.7122039794922,332.6296691894531,29.581096649169922,355.6666564941406,294.489990234375,140.2323455810547,148.85923767089844,209.75640869140625,142.7310791015625,459.45849609375,356.4989013671875,351.1010437011719,150.09535217285156,569.6199951171875,249.47726440429688,61.409000396728516,47.01537322998047,51.315738677978516,148.44259643554688,54.72431182861328,52.588443756103516,44.0424690246582
2021-12-27,176.45973205566406,330.59423828125,169.66949462890625,146.69407653808594,343.4844665527344,30.88349723815918,364.64666748046875,296.6700134277344,141.03485107421875,150.11557006835938,210.7344207763672,144.3982696533203,463.2796936035156,362.8016662597656,350.8381652832031,149.28445434570312,577.6799926757812,254.56263732910156,61.3120002746582,47.40777587890625,51.69475173950195,149.92019653320312,55.726009368896484,53.338226318359375,44.44345474243164
2021-12-28,175.44204711914062,329.43572998046875,170.66099548339844,145.4845733642578,343.5242004394531,30.26173973083496,362.8233337402344,298.2900085449219,141.46287536621094,150.71719360351562,211.14109802246094,145.17384338378906,466.4703063964844,364.71392822265625,351.2958068847656,151.6292266845703,569.3599853515625,251.75384521484375,61.07099914550781,46.45481491088867,51.8974723815918,150.6983642578125,55.82265853881836,53.165863037109375,45.08124542236328
2021-12-29,175.5301055908203,330.1115417480469,169.2010040283203,145.45285034179688,340.2697448730469,29.941377639770508,362.0633239746094,299.4599914550781,141.3915557861328,151.7788848876953,211.2572784423828,146.3773956298828,468.9188537597656,368.8619384765625,351.7923889160156,151.3068084716797,569.2899780273438,250.8570098876953,61.05400085449219,46.110469818115234,51.959171295166016,151.23167419433594,56.20049285888672,52.70048141479492,45.059146881103516
2021-12-30,174.3754119873047,327.5726623535156,168.64450073242188,145.00204467773438,341.67864990234375,29.52720069885254,356.7799987792969,299.9800109863281,141.32022094726562,152.45127868652344,210.966796875,145.11143493652344,467.852294921875,368.05389404296875,351.5002746582031,152.34242248535156,570.530029296875,251.63555908203125,61.20899963378906,46.76713562011719,51.8093376159668,150.9693603515625,55.90174102783203,52.39021682739258,45.20439147949219
2021-12-31,173.7589874267578,324.67645263671875,166.7169952392578,143.6645965576172,333.7310485839844,29.35254669189453,352.260009765625,299.0,141.2042999267578,151.3542022705078,209.8435516357422,145.83355712890625,465.7282409667969,372.60589599609375,349.8741760253906,151.32635498046875,567.0599975585938,250.4529571533203,60.24399948120117,47.28764343261719,52.1883430480957,151.878662109375,55.68206787109375,52.734947204589844,45.68431091308594
2022-01-03,178.10366821289062,323.1607971191406,170.4044952392578,143.802978515625,335.90399169921875,30.06113624572754,399.9266662597656,300.7900085449219,144.1915740966797,151.77005004882812,214.4139862060547,145.2273406982422,465.858154296875,366.8867492675781,361.19842529296875,153.15333557128906,564.3699951171875,251.76370239257812,59.73699951171875,45.365718841552734,52.26766586303711,151.2404022216797,55.49755859375,54.76023864746094,45.67168045043945
2022-01-04,175.84324645996094,317.6195068359375,167.52200317382812,143.2158203125,333.9096374511719,29.231792449951172,383.1966552734375,308.5299987792969,149.6578369140625,151.36305236816406,215.411376953125,145.73548889160156,455.3033447265625,370.6576232910156,365.521728515625,152.14703369140625,554.0,244.6383056640625,59.1150016784668,43.668006896972656,53.1402587890625,151.45901489257812,54.13640213012695,56.81998825073242,44.8349723815918
2022-01-05,171.16583251953125,305.4267272949219,164.35699462890625,136.64561462402344,321.6458740234375,27.54914093017578,362.7066650390625,309.9200134277344,146.92178344726562,152.37167358398438,213.02931213378906,146.39523315429688,454.18109130859375,365.6297912597656,364.0709533691406,151.61947631835938,514.4299926757812,224.37579345703125,56.75199890136719,44.548892974853516,53.58097457885742,151.97488403320312,53.27906036376953,57.52669143676758,45.44118881225586
2022-01-06,168.30850219726562,303.0133361816406,163.25399780273438,136.6183319091797,329.871337890625,28.121994018554688,354.8999938964844,313.2200012207031,148.48265075683594,151.8496551513672,212.78724670410156,145.16488647460938,435.5942687988281,364.3009948730469,360.74627685546875,153.2900848388672,514.1199951171875,225.83436584472656,55.32899856567383,43.91625213623047,53.29893112182617,152.00982666015625,53.84473419189453,58.87974548339844,45.31489944458008
2022-01-07,168.47486877441406,303.167724609375,162.5540008544922,135.8938446044922,329.20654296875,27.192852020263672,342.32000732421875,319.7799987792969,149.95387268066406,153.90231323242188,210.08560180664062,145.0846710205078,425.3455505371094,353.39239501953125,360.4049377441406,154.19873046875,510.70001220703125,225.00653076171875,54.10599899291992,44.62096405029297,53.1755256652832,152.2021942138672,54.03034210205078,59.362361907958984,45.74746322631836
2022-01-10,168.49444580078125,303.3898010253906,161.48599243164062,137.53277587890625,325.5155334472656,27.34554100036621,352.7066650390625,318.92999267578125,150.097412109375,153.1414031982422,205.2537841796875,143.10552978515625,431.281494140625,347.87078857421875,354.8085021972656,152.9970245361328,525.8300170898438,226.3074493408203,53.98500061035156,45.037391662597656,53.26365280151367,152.2808837890625,54.64021301269531,59.0090217590332,45.659053802490234
2022-01-11,171.32237243652344,304.0751953125,165.36199951171875,138.5905303955078,331.7664489746094,27.761714935302734,354.79998779296875,319.79998779296875,150.24990844726562,151.5134735107422,207.58738708496094,141.44732666015625,434.9913330078125,347.16156005859375,357.1290588378906,154.25733947753906,529.8900146484375,231.44204711914062,54.08399963378906,45.39774703979492,53.28128433227539,152.21090698242188,55.126319885253906,61.491065979003906,45.52960205078125
2022-01-12,171.76272583007812,307.25128173828125,165.20700073242188,140.27114868164062,330.6651306152344,27.943359375,368.739990234375,320.3900146484375,151.10211181640625,150.22174072265625,208.87527465820312,141.7593536376953,439.3691101074219,349.612548828125,358.12347412109375,154.1693878173828,532.3699951171875,234.3887939453125,53.72200012207031,45.365718841552734,53.360618591308594,152.0447998046875,54.90536117553711,61.31009292602539,45.289642333984375
2022-01-13,168.49444580078125,294.2476501464844,161.21400451660156,137.45098876953125,323.9379577636719,26.522186279296875,343.85333251953125,321.260009765625,150.91371154785156,149.31044006347656,208.187744140625,141.11744689941406,433.5352783203125,347.43988037109375,360.2781982421875,151.8637237548828,516.9000244140625,225.3218994140625,51.91999816894531,44.4768180847168,53.67792510986328,152.2895965576172,54.35736846923828,60.87055206298828,45.93058776855469
2022-01-14,169.35552978515625,299.460693359375,162.13800048828125,138.337158203125,329.3157043457031,26.888456344604492,349.8699951171875,324.1300048828125,141.6380615234375,148.4964599609375,207.8682098388672,142.47256469726562,434.703857421875,333.9904479980469,362.83270263671875,148.44422912597656,520.5999755859375,227.88429260253906,52.569000244140625,44.00434112548828,54.10981369018555,153.5661163330078,54.23362350463867,61.939239501953125,45.8011360168457
2022-01-18,166.15573120117188,292.172119140625,158.91749572753906,134.88319396972656,315.67279052734375,25.851524353027344,343.5033264160156,320.2900085449219,135.69947814941406,147.8417510986328,208.87527465820312,139.72669982910156,427.56219482421875,329.24993896484375,357.1386413574219,148.7666473388672,513.3400268554688,222.7891082763672,51.08000183105469,43.33167266845703,53.67792510986328,152.09725952148438,52.792938232421875,62.982025146484375,44.99916076660156
2022-01-19,162.66232299804688,292.82855224609375,156.2989959716797,134.00892639160156,317.1015625,25.017181396484375,331.8833312988281,314.75,133.60032653808594,147.38169860839844,207.8778533935547,144.42495727539062,428.9813232421875,322.9382629394531,351.7080383300781,146.6563262939453,516.5800170898438,222.99606323242188,51.58599853515625,42.875205993652344,53.766075134277344,153.1901397705078,52.0593376159668,63.00788116455078,45.447513580322266
2022-01-20,160.97923278808594,291.1584777832031,151.66749572753906,132.2147216796875,314.09515380859375,24.10200309753418,332.0899963378906,311.010009765625,132.46107482910156,146.20497131347656,207.558349609375,145.2047576904297,429.4264221191406,313.8611755371094,354.8962097167969,144.22361755371094,510.8500061035156,219.71421813964844,50.82500076293945,43.28361892700195,53.545711517333984,152.07977294921875,51.33457565307617,63.1457633972168,44.58869171142578
2022-01-21,158.92434692382812,285.7812805175781,142.64300537109375,129.2830047607422,300.80938720703125,23.327545166015625,314.6333312988281,305.2200012207031,130.14659118652344,145.8687744140625,199.40512084960938,145.760498046875,427.7291564941406,313.4302978515625,346.1993713378906,134.21920776367188,499.9100036621094,215.4665985107422,39.75,42.27460861206055,53.28128433227539,152.3245849609375,50.09716033935547,62.19776916503906,44.26348114013672
2022-01-24,158.1512908935547,286.1095275878906,144.54400634765625,129.73175048828125,306.3062744140625,23.32554817199707,310.0,303.7300109863281,130.02996826171875,144.18771362304688,195.45437622070312,144.57733154296875,428.7494201660156,326.63726806640625,340.68096923828125,134.29737854003906,519.6599731445312,219.80294799804688,38.71500015258789,41.27359390258789,52.84939956665039,151.54644775390625,50.291622161865234,62.73210906982422,44.266639709472656
2022-01-25,156.35076904296875,278.50225830078125,139.98599243164062,125.89448547363281,297.8129577636719,22.279632568359375,306.1333312988281,307.19000244140625,131.44737243652344,148.31065368652344,195.599609375,142.99978637695312,423.713134765625,322.3007507324219,330.2875061035156,133.3692169189453,502.7200012207031,212.27346801757812,36.641998291015625,42.07440185546875,52.72599792480469,149.80653381347656,49.5933723449707,64.5763931274414,43.30363845825195
2022-01-26,156.2626953125,286.437744140625,138.87249755859375,128.17364501953125,292.3359069824219,22.726741790771484,312.4700012207031,309.260009765625,132.69430541992188,148.97422790527344,199.3470001220703,141.75390625,425.1878967285156,320.77447509765625,336.0399475097656,130.5261993408203,500.80999755859375,207.94700622558594,35.970001220703125,42.45077896118164,52.532081604003906,148.22402954101562,48.90396499633789,63.92140579223633,42.86159896850586
2022-01-27,155.80276489257812,289.4593505859375,139.6374969482422,127.947509765625,292.3458251953125,21.900386810302734,276.3666687011719,307.6700134277344,130.3529510498047,150.9294891357422,199.61813354492188,142.63235473632812,428.12799072265625,320.0113220214844,341.76312255859375,132.3043212890625,493.04998779296875,209.66180419921875,38.66999816894531,43.06401443481445,52.5761604309082,148.08413696289062,48.276424407958984,64.74015808105469,42.8900146484375
2022-01-28,166.67431640625,297.5878601074219,143.97799682617188,132.2578887939453,299.3607177734375,22.794605255126953,282.1166687011719,312.8999938964844,131.51913452148438,151.9912567138672,220.7758026123047,143.8602752685547,432.26458740234375,329.0883483886719,372.9433288574219,135.44046020507812,518.1599731445312,218.91595458984375,38.43600082397461,43.83863830566406,53.625038146972656,150.9693603515625,49.15143966674805,64.87804412841797,43.420467376708984
2022-01-31,171.0288543701172,300.2137145996094,149.57350158691406,134.1943817138672,310.8208312988281,24.437335968017578,312.239990234375,313.0199890136719,133.30429077148438,152.4336395263672,219.0037841796875,143.8154754638672,438.3025207519531,329.4833068847656,376.7165222167969,139.68060302734375,534.2999877929688,229.2640380859375,42.7140007019043,42.51533126831055,53.774871826171875,151.71253967285156,49.2044677734375,65.46407318115234,44.14350128173828
2022-02-01,170.86251831054688,298.0705871582031,151.19349670410156,136.5157012939453,316.5161437988281,24.589038848876953,310.4166564941406,313.9599914550781,135.591796875,151.18609619140625,224.99766540527344,143.17910766601562,434.4442138671875,331.0276184082031,382.25445556640625,141.1656494140625,535.97998046875,228.7613983154297,45.7130012512207,42.82195281982422,53.37823486328125,150.6808624267578,48.939308166503906,69.66116333007812,44.490814208984375
2022-02-02,172.0660858154297,302.6078796386719,150.6125030517578,146.78680419921875,320.4849548339844,25.19183349609375,301.88665771484375,319.6000061035156,134.50637817382812,152.8583221435547,227.9607391357422,145.7425994873047,444.98968505859375,335.5436706542969,386.8271484375,139.33865356445312,533.0900268554688,221.75428771972656,42.948001861572266,43.45940017700195,53.924705505371094,153.41751098632812,49.646392822265625,69.48016357421875,44.47187805175781
2022-02-03,169.18917846679688,290.820556640625,138.8455047607422,141.9170684814453,235.90869140625,23.900407791137695,297.0466613769531,315.2300109863281,133.3939971923828,152.8494415283203,224.20370483398438,147.12290954589844,453.3277587890625,327.5350341796875,380.314208984375,136.80824279785156,510.8299865722656,209.69139099121094,40.560001373291016,43.072086334228516,54.303733825683594,153.3300323486328,48.78905487060547,68.67007446289062,44.516075134277344
2022-02-04,168.90504455566406,295.3481750488281,157.63949584960938,142.11839294433594,235.2439422607422,24.27066993713379,307.7733459472656,314.989990234375,136.85667419433594,151.8496551513672,221.1534881591797,144.78347778320312,448.1338806152344,322.9203186035156,372.64111328125,138.75245666503906,513.5399780273438,216.0579071044922,41.016998291015625,42.765464782714844,53.73080825805664,150.81202697753906,48.744869232177734,70.1610107421875,43.991947174072266
2022-02-07,168.1898193359375,290.53094482421875,157.9355010986328,138.05995178222656,223.15878295898438,24.678857803344727,302.4466552734375,316.510009765625,137.31419372558594,151.3453369140625,219.96246337890625,143.698974609375,448.62548828125,320.83734130859375,366.7228088378906,139.23117065429688,507.1000061035156,213.8306121826172,40.209999084472656,42.93491744995117,54.2949104309082,150.2174835205078,48.762535095214844,71.0055923461914,43.559391021728516
2022-02-08,171.2957305908203,294.01593017578125,161.4134979248047,138.25631713867188,218.465576171875,25.058101654052734,307.3333435058594,321.44000244140625,139.8977508544922,151.74349975585938,220.71775817871094,143.37628173828125,457.63140869140625,324.5094299316406,365.0069274902344,139.20187377929688,511.30999755859375,214.28396606445312,40.35300064086914,41.71650695800781,54.64747619628906,150.40109252929688,48.91278839111328,69.169921875,43.5688591003418
2022-02-09,172.71644592285156,300.4356994628906,161.1894989013672,140.4313201904297,230.19354248046875,26.651927947998047,310.6666564941406,322.3800048828125,140.48081970214844,151.72579956054688,223.55491638183594,143.05357360839844,461.9813232421875,327.1400451660156,371.83184814453125,143.8426055908203,521.75,218.82725524902344,41.28900146484375,41.53091812133789,53.80132293701172,150.33116149902344,49.752464294433594,68.83880615234375,43.47414016723633
2022-02-10,168.64051818847656,291.9114990234375,159.0034942626953,137.4836883544922,226.29417419433594,25.772676467895508,301.51666259765625,319.8500061035156,139.8977508544922,149.8943634033203,218.79759216308594,140.8755340576172,451.42645263671875,318.80816650390625,365.0263977050781,148.65916442871094,495.0199890136719,214.52049255371094,40.62699890136719,40.82891082763672,54.101009368896484,147.20977783203125,48.49738311767578,68.17655181884766,42.96579360961914
2022-02-11,165.23086547851562,284.8255310058594,153.2935028076172,133.1817626953125,217.8404998779297,23.901403427124023,286.6666564941406,319.1400146484375,138.07667541503906,148.38145446777344,217.92469787597656,140.08676147460938,443.45941162109375,314.4986877441406,360.52191162109375,146.0310516357422,473.9700012207031,204.891845703125,39.13100051879883,40.97416305541992,53.1402587890625,147.39341735839844,47.64004135131836,69.8931655883789,42.72898864746094
2022-02-14,165.46603393554688,284.78692626953125,155.16700744628906,134.41505432128906,216.00491333007812,24.21877098083496,291.9200134277344,314.2799987792969,136.79391479492188,146.51466369628906,218.55511474609375,140.4901123046875,439.9997863769531,315.6389465332031,364.8021240234375,147.3793182373047,474.010009765625,203.41357421875,39.65700149536133,40.183406829833984,53.4840087890625,145.7496795654297,47.003665924072266,68.82137298583984,42.29328155517578
2022-02-15,169.2969207763672,290.0675354003906,156.510498046875,135.4886932373047,219.2792205810547,26.442340850830078,307.4766540527344,316.20001220703125,138.7943572998047,148.02752685546875,220.96044921875,140.5618133544922,443.5521240234375,317.1653137207031,371.9975891113281,151.16026306152344,479.5,211.14999389648438,40.74599838256836,40.17533493041992,53.68673324584961,145.10269165039062,47.96706008911133,67.95870971679688,42.42587661743164
2022-02-16,169.0618133544922,289.72900390625,158.10049438476562,136.60894775390625,214.85391235351562,26.45831298828125,307.7966613769531,315.6499938964844,139.0455322265625,147.93905639648438,221.93031311035156,141.62840270996094,445.24005126953125,314.31915283203125,373.3528137207031,152.75277709960938,477.70001220703125,208.6763153076172,39.80799865722656,40.08656692504883,53.67792510986328,145.39996337890625,47.94939041137695,68.27239990234375,42.16066360473633
2022-02-17,165.46603393554688,281.2451171875,154.65249633789062,131.45254516601562,206.09268188476562,24.45829200744629,292.1166687011719,313.54998779296875,135.84300231933594,147.03660583496094,217.84710693359375,143.2508087158203,436.23419189453125,312.38885498046875,364.35369873046875,149.4309844970703,457.7099914550781,197.13572692871094,38.66699981689453,39.45719528198242,54.75324249267578,145.7933807373047,49.2928581237793,68.16783142089844,43.84986877441406
2022-02-18,163.91796875,278.5364685058594,152.60150146484375,129.33404541015625,204.55477905273438,23.595016479492188,285.6600036621094,314.79998779296875,136.4799041748047,145.46055603027344,215.98489379882812,143.32247924804688,433.8876953125,311.4280700683594,360.6974792480469,147.8775634765625,442.55999755859375,193.9918975830078,39.12900161743164,39.15864944458008,55.123443603515625,146.63275146484375,50.56560134887695,67.40973663330078,43.5688591003418
2022-02-22,160.99819946289062,278.3332824707031,150.19749450683594,128.74937438964844,200.50653076171875,23.34351921081543,273.84332275390625,314.1600036621094,136.2377166748047,143.4838104248047,214.65615844726562,141.5567169189453,428.9720764160156,283.86492919921875,359.0789489746094,144.68280029296875,438.3999938964844,192.30661010742188,37.737998962402344,38.35174560546875,54.894264221191406,147.19227600097656,49.76129913330078,66.62549591064453,43.082618713378906
2022-02-23,156.83412170410156,271.1263732910156,144.82699584960938,126.54212188720703,196.90478515625,22.342506408691406,254.67999267578125,309.989990234375,133.385009765625,143.5550537109375,209.4478302001953,139.79098510742188,426.2915344238281,276.93377685546875,352.195556640625,142.5138702392578,429.45001220703125,187.7830352783203,36.74599838256836,37.8192024230957,54.286094665527344,145.74090576171875,48.11732482910156,66.89561462402344,42.64058303833008
2022-02-24,159.4501190185547,284.9792175292969,151.35800170898438,131.60330200195312,205.9835662841797,23.700801849365234,266.92333984375,308.2799987792969,129.6711883544922,140.8125,210.7571563720703,136.02639770507812,422.83203125,281.23431396484375,360.1417541503906,145.96267700195312,463.82000732421875,201.33407592773438,39.00299835205078,37.084930419921875,53.33417510986328,143.20538330078125,48.373634338378906,66.05038452148438,42.47639846801758
2022-02-25,161.51747131347656,287.6104431152344,153.7884979248047,133.35731506347656,208.8411102294922,24.108993530273438,269.9566650390625,319.239990234375,132.73912048339844,147.81129455566406,212.6678924560547,141.8345947265625,441.2519836425781,284.2958679199219,359.8589782714844,146.08966064453125,465.5400085449219,205.07908630371094,39.08000183105469,38.50505447387695,55.396671295166016,147.2185516357422,49.5315055847168,67.82798767089844,43.060523986816406
2022-02-28,161.7820281982422,289.0421447753906,153.56300354003906,133.9499053955078,209.3868408203125,24.336538314819336,290.1433410644531,321.45001220703125,127.2042465209961,146.5380096435547,209.61273193359375,139.72821044921875,441.36322021484375,283.5596618652344,351.7957458496094,145.0443115234375,467.67999267578125,207.48379516601562,39.45199966430664,37.87568283081055,54.85901641845703,143.1616973876953,49.2928581237793,68.33338928222656,42.67531967163086
2022-03-01,159.9008026123047,285.3274841308594,151.14199829101562,132.96255493164062,201.90554809570312,23.430339813232422,288.1233215332031,316.8399963378906,122.40492248535156,146.0304718017578,202.67796325683594,137.41571044921875,441.7156982421875,287.528076171875,335.8645324707031,142.34779357910156,466.67999267578125,205.86753845214844,38.624000549316406,36.91547775268555,54.62103271484375,141.87643432617188,48.276424407958984,68.98692321777344,42.9373779296875
2022-03-02,163.19288635253906,290.3964538574219,152.05250549316406,133.4683837890625,206.48956298828125,24.17598533630371,293.2966613769531,323.6400146484375,124.9436264038086,147.84690856933594,202.2027587890625,137.84588623046875,450.1836853027344,293.9205322265625,335.4842224121094,143.95005798339844,471.17999267578125,207.3458251953125,38.00299835205078,38.48892593383789,55.02648162841797,143.84364318847656,49.62872314453125,70.17198944091797,42.991050720214844
2022-03-03,162.8695831298828,286.2657775878906,147.89849853515625,132.80191040039062,201.3896026611328,23.670907974243164,279.7633361816406,327.739990234375,124.05552673339844,150.01956176757812,200.9904022216797,138.3568572998047,451.3058776855469,291.2181396484375,332.4617614746094,142.22079467773438,459.0799865722656,201.78741455078125,36.80699920654297,38.59382629394531,55.061744689941406,143.6896514892578,49.55801773071289,70.61640930175781,43.97930908203125
2022-03-04,159.8714599609375,280.40350341796875,145.64100646972656,130.82522583007812,198.50225830078125,22.89432144165039,279.42999267578125,325.3399963378906,120.56592559814453,150.91000366210938,194.2593536376953,139.0559844970703,462.49139404296875,291.1283264160156,322.48760986328125,137.48236083984375,452.1300048828125,200.07260131835938,36.17300033569336,39.255470275878906,55.149879455566406,145.87222290039062,49.946903228759766,73.27410125732422,45.093875885009766
2022-03-07,156.07968139648438,269.81072998046875,137.4530029296875,125.3425521850586,186.01026916503906,21.313196182250977,268.1933288574219,322.7200012207031,115.91014099121094,153.3408966064453,184.95809936523438,136.99440002441406,451.56561279296875,289.79058837890625,305.09381103515625,130.42848205566406,437.9700012207031,193.39071655273438,35.0260009765625,38.71485137939453,53.836578369140625,142.96800231933594,49.13376235961914,75.91437530517578,44.730770111083984
2022-03-08,154.25726318359375,266.8505554199219,136.01449584960938,126.06260681152344,188.8083038330078,21.474899291992188,274.79998779296875,318.5199890136719,115.09381103515625,150.23329162597656,185.9376983642578,131.57162475585938,439.1279602050781,284.37664794921875,306.468505859375,128.71876525878906,431.5299987792969,189.3007354736328,34.17599868774414,38.27912139892578,51.70356369018555,138.93724060058594,48.081966400146484,76.489501953125,43.80565643310547
2022-03-09,159.65591430664062,279.0879211425781,139.2790069580078,132.32632446289062,196.9544219970703,22.972179412841797,286.3233337402344,325.3999938964844,119.70474243164062,150.80316162109375,193.7453155517578,133.3463897705078,450.35986328125,286.5084228515625,319.9233703613281,130.57504272460938,450.8699951171875,200.22044372558594,35.87900161743164,39.33615493774414,51.967987060546875,138.52359008789062,49.4254264831543,72.14132690429688,44.032989501953125
2022-03-10,155.31549072265625,276.2727966308594,146.8175048828125,131.3439483642578,193.69004821777344,22.6168270111084,279.4333190917969,325.29998779296875,118.2873764038086,151.0702667236328,192.0092010498047,129.91346740722656,455.80426025390625,287.1767578125,316.471923828125,130.56527709960938,438.95001220703125,197.25399780273438,35.676998138427734,39.69926834106445,51.01606369018555,135.9801788330078,48.35596466064453,74.38074493408203,45.03388977050781
2022-03-11,151.60206604003906,270.9329528808594,145.52450561523438,128.80592346191406,186.14920043945312,22.05983543395996,265.1166687011719,326.6000061035156,115.62309265136719,150.79425048828125,190.78712463378906,128.3717803955078,449.1809387207031,286.1380615234375,316.6669006347656,128.71876525878906,416.3800048828125,195.03652954101562,34.03200149536133,40.56264114379883,51.05131912231445,135.29376220703125,48.33828353881836,73.99734497070312,44.857078552246094
2022-03-14,147.57513427734375,267.4212646484375,141.85299682617188,124.91854095458984,185.1768341064453,21.291236877441406,255.4566650390625,329.9800109863281,116.77134704589844,152.8778533935547,194.2981719970703,130.01206970214844,453.878662109375,287.5561218261719,320.3718566894531,126.06132507324219,411.5,190.32569885253906,33.10100173950195,42.16030502319336,51.992767333984375,137.1947021484375,47.99358367919922,71.3483657836914,45.48223876953125
2022-03-15,151.95477294921875,277.78192138671875,147.3665008544922,128.138916015625,190.5347900390625,22.931249618530273,267.2966613769531,332.54998779296875,118.84354400634766,156.84027099609375,199.93321228027344,134.69088745117188,463.1716003417969,296.7511291503906,326.6216125488281,131.11239624023438,421.6600036621094,193.302001953125,34.375,42.12801742553711,52.95197296142578,139.93170166015625,49.14259719848633,67.2877426147461,46.028472900390625
2022-03-16,156.36383056640625,284.7857360839844,153.10400390625,132.18795776367188,202.04446411132812,24.45148277282715,280.07666015625,336.1099853515625,124.1541976928711,155.3977813720703,205.4906768798828,134.23374938964844,463.4971923828125,298.89178466796875,336.0594482421875,134.9617462158203,442.3599853515625,202.59556579589844,35.75299835205078,42.7009162902832,52.80986785888672,140.54776000976562,49.32820129394531,67.03504180908203,45.89269256591797
2022-03-17,157.3730010986328,285.588623046875,157.23899841308594,132.7418975830078,206.2216796875,24.72099494934082,290.5333251953125,344.9700012207031,125.72406768798828,157.42794799804688,207.0231170654297,134.6549835205078,471.64599609375,303.81439208984375,337.77545166015625,136.2611541748047,444.3599853515625,207.36553955078125,37.13999938964844,43.76601791381836,53.369407653808594,141.63906860351562,49.646392822265625,68.82137298583984,45.96242904663086
2022-03-18,160.66506958007812,290.6286926269531,161.25050354003906,135.00967407226562,214.80433654785156,26.404926300048828,301.7966613769531,342.4100036621094,125.67921447753906,155.68267822265625,212.51268005371094,134.58334350585938,470.8088073730469,307.7706298828125,341.3341979980469,137.07203674316406,453.3299865722656,215.6341552734375,38.060001373291016,43.98387908935547,53.37828826904297,143.26718139648438,49.46961975097656,68.55123138427734,46.09872055053711
2022-03-21,162.0367889404297,289.40008544921875,161.4915008544922,134.98583984375,209.84327697753906,26.68541717529297,307.0533447265625,349.6600036621094,125.27549743652344,156.56422424316406,210.50502014160156,135.0941925048828,472.2413330078125,297.5008239746094,336.9369201660156,135.43069458007812,453.5899963378906,210.62762451171875,37.45899963378906,43.72567367553711,53.80461120605469,143.06478881835938,49.49613571166992,71.627197265625,45.715206146240234
2022-03-22,165.4072265625,294.1402282714844,164.88900756835938,138.72146606445312,214.9630889892578,26.475799560546875,331.32666015625,349.92999267578125,127.93981170654297,155.82518005371094,211.8919677734375,136.13394165039062,470.06463623046875,297.82598876953125,340.78814697265625,136.8863983154297,466.45001220703125,215.05270385742188,38.29199981689453,42.79774475097656,54.000003814697266,144.63131713867188,49.646392822265625,71.3134994506836,45.57890701293945
2022-03-23,166.7691192626953,289.7192687988281,163.4080047607422,137.1420135498047,211.79794311523438,25.58741569519043,333.03668212890625,348.1600036621094,125.39214324951172,155.2374725341797,208.216064453125,135.18385314941406,468.1204833984375,286.3728332519531,333.62200927734375,134.47323608398438,422.8999938964844,208.055419921875,37.44900131225586,42.11188507080078,53.644744873046875,143.8744659423828,48.152671813964844,72.43758392333984,44.99253463745117
2022-03-24,170.55108642578125,294.178955078125,163.64950561523438,140.41152954101562,217.8603515625,28.098840713500977,337.97332763671875,352.3699951171875,126.2085189819336,156.0388641357422,210.76690673828125,135.41690063476562,477.6366882324219,285.22576904296875,340.6127014160156,135.7628631591797,432.1400146484375,210.88388061523438,37.57099914550781,42.43464660644531,54.15987014770508,144.74574279785156,48.17035675048828,72.65542602539062,45.271461486816406
2022-03-25,171.18795776367188,293.7726745605469,164.77349853515625,140.5116729736328,220.09283447265625,27.641674041748047,336.8800048828125,358.760009765625,127.3118667602539,157.5347900390625,211.85317993164062,136.9854736328125,477.23675537109375,280.6192321777344,340.29095458984375,135.93873596191406,431.6199951171875,207.97657775878906,37.3849983215332,42.58795166015625,54.64836120605469,145.42337036132812,48.58576583862305,74.24134063720703,45.46797180175781
2022-03-28,172.05014038085938,300.5635986328125,168.99049377441406,140.29595947265625,221.84901428222656,28.16771697998047,363.9466552734375,359.57000732421875,126.36995697021484,158.34507751464844,214.12271118164062,137.9265899658203,477.3948974609375,283.870849609375,341.72412109375,135.52838134765625,450.010009765625,212.16506958007812,37.85100173950195,42.99140548706055,54.99473190307617,145.8546142578125,48.73602294921875,72.15872955322266,46.276222229003906
2022-03-29,175.3422393798828,305.11993408203125,169.31500244140625,141.3373565673828,228.07025146484375,28.603919982910156,366.5233459472656,355.1199951171875,126.64804077148438,158.26492309570312,221.2513885498047,139.3428192138672,475.09716796875,286.9689636230469,358.3575134277344,139.10418701171875,466.3299865722656,218.08811950683594,39.18199920654297,42.5556755065918,55.207889556884766,148.01959228515625,49.2044677734375,71.77534484863281,46.666080474853516
2022-03-30,174.17628479003906,303.6205139160156,166.30099487304688,140.7749786376953,226.07586669921875,27.639678955078125,364.663330078125,357.6099853515625,126.07392120361328,159.91221618652344,217.20693969726562,138.38372802734375,484.4832458496094,278.61395263671875,353.1802673339844,137.71685791015625,460.05999755859375,211.8300018310547,38.14699935913086,42.31360626220703,55.25230026245117,147.81716918945312,49.54033279418945,73.00397491455078,47.50285720825195
2022-03-31,171.08016967773438,298.2515869140625,162.99749755859375,137.92755126953125,220.62863159179688,27.23641014099121,359.20001220703125,352.9100036621094,122.28832244873047,157.81082153320312,215.09259033203125,136.95860290527344,474.3901672363281,270.367431640625,348.44183349609375,134.0042724609375,455.6199951171875,209.2479248046875,37.45899963378906,41.77299118041992,55.0657958984375,147.30674743652344,49.28401565551758,71.967041015625,47.20174789428711
2022-04-01,170.7862548828125,299.325439453125,163.55999755859375,139.0016632080078,223.09925842285156,26.6634578704834,361.5299987792969,351.8800048828125,121.38226318359375,158.66561889648438,219.54440307617188,139.01116943359375,476.8274230957031,272.6797180175781,354.8670349121094,133.8479461669922,458.19000244140625,209.17892456054688,37.34700012207031,41.611610412597656,55.8384895324707,149.40130615234375,49.19562530517578,72.42887878417969,47.86418533325195
2022-04-04,174.83273315429688,304.6943359375,168.34649658203125,141.79954528808594,232.06884765625,27.31027603149414,381.8166809082031,345.42999267578125,121.92051696777344,157.1341094970703,220.88282775878906,138.10586547851562,474.43670654296875,276.0126953125,357.7334899902344,135.39161682128906,468.80999755859375,215.68344116210938,39.150001525878906,41.10326385498047,55.545406341552734,149.01409912109375,49.38124084472656,72.4637222290039,47.87371063232422
2022-04-05,171.52108764648438,300.7377014160156,164.05499267578125,139.4385528564453,230.03480529785156,25.883874893188477,363.7533264160156,344.79998779296875,120.50166320800781,158.14920043945312,219.2825469970703,138.5898895263672,481.6367492675781,275.3623046875,354.2332763671875,132.49969482421875,458.5799865722656,207.09942626953125,38.01499938964844,41.345340728759766,55.48323440551758,149.17247009277344,48.873992919921875,72.08903503417969,48.00999069213867
2022-04-06,168.35638427734375,289.72900390625,158.75599670410156,135.4286651611328,221.56130981445312,24.362648010253906,348.586669921875,344.7099914550781,118.82978820800781,162.262939453125,212.4157257080078,140.57078552246094,494.6507568359375,269.65380859375,344.70758056640625,129.5198974609375,444.3299865722656,197.91429138183594,36.834999084472656,42.66056823730469,56.04276657104492,151.71591186523438,48.3845329284668,72.89069366455078,49.12569808959961
2022-04-07,168.6601104736328,291.5379333496094,157.7845001220703,134.7745819091797,221.21401977539062,24.16400909423828,352.4200134277344,346.510009765625,118.46830749511719,161.84446716308594,209.6417999267578,142.3903045654297,499.4878845214844,273.4565124511719,341.2806091308594,128.83599853515625,452.7200012207031,197.26385498046875,36.21500015258789,44.508365631103516,56.34474182128906,151.85671997070312,48.61591720581055,74.11062622070312,49.61698532104492
2022-04-08,166.6515350341797,287.28155517578125,154.4604949951172,132.19491577148438,220.59886169433594,23.076984405517578,341.8299865722656,353.1000061035156,120.63723754882812,162.1650390625,210.4468231201172,143.50173950195312,507.8692932128906,281.0075378417969,343.936279296875,128.83599853515625,445.3399963378906,194.31710815429688,35.5880012512207,44.51642990112305,56.69111633300781,152.36717224121094,48.30445098876953,75.67041015625,49.89274215698242
2022-04-11,162.39930725097656,275.95361328125,151.1219940185547,127.76750946044922,214.77456665039062,21.877168655395508,325.30999755859375,352.0199890136719,120.19439697265625,160.13482666015625,208.28395080566406,142.95501708984375,499.9437255859375,277.0423889160156,339.15216064453125,127.64405822753906,434.44000244140625,192.6219940185547,34.79999923706055,43.51588439941406,56.67335891723633,151.90074157714844,47.05857467651367,73.06497192382812,48.90382385253906
2022-04-12,164.27066040039062,272.85791015625,150.78750610351562,126.6676025390625,212.47265625,21.464920043945312,328.98333740234375,349.739990234375,118.87496948242188,160.1882781982422,205.0347900390625,142.52474975585938,496.47393798828125,276.65399169921875,337.61932373046875,127.82968139648438,426.7699890136719,191.99124145507812,34.40999984741211,42.854225158691406,57.33946990966797,152.5167694091797,46.115257263183594,74.58987426757812,48.567832946777344
2022-04-13,166.9552764892578,278.2365417480469,155.54100036621094,128.82920837402344,213.31602478027344,22.162647247314453,340.7900085449219,346.2200012207031,115.043212890625,160.864990234375,206.84854125976562,142.92808532714844,499.5343322753906,280.3843994140625,346.7384338378906,129.304931640625,431.6700134277344,192.88807678222656,35.042999267578125,42.84614944458008,57.4904670715332,152.25274658203125,46.408931732177734,75.6442642211914,49.832515716552734
2022-04-14,161.9485626220703,270.7007751464844,151.7064971923828,125.69117736816406,208.54345703125,21.2193660736084,328.3333435058594,344.3299865722656,113.9768295288086,160.1882781982422,206.38299560546875,142.13037109375,497.50653076171875,275.0552062988281,349.3550109863281,127.46820068359375,420.44000244140625,186.66940307617188,34.112998962402344,42.862300872802734,57.74802780151367,151.28466796875,45.53681564331055,76.5330581665039,49.78813171386719
2022-04-18,161.7330322265625,271.3681640625,152.78500366210938,126.6299057006836,209.12889099121094,21.743412017822266,334.7633361816406,346.6499938964844,116.0915298461914,158.19369506835938,206.75155639648438,140.7769317626953,496.8180847167969,271.16229248046875,348.3591003417969,124.83031463623047,425.4700012207031,184.30409240722656,33.7859992980957,41.8294677734375,57.2328987121582,149.98214721679688,45.483421325683594,77.16045379638672,49.40779113769531
2022-04-19,164.01593017578125,275.99224853515625,158.11549377441406,128.94329833984375,215.61793518066406,22.15765953063965,342.7166748046875,348.5,118.49542236328125,163.01980590820312,209.2053985595703,142.88327026367188,500.1855163574219,278.01788330078125,355.2619323730469,128.8652801513672,436.3999938964844,188.6207275390625,34.861000061035156,40.49002456665039,57.79243087768555,152.1647491455078,46.12416458129883,76.47206115722656,49.96879577636719
2022-04-20,163.84934997558594,277.0177001953125,153.9980010986328,126.99042510986328,198.85946655273438,21.442962646484375,325.73333740234375,348.82000732421875,118.91112518310547,163.74107360839844,211.2324676513672,146.68370056152344,507.9158630371094,284.6477355957031,356.64837646484375,121.70394897460938,428.1099853515625,183.535400390625,22.618999481201172,40.14305877685547,58.582908630371094,154.42654418945312,47.18316650390625,76.64633178710938,50.596397399902344
2022-04-21,163.0557403564453,271.6488037109375,148.29600524902344,123.7913589477539,186.60560607910156,20.146320343017578,336.260009765625,343.6000061035156,117.98931884765625,163.26914978027344,209.9327850341797,146.5692596435547,499.9437255859375,280.3301696777344,355.81842041015625,118.86090087890625,417.4800109863281,174.66561889648438,21.82200050354004,39.62664794921875,58.80493927001953,153.87208557128906,46.969573974609375,75.83595275878906,50.67246627807617
2022-04-22,158.5193328857422,265.08990478515625,144.35000610351562,118.65481567382812,182.67645263671875,19.479534149169922,335.01666259765625,335.55999755859375,114.60039520263672,161.64857482910156,201.90206909179688,145.34341430664062,484.59490966796875,271.0719299316406,342.8721008300781,115.54888916015625,408.6700134277344,168.9495391845703,21.552000045776367,38.83588409423828,57.952301025390625,151.50469970703125,45.705902099609375,74.18032836914062,49.71841049194336
2022-04-25,159.58731079101562,271.5616760253906,146.07400512695312,122.06512451171875,185.53404235839844,19.865833282470703,332.67333984375,336.95001220703125,114.56423950195312,165.62881469726562,203.62852478027344,146.51516723632812,487.6925354003906,275.4346618652344,346.2111511230469,117.19023132324219,413.95001220703125,172.04412841796875,20.990999221801758,39.49754333496094,58.56514358520508,152.90403747558594,46.222049713134766,71.67949676513672,49.74376678466797
2022-04-26,153.6302032470703,261.4043273925781,139.39100646972656,117.6773910522461,179.5410614013672,18.753854751586914,292.1400146484375,330.6499938964844,111.1753158569336,164.44451904296875,195.0449676513672,144.0273895263672,477.9344177246094,270.9364318847656,335.9693908691406,113.10640716552734,399.1199951171875,167.61907958984375,19.84000015258789,39.56209182739258,57.7746696472168,152.5167694091797,45.29653549194336,71.70561218261719,49.22395324707031
2022-04-27,153.40487670898438,273.98016357421875,138.16700744628906,113.35759735107422,173.58778381347656,18.381532669067383,293.836669921875,329.5799865722656,109.72935485839844,162.147216796875,207.6632080078125,143.63983154296875,477.9622802734375,272.417724609375,353.01629638671875,112.55929565429688,397.8999938964844,172.1525115966797,18.854000091552734,40.13499069213867,58.227638244628906,153.88088989257812,43.88158416748047,73.75335693359375,48.88797378540039
2022-04-28,160.33193969726562,280.18096923828125,144.59649658203125,117.55093383789062,204.1281280517578,19.746049880981445,292.5033264160156,331.2699890136719,111.46449279785156,163.35821533203125,214.01600646972656,147.2903289794922,487.8321228027344,281.5946960449219,369.86798095703125,112.637451171875,410.5299987792969,183.05250549316406,19.95199966430664,40.756290435791016,58.78717803955078,156.2130584716797,45.056270599365234,75.98409271240234,49.51238250732422
2022-04-29,154.4630126953125,268.466064453125,124.28150177001953,113.17411041259766,198.90907287597656,18.513294219970703,290.2533264160156,322.8299865722656,107.86768341064453,160.68692016601562,206.71273803710938,144.7124481201172,473.0692443847656,271.33392333984375,354.783447265625,109.06165313720703,395.95001220703125,173.394287109375,19.035999298095703,39.59437561035156,57.383888244628906,151.11746215820312,43.587913513183594,74.28489685058594,48.49176788330078
2022-05-02,154.76673889160156,275.18939208984375,124.5,115.62733459472656,209.486083984375,19.49749755859375,300.9800109863281,318.19000244140625,108.85275268554688,159.0663299560547,205.1609344482422,142.75653076171875,466.1856689453125,277.2681884765625,350.5461120605469,110.88864135742188,407.2900085449219,175.00070190429688,19.945999145507812,39.005332946777344,56.34474182128906,147.64117431640625,44.37103271484375,75.29571533203125,48.17164993286133
2022-05-03,156.2560577392578,272.5870361328125,124.25350189208984,116.37218475341797,210.37904357910156,19.566375732421875,303.0833435058594,318.989990234375,111.18434143066406,158.75466918945312,202.28033447265625,140.80056762695312,464.76226806640625,275.45263671875,349.3257141113281,110.93749237060547,407.5799865722656,175.7792510986328,19.98699951171875,39.77188491821289,56.02500915527344,147.8435821533203,44.4244270324707,76.84675598144531,48.33963394165039
2022-05-04,162.663818359375,280.51959228515625,125.92849731445312,121.2587890625,221.67044067382812,20.297046661376953,317.5400085449219,326.79998779296875,114.86247253417969,160.45541381835938,208.06089782714844,141.837158203125,472.2041931152344,284.80120849609375,359.8018798828125,113.5167465209961,423.3500061035156,182.79624938964844,20.400999069213867,40.070438385009766,57.756919860839844,153.00961303710938,45.90167999267578,79.90528106689453,49.0084228515625
2022-05-05,153.600830078125,268.3016357421875,116.40699768066406,115.55047607421875,206.6582489013672,18.809751510620117,291.09332275390625,318.67999267578125,111.9886474609375,157.39230346679688,199.06028747558594,139.22320556640625,460.2041931152344,270.1686096191406,345.0102233886719,110.01911926269531,400.510009765625,169.8069610595703,18.832000732421875,39.09410095214844,57.29507064819336,149.9557342529297,44.1485481262207,78.69405364990234,48.58852005004883
2022-05-06,154.32691955566406,265.7670593261719,114.77249908447266,114.79769897460938,202.18336486816406,18.641063690185547,288.54998779296875,318.8800048828125,111.80790710449219,157.04507446289062,196.7131805419922,140.6112823486328,464.76226806640625,265.8331298828125,338.90814208984375,107.75249481201172,391.010009765625,167.2445831298828,18.097000122070312,39.570167541503906,57.49934387207031,149.97335815429688,43.899383544921875,79.8965835571289,47.5769157409668
2022-05-09,149.20492553710938,255.94818115234375,108.78900146484375,111.5887222290039,194.6822509765625,16.9191951751709,262.3699951171875,312.9599914550781,110.12699127197266,157.89987182617188,187.18885803222656,140.25975036621094,452.4832763671875,268.28997802734375,320.23065185546875,104.5186538696289,376.9100036621094,161.2328338623047,17.309999465942383,39.247406005859375,57.383888244628906,151.10865783691406,43.57011413574219,73.59651947021484,48.13361358642578
2022-05-10,151.60888671875,260.707763671875,108.85900115966797,113.45726776123047,196.1110076904297,17.563026428222656,266.67999267578125,312.5299987792969,107.44295501708984,157.68614196777344,187.75137329101562,139.5206298828125,453.9623718261719,262.9879455566406,317.63360595703125,105.20254516601562,393.0299987792969,164.73147583007812,17.766000747680664,39.933265686035156,56.85098648071289,150.92385864257812,44.095157623291016,74.08448028564453,47.456031799316406
2022-05-11,143.7493133544922,252.04969787597656,105.37200164794922,112.6712875366211,187.27041625976562,16.599777221679688,244.6666717529297,311.5400085449219,106.76516723632812,156.8313446044922,190.79685974121094,137.55567932128906,452.23211669921875,255.58132934570312,318.1609191894531,102.78937530517578,379.3299865722656,158.93655395507812,16.636999130249023,39.90099334716797,57.117435455322266,150.19338989257812,43.29424285888672,75.62683868408203,46.95977783203125
2022-05-12,139.88330078125,247.01937866210938,106.93049621582031,111.91899108886719,189.75094604492188,16.145605087280273,242.6666717529297,308.05999755859375,106.67479705810547,158.38072204589844,188.48895263671875,136.99684143066406,445.3948974609375,261.66021728515625,313.6404113769531,101.91007995605469,388.489990234375,158.09884643554688,17.430999755859375,40.99104690551758,57.29507064819336,149.96456909179688,42.9738655090332,75.97015380859375,46.91523742675781
2022-05-13,144.34786987304688,252.60108947753906,113.05500030517578,115.09921264648438,197.07347106933594,17.6738224029541,256.5299987792969,310.3599853515625,107.62367248535156,157.47247314453125,193.60031127929688,138.46604919433594,451.5344543457031,267.38671875,324.9269104003906,104.860595703125,405.45001220703125,164.49493408203125,18.763999938964844,40.60871124267578,58.3697395324707,152.88638305664062,44.104061126708984,78.22371673583984,47.0965690612793
2022-05-16,142.807373046875,252.96871948242188,110.81050109863281,113.50686645507812,198.48240661621094,17.23262596130371,241.4566650390625,309.2900085449219,106.87361145019531,158.5677032470703,192.22042846679688,139.81808471679688,455.0879211425781,267.3505859375,321.9295349121094,102.76006317138672,402.8599853515625,161.7453155517578,18.650999069213867,41.21881866455078,58.582908630371094,154.42654418945312,43.605709075927734,80.06354522705078,47.14746856689453
2022-05-17,146.43789672851562,258.1152038574219,115.36849975585938,115.51824188232422,201.0423126220703,18.143970489501953,253.8699951171875,314.6000061035156,110.41618347167969,159.22662353515625,198.2355499267578,139.42149353027344,458.16693115234375,271.8306884765625,330.8435363769531,106.14045715332031,409.6499938964844,161.3609619140625,19.055999755859375,41.76385498046875,58.423030853271484,153.5376739501953,45.02956771850586,81.08468627929688,41.78409194946289
2022-05-18,138.1759796142578,246.36328125,107.11250305175781,110.98222351074219,190.7431640625,16.90721893310547,236.60333251953125,306.6400146484375,108.52741241455078,156.2703857421875,194.3388671875,130.7324676513672,438.4925537109375,257.5865173339844,327.9535217285156,101.90030670166016,397.8800048828125,155.05355834960938,17.7189998626709,40.99918746948242,54.35527038574219,144.02406311035156,43.03616714477539,79.7994613647461,38.9465217590332
2022-05-19,134.77114868164062,245.45181274414062,107.31900024414062,109.47915649414062,189.80056762695312,17.092884063720703,236.47332763671875,304.1499938964844,106.9188003540039,154.88131713867188,191.7928466796875,127.721923828125,445.162353515625,259.9169006347656,324.3606262207031,100.7669906616211,394.3800048828125,153.34860229492188,18.347999572753906,41.20254898071289,53.28947067260742,141.86790466308594,37.12714767456055,80.23080444335938,37.87765884399414
2022-05-20,135.00660705566406,244.8894500732422,107.59100341796875,108.0152587890625,192.03302001953125,16.663660049438477,221.3000030517578,304.04998779296875,106.04219055175781,157.58819580078125,193.4059600830078,127.80305480957031,451.8413391113281,259.4020690917969,328.2269287109375,100.06356048583984,399.0899963378906,157.33998107910156,18.635000228881836,42.683082580566406,54.15987014770508,142.7567596435547,38.21284103393555,80.86463928222656,37.91902160644531
2022-05-23,140.42298889160156,252.73373413085938,107.55699920654297,110.57411193847656,194.70208740234375,16.86728858947754,224.96665954589844,310.20001220703125,112.60318756103516,160.80540466308594,201.69497680664062,130.74148559570312,457.74835205078125,258.35430908203125,340.1871337890625,103.39510345458984,406.760009765625,158.00030517578125,18.743999481201172,43.016605377197266,55.82960510253906,145.7401885986328,38.577701568603516,82.65164947509766,39.000606536865234
2022-05-24,137.72459411621094,251.73497009277344,104.0999984741211,105.1013412475586,179.86846923828125,16.12464141845703,209.3866729736328,309.1700134277344,114.19373321533203,162.56187438964844,196.90426635742188,133.06695556640625,462.8460693359375,260.0614013671875,332.6302490234375,99.25264739990234,398.4100036621094,154.65936279296875,18.034000396728516,43.447750091552734,56.85987091064453,147.6939697265625,38.95146560668945,83.1006088256836,39.487308502197266
2022-05-25,137.88160705566406,254.54689025878906,106.7750015258789,104.93769073486328,182.39862060546875,16.944150924682617,219.60000610351562,308.6400146484375,114.9889907836914,160.96669006347656,198.0800323486328,130.8856658935547,463.3391418457031,265.16473388671875,336.6039123535156,100.88423919677734,402.5,157.33998107910156,18.783000946044922,43.69179153442383,56.90427780151367,148.70603942871094,39.15614318847656,84.77317810058594,39.245548248291016
2022-05-26,141.0803985595703,257.82427978515625,111.07749938964844,106.90890502929688,190.13790893554688,17.818557739257812,235.91000366210938,312.5,116.97716522216797,160.8232879638672,202.65696716308594,132.03041076660156,467.19012451171875,273.5107116699219,341.612548828125,103.18016815185547,408.6000061035156,160.10934448242188,19.139999389648438,43.919559478759766,57.108551025390625,149.7093505859375,40.03716278076172,85.07246398925781,40.082191467285156
2022-05-27,146.83035278320312,264.94134521484375,115.14649963378906,111.39582061767578,193.61065673828125,18.77681541442871,253.2100067138672,319.1099853515625,118.63097381591797,162.2840576171875,206.8646240234375,134.04942321777344,471.729736328125,278.61395263671875,349.31591796875,106.8048095703125,428.2200012207031,162.71116638183594,19.518999099731445,43.854488372802734,57.4460563659668,151.17025756835938,40.597801208496094,85.90877532958984,40.8711051940918
2022-05-31,146.04537963867188,263.6129455566406,120.20950317382812,112.82946014404297,192.13226318359375,18.638071060180664,252.75332641601562,315.9800109863281,119.49854278564453,160.88604736328125,206.17465209960938,133.29229736328125,462.12042236328125,273.4565124511719,349.40386962890625,107.89904022216797,416.4800109863281,157.92144775390625,19.743999481201172,43.14676284790039,56.29145050048828,147.6323699951172,40.090553283691406,84.50907897949219,40.91881561279297
2022-06-01,145.91786193847656,264.1462707519531,121.68399810791016,112.9583969116211,187.1711883544922,18.286706924438477,246.7899932861328,312.2099914550781,117.40193176269531,159.25503540039062,203.99795532226562,131.2732391357422,458.18560791015625,270.1297607421875,348.6129150390625,106.67780303955078,418.1600036621094,173.52239990234375,19.291000366210938,42.60173416137695,56.01612091064453,146.5234832763672,40.250736236572266,86.12882995605469,39.9072265625
2022-06-02,148.37088012695312,266.24066162109375,125.51100158691406,116.65831756591797,197.31161499023438,19.5563907623291,258.3333435058594,314.95001220703125,119.29069519042969,158.75320434570312,208.9733123779297,132.68838500976562,457.91583251953125,278.0194091796875,354.4905090332031,108.31914520263672,441.2799987792969,185.67398071289062,20.509000778198242,42.85390853881836,56.60230255126953,147.71096801757812,40.74909591674805,85.97917938232422,40.56253433227539
2022-06-03,142.65037536621094,261.81915283203125,122.3499984741211,113.60208129882812,189.29449462890625,18.685976028442383,234.51666259765625,310.94000244140625,117.62783813476562,158.0990447998047,206.64114379882812,131.49859619140625,451.7297668457031,277.30133056640625,349.3550109863281,106.16976928710938,429.760009765625,182.23451232910156,19.898000717163086,43.276920318603516,55.927303314208984,146.08921813964844,40.26853561401367,87.22921752929688,39.865867614746094
2022-06-06,143.3961181640625,260.58770751953125,124.79000091552734,115.86289978027344,192.73748779296875,18.751859664916992,238.27999877929688,312.1499938964844,117.23924255371094,158.0811004638672,206.9229278564453,130.98484802246094,455.98089599609375,276.2197570800781,351.6201171875,105.34908294677734,429.4599914550781,180.22402954101562,19.714000701904297,43.32572555541992,55.8384895324707,146.70069885253906,40.339725494384766,87.0091323852539,39.722721099853516
2022-06-07,145.91786193847656,264.2237854003906,123.0,116.18919372558594,194.1265869140625,18.891603469848633,238.8866729736328,313.6499938964844,117.54651641845703,159.8196258544922,208.43881225585938,132.4450225830078,462.41815185546875,274.2926940917969,355.40826416015625,105.31001281738281,433.4200134277344,184.44210815429688,19.861000061035156,43.89516067504883,56.175987243652344,147.6046600341797,40.55330276489258,90.99691009521484,39.245548248291016
2022-06-08,145.1819305419922,262.1972961425781,121.18000030517578,116.23334503173828,195.10888671875,18.61804962158203,241.86666870117188,308.739990234375,115.67581176757812,158.8697052001953,207.46710205078125,130.79551696777344,459.09716796875,270.4388122558594,353.7582702636719,104.870361328125,428.8399963378906,186.4525604248047,20.283000946044922,43.496551513671875,55.85625076293945,146.8690948486328,39.9748649597168,92.07086944580078,38.90517044067383
2022-06-09,139.96180725097656,256.7480163574219,116.1500015258789,113.89418029785156,182.5673065185547,18.019010543823242,239.7066650390625,300.79998779296875,113.24479675292969,155.6704559326172,200.285888671875,128.4340057373047,455.28326416015625,272.5566711425781,340.7437438964844,100.9233169555664,426.4200134277344,184.4026641845703,19.277000427246094,42.12178421020508,54.888160705566406,144.2548370361328,39.387516021728516,90.08140563964844,38.49797821044922
2022-06-10,134.55526733398438,245.30638122558594,109.6500015258789,110.25028991699219,174.2029571533203,16.94673728942871,232.22999572753906,291.7099914550781,108.03941345214844,154.63092041015625,193.87240600585938,127.94725036621094,450.8181457519531,262.9036560058594,326.830810546875,97.11305236816406,393.8399963378906,175.8679656982422,18.29400062561035,40.64939498901367,54.54178237915039,144.0244140625,38.702293395996094,88.43522644042969,38.714298248291016
2022-06-13,129.40382385253906,234.9022674560547,103.66999816894531,105.52037048339844,162.98101806640625,15.621866226196289,215.73666381835938,281.55999755859375,104.82217407226562,153.0716094970703,186.8273162841797,124.52210998535156,436.9298400878906,257.3772277832031,312.17584228515625,93.50794982910156,371.6499938964844,163.62770080566406,16.9689998626709,38.973628997802734,54.4796028137207,141.56077575683594,38.479820251464844,84.37703704833984,37.98582077026367
2022-06-14,130.26731872558594,237.0645294189453,102.30999755859375,105.84072875976562,162.45510864257812,15.810563087463379,220.88999938964844,277.6400146484375,103.07799530029297,150.7237091064453,188.05166625976562,120.63726043701172,429.5344543457031,253.29608154296875,314.51910400390625,92.0522232055664,370.82000732421875,162.070556640625,16.753999710083008,38.98176193237305,52.98566818237305,138.3527374267578,38.1861457824707,84.59711456298828,38.00171661376953
2022-06-15,132.8871612548828,244.11373901367188,107.66999816894531,108.86474609375,168.0313720703125,16.500450134277344,233.0,278.92999267578125,104.29802703857422,152.33676147460938,190.61709594726562,119.43846893310547,431.9344177246094,254.25961303710938,317.6921691894531,93.67402648925781,376.9200134277344,166.11122131347656,18.01099967956543,39.46171569824219,53.379276275634766,139.8326873779297,38.97815704345703,83.5319595336914,37.976280212402344
2022-06-16,127.61799621582031,237.52996826171875,103.66000366210938,105.16431427001953,159.617431640625,15.57593822479248,213.10000610351562,268.55999755859375,102.50865173339844,152.4174041748047,183.70799255371094,120.16857147216797,425.7823486328125,248.56044006347656,301.4751281738281,92.11084747314453,365.0799865722656,157.53712463378906,17.334999084472656,38.623836517333984,52.842533111572266,139.15919494628906,38.55100631713867,80.45088958740234,38.37073516845703
2022-06-17,129.08984375,240.1285400390625,106.22000122070312,106.26521301269531,162.46505737304688,15.854490280151367,216.75999450683594,268.0799865722656,102.14716339111328,151.86183166503906,184.640869140625,119.30328369140625,422.02008056640625,246.07904052734375,303.3399963378906,92.1694564819336,360.7900085449219,160.8977508544922,17.551000595092773,37.85103225708008,53.164581298828125,139.18580627441406,38.61330795288086,75.81168365478516,37.62953186035156
2022-06-21,133.31890869140625,246.03363037109375,108.68000030517578,110.62965393066406,155.82713317871094,16.539390563964844,237.0366668701172,271.7699890136719,104.67757415771484,155.0431365966797,188.89707946777344,122.91770935058594,448.40228271484375,244.6883544921875,309.8912353515625,91.14362335205078,362.989990234375,164.41610717773438,17.090999603271484,39.136329650878906,54.300697326660156,142.42039489746094,39.28073501586914,80.53011322021484,38.86381149291992
2022-06-22,132.8087158203125,245.44210815429688,108.94999694824219,110.57362365722656,154.63650512695312,16.33371925354004,236.086669921875,269.7900085449219,104.09016418457031,157.48963928222656,188.3431854248047,124.83757781982422,457.1402282714844,244.48843383789062,308.6708068847656,91.34879302978516,365.3299865722656,165.02713012695312,17.888999938964844,39.91726303100586,54.70325469970703,143.5901641845703,38.77349090576172,77.34341430664062,38.393009185791016
2022-06-23,135.67384338378906,250.99806213378906,112.44000244140625,111.32191467285156,157.513916015625,16.198938369750977,235.07000732421875,267.5199890136719,102.95146942138672,161.00254821777344,191.08351135253906,128.26275634765625,466.59710693359375,250.34205627441406,309.2663879394531,92.13038635253906,376.6400146484375,170.54611206054688,18.17099952697754,40.747005462646484,55.35628890991211,145.42459106445312,38.20393753051758,75.0106201171875,39.325069427490234
2022-06-24,139.0001983642578,259.56964111328125,116.45999908447266,117.00792694091797,168.8350830078125,17.098491668701172,245.7066650390625,278.2799987792969,106.02410888671875,163.35940551757812,199.70286560058594,130.11050415039062,462.7042236328125,257.23187255859375,322.68133544921875,95.53031158447266,387.7200012207031,183.22987365722656,19.084999084472656,41.96722412109375,56.39400100708008,147.22360229492188,39.24514389038086,76.49832916259766,39.35689163208008
2022-06-27,139.0001983642578,256.8450012207031,113.22000122070312,114.88399505615234,168.1702880859375,16.841903686523438,244.9199981689453,278.3999938964844,105.17462921142578,163.2070770263672,197.80795288085938,129.11903381347656,472.05841064453125,256.9500427246094,321.05078125,94.38724517822266,381.07000732421875,178.6865692138672,18.913999557495117,42.203125,56.2776985168457,147.41854858398438,38.95146560668945,78.37336730957031,39.484134674072266
2022-06-28,134.8594207763672,248.69039916992188,107.4000015258789,111.08934783935547,159.4288787841797,15.956329345703125,232.663330078125,273.8599853515625,104.66854095458984,158.5650177001953,192.52169799804688,127.01885223388672,474.6536560058594,245.5518341064453,310.7601318359375,93.71310424804688,365.6300048828125,168.97909545898438,17.959999084472656,41.21068572998047,55.714115142822266,145.34481811523438,38.31963348388672,80.54771423339844,38.92744064331055
2022-06-29,136.61581420898438,252.35560607910156,108.91999816894531,110.78585815429688,162.66351318359375,15.517033576965332,228.49000549316406,273.489990234375,104.1986083984375,158.60984802246094,193.8627166748047,128.17259216308594,481.4405822753906,248.9331512451172,314.95843505859375,93.44933319091797,368.5,168.1414031982422,17.836000442504883,41.4384651184082,56.11668395996094,147.75526428222656,38.159446716308594,77.57229614257812,38.784278869628906
2022-06-30,134.15296936035156,249.0297393798828,106.20999908447266,108.06979370117188,159.99444580078125,15.134649276733398,224.47332763671875,273.0199890136719,101.76761627197266,159.0758056640625,191.3264617919922,129.60574340820312,479.4988098144531,249.29666137695312,308.0166320800781,92.22808837890625,366.05999755859375,162.65199279785156,17.48699951171875,42.650543212890625,56.2776985168457,147.69326782226562,37.94586181640625,75.38914489746094,38.67612838745117
2022-07-01,136.3214569091797,251.69619750976562,109.55999755859375,107.84615325927734,158.783935546875,14.49967098236084,227.26333618164062,277.5,103.0689697265625,160.87710571289062,193.55172729492188,131.69688415527344,483.0182189941406,253.66876220703125,310.7113342285156,93.92805480957031,368.4800109863281,165.76626586914062,17.9950008392334,42.552921295166016,57.59273147583008,150.11256408691406,37.9102668762207,77.07052612304688,39.0101432800293
2022-07-05,138.9020538330078,254.86691284179688,113.5,112.33454895019531,166.88038635253906,14.939962387084961,233.06666564941406,275.69000244140625,102.67692565917969,159.64039611816406,194.873291015625,130.4259796142578,471.66632080078125,257.8953857421875,311.70721435546875,94.94412994384766,376.489990234375,169.70838928222656,18.58799934387207,42.00788879394531,56.60869216918945,149.77581787109375,37.676815032958984,74.65848541259766,39.525489807128906
2022-07-06,140.2365264892578,258.1247863769531,114.33000183105469,113.63282012939453,168.44810485839844,15.105697631835938,231.73333740234375,275.6499938964844,102.0113754272461,159.78379821777344,195.43692016601562,131.642822265625,481.0483703613281,257.7590026855469,312.595703125,93.86943817138672,382.8299865722656,170.2307586669922,18.4060001373291,42.910850524902344,56.72499084472656,151.27349853515625,38.33229064941406,73.31163024902344,39.80542755126953
2022-07-07,143.6021270751953,260.24835205078125,116.33000183105469,117.80929565429688,170.84927368164062,15.832527160644531,244.5433349609375,279.2799987792969,104.59151458740234,159.9630126953125,197.06942749023438,131.59774780273438,480.1989440917969,260.5858154296875,316.8883972167969,95.1883773803711,390.8900146484375,174.08416748046875,18.927000045776367,43.45587921142578,56.2776985168457,150.97219848632812,38.80818557739258,75.65325164794922,39.865867614746094
2022-07-08,144.27919006347656,259.53082275390625,115.54000091552734,118.37512969970703,169.54946899414062,15.8125581741333,250.76333618164062,280.8299865722656,104.2633056640625,159.765869140625,197.8177032470703,130.71441650390625,484.1665344238281,260.3858947753906,315.9007568359375,93.65449523925781,389.44000244140625,172.96066284179688,18.697999954223633,43.25251007080078,56.483455657958984,152.31918334960938,38.96084976196289,75.77648162841797,39.89131546020508
2022-07-11,142.14993286132812,256.47650146484375,111.75,114.728271484375,161.61175537109375,15.127662658691406,234.3433380126953,278.510009765625,102.89573669433594,159.82861328125,199.26559448242188,131.63380432128906,482.59820556640625,260.31317138671875,317.0057678222656,91.48556518554688,384.1600036621094,171.83714294433594,17.733999252319336,43.02473449707031,56.304542541503906,151.06967163085938,38.83513259887695,75.38914489746094,39.9072265625
2022-07-12,143.12135314941406,245.96572875976562,109.22000122070312,113.08585357666016,161.99871826171875,15.05777359008789,233.07000732421875,277.2799987792969,102.99600982666016,157.58824157714844,199.03237915039062,130.47103881835938,480.2362976074219,259.1588134765625,315.70526123046875,91.44647979736328,375.5400085449219,163.92335510253906,17.44499969482422,42.33328628540039,56.06299591064453,150.21002197265625,38.48493957519531,74.38558959960938,39.786338806152344
2022-07-13,142.75828552246094,245.04458618164062,110.4000015258789,110.44070434570312,162.21702575683594,15.139641761779785,237.0399932861328,277.4700012207031,102.02960205078125,157.2207794189453,198.3812713623047,131.3273468017578,467.9320983886719,261.03125,316.2038879394531,90.80167388916016,371.94000244140625,161.12445068359375,17.6560001373291,42.12992477416992,55.80358123779297,150.7417755126953,38.341270446777344,74.68490600585938,39.88176727294922
2022-07-14,145.6823272705078,246.36328125,110.62999725341797,109.46278381347656,156.81936645507812,15.347306251525879,238.31333923339844,274.4100036621094,98.4648208618164,157.43585205078125,200.09158325195312,130.9397430419922,469.0431213378906,263.1217956542969,317.8271484375,89.72698974609375,372.9599914550781,158.7098846435547,17.47800064086914,41.80452346801758,55.62466812133789,151.52162170410156,38.0090446472168,73.18839263916016,40.6611442565918
2022-07-15,147.3504180908203,248.92315673828125,113.55000305175781,110.86123657226562,163.41757202148438,15.736681938171387,240.06666564941406,278.4800109863281,102.97779083251953,159.7210235595703,204.10484313964844,130.7594757080078,494.54766845703125,265.78497314453125,325.2000732421875,93.00968170166016,379.8599853515625,164.95816040039062,18.910999298095703,42.09737777709961,55.910926818847656,151.6456756591797,38.673500061035156,74.4207992553711,41.05878829956055
2022-07-18,144.30865478515625,246.528076171875,113.76000213623047,108.1362533569336,165.92788696289062,16.075138092041016,240.54666137695312,276.260009765625,101.92019653320312,156.13645935058594,201.35484313964844,129.17312622070312,484.85736083984375,266.36676025390625,323.6746520996094,93.4981689453125,375.2300109863281,165.46075439453125,19.091999053955078,41.28390121459961,55.15053939819336,149.11119079589844,38.2514762878418,75.7940902709961,40.963348388671875
2022-07-19,148.164794921875,251.6477508544922,118.20999908447266,112.87706756591797,174.41128540039062,16.964704513549805,245.52999877929688,283.54998779296875,104.4456558227539,153.8602294921875,207.62257385253906,129.8311004638672,498.0016784667969,272.5293884277344,332.8370056152344,97.3182144165039,387.8299865722656,171.29510498046875,20.163000106811523,41.78825378417969,55.93777084350586,150.70632934570312,39.53550720214844,77.70433807373047,41.21466827392578
2022-07-20,150.16653442382812,254.3044891357422,122.7699966430664,112.9663314819336,181.66436767578125,17.77839469909668,247.5,286.0400085449219,104.42739868164062,152.98204040527344,207.34075927734375,127.58670806884766,484.9507141113281,274.77447509765625,333.70721435546875,100.97217559814453,401.489990234375,179.8101043701172,21.643999099731445,41.340843200683594,55.016361236572266,149.11119079589844,39.62529754638672,78.5582275390625,41.558223724365234
2022-07-21,152.43313598632812,256.7964782714844,124.62999725341797,113.40271759033203,181.74375915527344,18.021007537841797,271.7066650390625,286.8500061035156,105.13854217529297,153.5196533203125,210.0811004638672,127.7073745727539,487.7419738769531,277.2286071777344,339.2319641113281,101.78306579589844,408.9100036621094,182.6681671142578,22.38800048828125,41.58488082885742,54.891117095947266,149.33273315429688,40.02936935424805,77.24657440185547,42.16581726074219
2022-07-22,151.1968231201172,252.4525146484375,122.41999816894531,107.01551055908203,167.95199584960938,17.291181564331055,272.24334716796875,285.92999267578125,104.62799835205078,154.2455291748047,207.66143798828125,129.7485809326172,486.76177978515625,278.6739196777344,336.2593994140625,100.3566665649414,401.8999938964844,179.82980346679688,22.04400062561035,41.67436599731445,55.096858978271484,150.3075408935547,39.921607971191406,76.65679168701172,42.05766296386719
2022-07-25,150.0782012939453,250.968994140625,121.13999938964844,106.62872314453125,165.35240173339844,16.996654510498047,268.4333190917969,287.989990234375,105.04737091064453,154.55026245117188,208.21534729003906,130.6285858154297,494.2861633300781,278.27398681640625,336.58209228515625,100.32734680175781,391.9599914550781,174.7247772216797,21.85099983215332,42.113651275634766,55.63360595703125,150.52020263671875,39.813865661621094,79.20966339111328,41.99722671508789
2022-07-26,148.7536163330078,244.24948120117188,114.80999755859375,104.15912628173828,157.91079711914062,16.50644302368164,258.8599853515625,285.30999755859375,103.40628814697266,155.6435546875,206.48565673828125,130.88258361816406,496.2653503417969,271.0296630859375,333.71697998046875,97.48429870605469,379.260009765625,167.99359130859375,21.391000747680664,42.5447883605957,56.54607009887695,152.27488708496094,39.35592269897461,78.90154266357422,38.80337142944336
2022-07-27,153.84613037109375,260.5780334472656,120.97000122070312,112.13321685791016,168.25955200195312,17.76142692565918,274.82000732421875,290.29998779296875,105.06560516357422,155.21339416503906,204.5227508544922,132.12545776367188,499.08465576171875,271.69317626953125,335.66290283203125,101.11871337890625,392.7799987792969,177.69119262695312,22.674999237060547,42.260066986083984,56.367156982421875,152.0621795654297,40.08323287963867,80.60932922363281,40.26987075805664
2022-07-28,154.39561462402344,268.0150451660156,122.27999877929688,113.2837142944336,159.46856689453125,17.955110549926758,280.8999938964844,293.8999938964844,104.67357635498047,156.10955810546875,205.37783813476562,134.32089233398438,505.50738525390625,272.34765625,344.6394958496094,102.48651123046875,403.5,178.6668701171875,22.601999282836914,41.57965850830078,57.306461334228516,154.9423370361328,40.96320343017578,81.55126190185547,41.275108337402344
2022-07-29,159.4586944580078,272.2135925292969,134.9499969482422,115.36649322509766,157.8612060546875,18.13382339477539,297.1499938964844,300.6000061035156,105.17500305175781,156.39634704589844,206.11639404296875,126.0199966430664,506.30096435546875,273.538330078125,345.94976806640625,103.65888977050781,410.1199951171875,181.35739135742188,22.489999771118164,41.40748596191406,57.40487289428711,155.0486602783203,40.73872756958008,85.3277587890625,42.00676345825195
2022-08-01,158.4774627685547,269.56646728515625,135.38999938964844,113.91846466064453,158.68472290039062,18.411378860473633,297.27667236328125,295.8599853515625,104.12654876708984,155.8496856689453,205.38760375976562,129.6396942138672,499.80352783203125,277.9739990234375,342.7718505859375,103.77613830566406,411.0899963378906,180.33242797851562,22.621000289916992,41.48947525024414,57.71796417236328,156.81219482421875,40.65790939331055,83.1710205078125,42.16264343261719
2022-08-02,157.0056610107422,266.4733581542969,134.16000366210938,114.18624114990234,158.94268798828125,18.496240615844727,300.586669921875,292.1700134277344,102.50370025634766,154.96249389648438,200.43165588378906,128.77786254882812,499.87811279296875,273.3293151855469,341.2757568359375,102.3008804321289,409.9599914550781,181.13067626953125,22.142000198364258,40.73526382446289,56.93074035644531,155.5183563232422,40.33465576171875,82.81008911132812,42.20717239379883
2022-08-03,163.01077270507812,273.8909912109375,139.52000427246094,117.11207580566406,167.48568725585938,18.86264991760254,307.39666748046875,294.9599914550781,103.57952880859375,156.45904541015625,202.58892822265625,131.43597412109375,504.7232360839844,278.4738464355469,346.2822570800781,106.51170349121094,424.5400085449219,186.90589904785156,22.67300033569336,40.874629974365234,57.18122482299805,156.70584106445312,41.04402160644531,80.12516784667969,41.5136833190918
2022-08-04,162.69677734375,275.03515625,142.57000732421875,117.22118377685547,169.24188232421875,19.18413734436035,308.6333312988281,292.9100036621094,102.43987274169922,153.94985961914062,207.43795776367188,131.22732543945312,498.2818298339844,279.2010803222656,348.1792297363281,105.6324234008789,430.5899963378906,188.5024871826172,22.990999221801758,40.874629974365234,56.95758056640625,155.85511779785156,40.747711181640625,76.75361633300781,39.94538879394531
2022-08-05,162.4707794189453,274.31768798828125,140.8000030517578,116.50707244873047,165.80882263183594,18.95849609375,288.1700134277344,292.07000732421875,105.53970336914062,153.34046936035156,209.7701416015625,131.29083251953125,499.5047302246094,281.4916687011719,349.5873718261719,104.17668914794922,433.42999267578125,187.4183807373047,22.67799949645996,40.39095687866211,56.698158264160156,154.68533325195312,40.41546630859375,77.86279296875,40.266693115234375
2022-08-08,161.99911499023438,271.8063049316406,139.41000366210938,116.33847045898438,168.9243621826172,17.76441764831543,290.42333984375,292.3399963378906,104.25418853759766,152.52496337890625,207.29225158691406,131.789794921875,500.94232177734375,283.56396484375,344.3559875488281,106.59964752197266,434.3399963378906,187.0044708251953,23.349000930786133,40.63688659667969,56.33137512207031,154.06500244140625,40.4244499206543,78.30294799804688,40.59434127807617
2022-08-09,162.04824829101562,273.7262268066406,137.8300018310547,115.6739501953125,167.21774291992188,17.058555603027344,283.3333435058594,292.7699890136719,105.19324493408203,152.5070343017578,204.31863403320312,131.48133850097656,501.55859375,277.41949462890625,338.86041259765625,105.64218139648438,426.57000732421875,179.60311889648438,22.993999481201172,40.80904769897461,56.4029426574707,154.64102172851562,40.33465576171875,79.74663543701172,40.99516677856445
2022-08-10,166.2930450439453,280.3778381347656,142.69000244140625,118.71878051757812,176.95140075683594,18.06792640686035,294.3566589355469,295.1099853515625,107.93750762939453,152.9461669921875,206.10667419433594,132.7242431640625,501.98797607421875,283.2095031738281,345.54888916015625,109.84326171875,438.3999938964844,185.88096618652344,24.410999298095703,40.94841003417969,56.93968963623047,155.91717529296875,41.32237243652344,80.50370788574219,41.081050872802734
2022-08-11,165.55609130859375,278.3028564453125,140.63999938964844,117.86582946777344,176.10800170898438,17.913177490234375,286.6300048828125,296.4700012207031,109.53298950195312,149.78273010253906,205.478759765625,131.78073120117188,497.4509582519531,282.40057373046875,342.81097412109375,114.98223876953125,434.8900146484375,184.0281524658203,24.270000457763672,39.58757019042969,56.55502700805664,155.1195526123047,41.214622497558594,82.83251190185547,41.477230072021484
2022-08-12,169.1032257080078,283.0443115234375,143.5500030517578,120.68256378173828,179.09454345703125,18.67894744873047,300.0299987792969,301.54998779296875,111.34728240966797,148.13381958007812,205.72215270996094,133.0598907470703,507.5706481933594,286.2181701660156,346.4190673828125,118.7729721069336,445.6700134277344,187.14244079589844,24.93000030517578,41.0795783996582,56.984413146972656,157.14894104003906,41.85214614868164,83.55249786376953,42.2440299987793
2022-08-15,170.1742401123047,284.5569763183594,143.17999267578125,121.07929992675781,179.4815216064453,19.00143051147461,309.32000732421875,302.82000732421875,111.64816284179688,148.841796875,210.6770782470703,134.7745361328125,508.44818115234375,285.9635925292969,351.9732360839844,121.40108489990234,451.0199890136719,188.29550170898438,24.910999298095703,40.78445053100586,57.7000732421875,158.87704467773438,41.83418655395508,82.0591812133789,42.36544418334961
2022-08-16,170.0170135498047,283.8200378417969,144.77999877929688,120.702392578125,178.0725860595703,18.848674774169922,306.5633239746094,306.6499938964844,112.7148666381836,150.16807556152344,211.37796020507812,136.01739501953125,509.8297119140625,297.57086181640625,351.2887268066406,122.0849609375,447.55999755859375,186.8467559814453,24.569000244140625,40.874629974365234,58.17420959472656,159.79867553710938,41.99581527709961,81.29476165771484,44.528438568115234
2022-08-17,171.5106201171875,283.07183837890625,142.10000610351562,118.57003784179688,173.48855590820312,18.3055477142334,303.9966735839844,304.260009765625,111.76668548583984,150.17703247070312,208.82748413085938,135.3914031982422,508.7843017578125,296.0983581542969,347.4556579589844,119.98443603515625,437.82000732421875,185.24037170410156,24.114999771118164,40.39095687866211,58.040016174316406,159.7100372314453,41.897037506103516,81.95252990722656,44.57636260986328
2022-08-18,171.11749267578125,281.95440673828125,142.3000030517578,119.18494415283203,173.30003356933594,18.742847442626953,302.8699951171875,304.2699890136719,110.9005355834961,149.45118713378906,209.5381622314453,135.8722381591797,508.989501953125,295.5985107421875,349.44061279296875,119.84765625,439.0299987792969,185.21080017089844,24.517000198364258,39.82530212402344,58.344173431396484,159.86956787109375,44.33041763305664,83.89024353027344,44.43259048461914
2022-08-19,168.53334045410156,278.0482177734375,138.22999572753906,116.24920654296875,166.6521759033203,17.820331573486328,296.6666564941406,297.2799987792969,108.15630340576172,151.7273712158203,207.17262268066406,135.83592224121094,511.8835754394531,292.0626525878906,346.428955078125,117.37586212158203,425.05999755859375,181.1110076904297,24.115999221801758,40.29258346557617,58.299442291259766,159.66571044921875,43.72880554199219,83.62360382080078,43.77761459350586
2022-08-22,164.65213012695312,269.8860168457031,133.22000122070312,113.30353546142578,161.7804412841797,17.00663948059082,289.913330078125,288.69000244140625,106.36933898925781,151.19509887695312,203.0743408203125,135.47303771972656,508.3827209472656,283.78216552734375,337.8532409667969,113.27250671386719,411.3500061035156,174.4192352294922,22.65399932861328,40.087623596191406,57.431705474853516,158.14149475097656,42.83986282348633,83.56137084960938,42.99485397338867
2022-08-23,164.31800842285156,268.6131591796875,133.6199951171875,112.9266586303711,159.85556030273438,17.15340232849121,296.4533386230469,289.6499938964844,105.32088470458984,149.87794494628906,201.3123779296875,132.86029052734375,500.1955261230469,278.9556579589844,333.335693359375,112.21734619140625,410.4100036621094,173.45339965820312,22.454999923706055,39.35802459716797,57.49432373046875,158.07058715820312,42.57048416137695,87.10790252685547,42.8127326965332
2022-08-24,164.61280822753906,267.98150634765625,133.8000030517578,112.758056640625,161.98880004882812,17.194337844848633,297.0966796875,293.5199890136719,105.57617950439453,149.3817138671875,201.18582153320312,132.28875732421875,500.8116149902344,280.05548095703125,332.1817932128906,113.731689453125,405.6499938964844,177.40541076660156,22.961000442504883,38.882545471191406,57.5748291015625,158.85931396484375,42.265193939208984,87.6234359741211,43.122650146484375
2022-08-25,167.06927490234375,270.95489501953125,137.27999877929688,115.69379425048828,167.46580505371094,17.884225845336914,296.07000732421875,298.1300048828125,108.08338165283203,150.7801055908203,204.25222778320312,132.17990112304688,505.58209228515625,281.5733947753906,337.03192138671875,114.75753021240234,403.92999267578125,171.39364624023438,23.398000717163086,39.26784896850586,57.852149963378906,158.8681640625,42.44477844238281,88.0767593383789,43.410194396972656
2022-08-26,160.7708740234375,260.4995422363281,130.75,109.43551635742188,160.5203399658203,16.23388671875,288.0899963378906,289.9599914550781,104.54592895507812,148.1999053955078,197.50611877441406,129.08631896972656,494.0807800292969,270.9569091796875,324.603515625,111.44552612304688,381.0199890136719,162.83926391601562,22.327999114990234,38.382469177246094,56.45661163330078,155.1195526123047,41.20564651489258,86.99234771728516,42.04594039916992
2022-08-29,158.56988525390625,257.7204895019531,129.7899932861328,108.5230484008789,157.93063354492188,15.775616645812988,284.82000732421875,287.45001220703125,104.2906494140625,147.05413818359375,196.9609832763672,128.54200744628906,494.5661926269531,269.3389892578125,322.05145263671875,110.9179458618164,375.260009765625,157.8918914794922,22.457000732421875,37.89879608154297,56.11668395996094,154.6322021484375,41.04402160644531,88.99227905273438,42.454898834228516
2022-08-30,156.1428985595703,255.52444458007812,128.72999572753906,108.0469970703125,155.93629455566406,15.443155288696289,277.70001220703125,285.4200134277344,104.30889892578125,146.53988647460938,196.03619384765625,127.17212677001953,488.0967712402344,266.4122009277344,320.5455322265625,109.84326171875,375.07000732421875,157.3596954345703,22.065000534057617,37.587284088134766,55.59783172607422,153.30287170410156,40.62199783325195,85.60572814941406,42.32710266113281
2022-08-31,154.48231506347656,254.06698608398438,126.7699966430664,107.3328857421875,161.66134643554688,15.069755554199219,275.6099853515625,280.79998779296875,103.68892669677734,145.55654907226562,193.43704223632812,125.13998413085938,484.8200378417969,263.8687744140625,317.1817321777344,109.50131225585938,373.44000244140625,153.86106872558594,22.356000900268555,37.079010009765625,55.2042121887207,152.664794921875,40.15507507324219,84.96576690673828,42.34946060180664
2022-09-01,155.2094268798828,253.0272674560547,127.81999969482422,108.84043884277344,164.07244873046875,13.914613723754883,277.1600036621094,282.42999267578125,104.40005493164062,149.1652374267578,194.8193359375,126.68221282958984,489.1796569824219,268.3974609375,318.04229736328125,109.94095611572266,370.5299987792969,151.30853271484375,23.003999710083008,38.22671127319336,55.46364212036133,154.20823669433594,40.66688919067383,83.43692016601562,42.966094970703125
2022-09-02,153.0968780517578,248.81015014648438,127.51000213623047,106.96592712402344,159.0717010498047,13.625078201293945,270.2099914550781,277.6700134277344,103.67070007324219,146.81956481933594,192.51222229003906,124.4323501586914,482.0379943847656,267.0525817871094,315.411865234375,108.64154815673828,368.1400146484375,151.46624755859375,22.611000061035156,37.464317321777344,54.70325469970703,152.25442504882812,40.03834533691406,84.96576690673828,42.49324417114258
2022-09-06,151.8391571044922,246.07969665527344,126.11000061035156,105.93446350097656,157.30555725097656,13.443371772766113,274.4200134277344,276.5899963378906,103.69802856445312,147.2165069580078,193.368896484375,123.04434204101562,483.2796325683594,264.89349365234375,316.8981628417969,107.55709075927734,368.29998779296875,149.5247344970703,21.839000701904297,37.513492584228516,54.730079650878906,151.22845458984375,39.93059539794922,84.39688110351562,42.28236770629883
2022-09-07,153.2443084716797,250.78265380859375,129.47999572753906,108.55280303955078,159.14114379882812,13.696039199829102,283.70001220703125,281.0400085449219,105.66734313964844,148.0194549560547,195.1016387939453,124.90410614013672,487.0137939453125,272.1484680175781,321.3375549316406,110.09727478027344,379.7200012207031,151.06216430664062,22.895999908447266,37.81682205200195,55.74095153808594,154.56507873535156,40.4244499206543,83.67691802978516,43.368656158447266
2022-09-08,151.77040100097656,251.20046997070312,129.82000732421875,107.4915771484375,160.79812622070312,13.971677780151367,289.260009765625,283.3399963378906,108.12893676757812,149.21031188964844,195.3839874267578,125.06741333007812,492.45648193359375,274.37158203125,322.7554626464844,109.74555206298828,383.6300048828125,154.62979125976562,22.743999481201172,38.59562683105469,55.57098388671875,154.047607421875,40.73872756958008,84.3613510131836,43.589115142822266
2022-09-09,154.62974548339844,256.9723205566406,133.27000427246094,109.74297332763672,167.8329315185547,14.368159294128418,299.67999267578125,285.7699890136719,108.64863586425781,149.49905395507812,199.75479125976562,126.97251892089844,491.0329895019531,274.2526550292969,328.40740966796875,112.52999114990234,394.7799987792969,160.23744201660156,23.35700035095215,39.21865463256836,55.74990463256836,154.53831481933594,41.09789276123047,85.77462768554688,43.72010803222656
2022-09-12,160.58421325683594,259.100341796875,136.4499969482422,109.95124816894531,167.64443969726562,14.486002922058105,304.4200134277344,288.510009765625,109.93415069580078,149.43589782714844,201.14686584472656,128.0067596435547,497.5040283203125,272.2125549316406,330.92047119140625,113.71214294433594,396.3599853515625,163.2334747314453,23.652999877929688,39.153079986572266,55.910926818847656,155.14498901367188,41.6635856628418,86.7612533569336,44.11309051513672
2022-09-13,151.16119384765625,244.8553924560547,126.81999969482422,103.4648666381836,151.93765258789062,13.113801956176758,292.1300048828125,278.2900085449219,106.11407470703125,145.54750061035156,194.37156677246094,125.35769653320312,481.3123474121094,254.27174377441406,318.2280578613281,109.18866729736328,368.3900146484375,155.81240844726562,21.812999725341797,37.866004943847656,54.09494400024414,149.35491943359375,39.60733413696289,84.73465728759766,43.2025260925293
2022-09-14,152.60560607910156,245.07884216308594,128.5500030517578,104.13929748535156,150.2906036376953,13.110809326171875,302.6099853515625,278.4200134277344,105.86791229248047,148.55174255371094,194.1184539794922,125.65709686279297,477.38848876953125,252.81710815429688,318.6290283203125,109.91165161132812,371.5199890136719,157.96087646484375,22.41200065612793,37.833221435546875,54.38120651245117,150.48794555664062,39.47265625,86.81459045410156,43.1066780090332
2022-09-15,149.71678161621094,238.43252563476562,126.27999877929688,102.0664291381836,148.3855438232422,12.912066459655762,303.75,276.70001220703125,107.46342468261719,148.93064880371094,190.18565368652344,124.68639373779297,489.69378662109375,248.42568969726562,309.9359436035156,108.22144317626953,309.1300048828125,152.5404510498047,23.538000106811523,37.66106414794922,53.64229965209961,147.98992919921875,38.87104797363281,84.29022216796875,42.64339828491211
2022-09-16,148.07586669921875,237.81063842773438,123.52999877929688,101.95732116699219,145.1509246826172,13.180713653564453,303.3500061035156,274.80999755859375,106.74314880371094,151.20411682128906,188.1706085205078,125.44841766357422,487.9239196777344,252.47865295410156,308.1465148925781,105.75942993164062,299.5,149.31777954101562,24.01300048828125,37.734832763671875,53.65132141113281,148.96238708496094,38.88002014160156,82.85028839111328,42.5539436340332
2022-09-19,151.7900390625,237.59686279296875,124.66000366210938,102.22511291503906,146.86749267578125,13.36447525024414,309.07000732421875,278.95001220703125,107.7278060913086,150.0132598876953,188.00511169433594,125.18534851074219,490.2931823730469,256.54986572265625,307.07086181640625,106.65826416015625,296.05999755859375,150.61868286132812,24.363000869750977,37.25117111206055,54.05681228637695,150.53253173828125,38.88002014160156,82.84138488769531,42.91817092895508
2022-09-20,154.1678924560547,235.5854949951172,122.19000244140625,100.31092834472656,144.95248413085938,13.158743858337402,308.7300109863281,277.1300048828125,105.60352325439453,148.83139038085938,186.97323608398438,124.7408218383789,489.5907897949219,250.8318634033203,306.3277282714844,105.09507751464844,291.05999755859375,147.63253784179688,24.28499984741211,36.70191192626953,53.9757080078125,150.7020721435547,38.233524322509766,82.16585540771484,42.668968200683594
2022-09-21,151.0432891845703,232.18455505371094,118.54000091552734,98.46617889404297,141.01339721679688,13.243633270263672,300.79998779296875,270.739990234375,102.55839538574219,147.30674743652344,182.05723571777344,123.13505554199219,479.5517883300781,248.453125,297.7520446777344,102.08592987060547,286.29998779296875,145.49391174316406,23.687000274658203,36.00508499145508,53.52516555786133,150.2738494873047,37.34457778930664,80.84146881103516,43.058746337890625
2022-09-22,150.08033752441406,234.15708923339844,117.30999755859375,99.31912994384766,141.70797729492188,12.544548034667969,288.5899963378906,268.510009765625,101.39142608642578,149.92303466796875,180.85986328125,123.57050323486328,484.59002685546875,246.22999572753906,291.7481384277344,99.8095474243164,287.05999755859375,147.97743225097656,23.704999923706055,36.5379524230957,53.399009704589844,150.4165802001953,36.949501037597656,80.50370788574219,42.61783981323242
2022-09-23,147.81057739257812,231.18374633789062,113.77999877929688,97.93060302734375,139.3167266845703,12.499608039855957,275.3299865722656,267.7699890136719,99.50418090820312,150.41018676757812,179.07843017578125,122.99896240234375,480.9845886230469,247.8767547607422,287.0740966796875,97.21073913574219,284.55999755859375,144.88287353515625,22.641000747680664,36.13625717163086,52.80427932739258,150.34524536132812,36.50951385498047,76.21942901611328,41.553916931152344
2022-09-26,148.1446533203125,230.72706604003906,115.1500015258789,97.36526489257812,135.3081817626953,12.21198558807373,276.010009765625,264.32000732421875,97.36164855957031,149.49000549316406,175.7978515625,123.11692810058594,476.0680847167969,243.8878936767578,283.680908203125,95.86250305175781,276.9599914550781,144.20289611816406,22.406999588012695,35.931304931640625,52.146484375,150.2827606201172,36.437679290771484,74.64613342285156,41.95328903198242
2022-09-27,149.11741638183594,229.7165069580078,114.41000366210938,96.70077514648438,133.3534698486328,12.396744728088379,282.94000244140625,265.4700012207031,96.504638671875,148.80435180664062,173.1500244140625,119.73302459716797,476.0774230957031,245.81829833984375,280.1313781738281,93.64471435546875,277.57000732421875,146.7356719970703,22.43600082397461,36.14445877075195,50.80384826660156,148.1059112548828,36.38379669189453,76.21053314208984,41.8382682800293
2022-09-28,147.2308349609375,234.2445831298828,118.01000213623047,99.22986602783203,140.5073699951172,12.719321250915527,287.80999755859375,271.7799987792969,98.45570373535156,150.08543395996094,174.4252471923828,119.73302459716797,481.2936706542969,258.1691589355469,283.7494201660156,97.11305236816406,281.3999938964844,147.9971466064453,24.520000457763672,36.423179626464844,51.344505310058594,150.47901916503906,37.12009811401367,78.98375701904297,42.52837371826172
2022-09-29,139.9989776611328,230.77566528320312,114.80000305175781,96.62142181396484,135.34788513183594,12.203997611999512,268.2099914550781,269.5799865722656,96.78726196289062,148.43446350097656,175.28192138671875,116.75740814208984,476.5081787109375,254.63772583007812,280.4149475097656,95.2079086303711,278.25,144.68577575683594,23.97100067138672,36.20184326171875,50.97505569458008,148.64120483398438,36.4286994934082,78.82376861572266,42.25361251831055
2022-09-30,135.7935333251953,226.30584716796875,113.0,94.86593627929688,134.62353515625,12.123103141784668,265.25,267.0199890136719,95.27381896972656,147.37890625,172.93585205078125,114.53474426269531,472.9590148925781,252.45120239257812,278.0388488769531,92.1596908569336,275.20001220703125,141.75875854492188,23.54400062561035,35.87392044067383,50.47945785522461,145.65248107910156,35.916873931884766,77.60603332519531,41.43889617919922
2022-10-03,139.9695281982422,233.9239044189453,115.87999725341797,97.8314208984375,137.53074645996094,12.495613098144531,242.39999389648438,272.79998779296875,98.21866607666016,147.23455810546875,176.8297119140625,116.58502960205078,482.7638854980469,259.5506286621094,284.0428161621094,94.89527130126953,285.239990234375,145.75999450683594,23.90399932861328,36.18544006347656,51.047142028808594,147.42787170410156,37.075191497802734,81.70365142822266,42.34306716918945
2022-10-04,143.5559539794922,241.83343505859375,121.08999633789062,100.80683898925781,139.1876983642578,13.149754524230957,249.44000244140625,280.489990234375,102.81366729736328,149.41783142089844,180.72357177734375,118.0274887084961,489.93731689453125,264.91180419921875,294.5935974121094,99.10610961914062,294.9700012207031,153.47671508789062,24.073999404907227,36.447776794433594,51.16429138183594,149.08726501464844,37.899906158447266,84.68132019042969,42.89261245727539
2022-10-05,143.85072326660156,242.14437866210938,120.94999694824219,100.59854125976562,137.8978271484375,13.191699981689453,240.80999755859375,279.3599853515625,101.54426574707031,148.957763671875,182.68997192382812,117.21100616455078,493.5896301269531,265.1771240234375,297.4587707519531,98.4808349609375,297.3800048828125,153.96946716308594,23.67300033569336,36.16904067993164,50.677696228027344,148.09698486328125,38.05397033691406,88.10343170166016,42.46767807006836
2022-10-06,142.89767456054688,239.80258178710938,120.30000305175781,100.58863067626953,137.98716735839844,13.11280345916748,238.1300048828125,276.30999755859375,99.47456359863281,146.07077026367188,180.66517639160156,114.743408203125,486.15399169921875,265.6711120605469,293.0709228515625,97.73832702636719,298.4100036621094,153.21060180664062,24.00200080871582,35.32466506958008,49.58736801147461,145.24212646484375,37.628021240234375,90.7166519165039,42.07149887084961
2022-10-07,137.65061950683594,227.60794067382812,114.55999755859375,97.87110137939453,132.410888671875,12.060186386108398,223.07000732421875,269.0400085449219,97.4876480102539,144.52804565429688,178.95187377929688,112.73846435546875,472.78106689453125,260.11785888671875,288.8986511230469,94.92459106445312,288.7699890136719,148.11541748046875,22.475000381469727,34.69342803955078,49.11879348754883,144.18045043945312,36.49519729614258,89.80113220214844,41.07466125488281
2022-10-10,137.97486877441406,222.75921630859375,113.66999816894531,97.05782318115234,132.7482452392578,11.654717445373535,222.9600067138672,266.92999267578125,96.57698059082031,144.71749877929688,177.3456573486328,112.27581024169922,467.1715087890625,258.4161682128906,285.7742614746094,92.97061157226562,285.7200012207031,143.53269958496094,22.99799919128418,34.22614288330078,49.01066207885742,144.36781311035156,36.15081787109375,87.85453796386719,41.31747817993164
2022-10-11,136.5599365234375,219.0279541015625,112.20999908447266,96.38338470458984,127.53913116455078,11.57082748413086,216.5,267.30999755859375,93.78976440429688,146.81053161621094,174.38632202148438,112.70217895507812,468.0611572265625,258.8095703125,280.1622009277344,90.95799255371094,284.8299865722656,140.50714111328125,21.429000854492188,34.365516662597656,49.09177017211914,145.0547637939453,35.869873046875,87.10790252685547,42.387794494628906
2022-10-12,135.93112182617188,219.35829162597656,112.9000015258789,96.7602767944336,126.50723266601562,11.484938621520996,217.24000549316406,264.0,95.30755615234375,146.7744598388672,173.51023864746094,112.88362121582031,468.2016906738281,256.6413269042969,277.54718017578125,91.2608642578125,286.1499938964844,140.23117065429688,22.086999893188477,34.45569610595703,49.68648910522461,151.1213836669922,35.588932037353516,87.49011993408203,41.90855026245117
2022-10-13,140.50015258789062,227.60794067382812,112.52999877929688,98.24797058105469,129.27552795410156,11.944337844848633,221.72000122070312,275.7799987792969,100.60599517822266,148.99380493164062,179.75985717773438,114.58917999267578,477.51959228515625,258.7546691894531,287.9093933105469,94.41654205322266,294.739990234375,143.33560180664062,23.250999450683594,35.23448944091797,50.34428787231445,155.7783966064453,36.80332565307617,90.54777526855469,42.26319885253906
2022-10-14,135.97039794921875,222.0887451171875,106.9000015258789,95.76847076416016,125.77300262451172,11.212296485900879,204.99000549316406,272.6700134277344,102.28015899658203,148.371337890625,177.7740020751953,113.47332000732422,480.53509521484375,252.89942932128906,282.7478942871094,92.27693176269531,287.94000244140625,140.16217041015625,23.0,35.13612365722656,49.54231643676758,151.83511352539062,36.4317512512207,88.16563415527344,41.67212677001953
2022-10-17,139.93019104003906,230.8047637939453,113.79000091552734,99.15052032470703,132.99630737304688,11.872429847717285,219.35000610351562,277.0199890136719,106.57594299316406,150.29296875,180.334228515625,115.52359771728516,488.72930908203125,257.3182678222656,288.96722412109375,95.09066772460938,293.5,145.0504150390625,24.510000228881836,35.78374481201172,50.182090759277344,154.1011505126953,37.428646087646484,89.43669891357422,41.97245788574219
2022-10-18,141.2468719482422,231.74734497070312,116.36000061035156,99.94396209716797,131.76596069335938,11.951327323913574,220.19000244140625,281.6700134277344,109.31713104248047,149.76966857910156,182.2032470703125,116.45801544189453,489.03826904296875,260.7948303222656,294.197265625,96.21421813964844,292.9800109863281,151.30853271484375,24.086000442504883,36.14445877075195,50.857906341552734,156.17987060546875,37.872711181640625,89.5967025756836,42.85746383666992
2022-10-19,141.35494995117188,229.78451538085938,115.06999969482422,98.81330871582031,132.19261169433594,12.035215377807617,222.0399932861328,278.3399963378906,107.1738510131836,148.5788116455078,181.4634246826172,117.53759765625,487.26824951171875,252.03941345214844,291.6311950683594,96.71247100830078,299.8299865722656,151.44651794433594,27.238000869750977,35.341064453125,50.42538833618164,154.66322326660156,37.954280853271484,92.2543716430664,42.73606491088867
2022-10-20,140.8931427001953,229.46385192871094,115.25,99.15052032470703,130.505859375,12.178030967712402,207.27999877929688,273.5299987792969,106.82429504394531,148.957763671875,182.25193786621094,116.023681640625,487.792724609375,246.5227813720703,290.1816101074219,96.32167053222656,302.3800048828125,155.22109985351562,26.81599998474121,35.177101135253906,49.63242721557617,152.9681396484375,37.80021286010742,92.37882232666016,42.84149169921875
2022-10-21,144.70559692382812,235.26483154296875,119.31999969482422,100.30101013183594,128.9976806640625,12.449674606323242,214.44000244140625,282.510009765625,112.43550109863281,152.20553588867188,185.3183135986328,117.47638702392578,499.82647705078125,252.07608032226562,296.14630126953125,99.69229888916016,306.3699951171875,157.8524627685547,28.957000732421875,36.84947967529297,50.42538833618164,154.39556884765625,38.78804016113281,94.09431457519531,43.70732879638672
2022-10-24,146.84765625,240.24957275390625,119.81999969482422,101.67961883544922,128.70997619628906,12.582500457763672,211.25,287.4800109863281,112.57347869873047,154.2534637451172,185.64935302734375,118.19815826416016,507.1965637207031,259.1479797363281,299.3097839355469,99.37966918945312,316.2200012207031,158.3255157470703,28.2450008392334,37.333152770996094,51.87615966796875,158.51730346679688,39.45867919921875,94.75205993652344,44.54121780395508
2022-10-25,149.68731689453125,243.5630340576172,120.5999984741211,103.62355041503906,136.4392852783203,13.243633270263672,222.4199981689453,289.239990234375,112.86782836914062,154.0099334716797,189.221923828125,119.55948638916016,505.90423583984375,265.55224609375,305.000244140625,101.95892333984375,323.7900085449219,162.87869262695312,29.101999282836914,37.37413024902344,53.119667053222656,159.04368591308594,40.201812744140625,94.11207580566406,44.75209426879883
2022-10-26,146.7493896484375,224.77061462402344,115.66000366210938,94.15184020996094,128.80918884277344,12.879109382629395,224.63999938964844,288.5199890136719,114.16485595703125,155.36317443847656,197.93443298339844,120.40003204345703,508.6669006347656,265.4515075683594,312.9334716796875,102.22270965576172,320.4800109863281,157.59625244140625,29.86199951171875,37.75944137573242,53.51615905761719,159.7574005126953,40.219932556152344,95.23204040527344,45.093955993652344
2022-10-27,142.2786102294922,220.3300018310547,110.95999908447266,91.46405792236328,97.17740631103516,13.158743858337402,225.08999633789062,289.8800048828125,114.61559295654297,155.45333862304688,198.86892700195312,120.49140167236328,507.38385009765625,266.28411865234375,312.79638671875,102.03709411621094,318.6499938964844,157.4385528564453,29.694000244140625,37.497108459472656,53.64229965209961,159.587890625,40.25617599487305,95.59648895263672,44.962955474853516
2022-10-28,153.028076171875,229.19175720214844,103.41000366210938,95.50068664550781,98.4275894165039,13.815879821777344,228.52000427246094,299.6300048828125,115.97700500488281,157.762939453125,203.78494262695312,123.5429916381836,516.2242431640625,273.2279968261719,322.6885070800781,103.51234436035156,325.67999267578125,160.66122436523438,29.57200050354004,38.882545471191406,54.750648498535156,162.57659912109375,41.3618278503418,98.39637756347656,45.53166580200195
2022-10-31,150.66990661621094,225.55764770507812,102.44000244140625,93.73527526855469,92.43463134765625,13.479325294494629,227.5399932861328,295.0899963378906,115.79302215576172,156.9509735107422,201.6627960205078,123.04047393798828,519.885986328125,270.9225769042969,321.4250183105469,104.0887680053711,318.5,160.23744201660156,29.187999725341797,38.161128997802734,53.93064880371094,161.99673461914062,41.171512603759766,98.49414825439453,45.47415542602539
2022-11-01,148.02671813964844,221.7097930908203,96.79000091552734,89.72838592529297,94.458740234375,13.525264739990234,227.82000732421875,294.1300048828125,117.88111114501953,156.15704345703125,201.4388885498047,123.23234558105469,512.5439453125,270.8584899902344,326.3320007324219,103.56118774414062,316.0199890136719,157.50755310058594,28.674999237060547,39.35802459716797,53.74142074584961,161.26513671875,41.19869613647461,99.47189331054688,45.26967239379883
2022-11-02,142.5045928955078,213.86830139160156,92.12000274658203,86.2571029663086,89.83502960205078,13.20168685913086,214.97999572753906,289.4599914550781,116.79568481445312,153.75729370117188,195.6175537109375,121.45985412597656,508.91021728515625,264.15240478515625,313.2371520996094,99.47737121582031,301.2200012207031,147.83946228027344,27.299999237060547,38.587425231933594,52.9935188293457,159.01690673828125,40.392120361328125,97.4275131225586,44.96934509277344
2022-11-03,136.46168518066406,208.18389892578125,89.30000305175781,82.74610900878906,88.21771240234375,13.403422355651855,215.30999755859375,283.8500061035156,117.00725555419922,154.0189208984375,189.58209228515625,120.62844848632812,509.0788269042969,257.537841796875,302.80633544921875,96.96649932861328,285.92999267578125,144.21273803710938,26.9060001373291,38.504737854003906,52.96648406982422,158.60653686523438,39.73960876464844,98.75192260742188,44.95975875854492
2022-11-04,136.19598388671875,215.12173461914062,90.9800033569336,85.87028503417969,90.08308410644531,14.137460708618164,207.47000122070312,287.4700012207031,120.20838165283203,154.70455932617188,191.75289916992188,122.83032989501953,503.984375,259.8525085449219,311.8170471191406,97.28890991210938,285.75,137.7476348876953,26.07900047302246,39.04216384887695,53.399009704589844,159.49867248535156,40.3468132019043,99.82743072509766,45.039634704589844
2022-11-07,136.72740173339844,221.4182891845703,90.52999877929688,87.76463317871094,95.9668960571289,14.282270431518555,197.0800018310547,290.19000244140625,120.84310150146484,156.0578155517578,194.79014587402344,124.71244049072266,510.3995361328125,265.5613708496094,318.4378662109375,98.11934661865234,299.5400085449219,142.4978790283203,25.860000610351562,38.9346809387207,53.606258392333984,160.77442932128906,40.373992919921875,101.0096206665039,45.51249313354492
2022-11-08,137.29827880859375,222.38995361328125,89.9800033569336,88.1712646484375,95.71885681152344,14.582878112792969,191.3000030517578,292.6099853515625,120.91668701171875,156.8336639404297,196.42556762695312,124.99569702148438,517.919189453125,266.35723876953125,319.0450439453125,97.60154724121094,302.1700134277344,144.9716033935547,26.34600067138672,39.149654388427734,53.705379486083984,161.22052001953125,40.42837142944336,101.3296127319336,45.62112045288086
2022-11-09,132.74134826660156,218.15341186523438,86.13999938964844,86.60421752929688,100.679931640625,13.757957458496094,177.58999633789062,288.6499938964844,119.3437271118164,155.57965087890625,189.20582580566406,124.69415283203125,506.3163146972656,262.3409423828125,309.1432189941406,84.75409698486328,298.8699951171875,140.00448608398438,25.465999603271484,38.628761291503906,52.95746994018555,159.29348754882812,39.79399490356445,96.79644012451172,44.560394287109375
2022-11-10,144.5519561767578,236.10044860839844,96.62999725341797,93.16996765136719,110.99893951416016,15.729373931884766,190.72000122070312,303.20001220703125,124.25582122802734,157.4020233154297,200.56227111816406,128.98831176757812,509.6033020019531,285.1672058105469,330.3279724121094,88.37873077392578,329.95001220703125,154.03848266601562,27.496999740600586,39.17445373535156,54.858787536621094,162.103759765625,41.37995147705078,98.2186050415039,45.483741760253906
2022-11-11,147.3372802734375,240.11355590820312,100.79000091552734,95.61971282958984,112.13996887207031,16.30561637878418,195.97000122070312,309.7200012207031,124.45819091796875,152.69273376464844,200.0061798095703,128.7964324951172,488.9165954589844,288.1313171386719,332.3064270019531,92.82405090332031,341.1499938964844,155.44775390625,29.01300048828125,39.35635757446289,55.255271911621094,158.847412109375,40.59151077270508,101.28515625,45.55403137207031
2022-11-14,145.93971252441406,234.71095275878906,98.48999786376953,94.91551971435547,113.33064270019531,16.27366065979004,190.9499969482422,308.9100036621094,123.1795654296875,155.09249877929688,201.8208465576172,128.80555725097656,481.1156921386719,280.7940673828125,332.38470458984375,92.11084747314453,340.3699951171875,156.3643035888672,29.927000045776367,40.71234130859375,54.72361755371094,157.66976928710938,40.54618835449219,101.58084869384766,44.215328216552734
2022-11-15,147.67190551757812,235.1190948486328,98.94000244140625,97.63307189941406,116.16837310791016,16.644176483154297,194.4199981689453,309.9800109863281,122.28729248046875,155.52554321289062,204.87461853027344,128.35787963867188,471.0578918457031,285.3775329589844,336.4395446777344,93.31254577636719,345.9599914550781,159.7249755859375,31.020000457763672,40.15836715698242,54.633522033691406,158.08016967773438,40.691192626953125,102.26180267333984,47.10679244995117
2022-11-16,146.44163513183594,235.5478057861328,97.12000274658203,98.0396957397461,112.34835052490234,15.889162063598633,186.9199981689453,308.760009765625,122.45288848876953,156.4908905029297,205.0209503173828,129.49996948242188,479.0273132324219,288.1038818359375,335.7049560546875,91.7884292602539,338.4100036621094,152.8755340576172,30.601999282836914,39.72842025756836,54.53439712524414,159.0972137451172,40.22899627685547,101.16869354248047,47.445457458496094
2022-11-17,148.34120178222656,235.4990997314453,94.8499984741211,97.55372619628906,110.58219909667969,15.65646743774414,183.1699981689453,307.44000244140625,121.91934967041016,157.75390625,205.85025024414062,128.705078125,482.57659912109375,284.9292907714844,334.2455749511719,89.34595489501953,337.8299865722656,147.52410888671875,29.527999877929688,39.95993423461914,54.70560073852539,160.61386108398438,42.222774505615234,101.3030776977539,47.285701751708984
2022-11-18,148.9021759033203,235.0508575439453,94.13999938964844,96.63133239746094,111.17754364013672,15.388819694519043,180.19000244140625,310.760009765625,123.11517333984375,158.96279907226562,205.66488647460938,130.25823974609375,496.3334045410156,286.5211486816406,336.6158447265625,89.68791198730469,330.8599853515625,145.89797973632812,28.79800033569336,39.877254486083984,55.09306716918945,161.7736358642578,43.3102912902832,100.42499542236328,47.99818801879883
2022-11-21,145.67393493652344,235.859619140625,92.45999908447266,94.81634521484375,109.00460052490234,15.296937942504883,167.8699951171875,311.20001220703125,122.38848876953125,159.78001403808594,201.2940216064453,131.91197204589844,484.3371887207031,289.8147277832031,331.28778076171875,95.33493041992188,321.489990234375,142.754150390625,28.5049991607666,39.835906982421875,55.94010925292969,164.8872833251953,43.156219482421875,99.43040466308594,48.2921257019043
2022-11-22,147.80970764160156,238.763427734375,93.19999694824219,96.25446319580078,110.57228088378906,16.01699447631836,169.91000366210938,315.760009765625,124.21902465820312,160.55181884765625,205.20631408691406,133.0448760986328,489.8623962402344,297.22528076171875,337.85968017578125,93.99644470214844,330.8800048828125,147.09046936035156,28.66900062561035,40.58004379272461,56.183406829833984,164.90509033203125,43.8449821472168,102.3066177368164,48.464656829833984
2022-11-23,148.68569946289062,241.2482147216797,94.12999725341797,97.65290069580078,111.36605834960938,16.49736213684082,183.1999969482422,316.17999267578125,125.54360961914062,160.7243194580078,206.5722198486328,133.80319213867188,496.0619201660156,294.1420593261719,341.4639587402344,96.60501098632812,335.7799987792969,150.03721618652344,29.149999618530273,40.389869689941406,56.43571090698242,165.1192169189453,44.017173767089844,101.79588317871094,48.69788360595703
2022-11-25,145.77239990234375,241.1605224609375,93.41000366210938,96.6611099243164,110.54251861572266,16.24869155883789,182.86000061035156,317.42999267578125,125.78280639648438,160.93316650390625,208.58204650878906,134.04986572265625,503.4694519042969,298.5975646972656,344.05938720703125,96.5952377319336,334.29998779296875,151.1311492919922,28.554000854492188,40.68752670288086,56.489776611328125,164.2538604736328,43.86310577392578,101.43748474121094,48.90556335449219
2022-11-28,141.9437713623047,235.57705688476562,93.94999694824219,95.26264953613281,107.93299865722656,15.806270599365234,182.9199981689453,313.2699890136719,123.5843276977539,161.01487731933594,206.1136474609375,133.94027709960938,498.45928955078125,291.7725524902344,337.49725341796875,93.4884033203125,328.9700012207031,151.46624755859375,28.117000579833984,40.98518753051758,56.498779296875,164.0575714111328,43.57310485839844,98.39103698730469,49.046146392822266
2022-11-29,138.94192504882812,234.18360900878906,92.41999816894531,94.40971374511719,108.60771179199219,15.618518829345703,180.8300018310547,315.1300048828125,125.61721801757812,159.8889617919922,203.96726989746094,132.91697692871094,494.4605407714844,289.0644836425781,336.0673522949219,92.51141357421875,326.7799987792969,149.4853057861328,28.09600067138672,40.91904067993164,56.30054473876953,162.89773559570312,43.75435256958008,99.04513549804688,48.87361145019531
2022-11-30,145.69366455078125,248.6148223876953,96.54000091552734,100.16215515136719,117.180419921875,16.905162811279297,194.6999969482422,318.6000061035156,127.10740661621094,161.6232452392578,211.71385192871094,136.2791748046875,512.9652709960938,298.2042236328125,349.0642395019531,95.61824798583984,344.92999267578125,157.93133544921875,30.55299949645996,41.44819641113281,57.72529602050781,165.50282287597656,45.05937576293945,99.76193237304688,48.69788360595703
2022-12-01,145.96925354003906,248.17636108398438,95.5,100.16215515136719,119.50221252441406,17.1169376373291,194.6999969482422,315.8399963378906,125.32286071777344,162.29515075683594,211.71385192871094,136.36141967773438,502.80450439453125,301.0390625,353.3736267089844,96.32167053222656,344.1099853515625,144.8730010986328,31.69499969482422,42.233673095703125,57.888641357421875,166.8853302001953,45.28594207763672,99.2780990600586,49.00141525268555
2022-12-02,145.4771270751953,248.4979248046875,94.12999725341797,99.61666870117188,122.52845764160156,16.858211517333984,194.86000061035156,316.1499938964844,124.32939910888672,162.4222869873047,212.35775756835938,137.60397338867188,503.6499938964844,301.8858947753906,352.6488952636719,97.14236450195312,341.5299987792969,142.4683380126953,32.04100036621094,42.09311294555664,58.39684295654297,166.6968231201172,45.041259765625,98.43584442138672,48.9534797668457
2022-12-05,144.3157501220703,243.8011932373047,91.01000213623047,98.66453552246094,121.47671508789062,16.59248924255371,182.4499969482422,310.57000732421875,120.84310150146484,162.3314666748047,208.47471618652344,136.2152557373047,502.597900390625,294.6053771972656,348.7605895996094,93.72288513183594,334.0899963378906,131.99215698242188,31.259000778198242,41.94429016113281,57.59824752807617,164.38967895507812,44.70594024658203,95.73886108398438,48.451881408691406
2022-12-06,140.65444946289062,238.85110473632812,88.25,96.18504333496094,113.2314224243164,15.970146179199219,179.82000732421875,307.7799987792969,121.04548645019531,159.89804077148438,203.9867706298828,136.38882446289062,506.61834716796875,292.1847229003906,340.3768310546875,90.16663360595703,331.1499938964844,131.34169006347656,30.555999755859375,41.10093688964844,57.57101821899414,163.0520782470703,44.03529739379883,93.07769012451172,47.88956069946289
2022-12-07,138.715576171875,238.12030029296875,88.45999908447266,94.16175842285156,113.04291534423828,16.103008270263672,174.0399932861328,305.82000732421875,120.96268463134766,160.8695831298828,202.74769592285156,137.26593017578125,509.9905700683594,294.6697998046875,340.2690734863281,90.02985382080078,326.67999267578125,128.59205627441406,30.841999053955078,41.53915023803711,57.66176986694336,163.5458221435547,43.663726806640625,92.87161254882812,47.640350341796875
2022-12-08,140.3985595703125,241.07276916503906,90.3499984741211,92.94182586669922,114.43199920654297,17.150903701782227,173.44000244140625,305.989990234375,122.23210144042969,160.89686584472656,204.00628662109375,138.25265502929688,514.6968383789062,298.2962646484375,343.9417724609375,90.42064666748047,332.5799865722656,128.24713134765625,31.025999069213867,42.812442779541016,57.906795501708984,164.982177734375,44.397804260253906,93.56153106689453,47.714115142822266
2022-12-09,139.9163055419922,239.1434326171875,89.08999633789062,92.06905364990234,114.99756622314453,16.983078002929688,179.0500030517578,306.3900146484375,121.5698013305664,159.57118225097656,203.6160125732422,137.88722229003906,506.505615234375,294.97357177734375,341.64996337890625,91.23155212402344,330.6400146484375,129.2129364013672,32.000999450683594,42.76283264160156,57.29877853393555,164.3717498779297,43.91748809814453,92.7730484008789,46.601280212402344
2022-12-12,142.20950317382812,246.05210876464844,90.55000305175781,92.54511260986328,113.81681823730469,17.516515731811523,167.82000732421875,311.45001220703125,123.45552825927734,161.47796630859375,209.36253356933594,139.30332946777344,512.7617797851562,301.8766784667969,350.7977600097656,92.48210144042969,338.1700134277344,131.1840057373047,31.51799964904785,43.12663269042969,58.0519905090332,165.15277099609375,44.67873764038086,95.05786895751953,47.47037887573242
2022-12-13,143.174072265625,250.34933471679688,92.48999786376953,94.8460922241211,119.21446990966797,18.052947998046875,160.9499969482422,312.3299865722656,123.33594512939453,162.72193908691406,207.85031127929688,139.0932159423828,505.5851135253906,306.3959045410156,349.79876708984375,92.52118682861328,342.4599914550781,133.65769958496094,32.034000396728516,43.8790283203125,58.07013702392578,165.06298828125,44.98687744140625,96.09723663330078,47.30040740966797
2022-12-14,140.94972229003906,250.6416778564453,91.58000183105469,94.29069519042969,120.64324951171875,17.655370712280273,156.8000030517578,309.2900085449219,122.71963500976562,163.22129821777344,208.12351989746094,139.6414031982422,505.7165832519531,306.89288330078125,350.1513671875,91.98383331298828,339.9200134277344,132.8002471923828,31.783000946044922,45.04483413696289,58.07013702392578,164.60511779785156,44.67873764038086,95.38939666748047,47.03742218017578
2022-12-15,134.3456268310547,242.64163208007812,88.44999694824219,90.11520385742188,115.24561309814453,16.93412971496582,157.6699981689453,301.9100036621094,119.67488861083984,161.16017150878906,202.84530639648438,138.06077575683594,495.6841125488281,301.5268859863281,339.12310791015625,88.40804290771484,328.7099914550781,128.55264282226562,29.041000366210938,44.32550811767578,57.271549224853516,161.813232421875,43.63655090332031,94.4754638671875,46.617313385009766
2022-12-16,132.3870391845703,238.43212890625,87.86000061035156,89.52011108398438,118.50007629394531,16.553529739379883,150.22999572753906,300.0,118.92977142333984,159.50762939453125,201.8501434326172,137.4486541748047,491.94549560546875,297.6059265136719,338.7215270996094,88.00747680664062,338.5400085449219,126.4140396118164,29.070999145507812,42.49824905395508,56.944854736328125,161.89401245117188,43.32841110229492,93.81242370605469,45.7802734375
2022-12-19,130.28079223632812,234.30056762695312,84.91999816894531,87.71504211425781,113.58861541748047,16.23686981201172,149.8699951171875,300.0299987792969,119.6380615234375,159.3350830078125,199.83053588867188,137.4120635986328,491.85150146484375,292.0742492675781,334.23590087890625,83.80640411376953,328.760009765625,127.14330291748047,28.829999923706055,42.465179443359375,57.02653121948242,162.791748046875,42.956851959228516,94.23353576660156,45.79631042480469
2022-12-20,130.21192932128906,235.6160430908203,85.19000244140625,88.29026794433594,116.17829132080078,16.06804656982422,137.8000030517578,302.0,120.21759796142578,159.50762939453125,200.35740661621094,137.46693420410156,488.6670837402344,289.7824401855469,335.8910217285156,85.01788330078125,338.2200012207031,126.5914306640625,28.819000244140625,42.43210220336914,56.98115539550781,162.69302368164062,42.92965316772461,95.5954818725586,46.19718933105469
2022-12-21,133.3121795654297,238.17877197265625,86.7699966430664,88.84568786621094,118.8275146484375,16.483604431152344,137.57000732421875,307.82000732421875,121.5698013305664,161.3326873779297,201.7720489501953,138.72772216796875,495.5526123046875,293.94268798828125,338.57464599609375,84.920166015625,341.3800048828125,128.41468811035156,29.79599952697754,42.71322250366211,57.897708892822266,163.83309936523438,43.19247055053711,96.8230209350586,46.55957794189453
2022-12-22,130.14303588867188,232.09837341308594,83.79000091552734,87.04061126708984,116.20806121826172,15.322831153869629,125.3499984741211,302.69000244140625,120.19000244140625,160.74249267578125,200.064697265625,139.04754638671875,495.12994384765625,290.96063232421875,334.49041748046875,84.67593383789062,336.5199890136719,127.32071685791016,29.774999618530273,42.69668197631836,57.48027420043945,162.56732177734375,42.88433837890625,94.86970520019531,46.0143928527832
2022-12-23,129.77886962890625,232.62452697753906,85.25,88.4985580444336,117.12089538574219,15.189971923828125,123.1500015258789,306.489990234375,120.76030731201172,161.1510772705078,200.8159637451172,139.4403839111328,499.0941467285156,293.36285400390625,336.5276794433594,85.98509979248047,338.45001220703125,127.56710815429688,29.496000289916992,42.85377502441406,57.915863037109375,163.6176300048828,43.02934265136719,97.37854766845703,46.107391357421875
2022-12-27,127.97776794433594,230.89984130859375,83.04000091552734,86.67364501953125,115.96993255615234,14.106114387512207,109.0999984741211,305.54998779296875,121.18346405029297,161.10565185546875,201.2647247314453,140.655517578125,499.7327575683594,294.1175842285156,339.03497314453125,84.3828353881836,335.0899963378906,128.7694549560547,28.41699981689453,42.2750129699707,58.26978302001953,164.34481811523438,43.07466125488281,98.73153686523438,46.1202278137207
2022-12-28,124.05071258544922,228.53196716308594,81.81999969482422,85.31488800048828,114.71973419189453,14.021204948425293,112.70999908447266,303.42999267578125,121.84575653076172,160.40652465820312,199.9964141845703,138.83740234375,496.4074401855469,290.6015625,334.91168212890625,82.23344421386719,328.3299865722656,126.61112976074219,27.687999725341797,42.00216293334961,57.688995361328125,163.1597900390625,42.65778350830078,97.10974884033203,45.31205368041992
2022-12-29,127.56439208984375,234.84619140625,84.18000030517578,87.7249526977539,119.32361602783203,14.587605476379395,121.81999969482422,309.05999755859375,122.54485321044922,161.22372436523438,202.99163818359375,139.4129638671875,497.75079345703125,294.90911865234375,341.04278564453125,85.17420196533203,337.5799865722656,130.6222381591797,29.11199951171875,42.44037628173828,58.03384017944336,163.36631774902344,43.04747772216797,97.84447479248047,45.58784484863281
2022-12-30,127.87931823730469,233.68667602539062,84.0,87.50676727294922,119.40298461914062,14.598596572875977,123.18000030517578,308.8999938964844,123.35435485839844,160.39744567871094,202.6989288330078,138.47193908691406,498.03253173828125,290.72125244140625,340.5726013183594,84.88109588623047,336.5299987792969,130.67153930664062,29.488000869750977,42.365962982177734,57.72529602050781,162.18130493164062,43.174354553222656,98.8301010131836,45.47239685058594
2023-01-03,123.09601593017578,233.4528350830078,85.81999969482422,88.38947296142578,123.76873016357422,14.299910545349121,108.0999984741211,309.9100036621094,124.29259490966797,161.79574584960938,202.3379364013672,138.4811248779297,487.1922912597656,290.767333984375,339.6617431640625,86.92301940917969,336.9200134277344,132.829833984375,29.4950008392334,42.382503509521484,57.12635040283203,161.05914306640625,43.44622039794922,95.43421173095703,46.05287551879883
2023-01-04,124.36567687988281,223.2408447265625,85.13999938964844,87.35798645019531,126.37826538085938,14.733451843261719,113.63999938964844,314.54998779296875,125.45162963867188,163.55726623535156,207.4307861328125,139.08407592773438,473.9096984863281,294.2832336425781,347.8399658203125,89.86376953125,341.4100036621094,137.57025146484375,30.94099998474121,41.44819641113281,57.09912872314453,160.66415405273438,43.43709182739258,95.71197509765625,46.10418701171875
2023-01-05,123.04679870605469,216.62448120117188,83.12000274658203,85.49340057373047,125.95159912109375,14.249963760375977,110.33999633789062,312.8999938964844,125.42384338378906,162.34963989257812,205.96731567382812,137.35726928710938,460.25128173828125,290.3623046875,344.5295104980469,89.80513000488281,328.44000244140625,134.36727905273438,30.969999313354492,41.059600830078125,56.445735931396484,158.98541259765625,42.825042724609375,97.85343933105469,45.94704055786133
2023-01-06,127.57418823242188,219.17747497558594,86.08000183105469,86.6240463256836,129.0076141357422,14.84333610534668,113.05999755859375,318.69000244140625,127.82390594482422,163.66619873046875,212.4456024169922,140.62814331054688,460.28887939453125,292.2583312988281,360.68670654296875,91.75912475585938,332.75,138.47691345214844,31.55500030517578,42.101375579833984,57.53472137451172,162.5762939453125,44.140480041503906,99.03617095947266,47.07270050048828
2023-01-09,128.09584045410156,221.31141662597656,87.36000061035156,87.29847717285156,128.4619140625,15.61152458190918,119.7699966430664,315.5299987792969,127.29570770263672,159.42591857910156,213.2748565673828,138.9104766845703,460.34521484375,292.51605224609375,363.92401123046875,92.58956909179688,341.9800109863281,144.9716033935547,31.517000198364258,40.00953674316406,56.81779861450195,160.98733520507812,44.37800216674805,97.19039154052734,46.48582458496094
2023-01-10,128.66671752929688,222.99720764160156,89.87000274658203,87.69519805908203,131.9544677734375,15.892230033874512,118.8499984741211,316.3500061035156,128.43551635742188,159.04454040527344,215.70420837402344,138.7734375,456.5313720703125,295.1116638183594,363.9632873535156,93.36139678955078,338.70001220703125,145.30667114257812,32.75400161743164,39.37289810180664,56.38220977783203,159.65875244140625,44.58810043334961,98.64192199707031,46.45695877075195
2023-01-11,131.38311767578125,229.740234375,95.08999633789062,90.76978302001953,131.85525512695312,15.984132766723633,123.22000122070312,320.3699951171875,129.3899688720703,158.79029846191406,216.68960571289062,137.649658203125,463.4826354980469,302.81549072265625,370.6831359863281,94.11367797851562,342.92999267578125,142.8033905029297,32.72600173950195,39.23233413696289,56.27330780029297,159.83827209472656,44.9535026550293,99.78882598876953,46.86424255371094
2023-01-12,131.3043975830078,232.41017150878906,95.2699966430664,90.38298034667969,135.64552307128906,16.493593215942383,123.55999755859375,318.92999267578125,129.26022338867188,157.9912872314453,218.17254638671875,136.87306213378906,465.61505126953125,303.61627197265625,372.5960998535156,97.51360321044922,344.5400085449219,147.4354248046875,33.01300048828125,39.447303771972656,55.547325134277344,157.8004150390625,44.76167297363281,101.4464340209961,46.44092559814453
2023-01-13,132.63307189941406,233.11175537109375,98.12000274658203,91.36487579345703,135.91342163085938,16.88119125366211,122.4000015258789,317.6400146484375,132.5220947265625,157.4737091064453,217.62620544433594,137.85064697265625,459.88494873046875,304.849609375,368.3875732421875,97.11305236816406,344.3800048828125,147.34669494628906,33.28200149536133,39.563053131103516,55.74696350097656,157.31570434570312,44.65205383300781,101.38373565673828,46.5948600769043
2023-01-17,133.79444885253906,234.203125,96.05000305175781,90.54167175292969,134.30604553222656,17.683338165283203,131.49000549316406,314.8599853515625,130.4741668701172,156.50213623046875,217.56768798828125,137.4486541748047,455.6671447753906,301.4624938964844,367.8774108886719,97.6113052368164,344.3800048828125,146.32177734375,32.62200164794922,38.09960174560547,55.97384262084961,158.05181884765625,43.92125701904297,101.18660736083984,46.31264114379883
2023-01-18,133.07598876953125,229.7792205810547,95.45999908447266,90.37307739257812,131.98426818847656,17.35868263244629,128.77999877929688,308.29998779296875,126.55437469482422,154.141357421875,214.11390686035156,133.7666778564453,447.36322021484375,297.9281005859375,361.9129943847656,96.7613296508789,341.30999755859375,143.345458984375,32.632999420166016,37.20664978027344,54.27684020996094,154.0659637451172,42.84331512451172,99.10784912109375,45.167728424072266
2023-01-19,133.13504028320312,225.99842834472656,93.68000030517578,92.2872543334961,135.08990478515625,16.74732780456543,127.16999816894531,305.2300109863281,124.86784362792969,153.93251037597656,215.040771484375,130.93772888183594,454.9908447265625,286.13763427734375,360.9515686035156,96.8004150390625,342.5299987792969,144.2915496826172,31.577999114990234,37.17356872558594,54.19517135620117,152.27947998046875,42.441375732421875,99.74402618408203,44.52312469482422
2023-01-20,135.6939697265625,234.07643127441406,97.25,97.21649932861328,138.2847900390625,17.82019805908203,133.4199981689453,309.8699951171875,125.17365264892578,153.21519470214844,218.8457489013672,131.44338989257812,457.2077331542969,289.9297180175781,369.1331787109375,101.09918212890625,356.3800048828125,149.0615234375,34.25,37.29759216308594,54.52186965942383,152.50390625,42.73369216918945,101.56292724609375,45.07152557373047
2023-01-23,138.8828582763672,236.37606811523438,97.5199966430664,98.97200012207031,142.15444946289062,19.172765731811523,143.75,310.4200134277344,127.20304107666016,152.82472229003906,218.71890258789062,129.67819213867188,456.3529968261719,290.3715515136719,371.3796691894531,103.2583236694336,364.9800109863281,153.61468505859375,35.742000579833984,37.19010925292969,54.65799331665039,151.8216552734375,43.39141845703125,101.03428649902344,45.7449951171875
2023-01-24,140.2804718017578,235.84988403320312,96.31999969482422,96.89913177490234,142.02545166015625,19.244691848754883,143.88999938964844,311.29998779296875,128.29652404785156,152.82472229003906,218.4359893798828,130.3861083984375,461.7918701171875,292.4056091308594,372.7923278808594,103.56118774414062,361.32000732421875,152.61927795410156,36.382999420166016,36.96686553955078,54.94837951660156,153.23106384277344,43.67460632324219,101.97509765625,45.86687088012695
2023-01-25,139.6210174560547,234.45648193359375,97.18000030517578,94.439453125,140.3982391357422,19.302629470825195,144.42999267578125,311.8999938964844,128.91734313964844,153.91433715820312,219.42135620117188,130.2941436767578,462.63726806640625,292.0098571777344,375.1271057128906,105.6324234008789,358.1700134277344,153.9103240966797,36.79600143432617,37.2645149230957,55.29323196411133,154.34422302246094,43.829898834228516,101.43748474121094,45.64878845214844
2023-01-26,141.68788146972656,241.657470703125,99.22000122070312,96.72061157226562,146.15304565429688,19.781124114990234,160.27000427246094,310.95001220703125,129.7142791748047,153.3513946533203,219.23602294921875,129.77011108398438,462.61846923828125,288.83441162109375,370.07489013671875,107.17607116699219,365.82000732421875,162.7012939453125,36.48699951171875,36.92240524291992,55.18433380126953,152.80914306640625,44.15876007080078,105.51433563232422,45.607093811035156
2023-01-27,143.6267852783203,241.81338500976562,102.23999786376953,98.55545043945312,150.55848693847656,20.343530654907227,177.89999389648438,309.1700134277344,130.0293731689453,152.7521514892578,225.80206298828125,129.23687744140625,456.578369140625,291.4852294921875,366.9258728027344,107.0197525024414,370.7099914550781,162.13954162597656,36.07699966430664,36.53859329223633,54.8939323425293,152.2705535888672,44.31405258178711,103.5879135131836,45.956661224365234
2023-01-30,140.7430419921875,236.5027618408203,100.55000305175781,96.14535522460938,145.91493225097656,19.141803741455078,166.66000366210938,307.3299865722656,128.92665100097656,147.09530639648438,223.5190887451172,129.64137268066406,456.3341369628906,289.2302551269531,364.0711669921875,105.11460876464844,363.4200134277344,162.36618041992188,35.31100082397461,36.33832550048828,55.03005599975586,152.14483642578125,44.04914093017578,101.75108337402344,45.58784484863281
2023-01-31,142.0126495361328,241.4723358154297,103.12999725341797,98.02977752685547,147.81005859375,19.516407012939453,173.22000122070312,311.5199890136719,129.69578552246094,148.38465881347656,224.60205078125,130.90098571777344,468.9216613769531,298.3698425292969,363.56097412109375,105.99390411376953,370.3399963378906,165.53961181640625,35.38600158691406,36.84731674194336,55.647151947021484,153.52731323242188,44.4602165222168,103.94631958007812,46.139469146728516
2023-02-01,143.13467407226562,246.28598022460938,105.1500015258789,99.60675811767578,151.92776489257812,20.920921325683594,181.41000366210938,310.57000732421875,129.3529052734375,149.74667358398438,225.27525329589844,131.6456756591797,466.8644104003906,301.9778747558594,366.9748840332031,106.87319946289062,383.9200134277344,169.3339080810547,36.19900131225586,36.688777923583984,55.65622329711914,154.01206970214844,44.368865966796875,102.8083724975586,46.39602279663086
2023-02-02,148.4396209716797,257.8328857421875,112.91000366210938,106.8568115234375,187.30018615722656,21.68611717224121,188.27000427246094,311.8599853515625,128.75057983398438,150.30960083007812,223.9678955078125,130.70787048339844,442.2812194824219,312.7467041015625,367.8185729980469,110.60530853271484,392.2300109863281,172.11312866210938,36.68899917602539,36.99751281738281,54.70335006713867,152.5847625732422,45.05398941040039,99.5916976928711,46.05928421020508
2023-02-03,152.06153869628906,251.74278259277344,103.38999938964844,103.92108917236328,185.07762145996094,21.077754974365234,189.97999572753906,308.510009765625,130.74285888671875,149.46517944335938,224.5240020751953,131.1124267578125,443.3990783691406,305.1165466308594,366.8081970214844,108.16282653808594,379.3299865722656,168.56520080566406,36.59000015258789,36.763877868652344,54.29498291015625,151.8216552734375,44.423675537109375,100.28163146972656,45.44675064086914
2023-02-06,149.33523559570312,250.2031707763672,102.18000030517578,102.0564956665039,184.6112518310547,21.0667724609375,194.75999450683594,308.42999267578125,131.5120086669922,148.33016967773438,223.85081481933594,129.99996948242188,446.4239196777344,303.0639343261719,365.8860168457031,107.3421630859375,375.2300109863281,166.60397338867188,36.14799880981445,36.513553619384766,54.603546142578125,154.24549865722656,43.45536422729492,100.11138153076172,45.11642074584961
2023-02-07,152.2091827392578,260.71722412109375,102.11000061035156,106.75765991210938,190.12796020507812,22.149627685546875,196.80999755859375,312.9700012207031,133.11514282226562,148.36648559570312,225.68502807617188,128.7312469482422,447.9643859863281,299.31793212890625,367.9363098144531,109.06165313720703,383.82000732421875,168.80172729492188,36.29499816894531,36.371707916259766,54.512786865234375,154.01206970214844,43.7020149230957,102.96965789794922,45.21262741088867
2023-02-08,149.52224731445312,259.9084167480469,100.05000305175781,98.55545043945312,182.00173950195312,22.181594848632812,201.2899932861328,308.4800109863281,132.17919921875,148.5571746826172,224.59226989746094,127.39815521240234,453.9199523925781,295.2588806152344,363.3157653808594,109.20819854736328,378.3599853515625,167.17559814453125,36.68299865722656,36.697120666503906,54.19517135620117,153.65298461914062,42.898128509521484,102.07365417480469,44.96889877319336
2023-02-09,148.4888153076172,256.87799072265625,98.23999786376953,94.23118591308594,176.53465270996094,22.313451766967773,207.32000732421875,307.2099914550781,130.1220245361328,146.5504913330078,224.20127868652344,126.00067901611328,456.2777404785156,290.43597412109375,363.3844909667969,107.82088470458984,375.80999755859375,171.14727783203125,36.25,36.16310501098633,54.10441589355469,155.10731506347656,42.688018798828125,102.45892333984375,45.38581466674805
2023-02-10,148.8535614013672,256.37127685546875,97.61000061035156,93.79479217529297,172.7939910888672,21.242584228515625,196.88999938964844,309.8900146484375,130.69654846191406,147.23150634765625,222.0995330810547,127.11311340332031,464.2812194824219,291.3471374511719,359.8626403808594,105.57379913330078,370.989990234375,164.6132049560547,34.736000061035156,36.613677978515625,54.10441589355469,158.17750549316406,43.17217254638672,106.7777099609375,46.09135818481445
2023-02-13,151.65298461914062,264.38104248046875,99.54000091552734,93.83445739746094,178.0329132080078,21.76503562927246,194.63999938964844,313.739990234375,132.11434936523438,147.77633666992188,223.7418212890625,128.77719116210938,465.314453125,297.78076171875,363.78662109375,105.18301391601562,375.0,168.6046142578125,35.856998443603516,36.70547103881836,54.993751525878906,159.58688354492188,43.720279693603516,106.36237335205078,46.793701171875
2023-02-14,151.0122833251953,265.2093811035156,99.69999694824219,93.90388488769531,178.08250427246094,22.946788787841797,209.25,310.7900085449219,132.69815063476562,147.13162231445312,224.2403564453125,128.0508575439453,462.947265625,293.08673095703125,362.93316650390625,105.18301391601562,377.8999938964844,167.50082397460938,35.99599838256836,36.48017883300781,54.07719039916992,157.79147338867188,43.57411575317383,105.11636352539062,46.659000396728516
2023-02-15,153.11184692382812,263.08953857421875,101.16000366210938,96.14535522460938,175.78057861328125,22.740007400512695,214.24000549316406,309.6300048828125,133.25413513183594,144.707275390625,223.78089904785156,127.75668334960938,461.4631042480469,295.1669006347656,362.6192626953125,106.72665405273438,375.94000244140625,168.62432861328125,36.141998291015625,36.14641571044922,54.07719039916992,158.0069122314453,44.25925064086914,104.80034637451172,47.0053596496582
2023-02-16,151.51498413085938,256.0853271484375,98.1500015258789,94.72708892822266,171.0973358154297,21.97880744934082,202.0399932861328,308.17999267578125,131.4193572998047,143.68124389648438,220.76028442382812,126.08341979980469,457.7995300292969,295.673095703125,360.5689392089844,103.39510345458984,365.1600036621094,165.6776123046875,35.07099914550781,35.83768844604492,53.741424560546875,157.55807495117188,46.57954788208008,104.49336242675781,46.26774597167969
2023-02-17,150.3715362548828,252.09002685546875,97.19999694824219,93.57659149169922,171.53390502929688,21.36545181274414,208.30999755859375,308.239990234375,131.8085479736328,146.68087768554688,218.54119873046875,128.72203063964844,468.8182678222656,292.6449279785156,354.2709045410156,102.79913330078125,356.8500061035156,162.78013610839844,34.79600143432617,36.05462646484375,54.558162689208984,158.24929809570312,46.378578186035156,100.47541809082031,46.96366500854492
2023-02-21,146.35963439941406,246.82470703125,94.58000183105469,91.03758239746094,170.74014282226562,20.633228302001953,197.3699951171875,302.7200012207031,129.3899688720703,144.49517822265625,215.66726684570312,128.63009643554688,461.5193786621094,271.981689453125,349.1990966796875,99.74114227294922,346.70001220703125,159.28147888183594,33.75,35.62908935546875,54.267765045166016,158.15953063964844,45.39198684692383,100.3760986328125,47.24909210205078
2023-02-22,146.7835235595703,245.69154357910156,95.79000091552734,90.89872741699219,169.78759765625,20.732120513916016,200.86000061035156,303.1600036621094,128.39842224121094,144.29397583007812,215.0807342529297,129.17254638671875,459.2462463378906,272.71807861328125,348.2279357910156,99.34059143066406,348.7200012207031,160.99632263183594,33.487998962402344,35.36207962036133,54.43111038208008,158.10568237304688,45.044857025146484,99.07591247558594,46.258121490478516
2023-02-23,147.26654052734375,248.8761444091797,95.81999969482422,90.14494323730469,170.70042419433594,23.639057159423828,202.07000732421875,303.07000732421875,129.42703247070312,144.2482452392578,216.16578674316406,128.75880432128906,461.87640380859375,275.4884338378906,348.7772521972656,99.38943481445312,347.0199890136719,161.7453155517578,32.3650016784668,35.295326232910156,54.53093338012695,158.2762451171875,44.9535026550293,99.98786163330078,45.5686149597168
2023-02-24,144.61495971679688,243.4545135498047,93.5,88.39937591552734,169.06329345703125,23.261451721191406,196.8800048828125,304.0199890136719,130.5946044921875,142.63870239257812,214.6212615966797,128.03250122070312,454.9626159667969,273.0493469238281,346.4129943847656,97.99234008789062,320.5400085449219,159.8531036376953,31.71500015258789,34.83639907836914,54.30406951904297,157.96205139160156,44.28664779663086,99.99687957763672,45.69048309326172
2023-02-27,145.80767822265625,244.37277221679688,93.76000213623047,89.1333236694336,168.21990966796875,23.476228713989258,207.6300048828125,304.6600036621094,131.7344207763672,142.32772827148438,215.4032745361328,127.92218017578125,454.0139465332031,272.4510803222656,348.72821044921875,98.13888549804688,322.32000732421875,160.7794952392578,32.303001403808594,34.02701950073242,54.285911560058594,157.91714477539062,44.515018463134766,99.81629180908203,45.36015701293945
2023-02-28,145.30494689941406,243.64988708496094,94.2300033569336,89.32176208496094,173.57786560058594,23.191526412963867,205.7100067138672,305.17999267578125,132.83712768554688,140.1603240966797,215.0025177001953,126.46956634521484,447.0814208984375,272.9388732910156,348.5418395996094,97.3182144165039,323.95001220703125,161.24269104003906,32.2130012512207,33.851802825927734,54.00459671020508,155.78060913085938,44.23183822631836,99.23844146728516,45.58143997192383
2023-03-01,143.2349395751953,240.57281494140625,92.16999816894531,89.61930847167969,172.0697021484375,22.674074172973633,202.77000427246094,304.6199951171875,132.09584045410156,139.52928161621094,213.45799255371094,126.56148529052734,446.4050598144531,267.64654541015625,346.7857971191406,96.27283477783203,323.3800048828125,164.9285888671875,31.347999572753906,33.52638626098633,53.414730072021484,153.80560302734375,44.15876007080078,100.123291015625,44.94645309448242
2023-03-02,143.82638549804688,245.30081176757812,92.12999725341797,91.24585723876953,173.17103576660156,23.2894229888916,190.89999389648438,307.75,130.724365234375,139.4195098876953,214.1422576904297,128.64845275878906,448.73468017578125,269.6990966796875,348.8165588378906,96.64408111572266,333.5,183.89016723632812,31.187999725341797,33.89352035522461,54.19517135620117,156.6435089111328,44.33232498168945,100.58377838134766,45.058692932128906
2023-03-03,148.87326049804688,249.38409423828125,94.9000015258789,92.88233947753906,183.8075714111328,23.86481475830078,197.7899932861328,312.45001220703125,133.1243896484375,140.85537719726562,218.74652099609375,129.5862274169922,449.5425109863281,274.6968994140625,354.6338806152344,98.8130111694336,344.0400085449219,183.7324981689453,31.51799964904785,34.33575439453125,53.941070556640625,156.48983764648438,45.01744079589844,101.85685729980469,45.113216400146484
2023-03-06,151.63328552246094,250.9275360107422,93.75,94.3501968383789,183.4602813720703,23.529172897338867,193.80999755859375,316.9700012207031,132.34600830078125,142.26373291015625,221.65963745117188,129.03463745117188,451.6278991699219,274.47601318359375,359.9607238769531,98.34406280517578,347.0199890136719,181.1405792236328,31.202999114990234,34.30238342285156,54.77595901489258,156.80616760253906,45.14533233642578,102.75978088378906,45.1068000793457
2023-03-07,149.43511962890625,248.27044677734375,93.55000305175781,93.09062194824219,183.07333374023438,23.26740264892578,187.7100067138672,311.1199951171875,128.4540252685547,140.91937255859375,218.1599884033203,126.46956634521484,445.1463317871094,267.5636901855469,353.1034240722656,96.78086853027344,344.79998779296875,180.66751098632812,30.847000122070312,33.659889221191406,54.458335876464844,156.0289306640625,44.67945861816406,100.77339172363281,44.65781784057617
2023-03-08,150.68695068359375,247.8308868408203,93.91999816894531,93.47740173339844,183.52976989746094,24.159610748291016,182.0,311.3699951171875,127.69416809082031,139.88597106933594,217.2020263671875,126.48796844482422,442.0651550292969,270.2336730957031,352.2107849121094,97.01535034179688,345.8399963378906,180.30282592773438,31.179000854492188,33.476314544677734,54.485557556152344,156.45370483398438,44.862159729003906,99.30165100097656,44.28901290893555
2023-03-09,148.43954467773438,246.48280334472656,92.25,91.563232421875,180.2753143310547,23.415273666381836,172.9199981689453,304.82000732421875,120.78125,138.31297302246094,215.07093811035156,125.55937194824219,436.72021484375,266.9981994628906,347.7079772949219,93.92805480957031,338.3699951171875,176.13406372070312,29.777999877929688,32.92561340332031,53.95922088623047,155.2697296142578,44.58810043334961,98.5341796875,43.99075698852539
2023-03-10,146.37937927246094,242.83908081054688,90.7300033569336,89.88706970214844,178.11227416992188,22.944690704345703,173.44000244140625,303.6300048828125,123.84849548339844,138.65135192871094,211.287841796875,126.12938690185547,433.95806884765625,265.4314270019531,340.5171813964844,91.41718292236328,329.29998779296875,170.67420959472656,29.275999069213867,32.86720657348633,53.73234939575195,155.47760009765625,44.3597297668457,97.31523895263672,43.926612854003906
2023-03-13,148.32125854492188,248.04576110839844,92.43000030517578,90.36315155029297,179.491455078125,22.945688247680664,174.47999572753906,302.8800048828125,121.62451934814453,139.97740173339844,209.65533447265625,127.00279235839844,437.11614990234375,265.6260986328125,338.16278076171875,90.46949005126953,324.2699890136719,172.97052001953125,29.35099983215332,33.25938034057617,54.27684020996094,156.99594116210938,44.22270965576172,96.19564056396484,44.05489730834961
2023-03-14,150.41094970703125,254.75686645507812,94.87999725341797,93.19969940185547,192.50927734375,24.041715621948242,183.25999450683594,305.3299865722656,124.74736022949219,140.763916015625,213.75123596191406,128.57496643066406,437.9645690917969,264.745361328125,346.1187744140625,91.21200561523438,333.3299865722656,180.2437286376953,29.493999481201172,33.29275131225586,54.47649002075195,156.83331298828125,44.80734634399414,96.55681610107422,44.28901290893555
2023-03-15,150.80528259277344,259.29925537109375,96.19999694824219,95.32215881347656,196.21023559570312,24.20656967163086,180.4499969482422,297.8800048828125,118.85380554199219,141.1571502685547,211.5126495361328,130.39527893066406,438.7659606933594,266.9703674316406,341.4687194824219,90.95799255371094,333.6099853515625,180.26344299316406,30.378999710083008,33.60982894897461,54.839481353759766,159.635009765625,44.81648254394531,91.75334930419922,44.78289031982422
2023-03-16,153.62442016601562,269.81036376953125,100.04000091552734,99.49765014648438,203.3343048095703,25.518407821655273,184.1300048828125,302.010009765625,121.16117858886719,140.864501953125,212.56838989257812,131.3698272705078,444.9783630371094,265.8207702636719,341.3902587890625,92.12061309814453,353.2900085449219,184.58990478515625,31.006000518798828,33.68492126464844,55.14125061035156,159.52655029296875,45.7848014831543,91.22061920166016,44.52849578857422
2023-03-17,152.7865753173828,272.965576171875,98.94999694824219,100.78699493408203,194.0869140625,25.702247619628906,180.1300048828125,293.510009765625,116.58348083496094,139.3555145263672,212.509765625,131.40660095214844,442.6026916503906,267.3597412109375,343.01873779296875,91.05569458007812,358.1400146484375,182.1753692626953,30.350000381469727,33.45962905883789,54.88521194458008,158.2793426513672,45.84874725341797,90.14617919921875,44.88916015625
2023-03-20,155.15225219726562,265.9321594238281,97.70999908447266,100.39027404785156,196.26976013183594,25.877090454101562,183.25,301.05999755859375,117.8159408569336,140.73646545410156,213.25270080566406,133.4292449951172,449.63531494140625,268.16632080078125,342.6852111816406,92.0522232055664,362.8800048828125,182.56956481933594,30.51300048828125,34.05206298828125,55.41558074951172,160.50262451171875,46.53386688232422,92.50275421142578,45.3721809387207
2023-03-21,157.00543212890625,267.4463195800781,100.61000061035156,104.0599365234375,200.5858917236328,26.175827026367188,197.5800018310547,303.8500061035156,120.97586822509766,140.73646545410156,216.96737670898438,132.4638671875,452.5954895019531,268.32391357421875,347.8354797363281,94.31884765625,374.2200012207031,185.949951171875,30.57900047302246,33.92689514160156,55.159542083740234,160.88223266601562,46.28722381591797,96.6470947265625,45.21761703491211
2023-03-22,155.57614135742188,265.99078369140625,98.69999694824219,102.52265167236328,198.25421142578125,26.44459342956543,191.14999389648438,299.7300109863281,117.8530044555664,138.1392059326172,215.1002655029297,132.3811492919922,448.27783203125,262.001220703125,344.3627014160156,92.71658325195312,361.7099914550781,183.81134033203125,29.389999389648438,33.38453674316406,54.912635803222656,159.52655029296875,45.181880950927734,94.43497467041016,44.92779541015625
2023-03-23,156.66043090820312,271.2366027832031,98.70999908447266,104.734375,202.6894073486328,27.16695213317871,192.22000122070312,298.3699951171875,117.53794860839844,138.21240234375,217.59304809570312,132.197265625,442.9892272949219,263.2064514160156,347.6392822265625,93.62518310546875,369.0,184.7279052734375,32.0369987487793,33.52638626098633,54.793758392333984,158.7493133544922,45.42852783203125,93.36955261230469,45.291683197021484
2023-03-24,157.9615936279297,274.0793151855469,98.12999725341797,104.57569885253906,204.40591430664062,26.75531578063965,190.41000366210938,298.9200134277344,115.74948120117188,139.60244750976562,216.07781982421875,134.8910369873047,448.7209167480469,262.3813171386719,344.95135498046875,91.91545867919922,374.9599914550781,187.30999755859375,32.8390007019043,33.70160675048828,55.68992233276367,161.85830688476562,46.14106750488281,93.47789764404297,45.661991119384766
2023-03-27,156.0197296142578,269.9862060546875,98.04000091552734,101.62010955810547,201.2606201171875,26.507532119750977,191.80999755859375,302.1400146484375,119.06694030761719,140.19691467285156,216.83050537109375,134.18313598632812,454.29229736328125,260.7589111328125,347.8845520019531,93.4200210571289,373.1499938964844,188.49261474609375,32.76599884033203,33.55976867675781,56.10142517089844,162.21983337402344,46.1684684753418,95.52749633789062,46.425174713134766
2023-03-28,155.39869689941406,268.86285400390625,97.23999786376953,100.20182800292969,199.11741638183594,26.386642456054688,189.19000244140625,302.32000732421875,119.4283447265625,138.84341430664062,215.38375854492188,134.56008911132812,445.50628662109375,260.34173583984375,347.6000671386719,92.63842010498047,373.3999938964844,189.51759338378906,32.35200119018555,33.36784744262695,56.165428161621094,162.16558837890625,46.03144454956055,96.71932983398438,46.24484634399414
2023-03-29,158.47415161132812,274.0206604003906,100.25,100.55888366699219,203.75106811523438,26.960132598876953,193.8800048828125,305.29998779296875,119.66926574707031,140.20602416992188,218.28709411621094,134.97378540039062,439.85943603515625,262.6965026855469,352.7013244628906,94.64125061035156,379.1600036621094,193.79478454589844,33.202999114990234,33.58479309082031,56.56779098510742,163.2863006591797,46.74396514892578,98.38069152832031,46.44449996948242
2023-03-30,160.0414581298828,277.478759765625,102.0,100.06297302246094,206.2216796875,27.358779907226562,195.27999877929688,305.0799865722656,119.30786895751953,140.31578063964844,217.36817932128906,135.56219482421875,443.1306457519531,264.55072021484375,352.4363708496094,95.84294891357422,381.8999938964844,193.75537109375,33.84299850463867,33.693267822265625,56.55864715576172,163.43087768554688,46.98149108886719,98.85920715332031,46.908199310302734
2023-03-31,162.545166015625,281.63043212890625,103.29000091552734,102.87969207763672,210.2897491455078,27.752431869506836,207.4600067138672,308.7699890136719,120.75344848632812,141.75160217285156,220.39859008789062,136.70220947265625,445.5157165527344,273.5989685058594,356.5075988769531,97.82624816894531,385.3699951171875,196.88934326171875,34.54800033569336,34.0437126159668,56.72324752807617,164.75946044921875,47.757965087890625,99.01272583007812,47.48139572143555
2023-04-03,163.7970733642578,280.5852355957031,102.41000366210938,103.5045394897461,211.4109649658203,27.940265655517578,194.77000427246094,310.30999755859375,120.61447143554688,143.44346618652344,223.85911560058594,137.45608520507812,465.87823486328125,276.0186767578125,359.5094909667969,97.46476745605469,380.0799865722656,193.64694213867188,34.827999114990234,34.50264358520508,57.06159973144531,164.94021606445312,47.785369873046875,104.85452270507812,47.88068771362305
2023-04-04,163.2647705078125,280.5362854003906,103.94999694824219,103.86158752441406,213.04811096191406,27.4287166595459,192.5800018310547,309.07000732421875,119.00205993652344,144.94329833984375,222.5492401123047,138.11805725097656,464.9921569824219,273.45062255859375,356.98828125,97.27913665771484,385.1499938964844,194.34666442871094,34.67499923706055,34.12716293334961,56.887847900390625,164.35275268554688,47.69333267211914,103.852294921875,47.410552978515625
2023-04-05,161.42144775390625,277.7620849609375,101.0999984741211,103.61363983154297,209.83331298828125,26.85722541809082,185.52000427246094,310.3900146484375,119.17952728271484,151.45472717285156,223.04776000976562,139.0650177001953,480.0566101074219,267.6193542480469,357.4403076171875,97.6113052368164,382.0199890136719,192.48403930664062,34.23500061035156,34.669517517089844,57.427371978759766,165.97052001953125,47.69333267211914,105.63101959228516,48.196266174316406
2023-04-06,162.30860900878906,284.85406494140625,102.05999755859375,107.53125,214.4173583984375,27.01308822631836,185.05999755859375,312.510009765625,119.04875183105469,151.03404235839844,220.91671752929688,139.94761657714844,483.4315490722656,267.5636901855469,355.1607360839844,97.66992950439453,380.6000061035156,189.76394653320312,33.93299865722656,34.62779998779297,57.46395492553711,166.6212615966797,47.187129974365234,103.87938690185547,48.56014633178711
2023-04-10,159.71615600585938,282.6951904296875,102.16999816894531,105.56748962402344,213.07785034179688,27.554607391357422,184.50999450683594,312.6199951171875,119.44100952148438,150.2749786376953,221.3468017578125,138.78919982910156,485.665771484375,269.9369812011719,353.85400390625,98.4906005859375,376.25,188.71929931640625,33.89899826049805,34.819705963134766,57.32678985595703,165.57284545898438,47.24235153198242,103.41889953613281,48.46676254272461
2023-04-11,158.50375366210938,276.2868957519531,99.91999816894531,104.48640441894531,212.1848907470703,27.144969940185547,186.7899932861328,313.70001220703125,120.0293960571289,150.22927856445312,223.32147216796875,138.51339721679688,491.12408447265625,272.347412109375,357.7743225097656,98.10956573486328,371.1099853515625,186.1569061279297,33.82099914550781,34.869781494140625,57.226200103759766,165.31979370117188,46.588890075683594,104.15025329589844,48.32508087158203
2023-04-12,157.81375122070312,276.9317321777344,97.83000183105469,103.78223419189453,212.33372497558594,26.47156524658203,180.5399932861328,314.54998779296875,120.01071166992188,149.9091796875,222.6958465576172,138.89035034179688,491.33148193359375,269.2602844238281,355.4653625488281,95.68663787841797,369.8900146484375,187.56625366210938,33.10300064086914,34.519325256347656,57.32678985595703,164.9944305419922,46.11951446533203,104.04190826416016,48.090003967285156
2023-04-13,163.1957244873047,283.13482666015625,102.4000015258789,106.54936981201172,218.63426208496094,26.439594268798828,185.89999389648438,318.04998779296875,120.46834564208984,151.91195678710938,227.46627807617188,139.53390502929688,496.0826416015625,270.84552001953125,363.19793701171875,98.51991271972656,378.79998779296875,191.2126922607422,34.61899948120117,34.60277557373047,57.747432708740234,166.6393280029297,46.75455856323242,104.52945709228516,48.1383056640625
2023-04-14,162.85073852539062,279.5203857421875,102.51000213623047,107.9775619506836,219.76539611816406,26.734333038330078,185.0,319.739990234375,129.5648956298828,151.6650390625,228.76641845703125,138.8260040283203,482.469970703125,270.8826599121094,365.929443359375,97.60154724121094,379.3800048828125,191.8335723876953,33.862998962402344,34.36913299560547,57.655982971191406,165.85299682617188,46.515262603759766,104.78229522705078,47.81306838989258
2023-04-17,162.87049865722656,282.1188659667969,102.73999786376953,105.1013412475586,217.1558837890625,26.978118896484375,187.0399932861328,323.7900085449219,130.59222412109375,151.50958251953125,228.238525390625,138.87196350097656,476.39892578125,273.8585510253906,366.253662109375,97.99234008789062,377.9200134277344,194.22840881347656,33.27199935913086,34.36079406738281,58.030906677246094,166.70257568359375,46.27596664428711,103.5633544921875,48.14796447753906
2023-04-18,164.0927734375,281.6988220214844,102.30000305175781,103.64338684082031,216.19342041015625,27.642532348632812,184.30999755859375,324.6300048828125,132.05848693847656,147.24789428710938,228.35586547851562,139.01907348632812,475.57879638671875,277.1496887207031,365.8213806152344,98.60784912109375,377.54998779296875,195.6278533935547,33.369998931884766,33.83511734008789,58.12235641479492,167.04605102539062,46.30358123779297,105.58588409423828,48.254234313964844
2023-04-19,165.2362060546875,281.7769775390625,104.30000305175781,103.32601165771484,214.02044677734375,27.906295776367188,180.58999633789062,323.0899963378906,131.89036560058594,148.6379852294922,227.34901428222656,139.04661560058594,458.3460388183594,275.2584228515625,366.29302978515625,96.47799682617188,380.1099853515625,196.0417938232422,32.3120002746582,33.576454162597656,58.23208999633789,166.9466094970703,44.214351654052734,105.25178527832031,48.305755615234375
2023-04-20,164.2701873779297,279.4910888671875,103.80999755859375,104.42689514160156,211.4109649658203,27.080026626586914,162.99000549316406,323.82000732421875,131.50743103027344,149.59823608398438,229.33338928222656,139.556396484375,459.5338134765625,276.79736328125,368.4546203613281,95.81365203857422,380.260009765625,194.65219116210938,32.53499984741211,33.251033782958984,58.488136291503906,167.49790954589844,42.87062072753906,104.41209411621094,48.61488723754883
2023-04-21,162.66348266601562,279.1492614746094,106.95999908447266,104.5459213256836,211.2323455810547,27.095014572143555,165.0800018310547,324.3299865722656,131.25531005859375,148.78428649902344,228.79576110839844,144.38555908203125,456.10235595703125,278.16015625,368.69036865234375,97.27913665771484,377.6700134277344,196.1501922607422,32.79800033569336,33.551414489746094,58.570438385009766,167.5702362060547,43.28478240966797,104.74617767333984,48.8596305847168
2023-04-24,162.96905517578125,275.2514343261719,106.20999908447266,105.1013412475586,211.1331024169922,27.018081665039062,162.5500030517578,326.04998779296875,131.43272399902344,149.68966674804688,227.53469848632812,144.64462280273438,460.92901611328125,279.6435241699219,368.1893310546875,97.3865966796875,377.3399963378906,192.09967041015625,32.902000427246094,33.30109405517578,58.47898864746094,167.6515655517578,43.616111755371094,106.72354125976562,49.19130325317383
2023-04-25,161.4313507080078,269.0484313964844,102.56999969482422,102.99871063232422,205.9339141845703,26.217790603637695,160.6699981689453,324.3399963378906,128.57492065429688,151.06146240234375,224.43585205078125,144.68161010742188,463.7383117675781,274.7207336425781,362.0975036621094,95.75502014160156,369.5899963378906,187.9111785888672,32.255001068115234,32.817142486572266,58.38753890991211,171.45648193359375,43.34001159667969,105.2066650390625,48.80810546875
2023-04-26,161.42144775390625,288.53692626953125,104.9800033569336,102.85986328125,207.76954650878906,26.932159423828125,153.75,320.5299987792969,126.29610443115234,148.72027587890625,223.0281982421875,143.0071258544922,455.2821350097656,267.0630798339844,360.3584289550781,94.38724517822266,363.05999755859375,188.7488555908203,32.1150016784668,32.23305892944336,58.11320877075195,170.39906311035156,42.833805084228516,104.24053192138672,48.5955696105957
2023-04-27,166.00506591796875,297.77801513671875,109.81999969482422,106.70805358886719,236.70249938964844,27.201919555664062,160.19000244140625,326.2300109863281,127.995849609375,149.06781005859375,223.86891174316406,144.75563049316406,462.3714294433594,272.49566650390625,367.14776611328125,97.63085174560547,371.4200134277344,193.10491943359375,32.584999084472656,32.3248405456543,58.23208999633789,171.43841552734375,42.85220718383789,105.48655700683594,48.74691390991211
2023-04-28,167.25694274902344,300.15185546875,105.44999694824219,106.46009826660156,238.4487762451172,27.724456787109375,164.30999755859375,328.54998779296875,129.1072235107422,149.70797729492188,227.50538635253906,144.67237854003906,463.8985595703125,278.62371826171875,373.39678955078125,100.1417236328125,377.55999755859375,195.49974060058594,32.99300003051758,32.44999694824219,58.6618766784668,172.52291870117188,43.48726272583008,106.84993743896484,48.61488723754883
2023-05-01,167.16818237304688,298.4910888671875,102.05000305175781,106.32125091552734,241.2864990234375,28.884431838989258,161.8300018310547,330.1700134277344,131.87171936035156,149.61651611328125,227.29034423828125,144.84811401367188,467.3017578125,275.99090576171875,373.229736328125,99.85839080810547,374.1499938964844,194.9281463623047,32.4119987487793,32.717010498046875,58.799049377441406,173.23692321777344,43.57009506225586,103.53627014160156,48.81454086303711
2023-05-02,166.13319396972656,298.3445739746094,103.62999725341797,104.45667266845703,237.377197265625,28.185049057006836,160.30999755859375,325.8599853515625,129.7423095703125,150.92430114746094,221.8844451904297,144.7186279296875,465.1241149902344,272.8202209472656,369.4665832519531,98.28543853759766,368.6600036621094,191.0352783203125,31.7549991607666,32.59185791015625,58.53385543823242,173.7520751953125,42.66814041137695,99.40998840332031,48.682518005371094
2023-05-03,165.0587615966797,297.35797119140625,103.6500015258789,104.5459213256836,235.18441772460938,27.77741241455078,160.61000061035156,323.2200012207031,126.99656677246094,148.9488983154297,220.90689086914062,144.53358459472656,461.4003601074219,271.7077331542969,368.35626220703125,98.5394515991211,345.25,189.82308959960938,31.93000030517578,32.082862854003906,58.204654693603516,173.68881225585938,42.299991607666016,97.45069885253906,48.50218963623047
2023-05-04,163.42247009277344,298.3445739746094,104.0,103.83183288574219,231.70172119140625,27.53762435913086,161.1999969482422,320.0,125.25942993164062,148.2721710205078,220.5354461669922,143.86749267578125,459.3641052246094,264.9122619628906,369.5550537109375,95.2079086303711,335.8299865722656,189.59642028808594,32.077999114990234,31.8992977142334,58.26866912841797,174.7733917236328,42.06068801879883,95.74419403076172,48.63794708251953
2023-05-05,171.09140014648438,303.4633483886719,105.66000366210938,104.70462036132812,230.96749877929688,28.654632568359375,170.05999755859375,323.8800048828125,127.70635986328125,148.775146484375,226.5767059326172,144.34857177734375,465.96307373046875,268.50006103515625,377.94598388671875,98.207275390625,348.3999938964844,194.73104858398438,32.2760009765625,32.116241455078125,58.542999267578125,175.5777130126953,42.56690216064453,98.12787628173828,49.05815887451172
2023-05-08,171.02236938476562,301.5096740722656,105.83000183105469,106.88658905029297,231.45364379882812,29.125215530395508,171.7899932861328,326.1400146484375,128.01455688476562,148.436767578125,227.0166015625,143.6732177734375,464.3981628417969,266.93328857421875,378.7811584472656,100.60090637207031,344.05999755859375,195.03652954101562,33.12099838256836,32.26642990112305,58.45155334472656,174.74624633789062,42.64972686767578,98.51611328125,49.36524200439453
2023-05-09,169.31707763671875,299.89788818359375,106.62000274658203,106.47002410888672,231.5529022216797,28.54572868347168,169.14999389648438,324.8699951171875,127.39813995361328,147.28448486328125,228.02349853515625,142.2022705078125,462.28656005859375,269.39007568359375,376.2559509277344,99.8290786743164,342.6499938964844,198.2690887451172,33.2140007019043,32.10789108276367,57.96689987182617,175.46023559570312,42.769378662109375,98.54320526123047,49.44927978515625
2023-05-10,171.08151245117188,305.0849914550781,110.19000244140625,110.83396911621094,231.26513671875,28.859455108642578,168.5399932861328,322.989990234375,127.46350860595703,147.8331756591797,226.07815551757812,142.49832153320312,461.9943542480469,267.95306396484375,375.863037109375,98.8130111694336,344.0199890136719,201.885986328125,33.54199981689453,31.957698822021484,58.0674934387207,175.5777130126953,42.990264892578125,97.27912902832031,49.31028366088867
2023-05-11,171.26881408691406,302.93585205078125,112.18000030517578,115.61444091796875,233.9540557861328,28.552724838256836,172.0800018310547,322.6400146484375,127.06194305419922,147.2296142578125,226.2642364501953,142.83135986328125,460.75933837890625,266.7107849121094,376.6981506347656,90.18616485595703,341.5799865722656,200.5259552001953,34.47600173950195,31.69624137878418,58.396690368652344,176.54476928710938,42.677337646484375,95.51846313476562,49.49453353881836
2023-05-12,170.34095764160156,301.8222961425781,110.26000213623047,116.54674530029297,231.98944091796875,28.3149356842041,167.97999572753906,322.489990234375,125.24078369140625,147.03753662109375,226.6266326904297,144.2838134765625,463.08782958984375,269.2880859375,375.2538146972656,89.87352752685547,335.45001220703125,198.88998413085938,33.98899841308594,31.502248764038086,58.625301361083984,177.2497100830078,42.990264892578125,95.50944519042969,49.47836685180664
2023-05-15,169.847412109375,302.30096435546875,111.19999694824219,115.55493927001953,237.00015258789062,28.927392959594727,166.35000610351562,323.5299987792969,126.29610443115234,145.9126739501953,228.0272979736328,144.33009338378906,458.96820068359375,267.4988098144531,376.7177734375,90.72351837158203,345.6700134277344,200.38796997070312,33.5890007019043,31.342002868652344,58.4698486328125,175.5777130126953,43.349205017089844,95.69158172607422,49.09370803833008
2023-05-16,169.847412109375,304.5281677246094,113.4000015258789,118.53036499023438,236.96047973632812,29.187164306640625,166.52000427246094,323.75,125.44621276855469,145.72061157226562,225.7353515625,144.080322265625,452.23724365234375,261.74163818359375,373.6031188964844,88.88677978515625,345.1099853515625,201.60015869140625,33.375,31.215482711791992,57.81144714355469,174.81854248046875,43.183536529541016,93.36918640136719,48.41490936279297
2023-05-17,170.4594268798828,307.40643310546875,115.5,119.84944152832031,240.60186767578125,30.151304244995117,173.86000061035156,327.3900146484375,129.30337524414062,145.4005584716797,227.8705596923828,143.4696807861328,457.0356750488281,271.0680236816406,380.2450866699219,90.63558959960938,356.6300048828125,206.35043334960938,33.99599838256836,30.996191024780273,57.747432708740234,173.5803680419922,43.836997985839844,95.46389770507812,48.3341064453125
2023-05-18,172.78895568847656,311.83154296875,118.1500015258789,121.82313537597656,244.92794799804688,31.649982452392578,176.88999938964844,329.760009765625,130.2839813232422,144.9341278076172,228.8010711669922,141.110595703125,451.7753601074219,273.6360778808594,385.177490234375,91.6028060913086,360.42999267578125,210.23342895507812,37.12900161743164,30.768463134765625,57.427371978759766,173.12847900390625,44.36161422729492,96.32909393310547,48.96118927001953
2023-05-19,172.89749145507812,311.6553039550781,116.25,121.75370788574219,243.72735595703125,31.23634910583496,180.13999938964844,330.3900146484375,129.9851531982422,145.327392578125,228.5170135498047,141.70269775390625,451.3887939453125,269.6681823730469,378.8401184082031,89.24826049804688,371.25,207.31626892089844,36.5359992980957,31.0130558013916,57.45480728149414,173.38153076171875,45.21754455566406,96.77537536621094,48.456932067871094
2023-05-22,171.94989013671875,314.4356384277344,115.01000213623047,124.02493286132812,246.38648986816406,31.148426055908203,188.8699951171875,329.1300048828125,128.91111755371094,144.54415893554688,226.5286865234375,137.992919921875,453.085693359375,269.4642028808594,377.8182067871094,89.70744323730469,372.04998779296875,207.21768188476562,36.30099868774414,32.68305587768555,56.24773406982422,168.681884765625,44.93223571777344,95.60050964355469,48.03025436401367
2023-05-23,169.34397888183594,308.63995361328125,114.98999786376953,121.55533599853516,244.81878662109375,30.66085433959961,185.77000427246094,323.1099853515625,127.56625366210938,144.4888916015625,219.96636962890625,136.50344848632812,451.9732360839844,273.4320983886719,367.22637939453125,87.75345611572266,370.4200134277344,203.6501007080078,35.5989990234375,33.433712005615234,56.14714813232422,168.16671752929688,45.015071868896484,96.90287017822266,47.93974685668945
2023-05-24,169.62037658691406,307.2595520019531,116.75,119.90894317626953,247.26959228515625,30.510990142822266,182.89999389648438,320.20001220703125,126.3988265991211,144.35069274902344,217.68423461914062,135.3748016357422,453.2835998535156,269.8721008300781,362.06805419921875,87.02071380615234,365.760009765625,206.03506469726562,36.48500061035156,32.58184814453125,55.671630859375,167.1002197265625,44.55488967895508,97.98664855957031,47.719940185546875
2023-05-25,170.75550842285156,319.0761413574219,115.0,122.46780395507812,250.7224578857422,37.946407318115234,184.47000122070312,319.0199890136719,126.70701599121094,142.27748107910156,218.79100036621094,134.5051727294922,450.33294677734375,265.83935546875,363.5810852050781,86.11210632324219,392.05999755859375,206.8727569580078,35.900001525878906,31.907102584838867,55.24184036254883,166.1151123046875,45.12550735473633,96.22891235351562,47.244781494140625
2023-05-26,173.16400146484375,325.89971923828125,120.11000061035156,123.58853912353516,259.99969482421875,38.911556243896484,193.1699981689453,320.6000061035156,127.89313507080078,142.22218322753906,220.38751220703125,134.514404296875,453.9340515136719,271.4759521484375,367.8355712890625,86.25865936279297,415.3900146484375,212.32275390625,37.88800048828125,31.713111877441406,55.10466384887695,165.91629028320312,45.8894157409668,95.60050964355469,47.328826904296875
2023-05-30,175.00987243652344,324.2550354003906,121.66000366210938,122.65624237060547,260.4759216308594,40.07551956176758,201.16000366210938,322.19000244140625,128.37876892089844,142.2406005859375,217.0867462158203,132.46060180664062,452.35980224609375,271.0772705078125,361.0855407714844,85.79946899414062,417.2099914550781,215.70310974121094,39.29800033569336,31.215482711791992,54.665740966796875,164.13584899902344,46.17472457885742,94.7535171508789,47.212459564208984
2023-05-31,174.96047973632812,321.4942932128906,120.58000183105469,121.86280822753906,262.6587829589844,37.800533294677734,203.92999267578125,321.0799865722656,126.74437713623047,142.8763885498047,216.48928833007812,131.83151245117188,459.326416015625,264.6717834472656,358.6487731933594,85.93624877929688,417.7900085449219,220.1478729248047,39.52299880981445,32.067352294921875,54.556007385253906,164.8046417236328,45.71454620361328,93.05953216552734,47.47428894042969
2023-06-01,177.7637939453125,325.5963134765625,122.7699966430664,122.7058334350586,270.48736572265625,39.73482894897461,207.52000427246094,323.1199951171875,128.4908447265625,142.39723205566406,221.84690856933594,133.1822509765625,465.35028076171875,269.2845153808594,364.4064636230469,86.55175018310547,426.75,209.81951904296875,40.3129997253418,32.067352294921875,54.86691665649414,165.81028747558594,45.778968811035156,94.13422393798828,47.64883041381836
2023-06-02,178.6126708984375,328.3570861816406,124.25,123.64804077148438,270.48736572265625,39.29221725463867,213.97000122070312,329.4800109863281,131.18992614746094,144.63632202148438,224.08985900878906,135.55055236816406,470.95947265625,276.3343811035156,367.2067565917969,88.68160247802734,436.3699951171875,209.94761657714844,40.047000885009766,32.354122161865234,55.927677154541016,167.51217651367188,46.036678314208984,96.31999206542969,48.10459518432617
2023-06-05,177.26039123535156,328.8857421875,125.30000305175781,124.97706604003906,269.27685546875,39.1363525390625,217.61000061035156,328.5799865722656,129.90109252929688,145.88026428222656,222.11134338378906,135.01397705078125,469.6491394042969,273.6824951171875,364.052734375,88.90630340576172,434.17999267578125,206.823486328125,40.354000091552734,32.598716735839844,55.55275344848633,167.63050842285156,46.21154022216797,95.89195251464844,48.4213752746582
2023-06-06,176.8951873779297,326.6731262207031,126.61000061035156,126.26641082763672,269.0089416503906,38.619815826416016,221.30999755859375,333.4100036621094,130.13455200195312,145.75123596191406,223.53158569335938,133.67254638671875,459.6375427246094,276.39031982421875,373.3280029296875,90.03962707519531,432.8900146484375,209.77024841308594,39.92900085449219,32.362548828125,55.150394439697266,165.2369384765625,45.8433952331543,96.6751708984375,48.41490936279297
2023-06-07,175.52313232421875,316.5894470214844,121.2300033569336,121.4958267211914,261.5474853515625,37.44572448730469,224.57000732421875,335.4200134277344,131.39537048339844,146.0645294189453,220.64219665527344,133.95932006835938,454.5091857910156,281.7127380371094,364.9075927734375,90.3913345336914,418.32000732421875,202.7532501220703,39.97700119018555,32.80113220214844,55.06809616088867,163.9172821044922,45.8157844543457,98.84275817871094,48.48602294921875
2023-06-08,178.2376251220703,318.4300231933594,124.25,121.1387939453125,262.51983642578125,38.47991943359375,234.86000061035156,335.95001220703125,131.43272399902344,147.6678009033203,218.46780395507812,135.4765167236328,462.1451110839844,281.1431579589844,361.1739501953125,90.40110778808594,439.0299987792969,206.49826049804688,40.9370002746582,32.96982192993164,55.20526123046875,165.72837829589844,45.7237548828125,98.5331039428711,49.18745422363281
2023-06-09,178.62258911132812,319.9278869628906,123.43000030517578,121.2280502319336,262.88702392578125,38.73971939086914,244.39999389648438,335.2900085449219,131.69422912597656,147.43746948242188,218.96726989746094,135.58755493164062,465.34088134765625,277.6509704589844,362.7755126953125,89.81491088867188,454.0,212.19461059570312,42.00199890136719,32.868614196777344,55.296714782714844,165.95590209960938,45.705345153808594,97.80450439453125,49.484840393066406
2023-06-12,181.41603088378906,324.8816223144531,126.56999969482422,122.6264877319336,268.9394836425781,39.4511604309082,249.8300018310547,333.6000061035156,131.68490600585938,147.33609008789062,221.52369689941406,134.52366638183594,464.3699035644531,280.92840576171875,368.7591857910156,90.9970703125,474.6300048828125,210.59805297851562,42.39699935913086,33.65299987792969,55.05895233154297,165.5463409423828,46.46004104614258,96.92108154296875,49.81131362915039
2023-06-13,180.94223022460938,327.2703857421875,126.66000366210938,122.81493377685547,269.2074279785156,40.989959716796875,258.7099914550781,336.3900146484375,132.63751220703125,148.110107421875,218.81060791015625,134.19984436035156,463.16326904296875,280.2000427246094,364.89776611328125,91.69073486328125,478.989990234375,205.9562530517578,43.573001861572266,33.9735107421875,55.278411865234375,165.21873474121094,46.75455856323242,96.93930053710938,50.19920349121094
2023-06-14,181.57395935058594,330.2563171386719,126.41999816894531,122.65624237060547,271.22161865234375,42.963417053222656,256.7900085449219,335.8999938964844,132.14251708984375,148.8656768798828,218.8497772216797,135.4580535888672,433.5150146484375,279.8545837402344,368.2187805175781,90.32294464111328,479.5299987792969,206.37013244628906,44.08599853515625,33.19755172729492,55.653343200683594,166.70216369628906,46.90182113647461,95.77354431152344,50.70668411254883
2023-06-15,183.6073455810547,340.7903747558594,127.11000061035156,124.06460571289062,279.63555908203125,42.619686126708984,255.89999389648438,339.82000732421875,133.63682556152344,150.86514282226562,221.52369689941406,137.33607482910156,441.00250244140625,282.01153564453125,372.42401123046875,90.80167388916016,490.9100036621094,208.85366821289062,44.527000427246094,33.5264892578125,56.418113708496094,169.0138397216797,47.79457473754883,96.43839263916016,50.98467254638672
2023-06-16,182.53138732910156,335.14154052734375,125.48999786376953,122.51738739013672,278.81207275390625,42.65864944458008,260.5400085449219,338.30999755859375,133.7955780029297,151.3258514404297,224.20738220214844,138.34446716308594,433.9977111816406,280.48016357421875,369.9578857421875,89.21894836425781,495.17999267578125,208.6959991455078,43.19599914550781,33.7879524230957,56.82353591918945,169.3141632080078,47.923423767089844,95.74622344970703,50.2735481262207
2023-06-20,182.62026977539062,330.95135498046875,125.77999877929688,122.09091186523438,282.1160888671875,43.77378463745117,274.45001220703125,338.6700134277344,133.11383056640625,151.23374938964844,221.81752014160156,137.0677947998047,444.3155212402344,281.44195556640625,368.08123779296875,87.68507385253906,485.8599853515625,213.8306121826172,43.470001220703125,33.18068313598633,56.44575881958008,168.6497802734375,47.44482421875,93.55134582519531,49.83070373535156
2023-06-21,181.58383178710938,326.5556640625,124.83000183105469,119.56181335449219,279.4471130371094,43.011375427246094,259.4599914550781,338.6099853515625,132.91773986816406,151.00335693359375,222.5814971923828,138.251953125,451.2823486328125,280.7790222167969,369.57470703125,86.60060119628906,477.4800109863281,206.55740356445312,42.44499969482422,32.80957794189453,56.60240173339844,168.75900268554688,46.80057144165039,94.59870147705078,49.92767333984375
2023-06-22,184.58456420898438,332.5765686035156,130.14999389648438,122.1405258178711,282.661865234375,42.991390228271484,264.6099853515625,336.9599914550781,130.3587188720703,152.60662841796875,223.6980743408203,138.7237548828125,453.45947265625,281.2272033691406,371.2057189941406,86.45405578613281,477.5799865722656,210.20387268066406,42.24800109863281,32.66618728637695,56.9893913269043,170.5063934326172,47.049076080322266,94.0795669555664,50.34465789794922
2023-06-23,184.26870727539062,327.9850158691406,129.3300018310547,121.33715057373047,286.4818420410156,42.176029205322266,256.6000061035156,335.25,129.67697143554688,152.4776611328125,224.83425903320312,137.3453369140625,451.5189208984375,280.8816833496094,373.1805725097656,86.07302856445312,484.7200012207031,207.05014038085938,42.402000427246094,32.30351257324219,56.39047622680664,169.3414764404297,46.321990966796875,93.25990295410156,50.250911712646484
2023-06-26,182.87689208984375,321.6998291015625,127.33000183105469,117.36993408203125,276.3017272949219,40.60026931762695,241.0500030517578,334.1199951171875,129.99447631835938,150.7729949951172,221.65103149414062,137.48406982421875,453.46893310546875,287.49267578125,370.83233642578125,86.65922546386719,479.510009765625,204.35968017578125,41.59400177001953,31.114269256591797,56.408905029296875,168.26754760742188,46.21154022216797,94.981201171875,50.118385314941406
2023-06-27,185.63084411621094,327.5445251464844,129.17999267578125,117.36002349853516,284.8149108886719,41.84328842163086,250.2100067138672,335.3399963378906,130.00381469726562,150.45974731445312,222.66966247558594,138.78854370117188,456.7819519042969,292.955078125,375.1260681152344,87.01094055175781,489.2699890136719,205.79855346679688,41.70800018310547,30.71785545349121,56.28911209106445,169.4779815673828,46.809783935546875,95.21800231933594,49.9373779296875
2023-06-28,186.80551147460938,328.7976379394531,129.0399932861328,119.19486236572266,283.06866455078125,41.08488464355469,256.239990234375,334.1499938964844,129.43409729003906,150.15570068359375,223.2769317626953,138.76075744628906,449.10516357421875,286.2041015625,373.59332275390625,86.78623962402344,482.42999267578125,209.10006713867188,42.98400115966797,30.608213424682617,55.763916015625,167.1845245361328,46.8189811706543,95.99213409423828,50.208900451660156
2023-06-29,187.14108276367188,328.014404296875,127.9000015258789,118.12371063232422,279.337890625,40.79011154174805,257.5,336.9100036621094,133.95436096191406,151.20611572265625,229.5062713623047,138.19644165039062,450.9889221191406,287.4273376464844,380.9034423828125,86.90347290039062,483.7699890136719,207.38525390625,42.82400131225586,30.46482276916504,55.3032112121582,167.34835815429688,47.13190841674805,97.17608642578125,49.86949157714844
2023-06-30,191.4645233154297,333.38909912109375,130.36000061035156,118.71878051757812,284.7454833984375,42.268959045410156,261.7699890136719,341.0,135.83157348632812,152.5145263671875,232.60134887695312,140.37974548339844,454.9645690917969,290.06048583984375,386.4351501464844,87.22588348388672,488.989990234375,208.20323181152344,44.04899978637695,30.937145233154297,55.487491607666016,168.56788635253906,47.61970520019531,97.67698669433594,50.806880950927734
2023-07-03,189.97406005859375,330.8926696777344,130.22000122070312,118.91715240478516,283.7929382324219,42.37986755371094,279.82000732421875,342.0,136.92428588867188,150.5150146484375,233.08126831054688,141.08287048339844,452.35198974609375,289.4815368652344,387.0836486816406,88.41780853271484,485.2099914550781,208.58758544921875,44.14400100708008,30.91184425354004,55.8192024230957,168.9137420654297,47.69333267211914,97.86824035644531,51.1365966796875
2023-07-05,188.858642578125,331.04937744140625,130.3800048828125,120.75198364257812,292.077880859375,42.28395080566406,282.4800109863281,341.55999755859375,136.0121307373047,150.01742553710938,234.5308380126953,140.84230041503906,446.0477600097656,290.20989990234375,387.8402404785156,87.72415161132812,487.260009765625,210.7261962890625,44.59000015258789,30.751590728759766,56.233829498291016,169.80560302734375,47.76751708984375,97.36734771728516,51.10749816894531
2023-07-06,189.3323974609375,334.1037902832031,128.36000061035156,119.12544250488281,289.7164306640625,42.07011795043945,276.5400085449219,341.4599914550781,134.66744995117188,148.90252685546875,233.9726104736328,140.61102294921875,444.28704833984375,282.01153564453125,386.83660888671875,86.69829559326172,481.2900085449219,207.09942626953125,43.88399887084961,30.051546096801758,55.80076599121094,169.8238067626953,47.396583557128906,93.73348999023438,50.78425979614258
2023-07-07,188.2169952392578,330.13885498046875,129.77999877929688,118.5005874633789,288.2678527832031,42.46979904174805,274.42999267578125,340.8999938964844,135.7300262451172,146.73716735839844,231.5924835205078,137.65988159179688,436.9226989746094,282.74920654296875,382.4481201171875,86.60060119628906,485.2699890136719,206.55740356445312,43.810001373291016,29.967201232910156,55.06364059448242,166.6202850341797,47.28529739379883,93.95207214355469,49.6141357421875
2023-07-10,186.1737518310547,324.86199951171875,127.12999725341797,115.49542999267578,291.8100280761719,42.147056579589844,269.6099853515625,341.1300048828125,136.49169921875,146.97674560546875,233.26736450195312,137.7154083251953,438.3141784667969,289.72430419921875,385.8722839355469,86.07302856445312,496.3500061035156,209.73080444335938,44.17100143432617,30.093713760375977,54.64900588989258,167.73057556152344,47.66550827026367,95.34551239013672,50.06343460083008
2023-07-11,185.6505889892578,325.4885559082031,128.77999877929688,116.17977905273438,295.9673767089844,42.37187957763672,269.7900085449219,343.3699951171875,138.62632751464844,146.1658935546875,235.60830688476562,136.99374389648438,438.1626892089844,292.8804626464844,391.42181396484375,87.43104553222656,504.739990234375,217.96986389160156,44.020999908447266,30.380483627319336,54.842506408691406,167.4393768310547,48.33320236206055,96.51124572753906,49.98908233642578
2023-07-12,187.31881713867188,330.1192626953125,130.8000030517578,117.9551010131836,306.93133544921875,43.86770248413086,271.989990234375,345.3500061035156,139.312744140625,145.6591033935547,237.23416137695312,137.7061309814453,427.5704650878906,296.484619140625,394.2655334472656,88.07586669921875,507.3599853515625,223.99143981933594,44.404998779296875,30.355180740356445,55.137351989746094,166.70216369628906,47.053462982177734,96.98483276367188,50.115150451660156
2023-07-13,188.07884216308594,335.4645690917969,134.3000030517578,123.51911163330078,310.96966552734375,45.94108963012695,277.8999938964844,343.5400085449219,139.98983764648438,146.33175659179688,238.3115692138672,137.79864501953125,423.83148193359375,293.7581787109375,394.1375732421875,88.38851165771484,517.280029296875,227.03668212890625,45.03799819946289,30.414222717285156,55.607269287109375,170.67019653320312,47.78606033325195,95.2088851928711,49.821006774902344
2023-07-14,188.2268829345703,337.9904479980469,134.67999267578125,124.39189910888672,306.46502685546875,45.43348693847656,281.3800048828125,341.0899963378906,140.83612060546875,147.30844116210938,238.16461181640625,138.8162841796875,454.5196228027344,295.5322570800781,396.05633544921875,86.5810775756836,514.8300170898438,226.0117950439453,44.191001892089844,30.633514404296875,56.11404800415039,171.2890625,46.71961975097656,91.93022155761719,49.99231719970703
2023-07-17,191.48426818847656,338.47015380859375,133.55999755859375,123.62821197509766,308.201416015625,46.424705505371094,290.3800048828125,344.25,144.23081970214844,146.57131958007812,238.97760009765625,137.83563232421875,458.2207336425781,295.1120910644531,395.7513122558594,83.59146881103516,522.0,224.70103454589844,45.005001068115234,30.245534896850586,56.03112030029297,168.94105529785156,47.11838150024414,92.33094787597656,50.05373764038086
2023-07-18,191.2276153564453,351.941162109375,132.8300018310547,122.74551391601562,309.6202392578125,47.45689392089844,293.3399963378906,345.3399963378906,144.49411010742188,146.5620880126953,235.8237762451172,138.09471130371094,473.2903137207031,295.77508544921875,391.776123046875,83.97249603271484,532.22998046875,224.33639526367188,47.47999954223633,30.566036224365234,55.80998229980469,167.86712646484375,47.517147064208984,91.9120101928711,49.963233947753906
2023-07-19,192.57994079589844,347.623779296875,135.36000061035156,121.02967834472656,313.5494384765625,47.04022979736328,291.260009765625,342.42999267578125,145.0489044189453,146.2672576904297,236.4603729248047,139.03829956054688,476.7926940917969,298.3149108886719,391.88427734375,85.03741455078125,527.1699829101562,230.9788360595703,47.75899887084961,30.734724044799805,56.79589080810547,169.51438903808594,48.62067413330078,92.54953002929688,49.97939682006836
2023-07-20,190.63536071777344,339.5862121582031,129.9600067138672,118.2228775024414,300.1644287109375,45.48445510864258,262.8999938964844,346.6099853515625,146.8355712890625,155.14979553222656,234.69737243652344,140.16571044921875,477.30377197265625,297.95068359375,391.67767333984375,84.22651672363281,516.8800048828125,224.8586883544922,43.742000579833984,31.0130558013916,57.4869499206543,172.28106689453125,48.56504440307617,94.17976379394531,50.90385818481445
2023-07-21,189.4607696533203,336.55133056640625,130.0,119.03616333007812,291.96875,44.27439498901367,260.0199890136719,345.760009765625,145.7071533203125,156.81759643554688,234.33499145507812,142.37210083007812,479.47149658203125,299.2392578125,391.1167907714844,85.17420196533203,520.22998046875,224.76016235351562,42.75,31.544422149658203,57.53302764892578,173.0637664794922,48.80614471435547,94.61689758300781,51.19154357910156
2023-07-24,190.26026916503906,337.8631896972656,128.8000030517578,120.5337905883789,289.33941650390625,44.577152252197266,269.05999755859375,349.6300048828125,148.57521057128906,157.63763427734375,235.7943878173828,142.8282470703125,481.5066223144531,303.57183837890625,398.29974365234375,84.60753631591797,523.8599853515625,222.39488220214844,42.83700180053711,31.637197494506836,57.551456451416016,173.7554473876953,49.25127029418945,96.10140991210938,51.492156982421875
2023-07-25,191.11903381347656,343.6098937988281,129.1300048828125,121.20820617675781,292.1771240234375,45.6433219909668,265.2799987792969,347.5799865722656,147.4656219482422,158.84469604492188,233.7864990234375,143.1634063720703,483.6364440917969,303.5905456542969,394.8460998535156,83.65985870361328,525.3400268554688,222.75953674316406,42.77000045776367,31.25765609741211,57.35795593261719,174.15585327148438,49.70566177368164,96.24713134765625,51.450138092041016
2023-07-26,191.9876708984375,330.6772766113281,128.14999389648438,128.21034240722656,296.2452392578125,45.416500091552734,264.3500061035156,349.79998779296875,148.34950256347656,159.1487579345703,232.22914123535156,143.3123779296875,480.8629150390625,307.75506591796875,395.95794677734375,83.88456726074219,514.5499877929688,222.3160400390625,42.266998291015625,31.384170532226562,58.095088958740234,174.3743133544922,49.353275299072266,95.70977783203125,51.63438415527344
2023-07-27,190.7242431640625,323.7753601074219,128.25,128.33926391601562,309.28289794921875,45.8641471862793,255.7100067138672,349.30999755859375,146.71331787109375,160.0425567626953,229.62379455566406,141.6087188720703,478.24090576171875,307.8670959472656,388.17474365234375,83.39607238769531,513.969970703125,221.89224243164062,41.31700134277344,30.872465133666992,57.53302764892578,171.5802764892578,49.149261474609375,96.01033020019531,51.446903228759766
2023-07-28,193.30052185058594,331.26470947265625,132.2100067138672,131.4932098388672,322.9457092285156,46.71348571777344,266.44000244140625,349.80999755859375,147.5502471923828,160.77049255371094,230.90689086914062,145.61184692382812,476.0448913574219,309.4171142578125,386.659423828125,84.14835357666016,528.8699951171875,222.3357391357422,42.577999114990234,30.761600494384766,57.56988525390625,173.2002716064453,48.30537796020508,94.86280059814453,51.6893310546875
2023-07-31,193.91249084472656,328.8661804199219,133.67999267578125,131.63206481933594,316.11932373046875,46.6925048828125,267.42999267578125,351.9599914550781,148.53761291503906,154.36659240722656,232.84620666503906,145.50941467285156,479.3200378417969,311.7235412597656,387.95831298828125,86.84485626220703,546.1699829101562,221.75428771972656,43.89699935913086,30.753076553344727,57.063106536865234,170.60650634765625,48.259010314941406,97.66789245605469,51.67317199707031
2023-08-01,193.08334350585938,329.2773132324219,131.69000244140625,130.4716796875,320.19720458984375,46.470672607421875,261.07000732421875,352.260009765625,147.8041229248047,155.61972045898438,234.85411071777344,145.46290588378906,477.777099609375,310.0707702636719,390.7035827636719,86.98162841796875,549.0999755859375,221.02500915527344,43.86199951171875,30.369298934936523,56.915679931640625,170.0240478515625,48.83396530151367,97.10323333740234,51.43074035644531
2023-08-02,190.09246826171875,320.62298583984375,128.2100067138672,127.32764434814453,311.8626708984375,44.23442077636719,254.11000061035156,351.19000244140625,146.1302947998047,156.55958557128906,232.67971801757812,145.77938842773438,477.8338623046875,306.7372131347656,383.7666015625,84.31444549560547,530.2999877929688,217.30953979492188,42.970001220703125,30.147567749023438,57.09074783325195,171.3800811767578,48.7597770690918,95.89195251464844,51.4662971496582
2023-08-03,188.70069885253906,319.800537109375,128.91000366210938,127.39706420898438,310.7513732910156,44.480228424072266,259.32000732421875,353.80999755859375,147.02365112304688,157.2322235107422,233.85504150390625,146.16111755371094,477.89068603515625,307.99786376953125,386.7086486816406,83.52307891845703,523.760009765625,212.44102478027344,43.099998474121094,29.849069595336914,56.79589080810547,170.29708862304688,49.288360595703125,97.55859375,51.47922897338867
2023-08-04,179.6392822265625,320.8970947265625,139.57000732421875,127.05985260009766,308.310546875,44.645103454589844,253.86000061035156,349.989990234375,146.71331787109375,155.75791931152344,234.080322265625,144.5598602294922,475.87451171875,304.80438232421875,385.07525634765625,84.31444549560547,526.8800048828125,211.4850616455078,43.15999984741211,29.866127014160156,55.93898391723633,168.00364685058594,48.80614471435547,97.83181762695312,51.181854248046875
2023-08-07,176.53985595703125,323.1781311035156,142.22000122070312,130.45179748535156,314.09515380859375,45.38152313232422,251.4499969482422,362.5799865722656,147.40916442871094,159.4989013671875,236.5485382080078,146.08663940429688,483.4565734863281,307.36285400390625,390.5067443847656,84.8322525024414,529.72998046875,212.93377685546875,44.07600021362305,30.428997039794922,56.381256103515625,170.08775329589844,49.15853500366211,97.63146209716797,51.87681198120117
2023-08-08,177.47756958007812,319.2033996582031,139.94000244140625,130.3228759765625,310.2056579589844,44.629112243652344,249.6999969482422,363.7300109863281,146.5816650390625,159.57264709472656,234.3741455078125,146.24488830566406,478.8372497558594,306.093017578125,386.8857421875,86.10233306884766,520.5999755859375,208.5186004638672,43.83000183105469,30.394882202148438,56.132484436035156,167.85800170898438,49.20490264892578,98.11415100097656,51.928531646728516
2023-08-09,175.88836669921875,315.463623046875,137.85000610351562,128.59713745117188,302.83349609375,42.520755767822266,242.19000244140625,358.0199890136719,144.61631774902344,159.47129821777344,234.83448791503906,146.05870056152344,475.28759765625,306.4665222167969,387.35809326171875,85.47706604003906,513.780029296875,202.88134765625,42.88999938964844,30.56545066833496,56.261478424072266,167.4393768310547,49.139984130859375,99.78079986572266,52.0125732421875
2023-08-10,175.6711883544922,316.14892578125,138.55999755859375,128.62692260742188,303.35943603515625,42.35489273071289,245.33999633789062,356.9800109863281,144.40005493164062,158.6420135498047,235.66860961914062,145.33253479003906,476.58447265625,307.57763671875,390.7724914550781,89.6488265991211,515.8300170898438,205.23681640625,42.99800109863281,30.463106155395508,56.132484436035156,167.2300262451172,49.49238204956055,100.29082489013672,51.98661422729492
2023-08-11,175.73049926757812,314.26922607421875,138.41000366210938,128.49795532226562,299.29132080078125,40.82307815551758,242.64999389648438,358.3500061035156,145.23695373535156,160.19000244140625,235.55087280273438,146.1797332763672,480.8724670410156,309.1743469238281,388.6470947265625,86.97186279296875,508.45001220703125,205.68028259277344,42.16600036621094,30.736019134521484,56.362831115722656,167.4939727783203,49.88186264038086,101.84820556640625,52.29154586791992
2023-08-14,177.3811798095703,317.23565673828125,140.57000732421875,130.2534637451172,303.805908203125,43.71883010864258,239.75999450683594,358.4800109863281,145.53787231445312,159.81222534179688,238.35736083984375,145.03465270996094,483.6364440917969,308.0911865234375,392.1893310546875,86.7667007446289,522.25,208.99166870117188,42.77799987792969,30.761600494384766,56.09562301635742,167.11170959472656,49.965328216552734,101.9301528930664,51.902278900146484
2023-08-15,175.39443969726562,315.1013488769531,137.6699981689453,128.71617126464844,299.5989074707031,43.905677795410156,232.9600067138672,354.5,141.83291625976562,159.3515167236328,235.34478759765625,144.1036834716797,479.62298583984375,310.1361389160156,388.1255798339844,85.05696105957031,518.7000122070312,205.7591094970703,42.369998931884766,30.18168067932129,55.71785354614258,165.0458526611328,49.47383117675781,99.31327056884766,51.63628005981445
2023-08-16,174.5246124267578,314.3361511230469,135.07000732421875,127.64501190185547,291.9985656738281,43.4520378112793,225.60000610351562,354.1099853515625,141.23110961914062,158.84469604492188,234.81488037109375,142.6327667236328,476.66015625,310.9671325683594,388.046875,84.36329650878906,514.489990234375,203.99502563476562,41.54499816894531,30.258432388305664,55.7270622253418,164.9184112548828,49.11216735839844,97.64212799072266,51.662235260009766
2023-08-17,171.98440551757812,310.8827819824219,133.97999572753906,128.85499572753906,282.8702087402344,43.310142517089844,219.22000122070312,353.19000244140625,139.76416015625,160.33741760253906,232.93075561523438,141.6087188720703,467.57293701171875,305.59808349609375,386.3249206542969,83.94318389892578,511.6700134277344,200.8905792236328,40.29999923706055,31.1368465423584,55.846839904785156,162.4065399169922,50.753570556640625,99.53363800048828,50.50416946411133
2023-08-18,172.46873474121094,310.4903869628906,133.22000122070312,126.41516876220703,281.04449462890625,43.265174865722656,215.49000549316406,352.55999755859375,140.0838623046875,158.93685913085938,233.7158203125,142.009033203125,471.81365966796875,305.68206787109375,385.8821716308594,83.98226165771484,508.1300048828125,201.86627197265625,40.452999114990234,31.264768600463867,56.16012191772461,162.16082763671875,51.04104995727539,101.03948974609375,51.230796813964844
2023-08-21,173.8031005859375,315.78814697265625,134.67999267578125,127.31771850585938,287.6427307128906,46.93031311035156,231.27999877929688,352.0899963378906,140.56341552734375,154.20074462890625,234.981689453125,141.2921600341797,471.0942687988281,302.5914611816406,386.8955993652344,83.90409851074219,520.469970703125,206.00552368164062,40.82899856567383,31.563262939453125,55.68099594116211,161.13241577148438,51.41197967529297,99.81829071044922,51.09455871582031
2023-08-22,175.17697143554688,316.357177734375,134.25,128.0218963623047,285.3607177734375,45.63232421875,233.19000244140625,350.57000732421875,137.6483612060547,152.97523498535156,236.07095336914062,141.34800720214844,466.0395202636719,302.9836120605469,391.461181640625,83.81619262695312,519.47998046875,203.76834106445312,41.31700134277344,31.418289184570312,55.34006118774414,159.90377807617188,51.4305305480957,99.2581787109375,50.93235397338867
2023-08-23,179.02194213867188,320.8112487792969,135.52000427246094,131.284912109375,291.94891357421875,47.07920455932617,236.86000061035156,354.260009765625,138.57931518554688,151.60231018066406,237.7686004638672,142.6699981689453,463.2944030761719,304.4869079589844,394.6295471191406,83.85526275634766,530.7100219726562,206.10406494140625,42.755001068115234,31.264768600463867,55.533565521240234,162.10618591308594,51.91275405883789,98.3858871459961,51.28594207763672
2023-08-24,174.3368377685547,313.9143371582031,131.83999633789062,128.71617126464844,284.5172424316406,47.126155853271484,230.0399932861328,354.29998779296875,138.44764709472656,152.11831665039062,234.9915313720703,142.009033203125,462.0259704589844,301.21881103515625,391.2939453125,80.57256317138672,512.4299926757812,202.53640747070312,40.69300079345703,30.83835220336914,55.386138916015625,161.25070190429688,51.22652053833008,97.65132141113281,50.893428802490234
2023-08-25,176.541015625,316.8674011230469,133.25999450683594,128.81532287597656,283.2769470214844,45.9820671081543,238.58999633789062,355.92999267578125,138.2783660888672,154.2993927001953,238.03355407714844,142.9399871826172,462.9915466308594,301.4709167480469,396.4302673339844,81.44208526611328,525.0599975585938,206.4391326904297,41.60300064086914,31.02597999572754,55.64413070678711,163.28933715820312,51.65309143066406,99.39591217041016,51.195106506347656
2023-08-28,178.1027069091797,317.5736999511719,133.13999938964844,129.93605041503906,287.99993896484375,46.79841613769531,238.82000732421875,355.54998779296875,138.75794982910156,152.48025512695312,239.26995849609375,143.1634063720703,465.0361022949219,304.31884765625,400.9073181152344,82.22368621826172,529.9199829101562,208.6565704345703,41.805999755859375,30.881000518798828,55.80076599121094,164.04470825195312,52.11676025390625,100.23148345947266,51.487064361572266
2023-08-29,181.9871826171875,322.1945495605469,134.91000366210938,133.46688842773438,295.66973876953125,48.74589538574219,257.17999267578125,358.2900085449219,139.88638305664062,152.49879455566406,240.751708984375,143.2471923828125,466.5032958984375,307.5589599609375,405.0497741699219,82.45816040039062,540.5700073242188,208.89312744140625,42.999000549316406,30.8298282623291,55.745479583740234,164.66357421875,52.45061111450195,100.82830810546875,51.91850662231445
2023-08-30,185.4762725830078,322.5673522949219,135.07000732421875,134.7661590576172,292.80224609375,49.225521087646484,256.8999938964844,361.05999755859375,139.32215881347656,151.9605255126953,241.6250762939453,143.4054412841797,465.2728271484375,310.6976623535156,407.2735595703125,82.34091186523438,545.3599853515625,211.92852783203125,43.46699905395508,30.61662483215332,55.71785354614258,164.80010986328125,52.68244552612305,101.810791015625,52.29154586791992
2023-08-31,185.69371032714844,321.556884765625,138.00999450683594,135.0537872314453,293.5861511230469,49.31645965576172,258.0799865722656,360.20001220703125,137.60133361816406,150.05787658691406,241.0853729248047,143.6847686767578,451.12139892578125,310.38751220703125,406.02392578125,81.75472259521484,559.3400268554688,218.25564575195312,43.36800003051758,30.17314910888672,55.12813949584961,163.06333923339844,53.1832160949707,102.09542846679688,52.74893569946289
2023-09-01,187.2653350830078,322.4398193359375,138.1199951171875,134.54795837402344,294.07232666015625,48.471107482910156,245.00999450683594,362.4599914550781,138.06210327148438,148.9441375732422,243.46990966796875,143.84300231933594,450.7995910644531,312.9998779296875,408.9069519042969,79.76165771484375,563.2100219726562,218.32461547851562,43.987998962402344,30.514278411865234,54.64900588989258,160.68045043945312,53.63761520385742,104.23485565185547,52.41157531738281
2023-09-05,187.5025634765625,327.23724365234375,137.27000427246094,134.65707397460938,297.8129577636719,48.510074615478516,256.489990234375,360.4700012207031,136.53875732421875,149.12977600097656,240.751708984375,141.91590881347656,455.12542724609375,308.0194091796875,404.9021911621094,79.322021484375,564.8800048828125,215.52572631835938,44.86800003051758,30.17314910888672,54.19750213623047,159.61732482910156,53.09974670410156,104.24403381347656,51.9898681640625
2023-09-06,180.7912139892578,326.5799560546875,135.36000061035156,133.35781860351562,296.840576171875,47.028114318847656,251.9199981689453,361.6700134277344,136.3130645751953,146.6516876220703,241.556396484375,141.63662719726562,451.4621276855469,306.3467712402344,406.55523681640625,79.11685180664062,561.9400024414062,218.413330078125,44.57600021362305,29.31178855895996,54.16065216064453,160.13967895507812,53.00701141357422,105.1438980102539,52.37914276123047
2023-09-07,175.50315856933594,323.6661376953125,137.85000610351562,134.15122985839844,296.3444519042969,46.20869064331055,251.49000549316406,361.79998779296875,135.14703369140625,148.52647399902344,242.51808166503906,142.98651123046875,458.91180419921875,308.62091064453125,407.97216796875,78.71627044677734,560.4600219726562,219.3101806640625,44.31399917602539,29.235034942626953,53.74602127075195,161.6702117919922,52.663902282714844,104.62969207763672,53.027915954589844
2023-09-08,176.11598205566406,327.9436950683594,138.22999572753906,135.2620849609375,295.570556640625,45.5401611328125,248.5,363.1499938964844,135.25047302246094,149.01837158203125,242.66526794433594,142.37210083007812,456.8591613769531,308.89337158203125,408.1886291503906,79.70304107666016,560.3599853515625,221.50790405273438,44.279998779296875,29.209449768066406,53.74602127075195,161.55111694335938,52.552616119384766,106.1539077758789,53.12522888183594
2023-09-11,177.2823028564453,331.544189453125,143.10000610351562,135.797607421875,305.1652526855469,45.14643478393555,273.5799865722656,365.5199890136719,135.84288024902344,150.96742248535156,242.59658813476562,144.0664520263672,455.5383605957031,308.5738525390625,410.0089416503906,80.62141418457031,564.5,222.04995727539062,44.5359992980957,28.945070266723633,54.25279998779297,163.98899841308594,52.710269927978516,104.82251739501953,53.31012725830078
2023-09-12,174.2577667236328,325.490966796875,141.22999572753906,134.23057556152344,299.3111877441406,44.838645935058594,267.4800109863281,367.7799987792969,137.61074829101562,151.82131958007812,242.67506408691406,141.5342254638672,456.032470703125,306.60986328125,409.5956726074219,81.75472259521484,542.2100219726562,218.4527587890625,43.46900177001953,29.124170303344727,53.71837615966797,163.3841094970703,52.292964935302734,107.8801498413086,53.36852264404297
2023-09-13,172.1919708251953,329.6997375488281,144.85000610351562,135.58937072753906,302.6846923828125,45.45321273803711,271.29998779296875,367.82000732421875,137.6765594482422,152.2018280029297,243.1951446533203,142.52105712890625,455.9754333496094,306.2340087890625,409.625244140625,81.55933380126953,553.5599975585938,215.6341552734375,41.2239990234375,29.064468383789062,53.84736633300781,164.67637634277344,52.19095230102539,106.916015625,53.38149642944336
2023-09-14,173.70425415039062,332.2898254394531,144.72000122070312,136.9679412841797,309.2928466796875,45.54915237426758,276.0400085449219,369.5,140.34713745117188,151.9698028564453,236.9835662841797,144.08506774902344,459.54840087890625,309.75787353515625,406.712646484375,82.53632354736328,552.1599731445312,215.6144256591797,40.04899978637695,29.124170303344727,54.293155670166016,166.096923828125,52.2744140625,108.82589721679688,53.605323791503906
2023-09-15,172.98268127441406,323.9703063964844,140.38999938964844,136.27366638183594,297.97161865234375,43.86932373046875,274.3900146484375,367.8599853515625,139.93338012695312,149.8444061279297,236.5615997314453,142.87481689453125,462.4942932128906,302.0240783691406,407.6671447753906,83.61101531982422,528.8900146484375,211.5047607421875,39.694000244140625,29.055938720703125,53.81022262573242,164.82301330566406,51.968387603759766,107.15474700927734,53.40745162963867
2023-09-18,175.90841674804688,322.8322448730469,139.97999572753906,137.0770721435547,300.1942138671875,43.935279846191406,265.2799987792969,370.42999267578125,140.22488403320312,150.79110717773438,240.08447265625,143.41476440429688,461.8861389160156,298.1336364746094,410.4419250488281,83.06388854980469,532.4199829101562,211.88909912109375,39.439998626708984,28.68921661376953,54.144561767578125,164.40139770507812,52.03329849243164,108.01786041259766,53.011688232421875
2023-09-19,176.9956817626953,322.4300537109375,137.6300048828125,136.90846252441406,302.694580078125,43.48958969116211,266.5,370.4800109863281,140.04624938964844,150.54049682617188,239.00502014160156,142.995849609375,456.7546691894531,295.6434020996094,406.899658203125,80.05475616455078,541.6900024414062,212.5789794921875,39.619998931884766,28.987716674804688,54.033119201660156,163.42991638183594,51.782920837402344,107.73323822021484,52.998714447021484
2023-09-20,173.4571533203125,314.6991271972656,135.2899932861328,132.64370727539062,297.3366394042969,42.2094841003418,262.5899963378906,366.82000732421875,139.45384216308594,151.19947814941406,237.3368377685547,142.87481689453125,467.65423583984375,292.1194763183594,403.9378967285156,80.66049194335938,535.780029296875,209.94761657714844,38.630001068115234,28.672163009643555,54.27458190917969,163.48489379882812,51.46761703491211,106.8792953491211,53.1706428527832
2023-09-21,171.91522216796875,313.48260498046875,129.3300018310547,129.37075805664062,293.4273681640625,40.98834228515625,255.6999969482422,363.2799987792969,138.363037109375,150.03933715820312,232.18499755859375,141.63662719726562,476.21612548828125,288.26666259765625,396.8926696777344,80.82658386230469,513.8800048828125,205.59156799316406,38.415000915527344,28.015485763549805,53.43873596191406,160.7354278564453,49.46456527709961,105.3734359741211,52.52510452270508
2023-09-22,172.76524353027344,311.01031494140625,129.1199951171875,129.18231201171875,296.751220703125,41.58092498779297,244.8800048828125,360.1600036621094,137.037109375,148.9626922607422,230.6836395263672,141.1153106689453,480.929443359375,287.2987365722656,395.77099609375,79.3806381225586,512.9000244140625,203.443115234375,37.98099899291992,27.879030227661133,53.49445724487305,160.6345977783203,49.67784881591797,105.53871154785156,52.66459655761719
2023-09-25,174.04029846191406,311.5302429199219,131.27000427246094,130.03526306152344,298.4876708984375,42.1924934387207,246.99000549316406,361.7099914550781,137.71414184570312,148.7399444580078,228.9957733154297,140.25881958007812,484.9015197753906,288.0129089355469,396.0366516113281,79.14615631103516,511.6000061035156,203.35443115234375,38.47999954223633,28.126352310180664,52.93722152709961,159.77310180664062,49.59438705444336,106.72320556640625,52.898155212402344
2023-09-26,169.9680633544922,306.2324523925781,125.9800033569336,127.51609802246094,296.6321716308594,41.8817138671875,244.1199951171875,359.4200134277344,136.2848663330078,147.58909606933594,225.3551483154297,139.0113067626953,480.3117370605469,284.3010559082031,389.0406494140625,78.208251953125,506.29998779296875,199.5601348876953,37.92499923706055,27.6317138671875,52.500728607177734,158.11424255371094,48.880332946777344,106.88846588134766,52.713253021240234
2023-09-27,168.4557647705078,306.87017822265625,125.9800033569336,129.46994018554688,295.4216613769531,42.438323974609375,240.5,357.7799987792969,137.08413696289062,145.81637573242188,225.2079620361328,137.16799926757812,478.67730712890625,283.62445068359375,389.1390686035156,78.06169128417969,502.6000061035156,199.79666137695312,37.75899887084961,27.375864028930664,51.962066650390625,155.4105987548828,49.3347282409668,110.36848449707031,52.460227966308594
2023-09-28,168.71275329589844,307.70416259765625,125.9800033569336,131.22543334960938,301.5932312011719,43.05889129638672,246.3800048828125,357.05999755859375,138.78616333007812,145.60292053222656,227.3275909423828,136.2370147705078,484.73052978515625,285.1937561035156,393.0356140136719,78.28640747070312,504.6700134277344,200.25982666015625,37.63600158691406,27.36733627319336,51.83204650878906,155.34640502929688,49.965328216552734,109.69818115234375,52.726234436035156
2023-09-29,169.2267303466797,309.774169921875,127.12000274658203,129.78732299804688,297.8724365234375,43.46860122680664,250.22000122070312,350.29998779296875,136.3694610595703,144.55413818359375,225.70843505859375,135.7902069091797,479.1144104003906,283.9440002441406,389.5621643066406,79.18524169921875,509.8999938964844,199.845947265625,37.7599983215332,28.28839111328125,51.98992919921875,155.29139709472656,49.854042053222656,107.96277618408203,51.879573822021484
2023-10-02,171.7373046875,315.7096862792969,129.4600067138672,133.07015991210938,304.43096923828125,44.750709533691406,251.60000610351562,348.0799865722656,135.19406127929688,143.9972381591797,226.9448699951172,135.1664276123047,488.9781799316406,281.7544250488281,389.503173828125,79.79096984863281,521.1300048828125,200.7624969482422,38.03300094604492,28.945070266723633,51.52556610107422,155.0439453125,50.438270568847656,106.17227935791016,51.93472671508789
2023-10-03,170.4029083251953,307.4588317871094,124.72000122070312,131.34442138671875,298.5967712402344,43.48659133911133,246.52999877929688,343.0400085449219,134.19728088378906,144.17359924316406,224.5308837890625,135.4457244873047,484.1318359375,274.340087890625,384.78985595703125,77.7099838256836,507.0299987792969,196.93861389160156,37.67499923706055,28.91096305847168,50.96834182739258,153.69671630859375,50.11136245727539,106.35591125488281,51.60708999633789
2023-10-04,171.64834594726562,312.9234313964844,127.0,134.13140869140625,303.20062255859375,44.010223388671875,261.1600036621094,343.69000244140625,134.799072265625,144.34068298339844,226.89581298828125,135.89259338378906,485.224609375,274.762939453125,387.44659423828125,77.49503326416016,518.4199829101562,198.9490966796875,37.689998626708984,28.40778923034668,51.11693572998047,154.80567932128906,49.92454528808594,102.38007354736328,52.2266731262207
2023-10-05,172.88388061523438,313.3157653808594,125.95999908447266,133.96279907226562,302.4167785644531,44.65677261352539,260.04998779296875,345.05999755859375,135.36746215820312,145.84425354003906,229.11354064941406,133.8723907470703,490.5555725097656,274.1145935058594,388.44189453125,78.95075225830078,516.4400024414062,199.0870819091797,37.25899887084961,28.54424476623535,48.64652633666992,146.7313232421875,49.569618225097656,100.07536315917969,51.603843688964844
2023-10-06,175.43397521972656,321.06634521484375,127.95999908447266,136.45223999023438,312.9739074707031,45.730018615722656,260.5299987792969,346.3399963378906,137.45152282714844,146.3082733154297,230.6443328857422,134.1423797607422,498.7088623046875,275.1670837402344,392.1567687988281,81.03175354003906,526.6799926757812,204.35968017578125,38.1510009765625,28.2542781829834,49.352359771728516,146.90545654296875,49.92454528808594,98.40423583984375,50.73771667480469
2023-10-09,176.91661071777344,323.5779113769531,128.25999450683594,137.28533935546875,315.881103515625,45.241363525390625,259.6700134277344,345.45001220703125,137.138916015625,147.14358520507812,230.0555877685547,133.46279907226562,500.3243713378906,277.5539245605469,388.9739685058594,82.75125885009766,529.2899780273438,204.2216796875,38.595001220703125,28.31397819519043,49.11088562011719,147.8861083984375,50.36354064941406,101.84751892089844,50.55281448364258
2023-10-10,176.3235626220703,322.17498779296875,129.47999572753906,136.9282989501953,319.3340148925781,45.765995025634766,263.6199951171875,348.55999755859375,137.97250366210938,146.97654724121094,232.17520141601562,134.7847442626953,498.1672668457031,281.1811828613281,394.5216979980469,83.03458404541016,532.719970703125,203.88661193847656,37.332000732421875,28.28839111328125,50.17892074584961,150.67227172851562,50.31684875488281,101.41596221923828,51.12374496459961
2023-10-11,177.71722412109375,326.1286926269531,131.8300018310547,139.39788818359375,325.2674560546875,46.77329635620117,262.989990234375,348.42999267578125,138.44615173339844,144.95323181152344,231.27239990234375,133.1276397705078,498.0627746582031,280.0817565917969,393.969970703125,82.89781188964844,549.9099731445312,203.85704040527344,36.59299850463867,28.23722267150879,49.8817253112793,149.04090881347656,50.120697021484375,97.77987670898438,51.32810974121094
2023-10-12,178.61669921875,324.89251708984375,132.3300018310547,137.83082580566406,321.6360168457031,46.91219711303711,258.8699951171875,345.6600036621094,138.12408447265625,145.0924835205078,232.351806640625,133.42555236816406,499.40252685546875,275.35498046875,394.05859375,82.40930938720703,559.6300048828125,202.70394897460938,36.119998931884766,28.075180053710938,49.045875549316406,144.8800048828125,50.29816436767578,97.76150512695312,51.56167221069336
2023-10-13,176.7782440185547,321.5274353027344,129.7899932861328,136.2340087890625,312.23968505859375,45.429229736328125,251.1199951171875,345.0899963378906,140.19862365722656,145.57508850097656,233.22518920898438,134.70095825195312,512.5732421875,274.3213195800781,392.21588134765625,82.40930938720703,548.760009765625,201.62973022460938,35.56800079345703,27.384389877319336,49.120174407958984,146.6396942138672,50.223445892333984,100.8834228515625,51.84714126586914
2023-10-16,176.6497344970703,326.344482421875,132.5500030517578,137.95977783203125,318.6494140625,46.06278991699219,253.9199981689453,346.2300109863281,140.0565643310547,146.20619201660156,235.58029174804688,135.98570251464844,511.2715148925781,279.4051513671875,395.3002014160156,83.73802185058594,550.739990234375,205.51272583007812,36.082000732421875,28.373676300048828,49.62168502807617,147.62948608398438,50.58771896362305,100.95685577392578,52.29479217529297
2023-10-17,175.09791564941406,325.7754821777344,131.47000122070312,138.57469177246094,321.4772033691406,43.907291412353516,254.85000610351562,345.3900146484375,139.75340270996094,144.8697052001953,236.6891632080078,136.1625518798828,509.96014404296875,278.0989685058594,395.9012756347656,84.21675109863281,560.0900268554688,206.8037872314453,35.571998596191406,27.93020248413086,50.216068267822266,146.97877502441406,50.382225036621094,102.2790756225586,52.36292266845703
2023-10-18,173.8031005859375,323.8623962402344,128.1300048828125,136.8291015625,314.50189208984375,42.16651153564453,242.67999267578125,340.8900146484375,138.2187957763672,141.751220703125,233.02890014648438,139.67230224609375,509.39935302734375,272.7425537109375,387.4662780761719,82.7317123413086,557.8699951171875,201.86627197265625,34.61899948120117,26.787412643432617,50.19749069213867,148.50018310546875,50.223445892333984,103.71147155761719,52.40183639526367
2023-10-19,173.427490234375,325.0494384765625,128.39999389648438,136.62083435058594,310.3743591308594,42.07158660888672,220.11000061035156,338.6600036621094,137.63150024414062,141.37069702148438,229.4373779296875,138.88624572753906,505.18975830078125,269.4817810058594,382.2043151855469,81.3346176147461,555.739990234375,205.30580139160156,40.176998138427734,26.599790573120117,50.476104736328125,147.1529083251953,49.803123474121094,103.7757568359375,52.152061462402344
2023-10-20,170.87741088867188,320.4875183105469,125.16999816894531,134.48846435546875,306.2467041015625,41.35807800292969,211.99000549316406,335.8599853515625,135.4148406982422,142.00181579589844,229.0154266357422,138.6989288330078,500.8184814453125,269.1434326171875,378.7948303222656,80.74842071533203,540.9600219726562,200.78219604492188,40.09600067138672,26.139259338378906,50.68043518066406,146.6396942138672,49.43885040283203,101.99443054199219,51.50003433227539
2023-10-23,170.99598693847656,323.08734130859375,126.55999755859375,135.38108825683594,311.56500244140625,42.944969177246094,212.0800018310547,336.8399963378906,133.567626953125,140.50755310058594,227.1999969482422,138.79258728027344,495.6300354003906,267.88427734375,378.06573486328125,81.18806457519531,540.4099731445312,199.07720947265625,40.683998107910156,26.30129623413086,50.22535705566406,146.71298217773438,48.75699996948242,100.49774932861328,52.229915618896484
2023-10-24,171.43087768554688,324.2744445800781,128.55999755859375,137.67213439941406,310.1163330078125,43.632484436035156,216.52000427246094,338.6300048828125,133.72866821289062,140.35903930664062,230.2616424560547,140.43206787109375,498.8894348144531,266.2303466796875,381.25836181640625,80.66049194335938,539.5599975585938,201.26510620117188,41.37300109863281,25.951635360717773,51.67416763305664,148.64682006835938,49.51356887817383,99.52445983886719,52.95654296875
2023-10-25,169.11798095703125,334.2225341796875,121.38999938964844,124.58033752441406,297.1977233886719,41.74980545043945,212.4199981689453,336.8999938964844,132.99923706054688,140.6746063232422,232.42050170898438,141.08787536621094,503.84033203125,263.9938659667969,380.6671142578125,78.7358169555664,521.1400146484375,194.20867919921875,41.125,26.207487106323242,52.11994934082031,148.79345703125,48.94380187988281,99.70808410644531,52.79759979248047
2023-10-26,164.95677185058594,321.68438720703125,119.56999969482422,121.27764129638672,286.10479736328125,40.297821044921875,205.75999450683594,336.1600036621094,133.3402557373047,138.2893524169922,226.95465087890625,140.33840942382812,502.0823974609375,261.2404479980469,359.2643127441406,77.9444580078125,514.280029296875,193.4104461669922,40.354000091552734,26.574201583862305,51.80418395996094,147.93191528320312,47.98173522949219,98.79905700683594,52.47644805908203
2023-10-27,166.27133178710938,323.56805419921875,127.73999786376953,121.16854095458984,294.41949462890625,40.47169494628906,207.3000030517578,331.7099914550781,128.53750610351562,135.13377380371094,224.98228454589844,137.86512756347656,498.5663757324219,259.7933349609375,358.76177978515625,77.50479888916016,508.1199951171875,193.72579956054688,39.7869987487793,25.678733825683594,51.30267333984375,146.29141235351562,48.159210205078125,96.91675567626953,52.28181076049805
2023-10-30,168.3173828125,330.9261169433594,132.7100067138672,123.43978118896484,300.3033752441406,41.132232666015625,197.36000061035156,337.4100036621094,130.1763153076172,136.4609832763672,228.7210235595703,139.83250427246094,503.63128662109375,264.5107421875,366.98004150390625,78.82374572753906,526.9400024414062,196.38670349121094,41.007999420166016,26.05397605895996,52.14780807495117,148.72930908203125,48.16854476928711,97.21975708007812,52.88193893432617
2023-10-31,168.7918243408203,331.7109680175781,133.08999633789062,123.0628890991211,298.9241943359375,40.751502990722656,200.83999633789062,341.3299865722656,131.72987365722656,137.6768035888672,230.70323181152344,140.55389404296875,508.9241638183594,267.52716064453125,370.85260009765625,79.71280670166016,532.0599975585938,197.92416381835938,41.16899871826172,26.062503814697266,52.463584899902344,149.64581298828125,48.69161605834961,97.19219970703125,53.00844955444336
2023-11-01,171.95477294921875,339.5203552246094,137.0,125.41345977783203,309.42181396484375,42.29542922973633,205.66000366210938,343.75,131.6162109375,138.00167846679688,234.1181640625,140.160400390625,505.1611328125,269.3502502441406,372.3011779785156,79.20478057861328,544.5,200.95957946777344,42.01900100708008,26.01986312866211,52.41714096069336,151.10301208496094,48.747657775878906,96.99937438964844,53.482059478759766
2023-11-02,175.5130615234375,341.7277526855469,138.07000732421875,126.44493865966797,308.449462890625,43.4755973815918,218.50999450683594,349.0199890136719,133.9654998779297,139.44024658203125,238.70083618164062,141.87481689453125,509.4659118652344,276.7739562988281,377.1000061035156,81.37369537353516,558.7100219726562,205.09881591796875,42.47100067138672,26.011333465576172,53.020816802978516,152.8993377685547,49.270721435546875,100.18556213378906,53.69290542602539
2023-11-03,174.6037139892578,346.1229248046875,138.60000610351562,128.041748046875,312.150390625,44.97355270385742,219.9600067138672,351.80999755859375,135.46218872070312,140.46115112304688,239.04429626464844,140.59136962890625,504.4960632324219,277.7888488769531,380.4109191894531,83.11274719238281,563.6599731445312,204.4680633544922,43.236000061035156,26.65948486328125,52.69575881958008,152.8626708984375,49.51356887817383,98.96435546875,53.41393280029297
2023-11-06,177.15382385253906,349.7823181152344,139.74000549316406,129.18231201171875,313.3410339355469,45.719032287597656,219.27000427246094,346.6300048828125,136.48524475097656,140.7952880859375,238.93634033203125,141.40640258789062,506.92877197265625,276.8115234375,380.5192565917969,82.08689880371094,565.4500122070312,204.41880798339844,43.4739990234375,26.59126091003418,52.90936279296875,152.78018188476562,49.77510070800781,97.21057891845703,53.48530197143555
2023-11-07,179.71380615234375,353.7066345214844,142.7100067138672,129.89639282226562,316.3375549316406,45.92289352416992,222.17999267578125,346.1700134277344,136.41896057128906,140.05276489257812,240.19241333007812,141.07847595214844,511.0813903808594,276.99945068359375,383.189697265625,82.64378356933594,585.2000122070312,208.7748260498047,43.46099853515625,26.650957107543945,53.10439682006836,153.22010803222656,49.62565231323242,95.68634033203125,53.73508071899414
2023-11-08,180.77142333984375,356.326171875,142.0800018310547,130.75927734375,317.29010009765625,46.54146194458008,222.11000061035156,346.29998779296875,137.091552734375,139.5423126220703,239.85804748535156,140.5351104736328,510.03607177734375,278.08013916015625,384.007568359375,82.55585479736328,585.3099975585938,208.41017150878906,43.665000915527344,26.284236907958984,53.020816802978516,153.41258239746094,49.50422668457031,94.51103973388672,53.29715347290039
2023-11-09,180.2969970703125,353.8636474609375,140.60000610351562,129.17237854003906,318.0541076660156,46.917198181152344,209.97999572753906,348.17999267578125,136.68418884277344,136.82290649414062,237.62576293945312,140.8536376953125,512.1932373046875,270.5154724121094,382.29302978515625,88.2614974975586,577.739990234375,206.9713134765625,43.51499938964844,25.653278350830078,52.6214599609375,152.28530883789062,48.5701904296875,94.53858947753906,53.17388153076172
2023-11-10,184.48348999023438,362.6736755371094,143.55999755859375,131.5031280517578,326.2100524902344,48.30122375488281,214.64999389648438,350.55999755859375,138.71139526367188,136.66519165039062,241.17578125,141.8466796875,514.2932739257812,274.01123046875,388.61920166015625,86.2391128540039,597.219970703125,210.53897094726562,44.7239990234375,25.48041534423828,52.677181243896484,152.98182678222656,49.12126541137695,95.26398468017578,53.910247802734375
2023-11-13,182.8999481201172,359.74029541015625,142.58999633789062,131.0072021484375,326.6268005371094,48.586029052734375,223.7100067138672,350.010009765625,138.09564208984375,137.0178680419922,240.60540771484375,142.83038330078125,515.5856323242188,270.70343017578125,388.58966064453125,87.3822021484375,590.3400268554688,212.16506958007812,44.46200180053711,25.048250198364258,52.87221908569336,153.76089477539062,48.78501892089844,96.26480865478516,54.39358901977539
2023-11-14,185.51278686523438,363.2622985839844,145.8000030517578,132.52468872070312,333.6913757324219,49.621299743652344,237.41000366210938,354.25,140.61544799804688,137.04568481445312,242.8377227783203,142.51185607910156,513.5806274414062,285.3253173828125,391.84149169921875,88.97469329833984,604.3300170898438,217.97970581054688,44.8650016784668,25.290258407592773,53.03009796142578,154.07249450683594,49.663021087646484,96.63545989990234,54.38385772705078
2023-11-15,186.07693481445312,363.4098205566406,143.1999969482422,133.51649475097656,330.119384765625,48.85383987426758,242.83999633789062,356.7900085449219,141.846923828125,138.10374450683594,243.98825073242188,141.85606384277344,511.6324157714844,289.61041259765625,391.0334167480469,91.76890563964844,595.3099975585938,216.2451629638672,46.194000244140625,26.09408950805664,53.13225555419922,153.28428649902344,49.76576232910156,96.05170440673828,55.07481002807617
2023-11-16,187.75946044921875,369.7997131347656,142.8300018310547,135.8075408935547,331.58782958984375,49.4454231262207,233.58999633789062,359.8599853515625,143.46678161621094,139.310302734375,244.44064331054688,143.177001953125,512.9723510742188,287.9659729003906,391.2994384765625,92.33555603027344,602.0599975585938,218.2458038330078,46.69499969482422,25.731069564819336,53.076534271240234,153.7058868408203,44.87138366699219,94.93978118896484,50.61769485473633
2023-11-17,187.7396697998047,363.5867614746094,145.17999267578125,134.20083618164062,332.4313049316406,49.26355743408203,234.3000030517578,358.92999267578125,144.7645721435547,139.02256774902344,245.41416931152344,141.52818298339844,509.61785888671875,288.7458801269531,394.4527587890625,91.98383331298828,602.6599731445312,218.01914978027344,46.590999603271484,25.860719680786133,53.17869567871094,152.835205078125,44.60984420776367,97.25628662109375,50.39387512207031
2023-11-20,189.4815673828125,371.0482482910156,146.1300048828125,135.13311767578125,337.3229064941406,50.373775482177734,235.60000610351562,361.3299865722656,145.2097625732422,140.2481231689453,245.8173828125,140.77871704101562,508.4870910644531,289.61041259765625,398.4928894042969,92.84358215332031,612.7000122070312,221.87254333496094,47.446998596191406,25.912578582763672,53.3087158203125,152.61524963378906,45.086212158203125,96.8300552368164,50.377655029296875
2023-11-21,188.67991638183594,366.7522277832031,143.89999389648438,135.84722900390625,334.35614013671875,49.90909957885742,241.1999969482422,361.0,144.90667724609375,141.38014221191406,248.03982543945312,140.160400390625,512.7538452148438,286.9322509765625,402.97637939453125,92.27693176269531,610.989990234375,221.07427978515625,47.494998931884766,26.189163208007812,53.8938102722168,153.78836059570312,44.64720916748047,96.7929916381836,50.5593147277832
2023-11-22,189.34300231933594,371.4512023925781,146.7100067138672,137.3547821044922,338.83099365234375,48.68195343017578,234.2100067138672,361.79998779296875,145.24769592285156,141.09950256347656,249.5050811767578,141.4813232421875,516.7163696289062,290.5596008300781,404.33624267578125,92.8826675415039,619.719970703125,220.6011962890625,47.79999923706055,26.206453323364258,54.25601577758789,155.0897979736328,44.90874099731445,96.37601470947266,50.173282623291016
2023-11-24,188.01678466796875,371.038330078125,146.74000549316406,135.5695343017578,335.5964050292969,47.742618560791016,235.4499969482422,362.67999267578125,145.44659423828125,142.67123413085938,250.07540893554688,141.81858825683594,519.8903198242188,291.9691162109375,406.47454833984375,93.84989929199219,619.4299926757812,221.13343811035156,47.95600128173828,26.362028121948242,54.39531707763672,155.22726440429688,45.1702766418457,96.8949203491211,50.62418746948242
2023-11-27,187.83863830566406,372.1983642578125,147.72999572753906,135.2918243408203,332.0939025878906,48.208290100097656,236.0800018310547,361.3399963378906,145.1150665283203,141.5298309326172,249.91812133789062,141.68743896484375,516.5548706054688,292.1759033203125,402.9961242675781,92.9803695678711,619.27001953125,221.53744506835938,47.91699981689453,26.05086898803711,54.293155670166016,154.2649383544922,44.76863479614258,96.3296890258789,50.8545036315918
2023-11-28,188.4423828125,376.2191467285156,147.02999877929688,136.0753173828125,336.3504943847656,47.7875862121582,246.72000122070312,360.04998779296875,145.44659423828125,141.8572998046875,248.73802185058594,142.67111206054688,513.6470336914062,294.45001220703125,403.0355224609375,90.37179565429688,623.3200073242188,221.66558837890625,47.900001525878906,25.661924362182617,54.40460968017578,154.75987243652344,44.69391632080078,96.27409362792969,51.46111297607422
2023-11-29,187.42295837402344,372.4343566894531,146.32000732421875,133.88345336914062,329.6133728027344,48.106361389160156,244.13999938964844,358.69000244140625,146.1855010986328,142.3063507080078,250.006591796875,141.58438110351562,508.373046875,294.2323913574219,403.83367919921875,90.37179565429688,617.3900146484375,227.0170135498047,47.71900177001953,25.99901008605957,54.079551696777344,153.20181274414062,44.88072204589844,94.82858276367188,50.630680084228516
2023-11-30,187.9969940185547,372.4932861328125,146.08999633789062,131.44361877441406,324.6026611328125,46.73732376098633,240.0800018310547,360.0,147.85275268554688,144.69200134277344,252.41590881347656,143.82342529296875,525.4683227539062,296.56903076171875,407.7851257324219,90.55742645263672,611.010009765625,248.2552032470703,47.39699935913086,26.336097717285156,54.70675277709961,155.41354370117188,45.18895721435547,95.19923400878906,50.50416946411133
2023-12-01,189.2737274169922,368.1678466796875,147.02999877929688,130.7790985107422,322.2908020019531,46.732322692871094,238.8300018310547,357.07000732421875,148.57264709472656,148.17222595214844,252.18972778320312,143.01776123046875,521.7211303710938,302.3681640625,408.3074035644531,90.44995880126953,612.469970703125,256.2380065917969,46.57400131225586,24.98774528503418,54.893978118896484,155.782958984375,45.27301788330078,95.43087768554688,50.06624221801758
2023-12-04,187.48233032226562,362.88873291015625,144.83999633789062,128.21034240722656,317.5281982421875,45.47819900512695,235.5800018310547,356.6600036621094,149.66207885742188,148.6400604248047,250.21311950683594,142.45562744140625,522.7890625,306.53070068359375,402.2669677734375,89.89306640625,604.5599975585938,247.0331573486328,45.38999938964844,25.30754852294922,54.82844924926758,156.19850158691406,44.88072204589844,94.91197967529297,50.05326461791992
2023-12-05,191.43130493164062,366.21148681640625,146.8800048828125,129.91624450683594,315.8116760253906,46.53755569458008,238.72000122070312,355.0299987792969,149.64309692382812,148.33128356933594,250.3802947998047,137.4904022216797,524.677001953125,306.0387878417969,402.7201843261719,88.7011489868164,602.219970703125,247.38790893554688,45.51499938964844,25.143325805664062,54.91270065307617,155.09031677246094,44.76863479614258,93.06804656982422,50.51714324951172
2023-12-06,190.3426513671875,362.55450439453125,144.52000427246094,128.95420837402344,314.97821044921875,45.47520065307617,239.3699951171875,352.3800048828125,148.0706024169922,146.5256805419922,250.06561279296875,137.3873748779297,523.98095703125,308.50787353515625,404.3854675292969,89.39480590820312,595.7000122070312,245.52529907226562,44.67300033569336,24.884029388427734,54.85653305053711,154.6932373046875,44.55380630493164,91.83565521240234,49.96892547607422
2023-12-07,192.27259826660156,364.6681213378906,146.8800048828125,135.8075408935547,324.0470275878906,46.56753158569336,242.63999938964844,352.70001220703125,148.52528381347656,145.38430786132812,251.57020568847656,137.24681091308594,522.779541015625,308.564697265625,407.11505126953125,90.2252426147461,608.780029296875,245.2493438720703,45.20000076293945,24.745737075805664,54.987586975097656,154.64707946777344,45.07686996459961,91.19630432128906,49.640071868896484
2023-12-08,193.69776916503906,367.892578125,147.4199981689453,133.88345336914062,330.1590881347656,47.47697830200195,243.83999633789062,353.0799865722656,150.16412353515625,144.4674835205078,251.4915313720703,135.98207092285156,524.2097778320312,308.8485107421875,406.1395263671875,90.97998809814453,610.010009765625,247.18096923828125,45.375999450683594,24.875383377075195,54.86589431762695,153.0032501220703,45.18895721435547,92.24337005615234,49.11912155151367
2023-12-11,191.19378662109375,365.01214599609375,145.88999938964844,132.19740295410156,322.7472839355469,46.59851837158203,239.74000549316406,357.05999755859375,150.7135467529297,145.0662078857422,252.25852966308594,136.6097869873047,518.40283203125,313.4460754394531,409.6376647949219,90.37227630615234,625.2000122070312,248.45233154296875,45.98899841308594,24.754377365112305,55.26842498779297,154.97952270507812,46.1323356628418,92.3082275390625,49.24284744262695
2023-12-12,192.7080535888672,368.0400085449219,147.47999572753906,131.43370056152344,331.6176452636719,47.62788772583008,237.00999450683594,360.0199890136719,152.0586700439453,145.07559204101562,255.24803161621094,136.72219848632812,520.3480224609375,315.2152099609375,414.60406494140625,89.26467895507812,633.6599731445312,252.73939514160156,46.29999923706055,24.702518463134766,55.624149322509766,155.57977294921875,46.0762939453125,90.85346984863281,49.281917572021484
2023-12-13,195.9246368408203,368.0301818847656,148.83999633789062,131.48329162597656,332.133544921875,48.058624267578125,239.2899932861328,362.0299987792969,152.5702362060547,145.74916076660156,258.021240234375,139.19541931152344,523.485107421875,324.8646240234375,418.47662353515625,90.98979187011719,624.260009765625,253.5968017578125,47.99800109863281,23.043004989624023,56.1015739440918,158.84890747070312,46.41254425048828,91.65959930419922,50.15776062011719
2023-12-14,196.07308959960938,359.73309326171875,147.4199981689453,130.8584442138672,330.5758056640625,48.320465087890625,251.0500030517578,358.1199951171875,155.34579467773438,146.7595672607422,254.431884765625,135.52305603027344,509.4017333984375,332.8206787109375,412.4460144042969,92.0777816772461,584.6400146484375,253.4883575439453,46.983001708984375,22.584909439086914,55.26842498779297,155.37661743164062,46.17903518676758,94.1243667602539,49.54564666748047
2023-12-15,195.5386505126953,364.45184326171875,149.97000122070312,131.51304626464844,332.3121643066406,48.86013412475586,253.5,356.5,156.52040100097656,145.1597900390625,253.7434539794922,134.86724853515625,506.4267883300781,334.89251708984375,412.4559020996094,91.60730743408203,584.6799926757812,257.81488037109375,47.20600128173828,23.017074584960938,54.85653305053711,154.22227478027344,46.58068084716797,93.4942855834961,49.731239318847656
2023-12-18,193.87591552734375,366.33929443359375,154.07000732421875,134.68682861328125,341.9366760253906,50.04640579223633,252.0800018310547,359.6499938964844,157.4676971435547,145.42172241210938,254.0778045654297,136.93768310546875,502.0692443847656,331.87469482421875,418.23028564453125,91.0191879272461,599.1300048828125,259.77606201171875,48.61199951171875,23.388736724853516,55.24970245361328,155.98611450195312,46.92626953125,94.1892318725586,50.45730972290039
2023-12-19,194.9151153564453,366.9389953613281,153.7899932861328,135.52984619140625,347.6319580078125,49.57368850708008,257.2200012207031,361.79998779296875,159.57066345214844,146.37600708007812,255.67092895507812,136.93768310546875,499.6760559082031,333.0666809082031,419.2550964355469,92.06798553466797,604.6400146484375,260.5151672363281,49.50199890136719,24.33949851989746,55.07184600830078,155.09954833984375,46.8702278137207,95.43087768554688,50.6396484375
2023-12-20,192.8268280029297,364.34368896484375,152.1199951171875,137.2059783935547,346.5603332519531,48.081607818603516,247.13999938964844,355.3500061035156,157.77081298828125,143.3916015625,252.83871459960938,134.82040405273438,491.94305419921875,329.8406982421875,413.3230285644531,89.46070861816406,596.0599975585938,256.4843444824219,48.926998138427734,23.88140296936035,53.92977523803711,153.01248168945312,46.51529312133789,93.83711242675781,50.04706573486328
2023-12-21,192.67837524414062,367.2143249511719,153.83999633789062,139.26895141601562,351.3328857421875,48.9600715637207,254.5,356.1400146484375,158.6707763671875,144.8603973388672,255.2283935546875,135.14830017089844,495.7093811035156,330.13397216796875,417.25469970703125,90.19583892822266,600.1400146484375,263.3830871582031,49.1609992980957,24.46915054321289,54.285499572753906,154.19456481933594,46.42189407348633,94.26336669921875,50.401954650878906
2023-12-22,191.6094512939453,368.2366027832031,153.4199981689453,140.33018493652344,350.6383972167969,48.8001708984375,252.5399932861328,356.4700012207031,158.57603454589844,145.44046020507812,254.13682556152344,136.10389709472656,496.1194763183594,329.77447509765625,417.90509033203125,89.21566009521484,598.75,262.48626708984375,48.67599868774414,24.546939849853516,54.59442138671875,154.8502197265625,46.786170959472656,94.43016052246094,51.00431442260742
2023-12-26,191.06512451171875,368.3152770996094,153.41000366210938,140.35992431640625,352.0671691894531,49.2488899230957,256.6099853515625,356.8299865722656,159.51385498046875,146.07662963867188,254.8546905517578,136.72219848632812,495.85247802734375,330.4555969238281,417.48138427734375,89.14704895019531,598.260009765625,262.3680114746094,49.11899948120117,24.55558204650879,54.819091796875,155.93994140625,46.9636344909668,94.64326477050781,50.9261589050293
2023-12-27,191.16407775878906,367.7352294921875,153.33999633789062,139.21934509277344,355.0437927246094,49.38681411743164,261.44000244140625,356.95001220703125,160.47059631347656,146.2730712890625,254.62850952148438,136.83460998535156,498.48406982421875,329.71771240234375,418.16131591796875,88.58834838867188,596.0800170898438,262.86077880859375,49.17900085449219,24.72844886779785,54.95950698852539,156.43861389160156,47.11307907104492,94.19849395751953,51.404788970947266
2023-12-28,191.5896759033203,368.9247741699219,153.3800048828125,139.08050537109375,355.5299987792969,49.49174118041992,253.17999267578125,357.57000732421875,161.32315063476562,146.48825073242188,256.0740661621094,136.5254364013672,500.49609375,328.61090087890625,420.0926208496094,88.60795593261719,595.52001953125,261.73724365234375,49.05099868774414,24.884029388427734,54.9969482421875,156.4293975830078,47.15044403076172,92.83638763427734,51.30385208129883
2023-12-29,190.5504608154297,369.6719055175781,151.94000244140625,138.544921875,351.2039489746094,49.49174118041992,248.47999572753906,356.6600036621094,161.1337127685547,146.637939453125,256.0249328613281,137.28428649902344,501.99298095703125,327.8446044921875,420.2798767089844,88.50013732910156,596.5999755859375,259.33258056640625,48.6879997253418,24.884029388427734,55.165462493896484,156.84495544433594,47.187801361083984,92.64181518554688,51.329898834228516
2024-01-02,183.73129272460938,364.5894470214844,149.92999267578125,137.03736877441406,343.59368896484375,48.13856887817383,248.4199981689453,362.4599914550781,163.0093536376953,149.65977478027344,254.56951904296875,139.34536743164062,514.2646484375,326.45391845703125,415.7274475097656,88.91181182861328,580.0700073242188,252.42401123046875,46.849998474121094,25.696496963500977,55.99859619140625,159.68006896972656,47.178462982177734,94.84712219238281,51.8638801574707
2024-01-03,182.35562133789062,364.3240661621094,148.47000122070312,137.78123474121094,341.787841796875,47.539939880371094,238.4499969482422,366.75,162.29885864257812,150.59532165527344,253.69430541992188,138.50218200683594,516.8296508789062,320.0020751953125,412.6529846191406,89.83317565917969,571.7899780273438,248.19607543945312,47.0260009765625,25.696496963500977,56.12965393066406,159.71701049804688,47.545570373535156,95.64399719238281,51.86713409423828
2024-01-04,180.03965759277344,361.7091064453125,144.57000732421875,135.27197265625,344.4172058105469,47.96867752075195,237.92999267578125,363.67999267578125,163.37591552734375,150.27723693847656,255.2972412109375,139.26101684570312,520.06201171875,320.3142395019531,413.6383361816406,88.76477813720703,567.0499877929688,247.60476684570312,47.46699905395508,25.143325805664062,55.94243240356445,158.35025024414062,47.14081573486328,94.81006622314453,51.365718841552734
2024-01-05,179.3171844482422,361.5223083496094,145.24000549316406,134.61740112304688,349.2095947265625,49.0670051574707,237.49000549316406,365.5899963378906,164.19561767578125,150.7449951171875,255.37591552734375,138.10870361328125,512.3958740234375,324.42950439453125,413.29351806640625,89.09805297851562,564.5999755859375,247.48648071289062,47.40599822998047,25.47176742553711,55.858177185058594,156.01382446289062,47.15022277832031,95.09729766845703,51.02384948730469
2024-01-08,183.6521453857422,368.3447265625,149.10000610351562,137.701904296875,355.8673400878906,52.2210807800293,240.4499969482422,368.17999267578125,163.9573211669922,151.11920166015625,258.1785583496094,139.29852294921875,511.5758056640625,329.150146484375,416.4714050292969,89.73516082763672,580.5499877929688,257.0954284667969,48.50299835205078,25.566844940185547,56.27007293701172,156.1708221435547,47.498512268066406,93.5128173828125,51.52526092529297
2024-01-09,183.2364501953125,369.4261169433594,151.3699951171875,139.7946014404297,354.6468811035156,53.10753631591797,234.9600067138672,366.8999938964844,162.66104125976562,151.2128143310547,258.9554138183594,139.86997985839844,513.3397827148438,327.5040588378906,417.0833435058594,87.89242553710938,586.2000122070312,257.55859375,48.20899963378906,25.411266326904297,56.16709899902344,154.37924194335938,46.98078918457031,92.35456085205078,51.870384216308594
2024-01-10,184.27565002441406,376.28790283203125,153.72999572753906,141.1136932373047,367.5853576660156,54.316795349121094,233.94000244140625,367.9200134277344,163.00421142578125,151.43731689453125,260.1650085449219,140.46954345703125,512.6436157226562,337.5413513183594,422.6793212890625,87.51995849609375,591.030029296875,260.3082580566406,47.83300018310547,25.056896209716797,56.35432052612305,154.1483612060547,47.291419982910156,91.44649505615234,52.51506805419922
2024-01-11,183.68182373046875,378.116455078125,155.17999267578125,140.9153594970703,366.7916259765625,54.78850555419922,227.22000122070312,363.3399963378906,162.31793212890625,150.76370239257812,259.643798828125,141.0035400390625,514.5888671875,337.28594970703125,421.1495361328125,87.6767807006836,597.489990234375,267.453369140625,49.222999572753906,24.546939849853516,55.989234924316406,153.41883850097656,47.479679107666016,91.4279556274414,52.45646286010742
2024-01-12,184.0084228515625,381.89141845703125,154.6199951171875,141.4806671142578,371.5740661621094,54.67658233642578,218.88999938964844,363.6199951171875,161.12652587890625,151.92379760742188,259.781494140625,141.08787536621094,497.26361083984375,336.5102233886719,423.4985046386719,88.55894470214844,596.5399780273438,267.99542236328125,49.215999603271484,24.806238174438477,56.53218460083008,154.47158813476562,47.385555267333984,92.61400604248047,52.524837493896484
2024-01-16,181.74195861816406,383.66094970703125,153.16000366210938,141.32199096679688,364.59881591796875,56.347557067871094,219.91000366210938,361.1000061035156,160.11622619628906,150.17433166503906,260.8336486816406,140.32904052734375,495.0133361816406,339.0834045410156,422.75830078125,91.20542907714844,597.6799926757812,265.2950439453125,48.124000549316406,24.47779083251953,56.15774154663086,153.45578002929688,47.620880126953125,90.51988983154297,52.690887451171875
2024-01-17,180.80174255371094,382.8745422363281,151.7100067138672,140.31033325195312,365.5016784667969,56.018760681152344,215.5500030517578,359.2900085449219,159.2583770751953,150.09011840820312,262.20062255859375,140.46954345703125,500.5341796875,336.5007019042969,421.8404541015625,88.54914093017578,596.0999755859375,267.51251220703125,48.03300094604492,24.33085823059082,56.15774154663086,153.70510864257812,47.347900390625,89.86199951171875,52.44343185424805
2024-01-18,186.69058227539062,387.1999816894531,153.5,142.30384826660156,373.2013244628906,57.07211685180664,211.8800048828125,362.3800048828125,159.5729217529297,150.81985473632812,263.6855163574219,139.6597137451172,492.33404541015625,338.5819396972656,425.09735107421875,90.382080078125,593.7000122070312,270.48876953125,48.53099822998047,24.27899932861328,56.31687927246094,154.37924194335938,47.77149200439453,89.69520568847656,53.14997482299805
2024-01-19,189.59042358398438,391.91864013671875,155.33999633789062,145.18008422851562,380.4643249511719,59.454654693603516,212.19000244140625,366.989990234375,162.3274688720703,151.25955200195312,266.3996887207031,139.1223602294922,480.1481628417969,342.8485412597656,431.0782165527344,91.21522521972656,611.5499877929688,276.8158874511719,48.29499816894531,24.443222045898438,56.007957458496094,153.09559631347656,48.26097106933594,89.83419799804688,52.86996841430664
2024-01-22,191.89646911621094,389.7952880859375,154.77999877929688,144.79327392578125,378.80731201171875,59.617557525634766,208.8000030517578,368.05999755859375,162.13685607910156,151.9986572265625,266.6947021484375,139.395751953125,489.13970947265625,337.4372863769531,434.0094299316406,93.19518280029297,603.5900268554688,276.2442626953125,48.57099914550781,24.46915054321289,55.764564514160156,152.4768829345703,48.54336166381836,89.71373748779297,52.87322235107422
2024-01-23,193.1732177734375,392.1448059082031,156.02000427246094,145.83465576171875,382.20074462890625,59.836421966552734,209.13999938964844,372.1400146484375,161.0693359375,149.51007080078125,266.753662109375,145.1654052734375,491.5521545410156,331.8462829589844,433.03240966796875,91.91114807128906,597.1799926757812,272.7653503417969,49.21900177001953,24.5728702545166,56.026676177978516,154.81329345703125,48.72220993041992,90.72373962402344,53.0067138671875
2024-01-24,192.50021362304688,395.7427978515625,156.8699951171875,147.48104858398438,387.6578674316406,61.32450866699219,207.8300018310547,376.5899963378906,162.508544921875,148.71485900878906,267.1372375488281,143.411865234375,489.36859130859375,328.5257568359375,432.9732360839844,91.6465072631836,606.47998046875,272.873779296875,54.48699951171875,24.48643684387207,55.146728515625,152.92938232421875,48.29863357543945,92.28968811035156,52.257843017578125
2024-01-25,192.17359924316406,398.0136413574219,157.75,150.6250762939453,390.11859130859375,61.57936477661133,182.6300048828125,380.8500061035156,164.8341827392578,149.2761993408203,268.08123779296875,146.71153259277344,470.4605407714844,332.02606201171875,431.09796142578125,92.97955322265625,622.5800170898438,274.9926452636719,56.20000076293945,24.100406646728516,55.38075637817383,153.81591796875,49.258766174316406,94.63399505615234,53.019737243652344
2024-01-26,190.4416046142578,397.089599609375,159.1199951171875,150.94247436523438,391.0711364746094,60.993717193603516,183.25,385.3999938964844,164.2051239013672,149.2200164794922,263.48883056640625,147.20176696777344,479.8049621582031,336.1223449707031,432.805419921875,93.46963500976562,613.9299926757812,275.8894958496094,57.04199981689453,24.100406646728516,55.57734298706055,155.01646423339844,49.07991027832031,95.44014739990234,53.48534393310547
2024-01-29,189.75869750976562,402.7815856933594,161.25999450683594,152.25164794921875,397.8974609375,62.42684555053711,190.92999267578125,383.17999267578125,164.63404846191406,149.0890655517578,269.11383056640625,147.22061157226562,481.08258056640625,336.5007019042969,434.82861328125,95.55741119384766,630.22998046875,283.69488525390625,57.57899856567383,24.109182357788086,55.91434860229492,155.28427124023438,49.22111129760742,95.56061553955078,53.73604202270508
2024-01-30,186.1066131591797,401.6706848144531,159.0,150.21844482421875,396.94500732421875,62.73564910888672,191.58999633789062,387.1499938964844,168.00811767578125,148.53712463378906,272.54583740234375,148.47447204589844,480.1958312988281,337.8251953125,439.37847900390625,95.018310546875,627.9600219726562,283.5667724609375,56.28499984741211,23.705604553222656,56.073486328125,156.6417694091797,49.174041748046875,97.15436553955078,53.915122985839844
2024-01-31,182.50404357910156,390.8471374511719,155.1999969482422,138.9515838623047,387.1022644042969,61.48941421508789,187.2899932861328,383.739990234375,166.1876220703125,148.65872192382812,268.720458984375,148.14450073242188,487.9478454589844,333.90863037109375,443.3657531738281,94.14595794677734,617.780029296875,277.0228576660156,56.4109992980957,23.75824737548828,55.689674377441406,155.6351776123047,47.23493957519531,95.26409149169922,53.80441665649414
2024-02-01,184.93873596191406,396.9421691894531,159.27999877929688,140.0028839111328,391.7060852050781,62.98849868774414,188.86000061035156,386.44000244140625,165.587158203125,148.15354919433594,272.447509765625,150.0677490234375,483.561767578125,340.6348876953125,454.90313720703125,95.13593292236328,627.9099731445312,279.693603515625,56.750999450683594,23.942489624023438,57.08449935913086,158.56265258789062,47.23493957519531,94.87492370605469,54.80073928833008
2024-02-02,183.9391326904297,404.25616455078125,171.80999755859375,141.21286010742188,471.29156494140625,66.11957550048828,187.91000366210938,390.75,166.54029846191406,146.51632690429688,272.5753479003906,149.04010009765625,486.5080261230469,337.9482116699219,454.5675964355469,95.20454406738281,634.760009765625,281.5267333984375,56.4640007019043,23.62664794921875,56.67259979248047,157.8885040283203,47.23493957519531,94.48574829101562,55.21099090576172
2024-02-05,185.7503204345703,398.7804870605469,170.30999755859375,142.50221252441406,455.8328857421875,69.2896499633789,181.05999755859375,390.760009765625,166.32110595703125,145.75851440429688,271.00189208984375,149.15328979492188,479.5760498046875,335.97100830078125,450.7973937988281,94.73406982421875,630.5,283.9412536621094,56.20600128173828,23.310808181762695,56.20454025268555,157.84231567382812,46.60426330566406,94.0965805053711,54.91469192504883
2024-02-06,187.35365295410156,398.6231994628906,169.14999389648438,142.91879272460938,451.17938232421875,68.18132019042969,185.10000610351562,393.739990234375,166.89295959472656,147.87286376953125,272.1623229980469,149.86033630371094,486.9276428222656,337.02105712890625,454.48858642578125,97.32173156738281,607.1400146484375,281.6942443847656,55.5880012512207,24.126728057861328,56.110931396484375,158.3040771484375,47.04667282104492,94.74519348144531,55.28913116455078
2024-02-07,187.4625244140625,407.0382080078125,170.52999877929688,144.3469696044922,465.93359375,70.0561752319336,187.5800018310547,397.6600036621094,167.20745849609375,147.7980194091797,274.7486267089844,150.01116943359375,495.2422180175781,343.11346435546875,455.8802185058594,97.17469787597656,615.8499755859375,284.6607360839844,55.93000030517578,24.17936897277832,56.15774154663086,158.35025024414062,46.84900665283203,94.71739196777344,55.14912033081055
2024-02-08,186.38377380371094,407.0971984863281,169.83999633789062,144.7139434814453,466.3404541015625,69.59845733642578,189.55999755859375,397.489990234375,166.60704040527344,146.31985473632812,271.70428466796875,149.55865478515625,495.90966796875,344.08782958984375,452.27789306640625,108.34870910644531,615.8599853515625,287.72576904296875,55.85300064086914,24.188140869140625,56.007957458496094,160.5481414794922,47.0184440612793,96.33895111083984,55.145870208740234
2024-02-09,187.1468048095703,413.4281005859375,174.4499969482422,147.77862548828125,464.465087890625,72.08895111083984,193.57000732421875,398.3599853515625,166.80718994140625,146.65663146972656,272.3446960449219,148.4084930419922,494.1265563964844,343.548583984375,451.90277099609375,106.2413330078125,627.2100219726562,287.0850830078125,56.13199996948242,24.17936897277832,55.75520706176758,154.8409881591797,47.18788146972656,94.30040740966797,55.11656188964844
2024-02-12,185.46214294433594,408.22772216796875,172.33999633789062,146.32064819335938,465.24896240234375,72.20387268066406,188.1300048828125,397.7099914550781,167.5506134033203,147.6763916015625,271.0047912597656,148.1162109375,493.5736083984375,345.7244873046875,452.72198486328125,107.12349700927734,611.8400268554688,283.1627197265625,55.78499984741211,24.267101287841797,55.88626480102539,157.55604553222656,47.05609130859375,95.59766387939453,55.44866943359375
2024-02-13,183.37115478515625,399.4391174316406,168.63999938964844,143.9502410888672,456.537353515625,72.08394622802734,184.02000427246094,394.79998779296875,166.09231567382812,146.3853302001953,271.7338562011719,147.32432556152344,492.82025146484375,338.2887268066406,454.4491271972656,108.27029418945312,601.8900146484375,277.08197021484375,55.45199966430664,23.661741256713867,55.55862045288086,155.95843505859375,46.72663497924805,94.7746810913086,55.07098388671875
2024-02-14,182.48916625976562,403.29986572265625,170.97999572753906,144.74368286132812,469.5948791503906,73.8548583984375,188.7100067138672,398.67999267578125,167.7793731689453,145.70242309570312,273.4579772949219,146.72096252441406,492.9060974121094,338.8941955566406,459.11737060546875,109.3484878540039,604.6599731445312,284.9661560058594,57.93299865722656,23.78456687927246,55.5024528503418,154.7024688720703,47.32907485961914,94.30706787109375,54.89516067504883
2024-02-15,182.20181274414062,400.41412353515625,169.8000030517578,141.59970092773438,480.2611083984375,72.61361694335938,200.4499969482422,403.45001220703125,171.43939208984375,147.74188232421875,276.8274841308594,148.0219268798828,496.6629638671875,341.59033203125,465.1278991699219,110.22084045410156,590.4400024414062,287.7158508300781,59.34600067138672,24.1355037689209,55.60543441772461,155.01646423339844,46.1806755065918,97.00984191894531,55.11982345581055
2024-02-16,180.665771484375,397.9519958496094,169.50999450683594,139.3681182861328,469.6345520019531,72.56864166259766,199.9499969482422,405.989990234375,170.63877868652344,147.57220458984375,274.4432373046875,148.4933319091797,497.30181884765625,342.7917785644531,462.0190124511719,109.3876953125,546.6599731445312,285.5279541015625,58.39500045776367,24.23200798034668,55.5960693359375,153.59429931640625,45.5970573425293,97.00984191894531,55.46820831298828
2024-02-20,179.92254638671875,396.7011413574219,167.0800018310547,139.9632110595703,468.0768127441406,69.40957641601562,193.75999450683594,407.1499938964844,171.30596923828125,148.80709838867188,271.0836181640625,149.4360809326172,496.8345642089844,342.99993896484375,445.852783203125,107.27051544189453,541.9099731445312,282.2461853027344,57.51300048828125,24.2056884765625,56.82238006591797,155.7459716796875,45.44645690917969,96.09332275390625,57.25897216796875
2024-02-21,180.67572021484375,396.1003723144531,168.58999633789062,141.3814697265625,464.8785095214844,67.4307861328125,194.77000427246094,409.25,172.42111206054688,149.58006286621094,272.66986083984375,151.2178955078125,497.7022399902344,344.4757080078125,453.05755615234375,105.53560638427734,538.52001953125,279.4472961425781,57.334999084472656,24.275875091552734,57.32788848876953,155.91221618652344,45.63471603393555,98.05728912353516,56.55569076538086
2024-02-22,182.7071990966797,405.4272155761719,174.5800018310547,142.90884399414062,482.8565979003906,78.49002838134766,197.41000366210938,415.1600036621094,174.48941040039062,151.24853515625,279.5564880371094,151.3687286376953,502.0215759277344,351.2965393066406,465.4041748046875,105.50619506835938,537.5700073242188,289.4010925292969,58.84700012207031,24.170597076416016,57.24363708496094,155.37661743164062,45.71943664550781,97.9731216430664,57.112449645996094
2024-02-23,180.8739013671875,404.1369934082031,174.99000549316406,142.7799072265625,480.7707824707031,78.76885986328125,191.97000122070312,417.2200012207031,175.36627197265625,152.55885314941406,279.40875244140625,151.8118133544922,502.72723388671875,351.8830871582031,467.23992919921875,105.60420989990234,553.4400024414062,288.5633544921875,58.35599899291992,24.35483741760254,57.290443420410156,156.62332153320312,45.99241638183594,97.11271667480469,57.161293029785156
2024-02-26,179.52618408203125,401.3793640136719,174.72999572753906,136.4423065185547,478.49615478515625,79.04369354248047,199.39999389648438,409.1400146484375,174.76577758789062,151.56906127929688,279.95062255859375,151.04820251464844,500.89654541015625,351.5425109863281,468.3157043457031,105.54540252685547,560.47998046875,296.04364013671875,58.76499938964844,23.845983505249023,56.83174514770508,155.38584899902344,45.559410095214844,97.49615478515625,58.21621322631836
2024-02-27,180.98291015625,401.3202819824219,173.5399932861328,137.7415771484375,483.7704162597656,78.65292358398438,199.72999572753906,408.9100036621094,174.85159301757812,151.7481689453125,278.985107421875,150.18089294433594,489.54974365234375,355.2887878417969,468.5525817871094,107.25090789794922,552.489990234375,295.16650390625,60.16699981689453,23.591552734375,56.48537063598633,155.2935028076172,45.47469711303711,97.2904052734375,58.206451416015625
2024-02-28,179.78379821777344,401.5566101074219,173.16000366210938,135.2620849609375,480.7607727050781,77.61555480957031,202.0399932861328,412.1400146484375,175.73800659179688,152.28549194335938,281.4087219238281,150.88790893554688,475.11370849609375,357.2281188964844,472.5990295410156,108.60356140136719,551.8200073242188,295.4325256347656,59.64799880981445,23.723154067993164,56.54154586791992,154.2499542236328,45.2393684387207,97.5616226196289,58.235755920410156
2024-02-29,179.11988830566406,407.3871154785156,176.75999450683594,137.32501220703125,486.82965087890625,79.06368255615234,201.8800048828125,409.3999938964844,177.33924865722656,152.12521362304688,278.4629211425781,149.84146118164062,470.6512451171875,360.066162109375,468.5624694824219,109.36809539794922,560.280029296875,304.3515930175781,60.29199981689453,23.302032470703125,56.185821533203125,153.85447692871094,45.53117370605469,97.74866485595703,57.249210357666016
2024-03-01,178.03968811035156,409.2190246582031,178.22000122070312,136.0158233642578,498.91766357421875,82.22872924804688,202.63999938964844,407.1099853515625,176.6053466796875,152.82276916503906,278.9752502441406,149.75662231445312,466.77044677734375,363.6989440917969,470.40802001953125,109.73076629638672,570.9299926757812,312.2950134277344,61.933998107910156,23.328353881835938,55.72712707519531,153.15658569335938,45.559410095214844,98.98314666748047,57.39571762084961
2024-03-04,173.5208282470703,408.64776611328125,177.5800018310547,132.2569122314453,494.83538818359375,85.18492126464844,188.13999938964844,403.3900146484375,177.93020629882812,150.6735382080078,276.38409423828125,150.4259796142578,459.4666442871094,359.8391418457031,462.374267578125,111.43627166748047,567.9400024414062,310.08746337890625,61.58300018310547,22.714218139648438,55.989234924316406,153.8824005126953,46.2465705871582,97.59904479980469,57.92318344116211
2024-03-05,168.5857391357422,396.5632629394531,174.1199951171875,131.5824432373047,486.9190368652344,85.91551971435547,180.74000549316406,400.739990234375,179.71255493164062,150.7960968017578,275.2511291503906,150.19972229003906,451.15203857421875,358.0227966308594,461.41693115234375,110.63252258300781,544.8400268554688,294.4273376464844,59.849998474121094,22.880910873413086,55.7177619934082,150.78372192382812,46.07712936401367,98.79609680175781,58.64600372314453
2024-03-06,167.59474182128906,396.01171875,173.50999450683594,130.3228759765625,492.74951171875,88.64997863769531,176.5399932861328,403.9599914550781,180.64662170410156,150.20220947265625,276.2855529785156,150.43540954589844,450.6275939941406,359.2028503417969,465.44366455078125,107.87823486328125,543.0900268554688,299.37469482421875,59.76900100708008,23.854755401611328,55.745845794677734,151.67703247070312,46.28422164916992,99.85289764404297,59.163700103759766
2024-03-07,167.47584533691406,402.9551696777344,176.82000732421875,133.27847290039062,508.7410888671875,92.61672973632812,178.64999389648438,402.3900146484375,179.06442260742188,149.75917053222656,274.1476745605469,151.42527770996094,456.5202941894531,358.35589599609375,461.4366760253906,107.995849609375,556.0399780273438,298.04425048828125,60.85100173950195,23.50382423400879,55.64286422729492,151.77938842773438,46.030059814453125,100.4140396118164,58.95856857299805
2024-03-08,169.1902313232422,400.07928466796875,175.35000610351562,134.3000030517578,502.5431823730469,87.47862243652344,175.33999633789062,403.1499938964844,179.39801025390625,150.3718719482422,275.9013366699219,151.17076110839844,456.2043762207031,355.31048583984375,463.1342468261719,108.1330795288086,551.6900024414062,300.8628234863281,60.481998443603516,23.881072998046875,55.7177619934082,151.72357177734375,46.5948486328125,101.35858154296875,58.72414016723633
2024-03-11,171.19200134277344,398.40496826171875,171.9600067138672,136.54148864746094,480.33367919921875,85.72561645507812,177.77000427246094,404.760009765625,179.46470642089844,151.9838104248047,276.4136657714844,152.30206298828125,468.2467956542969,353.5688781738281,463.0355529785156,110.08363342285156,560.4199829101562,301.57244873046875,60.09299850463867,24.8900089263916,56.391761779785156,153.286865234375,47.27259826660156,101.9571304321289,59.251617431640625
2024-03-12,171.66766357421875,409.00238037109375,175.38999938964844,137.36468505859375,496.3848876953125,91.86116027832031,177.5399932861328,404.9800109863281,180.94207763671875,153.40724182128906,279.72406005859375,152.66029357910156,468.4382629394531,356.4429626464844,466.6971435546875,110.23065185546875,579.1400146484375,302.1834411621094,61.108001708984375,24.574167251586914,56.635154724121094,153.11004638671875,47.13139724731445,101.30248260498047,59.98419189453125
2024-03-13,169.5866241455078,408.8250732421875,176.55999755859375,138.6441192626953,492.2330322265625,90.83673858642578,169.47999572753906,408.1300048828125,182.40992736816406,151.86129760742188,280.9259948730469,153.0091094970703,467.1459045410156,360.677978515625,469.40130615234375,110.26985931396484,573.5499877929688,300.66375732421875,60.94499969482422,24.758411407470703,57.21554946899414,153.8172607421875,47.1690559387207,102.43407440185547,59.857215881347656
2024-03-14,171.43975830078125,418.7920837402344,178.75,141.92698669433594,488.5182189941406,87.89439392089844,162.5,406.7300109863281,179.1597442626953,150.0796661376953,282.17718505859375,152.2549285888672,468.10321044921875,357.1377258300781,473.2208557128906,109.83857727050781,570.4500122070312,299.32171630859375,61.30099868774414,24.67945098876953,57.088165283203125,153.3333740234375,46.867835998535156,104.24840545654297,59.806243896484375
2024-03-15,171.06317138671875,410.1251220703125,174.4199981689453,140.02272033691406,480.84027099609375,87.78746795654297,163.57000732421875,408.1300048828125,181.3805389404297,149.10873413085938,278.8569641113281,152.1417999267578,469.8454284667969,355.1962890625,469.61846923828125,109.73076629638672,492.4599914550781,290.4502258300781,60.5880012512207,24.51275634765625,56.50313186645508,153.22171020507812,46.05830383300781,104.06134796142578,59.47300720214844
2024-03-18,172.1532440185547,411.01153564453125,174.47999572753906,146.46942138671875,493.633544921875,88.40512084960938,173.8000030517578,408.4100036621094,183.62991333007812,147.77015686035156,280.8372802734375,151.98155212402344,466.23651123046875,353.9400939941406,472.6385192871094,111.59309387207031,513.8599853515625,296.54876708984375,61.8390007019043,24.31974220275879,56.739036560058594,159.3632354736328,46.378353118896484,105.02464294433594,59.64942932128906
2024-03-19,174.49195861816406,415.0396423339844,175.89999389648438,145.82476806640625,492.89849853515625,89.34758758544922,171.32000732421875,411.760009765625,184.70693969726562,147.25173950195312,283.10333251953125,152.5660400390625,472.23858642578125,361.07769775390625,477.6818542480469,112.2400131225586,521.1900024414062,297.4763488769531,62.07400131225586,24.240779876708984,56.83339309692383,159.86572265625,46.255977630615234,105.7634506225586,59.65922164916992
2024-03-20,177.05860900878906,418.80194091796875,178.14999389648438,147.520751953125,502.11602783203125,90.32103729248047,175.66000366210938,416.1099853515625,187.12789916992188,146.82752990722656,285.0047912597656,152.7168731689453,473.1097412109375,365.8360900878906,481.6690979003906,114.15135192871094,519.1400146484375,302.0453186035156,62.76900100708008,24.302196502685547,57.324066162109375,159.92156982421875,46.64191818237305,105.669921875,60.03166198730469
2024-03-21,169.82444763183594,422.8793640136719,178.14999389648438,146.3900909423828,504.3409423828125,91.3834228515625,172.82000732421875,413.7799987792969,189.72991943359375,146.81808471679688,286.07867431640625,152.5943145751953,470.67822265625,376.10479736328125,482.2612609863281,114.38660430908203,511.25,304.32489013671875,62.270999908447266,24.267101287841797,57.05986404418945,160.47056579589844,46.952552795410156,106.13752746582031,60.227691650390625
2024-03-22,170.72625732421875,422.25885009765625,178.8699951171875,149.5341033935547,506.1487121582031,94.23580932617188,170.8300018310547,411.6000061035156,187.40428161621094,146.32791137695312,279.0737609863281,152.40579223632812,469.1274719238281,371.4224548339844,475.3822937011719,113.57305908203125,499.5199890136719,303.7130432128906,62.80099868774414,24.003902435302734,57.0787239074707,160.07046508789062,46.858421325683594,106.13752746582031,59.65922164916992
2024-03-25,169.30914306640625,416.4677429199219,179.7100067138672,148.83982849121094,499.6328125,94.94841003417969,172.6300048828125,409.9200134277344,185.68870544433594,146.31849670410156,277.0540466308594,151.01991271972656,465.11651611328125,364.9796142578125,469.8257141113281,116.99386596679688,507.2300109863281,302.0256042480469,62.74599838256836,24.0653133392334,56.99380111694336,160.6101531982422,46.7642936706543,107.2223892211914,59.36519241333008
2024-03-26,168.179443359375,415.2760925292969,178.3000030517578,149.43490600585938,492.5509033203125,92.50879669189453,177.6699981689453,411.57000732421875,186.55601501464844,146.8369598388672,276.453125,151.3592987060547,471.271728515625,361.57257080078125,470.5758056640625,117.55257415771484,507.6000061035156,301.798583984375,62.92399978637695,24.2056884765625,57.125911712646484,160.73114013671875,46.64191818237305,106.4181137084961,59.30638885498047
2024-03-27,171.74696350097656,415.05938720703125,179.8300018310547,149.63328552246094,490.5345458984375,90.1990966796875,179.8300018310547,416.92999267578125,190.1683807373047,148.9013671875,274.8963928222656,153.30137634277344,472.02801513671875,367.2446594238281,471.7108459472656,118.5817642211914,504.3999938964844,297.40728759765625,61.35300064086914,24.372385025024414,57.5882682800293,161.51278686523438,46.84900665283203,107.52165985107422,59.5122184753418
2024-03-28,169.93345642089844,414.3600769042969,180.3800048828125,149.6927947998047,482.310302734375,90.30503845214844,175.7899932861328,420.5199890136719,190.91180419921875,149.1181640625,274.95550537109375,152.9619903564453,473.5596618652344,365.06524658203125,475.2835693359375,119.93439483642578,504.6000061035156,297.2098693847656,60.733001708984375,24.346065521240234,57.72981643676758,162.85275268554688,46.98078918457031,108.7093734741211,58.97315216064453
2024-04-01,168.49652099609375,418.15191650390625,180.97000122070312,154.2154083251953,488.0414123535156,90.3120346069336,175.22000122070312,420.20001220703125,189.6155548095703,148.73167419433594,274.1673889160156,151.38758850097656,468.7733154296875,350.2475280761719,472.1549072265625,119.12085723876953,502.0899963378906,298.2756652832031,61.430999755859375,24.31974220275879,57.25801467895508,160.9637451171875,47.10315704345703,109.4107894897461,58.80653381347656
2024-04-02,167.31727600097656,415.0692138671875,180.69000244140625,153.29302978515625,494.0208740234375,89.40153503417969,166.6300048828125,418.9200134277344,189.539306640625,148.6845245361328,274.3249816894531,151.37818908691406,438.56195068359375,345.46063232421875,473.1714782714844,120.38528442382812,499.2099914550781,299.99273681640625,61.42100143432617,24.170597076416016,56.757904052734375,159.53074645996094,46.46307373046875,111.55242919921875,57.98324203491211
2024-04-03,168.11996459960938,414.09417724609375,182.41000366210938,153.65008544921875,503.3277893066406,88.91382598876953,168.3800048828125,420.239990234375,189.00555419921875,145.41351318359375,272.86688232421875,147.211181640625,440.09356689453125,342.5103454589844,471.1877136230469,116.62140655517578,497.010009765625,300.72296142578125,63.007999420166016,23.881072998046875,56.455955505371094,157.8929901123047,46.254295349121094,111.57113647460938,58.24787521362305
2024-04-04,167.2974395751953,411.56304931640625,180.0,149.2960662841797,507.4797058105469,85.8565444946289,171.11000061035156,415.32000732421875,187.56752014160156,143.7544708251953,269.9505920410156,146.55125427246094,435.919921875,340.39764404296875,463.6375427246094,114.76886749267578,487.1099853515625,290.2627258300781,61.7140007019043,23.38099479675293,55.95583724975586,157.8650665283203,45.65641784667969,111.96392822265625,58.31648254394531
2024-04-05,168.05059814453125,419.0875244140625,185.07000732421875,151.24993896484375,523.7890625,87.95836639404297,164.89999389648438,418.6199951171875,189.2931671142578,143.65077209472656,273.0442199707031,147.1640625,436.2645263671875,340.5784912109375,470.92120361328125,116.03329467773438,485.1199951171875,297.9302673339844,63.61800003051758,23.3897647857666,56.153995513916016,157.39051818847656,46.073974609375,113.50703430175781,58.659515380859375
2024-04-08,166.93077087402344,418.171630859375,185.19000244140625,153.5806427001953,515.753662109375,87.08384704589844,172.97999572753906,415.9700012207031,190.2806396484375,142.8966522216797,273.6550598144531,147.1074676513672,436.513427734375,344.5565185546875,473.2536315917969,115.02371215820312,484.2799987792969,297.752685546875,62.840999603271484,23.319580078125,55.927528381347656,157.79994201660156,45.77979278564453,112.74016571044922,58.59091567993164
2024-04-09,168.1397705078125,419.8360290527344,185.6699981689453,155.31629943847656,513.4193725585938,85.30584716796875,176.8800048828125,414.69000244140625,189.0055389404297,143.5565185546875,272.63043212890625,147.69200134277344,440.0744323730469,343.9569091796875,466.641845703125,115.63143157958984,492.54998779296875,298.3842468261719,61.81999969482422,23.49504852294922,56.35215377807617,158.7583770751953,47.45951843261719,113.32933807373047,58.6007194519043
2024-04-10,166.266845703125,416.8617248535156,185.9499969482422,154.86009216308594,516.3297119140625,86.98990631103516,171.75999450683594,409.1099853515625,187.39495849609375,141.58636474609375,270.4234924316406,148.23880004882812,430.8176574707031,333.62164306640625,463.6867370605469,114.86688995361328,487.2200012207031,295.67047119140625,61.858001708984375,23.091472625732422,55.59726333618164,157.2136993408203,46.700321197509766,114.28325653076172,59.41419982910156
2024-04-11,173.46133422851562,421.4610595703125,189.0500030517578,158.10328674316406,519.6372680664062,90.56488800048828,174.60000610351562,407.6099853515625,187.35659790039062,140.25721740722656,271.6057434082031,146.91893005371094,422.8436279296875,330.58575439453125,462.8368225097656,114.82767486572266,484.2799987792969,295.2066955566406,62.87799835205078,23.109020233154297,55.71993637084961,156.66468811035156,47.003997802734375,113.89982604980469,58.89474105834961
2024-04-12,174.95774841308594,415.5222473144531,186.1300048828125,156.43704223632812,508.4530334472656,88.13626098632812,171.0500030517578,403.260009765625,175.23878479003906,139.06005859375,271.881591796875,146.43812561035156,420.4313659667969,326.30322265625,459.94110107421875,111.74993133544922,474.0899963378906,290.4402770996094,62.28300094604492,22.687898635864258,54.99335861206055,156.4227752685547,46.01704406738281,112.57182312011719,58.94375228881836
2024-04-15,171.132568359375,407.3871154785156,183.6199951171875,153.59056091308594,496.8616638183594,85.95249938964844,161.47999572753906,400.260009765625,175.33468627929688,139.12603759765625,267.2707824707031,146.55125427246094,426.5865478515625,321.6018981933594,454.4164123535156,110.7109375,470.1000061035156,269.3026123046875,60.71500015258789,22.731765747070312,54.86125183105469,155.35263061523438,45.77979278564453,111.92652130126953,58.73793029785156
2024-04-16,167.85240173339844,408.3128967285156,183.32000732421875,153.1343536376953,496.394775390625,87.36569213867188,157.11000061035156,396.9200134277344,173.33099365234375,136.1660919189453,267.3398132324219,147.02261352539062,448.8525390625,318.65167236328125,454.4460754394531,111.62250518798828,476.2200012207031,273.75323486328125,61.75199890136719,22.538753509521484,54.7857666015625,155.86444091796875,45.476104736328125,111.00065612792969,58.64971923828125
2024-04-17,166.48484802246094,405.6143493652344,181.27999877929688,154.195556640625,490.8424377441406,83.98760223388672,155.4499969482422,397.739990234375,172.64071655273438,136.4677734375,268.65997314453125,147.97482299804688,458.5209045410156,316.74835205078125,454.7821044921875,110.70114135742188,474.45001220703125,272.6775817871094,61.36899948120117,22.30187225341797,55.210391998291016,157.7068634033203,45.35273742675781,110.94453430175781,58.4635009765625
2024-04-18,165.53350830078125,398.1587219238281,179.22000122070312,154.73117065429688,498.42108154296875,84.62322998046875,149.92999267578125,399.8900146484375,173.76239013671875,137.38214111328125,267.3594665527344,149.24343872070312,472.1045837402344,316.8054504394531,449.3858947753906,110.20124053955078,473.17999267578125,268.3356018066406,61.055999755859375,22.275548934936523,55.58782958984375,160.30308532714844,45.65641784667969,110.8416748046875,58.08125305175781
2024-04-19,163.5119171142578,393.086669921875,174.6300048828125,152.82688903808594,477.83062744140625,76.15702056884766,147.0500030517578,405.0799865722656,178.1244354248047,139.4276885986328,265.79296875,150.0499267578125,479.71484375,319.1561279296875,450.0679016113281,110.37767791748047,465.0199890136719,266.8060607910156,55.50400161743164,22.810726165771484,56.77677536010742,162.03387451171875,45.855712890625,112.11356353759766,58.34588623046875
2024-04-22,164.3443145751953,394.8988342285156,177.22999572753906,154.99893188476562,478.4862060546875,79.47315216064453,142.0500030517578,408.7799987792969,181.58531188964844,140.56829833984375,268.3052978515625,152.32713317871094,470.2378845214844,319.869873046875,451.41192626953125,109.76997375488281,466.8900146484375,270.20068359375,55.459999084472656,23.038829803466797,57.135337829589844,164.20204162597656,45.68488311767578,112.74951171875,58.94375228881836
2024-04-23,165.394775390625,401.4089050292969,179.5399932861328,156.9626922607422,492.75946044921875,82.37651062011719,144.67999267578125,408.739990234375,184.20249938964844,140.98306274414062,270.0589599609375,153.23805236816406,465.4036865234375,322.6202087402344,457.4110107421875,111.45587158203125,472.8999938964844,273.0328674316406,57.775001525878906,23.091472625732422,57.22026443481445,159.32601928710938,45.855712890625,113.18905639648438,57.914634704589844
2024-04-24,167.49566650390625,402.8763732910156,176.58999633789062,157.8255615234375,490.177001953125,79.63206481933594,162.1300048828125,405.95001220703125,185.1036834716797,140.0121612548828,270.95550537109375,154.28176879882812,466.4757995605469,316.919677734375,457.0947570800781,111.66171264648438,477.1199951171875,272.5492858886719,55.512001037597656,23.047603607177734,58.078948974609375,165.08602905273438,45.88417434692383,113.207763671875,58.67912292480469
2024-04-25,168.35781860351562,393.00787353515625,173.6699981689453,154.7212371826172,438.40789794921875,82.58540344238281,170.17999267578125,404.9100036621094,185.38169860839844,138.40020751953125,271.09344482421875,154.23435974121094,472.7554931640625,315.939453125,456.70928955078125,110.53450012207031,473.44000244140625,269.5395202636719,56.47999954223633,22.1614990234375,58.258235931396484,164.40672302246094,45.64693069458008,113.4696273803711,59.01235580444336
2024-04-26,167.7731170654297,400.17779541015625,179.6199951171875,170.5404815673828,440.3050842285156,87.68553161621094,168.2899932861328,402.1000061035156,185.4967803955078,137.7592010498047,270.46295166015625,153.038818359375,474.181884765625,318.899169921875,457.01568603515625,110.49530792236328,477.55999755859375,270.67437744140625,56.12300109863281,22.284324645996094,58.258235931396484,163.38314819335938,45.41917037963867,110.31795501708984,58.96335220336914
2024-04-29,171.93524169921875,396.1693115234375,180.9600067138672,164.7880096435547,429.70684814453125,87.70750427246094,194.0500030517578,400.9599914550781,185.29544067382812,138.40020751953125,267.8225402832031,153.389892578125,468.1319274902344,320.5264892578125,451.75787353515625,109.85819244384766,473.07000732421875,272.105224609375,55.94900131225586,22.49488639831543,58.54132080078125,163.9042510986328,45.34324645996094,111.88910675048828,59.04176712036133
2024-04-30,168.79385375976562,383.444580078125,175.0,161.44566345214844,427.2734069824219,86.35327911376953,183.27999877929688,396.7300109863281,183.81907653808594,136.298095703125,264.6402282714844,154.85107421875,463.02972412109375,318.0711975097656,445.9267883300781,108.89761352539062,462.8299865722656,265.3948974609375,55.06399917602539,22.477340698242188,58.28654479980469,163.6902313232422,44.58404541015625,110.60786437988281,58.169464111328125
2024-05-01,167.7731170654297,388.9698486328125,179.0,162.51678466796875,436.2326965332031,82.99415588378906,179.99000549316406,398.5799865722656,183.93408203125,142.51016235351562,263.36932373046875,155.04086303710938,463.4221496582031,315.9299011230469,436.90350341796875,108.28990173339844,469.3900146484375,265.1481628417969,55.17100143432617,23.845983505249023,58.43752670288086,162.98300170898438,44.45119094848633,108.51299285888672,57.67940902709961
2024-05-02,171.469482421875,391.82598876953125,184.72000122070312,165.25418090820312,438.70587158203125,85.76860046386719,180.00999450683594,400.6000061035156,183.7423553466797,141.3224334716797,263.6549987792969,155.45834350585938,471.903564453125,319.3179016113281,435.9448547363281,110.38748168945312,476.57000732421875,268.5428466796875,56.51499938964844,24.302196502685547,58.494140625,163.26219177246094,44.40373992919922,108.7093734741211,58.52230453491211
2024-05-03,181.7261505126953,400.5126647949219,186.2100067138672,165.86907958984375,448.9166564941406,88.73892211914062,181.19000244140625,400.8699951171875,182.63986206054688,140.709716796875,264.5220642089844,156.046630859375,471.40570068359375,326.2842102050781,438.39581298828125,111.40686798095703,486.17999267578125,270.0526428222656,57.933998107910156,24.398700714111328,58.66398620605469,163.91355895996094,44.7169075012207,108.48492431640625,58.63011932373047
2024-05-06,180.07119750976562,407.2886657714844,188.6999969482422,166.72206115722656,462.5442810058594,92.08802795410156,184.75999450683594,404.9200134277344,184.06829833984375,140.0592803955078,268.6402893066406,156.0276336669922,473.2532958984375,325.7512512207031,444.1181640625,114.1611557006836,493.5899963378906,271.9966735839844,59.696998596191406,24.705772399902344,58.83383560180664,163.60647583007812,44.707420349121094,109.18634033203125,58.67912292480469
2024-05-07,180.7549591064453,403.1520690917969,188.75999450683594,169.8462371826172,465.0870666503906,90.5029296875,177.80999755859375,406.1400146484375,183.82864379882812,140.19125366210938,272.3742370605469,157.28012084960938,479.55206298828125,324.22857666015625,447.76507568359375,103.30079650878906,492.2699890136719,273.5262756347656,60.599998474121094,24.363609313964844,59.08860397338867,165.65365600585938,44.868751525878906,108.64391326904297,59.41419982910156
2024-05-08,181.0919189453125,404.33404541015625,188.0,167.99154663085938,469.4176940917969,90.36100006103516,174.72000122070312,406.3699951171875,187.56752014160156,140.40805053710938,273.0934753417969,156.62542724609375,481.7059326171875,322.45843505859375,449.455078125,103.34982299804688,488.1000061035156,275.2926940917969,60.946998596191406,24.802276611328125,59.30563735961914,165.08602905273438,45.552024841308594,108.62520599365234,59.100563049316406
2024-05-09,182.90541076660156,406.08709716796875,189.5,168.56680297851562,472.21868896484375,88.69694519042969,171.97000122070312,408.82000732421875,189.34112548828125,141.25643920898438,274.4235534667969,157.5457763671875,485.3627014160156,330.65240478515625,450.1666564941406,103.70268249511719,482.6499938964844,271.54278564453125,61.20899963378906,25.09616470336914,59.33395004272461,165.6908721923828,45.35273742675781,110.766845703125,59.44282913208008
2024-05-10,181.64515686035156,408.4705505371094,187.47999572753906,167.26754760742188,472.9934387207031,89.82730102539062,168.47000122070312,412.04998779296875,190.5586395263672,141.31297302246094,276.59100341796875,158.31436157226562,490.89569091796875,329.69122314453125,451.6392517089844,103.69287109375,482.2900085449219,273.0230407714844,61.08700180053711,24.94476890563965,59.6925163269043,167.30067443847656,45.608970642089844,110.31795501708984,59.48217010498047
2024-05-13,184.85035705566406,407.4659423828125,186.57000732421875,167.75352478027344,464.85858154296875,90.34801483154297,171.88999938964844,411.2200012207031,190.520263671875,142.54786682128906,275.26092529296875,157.3844757080078,489.87139892578125,324.4854736328125,452.41015625,103.73208618164062,483.1099853515625,273.86175537109375,61.659000396728516,25.32771110534668,59.994476318359375,168.3335723876953,46.19735336303711,110.27118682861328,59.413326263427734
2024-05-14,185.99156188964844,410.2629699707031,187.07000732421875,168.9436798095703,468.67279052734375,91.30448150634766,177.5500030517578,410.239990234375,193.18544006347656,142.69869995117188,273.6353454589844,157.28012084960938,491.919921875,324.0477294921875,448.8917236328125,103.26158905029297,475.95001220703125,273.1512451171875,61.36600112915039,25.274276733398438,59.54153823852539,167.37513732910156,46.45357894897461,110.94058227539062,58.872398376464844
2024-05-15,188.26397705078125,417.4360046386719,185.99000549316406,171.0959014892578,478.2975158691406,94.57662963867188,173.99000549316406,412.760009765625,193.7606658935547,143.91473388671875,277.33978271484375,157.9917449951172,495.43310546875,331.8230285644531,452.6473083496094,100.73274230957031,485.3500061035156,283.7497253417969,61.35200119018555,25.666126251220703,59.569847106933594,166.99362182617188,47.13685607910156,111.79855346679688,58.8428955078125
2024-05-16,188.383056640625,415.37384033203125,183.6300048828125,172.75221252441406,470.04345703125,94.3057861328125,174.83999633789062,413.1199951171875,194.10580444335938,145.43240356445312,276.21453857421875,159.27268981933594,498.9942321777344,326.1700134277344,453.50714111328125,101.32085418701172,482.8800048828125,280.9273681640625,61.051998138427734,25.755184173583984,59.7491340637207,170.39007568359375,45.874691009521484,111.129150390625,62.95392990112305
2024-05-17,188.41282653808594,414.60430908203125,184.6999969482422,174.61679077148438,468.7323303222656,92.42683410644531,177.4600067138672,416.94000244140625,196.3299560546875,145.77174377441406,276.47119140625,159.06393432617188,502.2106018066406,327.5784606933594,454.8907775878906,101.20321655273438,483.42999267578125,281.84515380859375,62.11000061035156,25.505823135375977,59.47547912597656,169.53399658203125,45.713356018066406,112.79792785644531,63.58338165283203
2024-05-20,189.57382202148438,419.6658935546875,183.5399932861328,175.46974182128906,465.6830139160156,94.72654724121094,174.9499969482422,413.0,187.50042724609375,143.74769592285156,274.9314270019531,158.75082397460938,495.1268005371094,321.49725341796875,454.2879333496094,100.86017608642578,484.69000244140625,283.285888671875,64.08200073242188,25.407865524291992,59.04143142700195,167.78457641601562,44.72639846801758,111.88339233398438,63.12112808227539
2024-05-21,190.873779296875,423.3164978027344,183.14999389648438,176.39210510253906,461.5013732910156,95.33220672607422,186.60000610351562,414.3699951171875,191.2776641845703,143.7191619873047,272.3749084472656,159.7376251220703,501.1767272949219,319.90789794921875,453.7345275878906,100.96798706054688,481.8500061035156,280.0195617675781,65.06099700927734,25.434579849243164,59.36225891113281,168.5010986328125,44.546085357666016,111.11028289794922,64.07511901855469
2024-05-22,189.43490600585938,424.77679443359375,183.1300048828125,174.93417358398438,464.6301574707031,94.89643859863281,180.11000061035156,413.989990234375,190.1176300048828,145.86679077148438,272.00970458984375,159.2252655029297,499.0707092285156,314.61651611328125,451.1846008300781,100.97777557373047,483.92999267578125,280.0787658691406,64.0469970703125,26.360769271850586,59.447174072265625,169.44090270996094,45.01110076904297,108.87583923339844,64.17346954345703
2024-05-23,185.44577026367188,421.3037109375,181.0500030517578,172.1273651123047,462.64361572265625,103.74046325683594,173.74000549316406,405.8800048828125,188.7850341796875,142.2557373046875,270.67724609375,157.02394104003906,494.743896484375,311.09539794921875,445.93670654296875,98.6645736694336,483.30999755859375,274.8979187011719,63.56700134277344,25.550352096557617,58.5885009765625,166.81683349609375,44.22342300415039,107.01849365234375,63.770225524902344
2024-05-24,188.52197265625,424.4215393066406,180.75,173.55557250976562,474.9998779296875,106.40894317626953,179.24000549316406,407.4100036621094,192.4185028076172,139.66151428222656,270.933837890625,156.8721160888672,486.4539794921875,309.3918151855469,445.906982421875,99.74276733398438,475.42999267578125,268.7007141113281,64.67500305175781,25.719560623168945,58.503570556640625,165.625732421875,44.05260467529297,106.93363189697266,64.30132293701172
2024-05-28,188.5319061279297,424.5794677734375,182.14999389648438,174.9539794921875,476.6884460449219,113.83674621582031,176.75,403.8999938964844,191.25848388671875,137.20030212402344,267.4693298339844,154.7657012939453,482.1558837890625,312.81787109375,439.87835693359375,100.40928649902344,478.42999267578125,266.2731018066406,64.9000015258789,25.20302963256836,58.33372116088867,161.33599853515625,43.91974639892578,108.29129028320312,63.9669303894043
2024-05-29,188.82957458496094,423.44476318359375,182.02000427246094,174.45809936523438,471.1658630371094,114.7602310180664,176.19000244140625,404.0899963378906,189.9259033203125,137.25729370117188,265.37677001953125,153.38037109375,464.0060729980469,310.1626892089844,437.2988586425781,98.88020324707031,477.6000061035156,268.0395202636719,65.46199798583984,24.775562286376953,58.220489501953125,159.26087951660156,43.72994613647461,107.13162994384766,63.848907470703125
2024-05-30,189.82191467285156,409.13824462890625,179.32000732421875,170.69918823242188,463.9050598144531,110.43766784667969,178.7899932861328,408.6099853515625,191.09547424316406,138.0555419921875,267.7851867675781,154.2628173828125,461.06732177734375,315.4525451660156,436.9331970214844,99.68395233154297,445.8699951171875,215.13623046875,64.76599884033203,25.113977432250977,58.47526931762695,158.63743591308594,43.767906188964844,107.47103118896484,63.819400787353516
2024-05-31,190.77455139160156,409.59210205078125,176.44000244140625,171.08596801757812,463.68658447265625,109.57115936279297,178.0800018310547,414.3999938964844,194.25918579101562,139.37640380859375,268.9301452636719,156.1225128173828,474.2009582519531,320.90521240234375,441.8450622558594,101.85014343261719,444.760009765625,231.3496551513672,64.16200256347656,25.523637771606445,59.381134033203125,160.88929748535156,44.12853240966797,110.55403900146484,64.67505645751953
2024-06-03,192.5408935546875,408.0035400390625,178.33999633789062,171.75048828125,474.2747497558594,114.93512725830078,176.2899932861328,414.7900085449219,193.4826202392578,140.39320373535156,266.87713623046875,156.22689819335938,476.1824951171875,314.3313293457031,438.0104064941406,100.73274230957031,439.0199890136719,233.50091552734375,63.37900161743164,26.10250473022461,59.381134033203125,159.33529663085938,44.27088165283203,107.90473937988281,64.73406982421875
2024-06-04,192.85842895507812,410.5195007324219,179.33999633789062,172.36538696289062,473.77813720703125,116.37132263183594,174.77000427246094,409.5299987792969,190.9325408935547,140.45022583007812,268.89068603515625,158.46617126464844,483.8885192871094,314.5708923339844,439.57196044921875,101.28164672851562,448.3699951171875,231.76412963867188,63.1619987487793,26.262807846069336,60.33416748046875,161.81051635742188,45.001609802246094,106.22652435302734,65.50120544433594
2024-06-05,194.36676025390625,418.3536071777344,181.27999877929688,173.97215270996094,491.7264404296875,122.3709487915039,175.0,409.8500061035156,189.11102294921875,138.71121215820312,270.9437561035156,157.5552978515625,481.6197204589844,316.48748779296875,441.43988037109375,99.48792266845703,455.79998779296875,233.41209411621094,65.0270004272461,26.316238403320312,60.31529235839844,161.4383544921875,43.673004150390625,106.65080261230469,65.98310089111328
2024-06-06,192.98741149902344,418.8568115234375,185.0,175.2812957763672,490.4352111816406,120.92975616455078,177.94000244140625,411.0799865722656,188.7754669189453,139.1388397216797,273.4508361816406,159.85145568847656,480.4710998535156,317.2924499511719,443.4362487792969,99.20366668701172,458.1300048828125,239.55996704101562,64.85199737548828,25.6483154296875,60.53232955932617,161.16847229003906,43.87229537963867,107.45218658447266,66.0421142578125
2024-06-07,195.3789520263672,418.19580078125,184.3000030517578,173.0299072265625,489.6405944824219,120.81981658935547,177.47999572753906,413.7200012207031,191.68988037109375,139.7660369873047,275.0597229003906,158.51361083984375,469.720947265625,313.39215087890625,444.5332946777344,99.52713012695312,465.42999267578125,238.66197204589844,64.14700317382812,25.452390670776367,60.30586242675781,160.4134979248047,43.5021858215332,106.30195617675781,64.79307556152344
2024-06-10,191.63784790039062,422.1621398925781,187.05999755859375,173.7746124267578,499.2156982421875,121.72129821777344,173.7899932861328,410.80999755859375,191.3639373779297,139.81353759765625,271.4767761230469,158.78880310058594,473.84674072265625,318.6915283203125,443.9996032714844,100.70333862304688,459.94000244140625,238.65208435058594,64.44999694824219,24.998201370239258,60.00390625,155.59283447265625,43.51166915893555,106.61307525634766,65.8552474975586
2024-06-11,205.5601806640625,426.907958984375,187.22999572753906,175.3732452392578,504.0528564453125,120.85173797607422,170.66000366210938,408.5,186.33082580566406,139.46192932128906,271.11151123046875,158.912109375,475.0146484375,321.7197570800781,443.7920227050781,98.87040710449219,462.69000244140625,237.81329345703125,64.8550033569336,24.96257972717285,59.966163635253906,154.81439208984375,43.435760498046875,105.755126953125,65.6290512084961
2024-06-12,211.4347686767578,435.1761474609375,186.88999938964844,176.53497314453125,505.4136657714844,125.13966369628906,177.2899932861328,408.7699890136719,183.61770629882812,138.1790771484375,266.8179016113281,156.7297821044922,471.9992370605469,329.78863525390625,437.8226623535156,98.80179595947266,459.8699951171875,232.69174194335938,65.00599670410156,24.63306999206543,59.33395004272461,153.65145874023438,43.293399810791016,104.5860366821289,65.2159652709961
2024-06-13,212.59576416015625,435.6892395019531,183.8300018310547,173.92356872558594,500.70556640625,129.5475311279297,182.47000122070312,405.9200134277344,185.6597442626953,138.2170867919922,267.6766052246094,157.89688110351562,476.0484619140625,333.37261962890625,439.7992858886719,98.10586547851562,458.739990234375,226.01095581054688,65.32599639892578,24.624162673950195,59.437747955322266,153.18252563476562,43.19850540161133,103.74693298339844,65.59954833984375
2024-06-14,210.85922241210938,436.666015625,183.66000366210938,175.5420379638672,501.26239013671875,131.81643676757812,178.00999450683594,405.5400085449219,185.7747802734375,138.30259704589844,267.1535339355469,158.25743103027344,475.8761901855469,332.37603759765625,439.43359375,97.98825073242188,525.3099975585938,228.8826141357422,66.93800354003906,24.517295837402344,59.48052978515625,153.6326904296875,43.350345611572266,102.87010955810547,65.91426849365234
2024-06-17,215.0071258544922,442.3886413574219,184.05999755859375,175.98887634277344,503.71820068359375,130.9168701171875,187.44000244140625,407.32000732421875,186.92520141601562,138.6922149658203,267.6568603515625,158.9311065673828,470.3101501464844,334.9250793457031,442.8728942871094,99.50751495361328,518.739990234375,227.44183349609375,67.58300018310547,24.027482986450195,59.547096252441406,155.81793212890625,43.359832763671875,102.16301727294922,66.30767059326172
2024-06-18,212.64540100097656,440.3857116699219,182.80999755859375,173.85406494140625,496.61920166015625,135.5146484375,184.86000061035156,407.95001220703125,188.86175537109375,138.4071044921875,270.0750732421875,159.9368896484375,462.4464111328125,339.1129150390625,444.8495788574219,99.48792266845703,522.25,228.7543182373047,68.56700134277344,24.41042709350586,59.55661392211914,156.13677978515625,43.62556076049805,103.12467193603516,66.48470306396484
2024-06-20,208.07078552246094,439.7542724609375,186.10000610351562,175.0554962158203,498.8165588378906,130.7169647216797,181.57000732421875,409.1499938964844,190.4627685546875,140.4312286376953,273.2336730957031,159.09239196777344,465.7822570800781,338.7008056640625,447.22149658203125,99.82117462158203,522.9500122070312,238.61264038085938,67.90299987792969,24.704315185546875,59.12868881225586,156.32437133789062,44.33730697631836,105.34971618652344,66.88793182373047
2024-06-21,205.89759826660156,443.7798767089844,189.0800018310547,178.3620147705078,491.9362487792969,126.50900268554688,183.00999450683594,409.6199951171875,188.19068908691406,141.3529815673828,271.6543884277344,159.65220642089844,463.9269104003906,340.96240234375,449.5341491699219,100.2426528930664,533.4400024414062,241.8296661376953,68.61199951171875,24.704315185546875,59.689735412597656,156.88711547851562,44.878238677978516,104.42576599121094,66.78958129882812
2024-06-24,206.5426025390625,441.6980285644531,185.57000732421875,177.9548797607422,496.04254150390625,118.05307006835938,182.5800018310547,413.9800109863281,190.66407775878906,141.70457458496094,272.72039794921875,159.83250427246094,471.0311279296875,336.24761962890625,451.6194763183594,99.9583969116211,524.1699829101562,236.7771453857422,66.9020004272461,25.256467819213867,60.83085632324219,157.63739013671875,44.868751525878906,107.52761840820312,67.76324462890625
2024-06-25,207.46546936035156,444.9342041015625,186.33999633789062,182.73092651367188,507.6654052734375,126.02924346923828,187.35000610351562,410.9700012207031,189.88755798339844,139.87057495117188,269.9862976074219,158.31436157226562,465.76300048828125,324.2113952636719,450.3247985839844,100.17403411865234,526.8800048828125,238.57315063476562,67.24099731445312,24.92695426940918,60.70722579956055,156.9527587890625,44.963653564453125,107.82930755615234,66.30767059326172
2024-06-26,211.61337280273438,446.1281433105469,193.61000061035156,182.58200073242188,510.1708984375,126.33908081054688,196.3699951171875,410.260009765625,189.27398681640625,139.5189666748047,270.0553894042969,158.88365173339844,465.32086181640625,327.5653991699219,447.0930480957031,100.15443420410156,528.6599731445312,239.94482421875,67.76899719238281,24.41933250427246,60.90692901611328,156.38064575195312,44.47017288208008,107.86701965332031,67.16332244873047
2024-06-27,212.45684814453125,446.8089294433594,197.85000610351562,184.10121154785156,516.5739135742188,123.93024444580078,197.4199981689453,407.95001220703125,190.94210815429688,138.5496826171875,263.13616943359375,158.09609985351562,467.6280517578125,327.2491455078125,437.5755615234375,100.1446304321289,546.760009765625,249.51698303222656,68.43399810791016,24.757747650146484,60.773799896240234,155.93048095703125,45.03007888793945,108.3290023803711,66.76007843017578
2024-06-28,209.00355529785156,440.9875793457031,193.25,180.8642120361328,501.3220520019531,123.48046112060547,197.8800048828125,406.79998779296875,193.9044647216797,138.89178466796875,259.0695495605469,156.4830780029297,489.5655212402344,329.8844909667969,436.0041809082031,97.32173156738281,555.5399780273438,253.7109375,67.48799896240234,24.91805076599121,60.52656173706055,154.68310546875,45.087013244628906,108.53641510009766,66.59288787841797
2024-07-01,215.08653259277344,450.6371154785156,197.1999969482422,181.69827270507812,501.77935791015625,124.24009704589844,209.86000061035156,405.19000244140625,196.9626922607422,139.15785217285156,259.82958984375,154.3956298828125,475.5205078125,322.1701965332031,432.49560546875,96.09651184082031,560.010009765625,252.83267211914062,67.36100006103516,25.13178825378418,60.174713134765625,152.76983642578125,45.09651184082031,108.38556671142578,66.36669158935547
2024-07-02,218.5795135498047,453.1531066894531,200.0,183.93238830566406,506.5716857910156,122.61088562011719,231.25999450683594,407.1000061035156,200.20306396484375,138.7682342529297,264.75494384765625,155.51527404785156,478.97161865234375,321.0010681152344,439.4533996582031,96.04750061035156,567.7100219726562,252.81295776367188,67.95800018310547,24.78446388244629,60.051090240478516,153.4169921875,44.868751525878906,107.65017700195312,66.94695281982422
2024-07-03,219.8496551513672,454.62322998046875,197.58999633789062,184.50831604003906,507.029052734375,128.21817016601562,246.38999938964844,405.7699890136719,200.06883239746094,138.4451446533203,265.50506591796875,155.4488525390625,470.9446716308594,319.7265319824219,442.9420471191406,96.65520477294922,570.1500244140625,257.5102233886719,68.2509994506836,24.66869354248047,60.22225570678711,152.49786376953125,44.68843460083008,108.1969985961914,67.11414337158203
2024-07-05,224.6029052734375,461.3226013183594,200.0,189.25457763671875,536.806884765625,125.76936340332031,251.52000427246094,411.1700134277344,197.41783142089844,139.1958465576172,266.8573303222656,156.75827026367188,469.1373291015625,320.6273193359375,444.23675537109375,96.04750061035156,578.3400268554688,259.720703125,69.06500244140625,24.980390548706055,60.631160736083984,154.1766357421875,44.65015411376953,106.8864974975586,68.88443756103516
2024-07-08,226.0715789794922,460.0202331542969,199.2899932861328,187.69566345214844,526.2777709960938,128.13821411132812,252.94000244140625,409.0799865722656,197.78411865234375,138.24557495117188,262.9486389160156,158.00123596191406,470.4158630371094,325.4379577636719,441.0247497558594,95.8801040649414,575.4000244140625,253.97738647460938,68.5739974975586,24.87352180480957,59.87041473388672,152.0476837158203,44.085445404052734,105.7645492553711,68.53038024902344
2024-07-09,226.92495727539062,453.40960693359375,199.33999633789062,187.64599609375,526.9539184570312,131.3166961669922,262.3299865722656,410.5199890136719,200.1555938720703,139.73751831054688,262.0010986328125,157.18524169921875,473.0787353515625,323.03265380859375,440.15374755859375,95.56500244140625,566.02001953125,249.4902801513672,68.5739974975586,24.68650245666504,59.61366653442383,151.84133911132812,43.83659362792969,104.59547424316406,68.74674987792969
2024-07-10,231.1919403076172,460.0301513671875,199.7899932861328,189.83045959472656,531.6168823242188,134.84500122070312,263.260009765625,413.7900085449219,200.31948852539062,141.99913024902344,259.5927429199219,158.26690673828125,481.5576477050781,329.8269958496094,429.2068786621094,95.48622131347656,564.5499877929688,249.64840698242188,67.76499938964844,25.247562408447266,59.746803283691406,153.42633056640625,44.28644561767578,105.51942443847656,69.24835205078125
2024-07-11,225.82350158691406,448.6342468261719,195.0500030517578,184.26007080078125,509.7532958984375,127.33860778808594,241.02999877929688,418.7799987792969,199.98207092285156,142.2557373046875,259.14849853515625,157.0713653564453,484.85498046875,339.03619384765625,431.9584045410156,95.12187957763672,557.6300048828125,248.19552612304688,65.2750015258789,25.523637771606445,60.0035400390625,153.76400756835938,44.755435943603516,106.77335357666016,68.64839935302734
2024-07-12,228.7706756591797,447.4995422363281,194.49000549316406,183.76361083984375,496.00274658203125,129.177734375,248.22999572753906,424.44000244140625,197.56243896484375,142.42678833007812,262.29718017578125,158.0866241455078,491.74774169921875,344.7668151855469,435.61065673828125,95.64376831054688,559.0499877929688,251.0123291015625,64.76000213623047,25.755184173583984,60.57410430908203,156.04302978515625,45.34886169433594,106.7922134399414,68.09764099121094
2024-07-15,232.60105895996094,447.904052734375,192.72000122070312,185.2133026123047,493.3083801269531,128.3780975341797,252.63999938964844,434.4200134277344,202.48846435546875,141.81861877441406,264.9721374511719,156.1604766845703,495.439208984375,343.511474609375,439.4609375,95.38774871826172,565.7100219726562,249.91525268554688,65.6449966430664,25.915483474731445,60.29833221435547,153.67958068847656,45.368003845214844,108.62126922607422,68.46153259277344
2024-07-16,233.01783752441406,443.5233154296875,193.02000427246094,182.62171936035156,486.9750061035156,126.29911041259766,256.55999755859375,438.8999938964844,205.929931640625,143.50059509277344,265.76171875,158.40924072265625,527.6436767578125,353.7269592285156,438.9957580566406,96.96327209472656,566.5399780273438,253.04833984375,65.63200378417969,26.271713256835938,61.11613464355469,154.52365112304688,45.38713836669922,109.40380096435547,68.83525848388672
2024-07-17,227.12342834472656,437.60333251953125,187.92999267578125,179.74220275878906,459.334716796875,117.9331283569336,248.5,445.6099853515625,209.0629425048828,148.79360961914062,269.16705322265625,160.7718505859375,551.1097412109375,356.38140869140625,446.5476989746094,95.82101440429688,563.0900268554688,248.29434204101562,64.74600219726562,26.743715286254883,62.01000213623047,159.3349609375,46.43998718261719,110.91230010986328,69.85810852050781
2024-07-18,222.45947265625,434.4953308105469,183.75,176.4357147216797,473.1150817871094,121.0316390991211,249.22999572753906,441.82000732421875,202.42098999023438,147.6912841796875,265.6630554199219,159.82301330566406,542.5155029296875,350.8136901855469,444.1326599121094,95.3089828491211,556.8499755859375,244.46942138671875,64.30400085449219,26.458730697631836,61.990989685058594,159.78512573242188,45.980567932128906,112.00597381591797,69.65157318115234
2024-07-19,222.58847045898438,431.2787780761719,183.1300048828125,176.40591430664062,474.0497131347656,117.8731689453125,239.1999969482422,434.4700012207031,202.2281951904297,146.9976043701172,262.02081298828125,160.32608032226562,543.4671630859375,348.2071228027344,439.15411376953125,94.27503967285156,551.0,244.7461700439453,63.33399963378906,26.690277099609375,62.08607864379883,158.837890625,45.29143142700195,109.43209075927734,69.58271789550781
2024-07-22,222.24119567871094,437.03106689453125,182.5500030517578,180.38758850097656,484.5986633300781,123.48046112060547,251.50999450683594,435.9800109863281,202.71022033691406,146.56997680664062,264.24169921875,160.60287475585938,536.9300537109375,348.10174560546875,443.36065673828125,92.6896743774414,554.8200073242188,251.12103271484375,64.75,26.360769271850586,61.59158706665039,157.24351501464844,44.812870025634766,108.67784118652344,69.21883392333984
2024-07-23,223.2831573486328,438.9156494140625,186.41000366210938,180.50674438476562,485.88128662109375,122.53091430664062,246.3800048828125,434.010009765625,202.75840759277344,144.7739715576172,261.3594970703125,159.0469512939453,533.2481689453125,344.623046875,437.2042236328125,89.54849243164062,546.010009765625,253.0780029296875,64.2760009765625,26.271713256835938,61.77226638793945,155.94921875,44.372581481933594,106.92420959472656,69.48438262939453
2024-07-24,216.86279296875,423.1783752441406,180.8300018310547,171.41143798828125,458.61883544921875,114.19493103027344,215.99000549316406,432.79998779296875,201.08102416992188,148.50852966308594,250.87710571289062,160.36422729492188,538.1028442382812,335.70135498046875,428.0290222167969,88.42593383789062,531.0399780273438,246.87112426757812,63.5989990234375,26.69918441772461,62.58055877685547,157.7218017578125,44.84157943725586,108.43270874023438,69.43518829345703
2024-07-25,215.8208465576172,412.81842041015625,179.85000610351562,166.09918212890625,450.8040771484375,112.22589874267578,220.25,433.2900085449219,201.15817260742188,151.70144653320312,250.45266723632812,159.31423950195312,538.03564453125,338.5570983886719,425.2081298828125,87.84496307373047,532.1500244140625,253.53262329101562,63.409000396728516,26.87729835510254,62.827796936035156,160.39476013183594,45.21485900878906,110.71431732177734,68.86476135253906
2024-07-26,216.2872314453125,419.5968017578125,182.5,165.8211669921875,463.0234375,113.0055160522461,219.8000030517578,437.6600036621094,204.59963989257812,152.65170288085938,256.09857177734375,161.42381286621094,547.6873168945312,344.5176696777344,433.700439453125,88.55393981933594,542.4400024414062,259.6505432128906,63.137001037597656,27.78946304321289,63.759708404541016,162.0172576904297,45.82742691040039,110.62003326416016,68.62871551513672
2024-07-29,216.56509399414062,421.037353515625,183.1999969482422,168.33331298828125,463.0333557128906,111.53620910644531,232.10000610351562,438.30999755859375,203.2596893310547,150.67514038085938,258.2108459472656,162.20651245117188,544.8321533203125,346.5876159667969,436.7885437011719,90.7301254272461,536.6099853515625,255.5785369873047,62.69599914550781,27.744306564331055,63.55050277709961,162.4486846923828,45.932708740234375,109.46036529541016,68.47137451171875
2024-07-30,217.12078857421875,417.2781677246094,181.7100067138672,169.08792114257812,460.52783203125,103.68000793457031,222.6199951171875,441.260009765625,207.44345092773438,153.30738830566406,259.69140625,154.3505859375,554.0416870117188,348.52337646484375,442.8756408691406,92.35487365722656,538.7100219726562,254.9261932373047,62.257999420166016,28.349407196044922,64.35879516601562,162.42054748535156,46.07627487182617,111.41199493408203,68.04846954345703
2024-07-31,220.37562561035156,412.7691650390625,186.97999572753906,170.32908630371094,472.1009521484375,116.9636001586914,232.07000732421875,438.5,205.1394805908203,150.0004425048828,262.2281494140625,153.45330810546875,553.8782958984375,352.8069763183594,458.96942138671875,92.25640869140625,551.6500244140625,255.7860870361328,62.834999084472656,27.581743240356445,63.46492004394531,161.9422149658203,46.37298583984375,111.80796813964844,67.50753784179688
2024-08-01,216.6841583251953,411.5456237792969,184.07000732421875,169.5546112060547,494.87921142578125,109.15736389160156,216.86000061035156,431.80999755859375,200.47372436523438,152.76573181152344,262.4847717285156,158.15924072265625,550.619384765625,343.6264343261719,457.6827087402344,91.62620544433594,546.4099731445312,250.11294555664062,62.48500061035156,27.681087493896484,64.62504577636719,164.08993530273438,45.35842514038086,110.26176452636719,68.6385726928711
2024-08-02,218.1726531982422,403.0406494140625,167.89999389648438,165.4835662841797,485.33447265625,107.21829986572266,207.6699981689453,428.3599853515625,191.97122192382812,155.97764587402344,263.1263427734375,162.34971618652344,567.0197143554688,340.60784912109375,457.2966613769531,88.19944763183594,526.1699829101562,241.12879943847656,61.36399841308594,27.482397079467773,65.92782592773438,166.9785919189453,44.659725189208984,110.19576263427734,67.33051300048828
2024-08-05,207.6639404296875,389.87860107421875,161.02000427246094,158.12586975097656,472.99578857421875,100.4015884399414,198.8800048828125,413.7200012207031,187.8838653564453,153.23138427734375,253.11769104003906,160.42152404785156,547.9180297851562,335.41387939453125,437.48138427734375,86.43683624267578,509.32000732421875,236.22654724121094,59.85499954223633,26.859233856201172,64.75818634033203,163.2270965576172,42.8220329284668,108.20642852783203,66.47486114501953
2024-08-06,205.63958740234375,394.27911376953125,161.92999267578125,157.17263793945312,491.250244140625,104.19976043701172,200.63999938964844,422.1400146484375,193.12802124023438,151.0647735595703,254.9141082763672,160.4501495361328,546.370361328125,339.1512451171875,443.7170104980469,88.59333038330078,514.2000122070312,235.6434326171875,60.957000732421875,26.479915618896484,64.71063232421875,161.77342224121094,43.22402572631836,107.6313247680664,66.62239837646484
2024-08-07,208.209716796875,393.1148376464844,162.77000427246094,157.81805419921875,486.1099853515625,98.8623275756836,191.75999450683594,427.0199890136719,193.1858367919922,150.99822998046875,253.19668579101562,162.2924346923828,544.1881103515625,328.1211853027344,445.24127197265625,84.64468383789062,513.6199951171875,237.24453735351562,61.14799880981445,26.055444717407227,65.10051727294922,161.11688232421875,43.18574523925781,109.06439971923828,65.80608367919922
2024-08-08,211.67291259765625,397.3180236816406,165.8000030517578,160.88624572753906,506.700927734375,104.9194107055664,198.83999633789062,431.5400085449219,196.714111328125,152.25259399414062,256.46380615234375,163.1038055419922,544.3419189453125,333.81353759765625,450.9225158691406,84.64468383789062,530.239990234375,246.2187957763672,63.03499984741211,25.974163055419922,65.35726928710938,161.66085815429688,43.86531066894531,111.14799499511719,66.54370880126953
2024-08-09,214.58042907714844,400.6036071777344,166.94000244140625,162.5146484375,514.7940673828125,104.69952392578125,200.0,431.6700134277344,198.3914794921875,152.63272094726562,256.9088134765625,162.78880310058594,537.151123046875,334.1009826660156,452.1102600097656,84.89086151123047,536.2999877929688,249.58908081054688,63.39400100708008,25.784503936767578,65.30972290039062,161.67962646484375,43.52073669433594,112.05309295654297,66.82891845703125
2024-08-12,216.1103973388672,401.383056640625,166.8000030517578,161.14439392089844,512.9845581054688,108.96746063232422,197.49000549316406,430.3900146484375,198.76744079589844,151.92950439453125,257.0374450683594,159.2283477783203,543.4286499023438,331.38897705078125,451.03143310546875,84.63483428955078,530.9299926757812,248.38330078125,63.31399917602539,25.69419288635254,64.82474517822266,160.76988220214844,42.9368896484375,112.19451904296875,67.56654357910156
2024-08-13,219.8259735107422,408.4870300292969,170.22999572753906,163.001220703125,525.5022583007812,116.08402252197266,207.8300018310547,432.4100036621094,200.45445251464844,150.5135955810547,257.2747497558594,159.68650817871094,552.0325317382812,335.47137451171875,454.66387939453125,84.29019165039062,535.219970703125,251.635009765625,64.802001953125,26.055444717407227,65.10051727294922,161.66085815429688,43.425025939941406,111.11971282958984,67.00595092773438
2024-08-14,220.2730712890625,411.2989807128906,170.10000610351562,159.23794555664062,523.7324829101562,118.02310180664062,201.3800048828125,438.4700012207031,202.67164611816406,150.59909057617188,258.2737121582031,161.12789916992188,557.2525634765625,340.8282165527344,455.45574951171875,84.9794921875,539.7899780273438,252.3466339111328,66.16799926757812,26.082536697387695,65.21463012695312,162.9176025390625,43.49201965332031,112.14738464355469,67.52721405029297
2024-08-15,223.25344848632812,416.162109375,177.58999633789062,160.161376953125,534.24169921875,122.80078887939453,214.13999938964844,440.8399963378906,203.93447875976562,151.17880249023438,263.8715515136719,160.2878875732422,557.19482421875,345.0543518066406,463.9183044433594,87.43138122558594,554.1599731445312,259.7295837402344,66.3219985961914,25.929004669189453,65.28119659423828,161.8015594482422,46.449562072753906,112.84117889404297,71.9726333618164
2024-08-16,224.57479858398438,413.6317138671875,177.05999755859375,161.80967712402344,524.3885498046875,124.51996612548828,216.1199951171875,444.510009765625,206.26736450195312,151.4638671875,264.4452209472656,160.25924682617188,555.3394165039062,346.9613342285156,464.08660888671875,87.93357849121094,553.4600219726562,259.8481750488281,67.40699768066406,25.558717727661133,65.78519439697266,161.8953094482422,47.33968734741211,112.30895233154297,72.44408416748047
2024-08-19,224.4158172607422,416.6563415527344,178.22000122070312,165.49349975585938,526.2379760742188,129.93734741210938,222.72000122070312,448.7699890136719,207.69406127929688,151.6919708251953,263.5451965332031,160.76515197753906,556.39697265625,347.92926025390625,462.2060546875,89.4303207397461,563.1199951171875,262.2894287109375,68.85299682617188,26.010286331176758,65.59500122070312,163.02076721191406,47.83739471435547,112.65110778808594,72.71039581298828
2024-08-20,225.0317840576172,419.8885192871094,178.8800048828125,165.99986267089844,523.70263671875,127.18868255615234,221.10000610351562,448.3599853515625,206.7975616455078,152.195556640625,265.0979919433594,162.66470336914062,558.1946411132812,351.95404052734375,464.3241271972656,88.36685180664062,562.25,258.7906494140625,69.85399627685547,26.100603103637695,65.97537231445312,164.92465209960938,48.08625030517578,108.89701843261719,73.51917266845703
2024-08-21,224.92250061035156,419.2361755371094,180.11000061035156,164.6792755126953,532.0841674804688,128.4380645751953,223.27000427246094,446.6000061035156,206.87466430664062,153.40243530273438,265.25616455078125,162.4260711669922,555.71435546875,355.01104736328125,463.215576171875,89.33184814453125,565.7899780273438,258.0494079589844,69.71199798583984,26.2180118560791,66.15604400634766,164.3244171142578,48.287254333496094,108.20320892333984,74.2095718383789
2024-08-22,223.064697265625,410.74542236328125,176.1300048828125,162.6437530517578,528.872802734375,123.68035888671875,210.66000366210938,449.0299987792969,208.8316192626953,154.2766876220703,264.9990234375,162.41651916503906,556.3392944335938,350.12371826171875,464.0272216796875,88.54409790039062,557.4400024414062,255.5785369873047,68.89600372314453,25.992223739624023,65.92782592773438,164.82150268554688,48.067115783691406,109.0395736694336,74.54491424560547
2024-08-23,225.35963439941406,411.97113037109375,177.0399932861328,164.45089721679688,524.96533203125,129.30764770507812,220.32000732421875,453.3800048828125,210.45114135742188,155.96815490722656,264.5045166015625,161.48106384277344,561.9053955078125,359.92706298828125,461.6715393066406,89.17430114746094,558.2999877929688,260.9255676269531,68.6729965209961,26.100603103637695,66.36524963378906,164.9434051513672,48.5648193359375,110.55070495605469,74.66326904296875
2024-08-26,225.69740295410156,408.70928955078125,175.5,164.98709106445312,518.1248779296875,126.39905548095703,213.2100067138672,454.489990234375,211.28016662597656,156.42430114746094,265.2660827636719,162.60743713378906,564.4240112304688,358.5088195800781,463.8490295410156,90.3756332397461,559.4400024414062,262.1906433105469,68.84400177001953,26.118661880493164,67.36372375488281,165.03720092773438,48.61267852783203,112.91719818115234,74.98875427246094
2024-08-27,226.54185485839844,409.0552673339844,173.1199951171875,163.51751708984375,516.1165161132812,128.23817443847656,209.2100067138672,460.6300048828125,212.25379943847656,156.02212524414062,267.7485046386719,161.55743408203125,564.635498046875,357.6175842285156,470.13409423828125,89.50910186767578,567.8200073242188,261.1231994628906,69.5719985961914,26.028348922729492,67.99134063720703,164.40884399414062,48.536102294921875,111.84326171875,75.08738708496094
2024-08-28,225.0119171142578,405.85272216796875,170.8000030517578,161.70045471191406,513.8098754882812,125.54946899414062,205.75,464.5899963378906,213.32383728027344,156.95091247558594,266.23529052734375,161.37606811523438,565.779541015625,357.1480407714844,466.9766845703125,88.12067413330078,560.5399780273438,255.88491821289062,68.38400268554688,25.965129852294922,68.22906494140625,163.1145477294922,47.71297073364258,110.74078369140625,75.03807830810547
2024-08-29,228.29039001464844,408.34356689453125,172.1199951171875,160.6379852294922,515.2415161132812,117.5333251953125,206.27999877929688,468.3699951171875,214.21075439453125,157.2477264404297,271.30902099609375,162.30198669433594,568.6923217773438,353.8893127441406,475.88470458984375,88.43577575683594,569.6300048828125,254.01695251464844,69.24800109863281,25.93803596496582,68.51435089111328,161.3982696533203,48.229820251464844,112.27093505859375,75.3734130859375
2024-08-30,227.5055389404297,412.31707763671875,178.5,162.22671508789062,518.3137817382812,119.3124771118164,214.11000061035156,475.9200134277344,216.70750427246094,158.8084259033203,273.3365173339844,163.74334716796875,567.3753051757812,355.2776794433594,478.39874267578125,88.99705505371094,574.4099731445312,249.95477294921875,70.13500213623047,26.1999454498291,68.91374969482422,162.13916015625,48.373390197753906,112.09037017822266,76.17231750488281
2024-09-03,221.31619262695312,404.7061462402344,176.25,156.2491912841797,508.8186950683594,107.94795989990234,210.60000610351562,476.8299865722656,212.36949157714844,160.05316162109375,275.48272705078125,166.58792114257812,575.52734375,351.6525573730469,477.19122314453125,87.76617431640625,571.0399780273438,245.17115783691406,67.53199768066406,25.558717727661133,69.42723083496094,166.50965881347656,47.91396713256836,109.74286651611328,76.11314392089844
2024-09-04,219.40872192382812,404.17236328125,173.3300018310547,155.34559631347656,509.79302978515625,106.1588134765625,219.41000366210938,478.57000732421875,211.4344024658203,160.24465942382812,277.4112854003906,167.9051971435547,580.814697265625,351.5851135253906,478.2008361816406,87.88434600830078,575.25,244.79556274414062,67.96800231933594,25.64000129699707,68.99932861328125,167.42877197265625,47.56940460205078,108.40280151367188,76.18217468261719
2024-09-05,220.92872619628906,403.6682434082031,177.88999938964844,156.13006591796875,513.8893432617188,107.15833282470703,230.1699981689453,464.9200134277344,209.79562377929688,157.9754180908203,275.56182861328125,167.49473571777344,572.460693359375,348.86627197265625,472.4798583984375,87.29353332519531,567.9299926757812,243.25375366210938,68.36199951171875,25.748376846313477,67.67753601074219,168.1603240966797,47.02383804321289,107.55694580078125,75.90601348876953
2024-09-06,219.3789520263672,397.05560302734375,171.38999938964844,149.8546600341797,497.39471435546875,102.78044128417969,210.72999572753906,459.4200134277344,204.81170654296875,157.39137268066406,276.3035583496094,167.60926818847656,573.7969970703125,347.130859375,471.2525634765625,86.59439086914062,563.4099731445312,241.12879943847656,66.5770034790039,25.793535232543945,67.64900207519531,167.5885772705078,46.42084503173828,107.05323791503906,75.59040832519531
2024-09-09,219.4683380126953,401.0291442871094,175.39999389648438,147.85621643066406,501.8887634277344,106.41868591308594,216.27000427246094,459.6099853515625,209.00511169433594,159.52655029296875,282.4750671386719,168.05789184570312,571.1243896484375,352.40460205078125,482.11041259765625,86.98826599121094,569.8800048828125,242.89793395996094,67.54199981689453,26.561201095581055,68.32415771484375,168.391845703125,46.612266540527344,109.3056869506836,76.28082275390625
2024-09-10,218.67355346679688,409.4111022949219,179.5500030517578,147.80648803710938,501.8887634277344,108.04788970947266,226.1699981689453,458.9200134277344,198.1601104736328,160.26382446289062,282.20806884765625,169.70925903320312,575.8638305664062,357.56256103515625,483.0309143066406,87.04735565185547,574.47998046875,243.29330444335938,67.36199951171875,26.859233856201172,68.03887939453125,168.03271484375,46.69841384887695,105.3235092163086,77.73068237304688
2024-09-11,221.20689392089844,418.14886474609375,184.52000427246094,150.29214477539062,508.88824462890625,116.8536605834961,228.1300048828125,453.1000061035156,199.7699737548828,157.81265258789062,280.84320068359375,166.0151824951172,566.9426879882812,357.19622802734375,483.18927001953125,86.96858215332031,580.3800048828125,246.66357421875,68.14700317382812,26.786983489990234,67.59195709228516,166.11436462402344,47.00469207763672,104.27806091308594,77.76026916503906
2024-09-12,221.31619262695312,422.0630798339844,187.0,153.8018798828125,522.5791015625,119.0927734375,229.80999755859375,450.8699951171875,199.16268920898438,157.64028930664062,282.23773193359375,165.5856170654297,565.6641845703125,360.994873046875,487.0791015625,87.93357849121094,586.5499877929688,250.41929626464844,68.68000030517578,26.33541488647461,67.73458862304688,167.50352478027344,47.48326110839844,105.71317291259766,78.56904602050781
2024-09-13,221.04795837402344,425.61163330078125,186.49000549316406,156.55596923828125,521.604736328125,119.05278015136719,230.2899932861328,447.6099853515625,196.96475219726562,158.48289489746094,284.196044921875,166.16787719726562,571.3360595703125,366.35540771484375,488.3162841796875,89.1644515991211,536.8699951171875,251.6053466796875,69.70600128173828,26.43476104736328,68.37129974365234,167.6074676513672,47.66511535644531,105.63713836669922,79.49615478515625
2024-09-16,214.90829467773438,426.3529357910156,184.88999938964844,157.15252685546875,530.7208251953125,116.73370361328125,226.77999877929688,451.7799987792969,200.3773193359375,159.89039611816406,287.2916564941406,169.18429565429688,568.3645629882812,368.3028869628906,492.621826171875,90.44456481933594,521.5,253.91810607910156,69.6500015258789,27.157270431518555,69.03192901611328,167.46572875976562,48.842384338378906,107.11976623535156,79.45671844482422
2024-09-17,215.37522888183594,430.11883544921875,186.8800048828125,158.40528869628906,533.7462768554688,115.54417419433594,227.8699951171875,456.67999267578125,201.71726989746094,159.9669952392578,288.3597717285156,167.8861083984375,557.5789184570312,369.4888000488281,495.8683166503906,91.43910217285156,515.030029296875,252.21810913085938,70.69100189208984,26.940515518188477,68.74469757080078,167.1444091796875,48.440391540527344,108.51685333251953,77.52355194091797
2024-09-18,219.24978637695312,425.8290100097656,186.42999267578125,158.89248657226562,535.368408203125,113.32505798339844,227.1999969482422,456.6000061035156,200.05917358398438,159.0861053466797,285.3136291503906,166.0151824951172,560.1740112304688,370.23114013671875,489.7020263671875,92.14808654785156,508.1300048828125,249.88197326660156,69.0469970703125,26.86826515197754,68.69682312011719,165.57569885253906,48.40210723876953,108.89701843261719,77.94766998291016
2024-09-19,227.3763885498047,433.6179504394531,189.8699951171875,161.20909118652344,556.4169311523438,117.8232650756836,243.9199981689453,459.7099914550781,202.9029998779297,157.81265258789062,282.10919189453125,163.74334716796875,556.7201538085938,376.3340148925781,487.96990966796875,92.02008056640625,526.4400024414062,263.3050537109375,70.43199920654297,26.786983489990234,67.61491394042969,165.05593872070312,49.23480987548828,110.24658203125,76.9712142944336
2024-09-20,226.71075439453125,430.2374572753906,191.60000610351562,162.65077209472656,558.6560668945312,115.95401000976562,238.25,455.30999755859375,203.4910430908203,157.18069458007812,281.6443176269531,166.30154418945312,554.7232055664062,375.8712463378906,487.70263671875,92.31548309326172,522.2999877929688,264.1068420410156,70.10299682617188,26.57023048400879,68.59149932861328,161.7672882080078,49.742088317871094,109.55278778076172,77.97725677490234
2024-09-23,224.99205017089844,428.4978332519531,193.8800048828125,160.92076110839844,561.701416015625,116.21391296386719,250.0,454.9800109863281,203.8284454345703,156.28067016601562,285.4619445800781,165.87200927734375,553.1892700195312,377.8959045410156,492.0577087402344,91.54742431640625,527.8699951171875,261.5430603027344,70.53700256347656,26.470888137817383,68.67767333984375,162.6461639404297,49.95265579223633,111.53911590576172,79.22986602783203
2024-09-24,225.88616943359375,424.2079772949219,193.9600067138672,161.3582305908203,560.6266479492188,120.82208251953125,254.27000427246094,454.55999755859375,203.9730224609375,155.85935974121094,269.7859191894531,165.3660888671875,554.906494140625,386.2837219238281,482.4271240234375,92.25640869140625,524.0700073242188,267.7101135253906,72.22599792480469,26.64248275756836,68.29469299316406,160.5765838623047,50.26850891113281,111.24451446533203,79.56519317626953
2024-09-25,224.89271545410156,427.11395263671875,192.52999877929688,160.56283569335938,565.5827026367188,123.4610366821289,257.0199890136719,452.3599853515625,202.62347412109375,153.7720489501953,266.6705017089844,164.4306182861328,555.9871215820312,382.68756103515625,484.4462890625,92.4828872680664,517.9000244140625,271.32330322265625,72.15599822998047,26.127695083618164,68.40957641601562,160.08518981933594,50.392940521240234,109.07758331298828,80.28521728515625
2024-09-26,226.03518676757812,426.3232727050781,191.16000366210938,161.7957000732422,565.114990234375,123.99082946777344,254.22000122070312,454.17999267578125,202.2281951904297,154.52847290039062,268.7078857421875,165.33746337890625,554.5399169921875,382.4658203125,486.2477111816406,93.74330139160156,515.3800048828125,272.9764709472656,71.14299774169922,26.163820266723633,68.3617172241211,160.35922241210938,50.58435821533203,107.2052993774414,78.82546997070312
2024-09-27,226.3034210205078,423.0712890625,187.97000122070312,163.00869750976562,564.6372680664062,121.35187530517578,260.4599914550781,457.4700012207031,202.9222869873047,154.53805541992188,272.14971923828125,165.6619873046875,561.3316040039062,385.1942443847656,488.5934753417969,94.5409164428711,515.47998046875,273.84759521484375,70.73500061035156,26.27219581604004,68.7351303100586,160.6521759033203,50.74707794189453,110.07550811767578,78.6874008178711
2024-09-30,231.47946166992188,425.324951171875,186.3300018310547,164.8977813720703,569.69287109375,121.39186096191406,261.6300048828125,460.260009765625,203.26931762695312,155.1699981689453,271.93212890625,165.32791137695312,564.0618896484375,390.6607971191406,488.75177001953125,94.71815490722656,517.780029296875,270.9471435546875,70.927001953125,26.136728286743164,68.8021469116211,160.69943237304688,50.938499450683594,111.40605926513672,79.64411163330078
2024-10-01,224.73373413085938,415.8260803222656,185.1300048828125,166.03125,573.70361328125,116.95361328125,258.0199890136719,457.4100036621094,199.58682250976562,155.10296630859375,274.5530090332031,165.1751708984375,562.73046875,394.3726806640625,491.3054504394531,92.61090087890625,502.79998779296875,268.1357727050781,70.61299896240234,25.892881393432617,68.65852355957031,161.95632934570312,50.47907638549805,113.98165893554688,80.15699005126953
2024-10-02,225.30001831054688,412.30718994140625,184.75999450683594,164.90774536132812,570.0610961914062,118.80288696289062,249.02000427246094,456.6700134277344,199.8278350830078,154.3178253173828,273.9595947265625,164.10606384277344,571.4227905273438,396.50335693359375,490.50372314453125,92.70936584472656,505.80999755859375,276.658935546875,71.10900115966797,25.838693618774414,67.98831939697266,160.2269287109375,50.74912643432617,115.49279022216797,79.32849884033203
2024-10-03,224.197265625,411.72406005859375,181.9600067138672,164.90774536132812,579.973388671875,122.80130004882812,240.66000366210938,452.9599914550781,197.8419647216797,153.67633056640625,273.82110595703125,162.38787841796875,571.8472900390625,396.8118591308594,489.90985107421875,92.19732666015625,503.79998779296875,278.074462890625,70.68000030517578,25.594844818115234,67.51915740966797,159.2630157470703,50.565879821777344,116.50022888183594,79.32849884033203
2024-10-04,225.3199005126953,411.2495422363281,186.50999450683594,166.100830078125,593.0801391601562,124.8704833984375,250.0800018310547,461.9700012207031,204.86415100097656,153.47523498535156,274.8793640136719,161.20425415039062,570.3519897460938,393.7074279785156,492.6119689941406,93.6940689086914,507.2200012207031,284.8454284667969,71.97000122070312,25.811599731445312,67.18405151367188,158.7338104248047,50.87450408935547,118.63864135742188,79.83151245117188
2024-10-07,220.2432403564453,404.8049621582031,180.8000030517578,162.04428100585938,581.9736938476562,127.66937255859375,240.8300018310547,453.5,204.58285522460938,152.74752807617188,270.7848815917969,159.52423095703125,562.9813232421875,393.4181823730469,486.2773742675781,90.9762954711914,487.29998779296875,281.697509765625,70.19200134277344,26.371540069580078,66.07342529296875,158.01560974121094,50.64303207397461,119.15184783935547,78.01670837402344
2024-10-08,224.296630859375,409.9151611328125,182.72000122070312,163.4362335205078,590.0447998046875,132.83731079101562,244.5,453.79998779296875,204.40826416015625,152.9007568359375,271.9419860839844,160.51698303222656,561.0711669921875,399.31854248046875,491.97845458984375,91.09446716308594,496.239990234375,288.6268615722656,72.1760025024414,26.353479385375977,66.23619079589844,161.04910278320312,50.8552131652832,115.98700714111328,78.61835479736328
2024-10-09,228.0419921875,412.6333923339844,185.1699981689453,160.93069458007812,587.6762084960938,132.597412109375,241.0500030517578,455.8999938964844,206.9979248046875,153.8199462890625,273.890380859375,161.57650756835938,570.3712158203125,401.1407775878906,495.49688720703125,92.16778564453125,494.0799865722656,285.0137023925781,72.74299621582031,27.26564598083496,66.60958099365234,163.05250549316406,51.655704498291016,116.0345230102539,79.29890441894531
2024-10-10,227.54525756835938,411.0321044921875,186.64999389648438,161.1494598388672,581.0283203125,134.75656127929688,238.77000427246094,454.92999267578125,206.4353790283203,153.68589782714844,274.4244689941406,161.2710723876953,576.622802734375,395.2500305175781,493.5840759277344,91.5671157836914,503.57000732421875,287.2409973144531,73.02899932861328,26.49798011779785,66.30320739746094,163.47776794433594,51.63642120361328,117.03244018554688,78.51973724365234
2024-10-11,226.06500244140625,411.5065612792969,188.82000732421875,162.30276489257812,587.1188354492188,134.74656677246094,217.8000030517578,460.2099914550781,215.60098266601562,154.5955047607422,274.79034423828125,163.31381225585938,576.9603881835938,397.120361328125,497.78631591796875,92.6896743774414,495.4200134277344,285.19189453125,72.27899932861328,26.33541488647461,66.60958099365234,165.19769287109375,52.321170806884766,117.47913360595703,79.00301361083984
2024-10-14,229.79054260253906,414.2939453125,187.5399932861328,164.01290893554688,587.5865478515625,138.01527404785156,219.16000366210938,459.9800109863281,214.8153839111328,154.7295379638672,277.59918212890625,164.66925048828125,584.05126953125,400.5140686035156,502.1471252441406,93.5168228149414,509.6499938964844,288.6961364746094,71.30000305175781,26.263168334960938,67.34680938720703,166.41677856445312,52.340457916259766,117.92582702636719,79.19042205810547
2024-10-15,232.3238983154297,413.8985595703125,187.69000244140625,164.51004028320312,583.45654296875,131.54783630371094,219.57000732421875,462.67999267578125,215.697998046875,157.12327575683594,276.2244567871094,165.68109130859375,536.6729736328125,400.6683349609375,502.7120361328125,92.77828979492188,508.0299987792969,285.43939208984375,70.5979995727539,26.588298797607422,67.34680938720703,166.22775268554688,52.15721893310547,114.38082885742188,80.53177642822266
2024-10-16,230.2673797607422,411.3088684082031,186.88999938964844,164.21176147460938,574.02197265625,135.66619873046875,221.3300018310547,465.69000244140625,216.910400390625,157.29559326171875,284.36407470703125,164.54518127441406,551.1923217773438,403.5896301269531,509.4910888671875,95.26958465576172,502.5400085449219,287.9240417480469,70.19999694824219,26.7960147857666,67.56703186035156,164.88584899902344,54.37543869018555,114.67545318603516,80.10768127441406
2024-10-17,230.63499450683594,411.9019470214844,187.52999877929688,161.9945526123047,574.161376953125,136.87571716308594,220.88999938964844,465.8500061035156,217.66693115234375,157.4775390625,287.2026672363281,164.44970703125,546.069580078125,400.6876525878906,509.183837890625,95.06280517578125,496.8299865722656,288.1714782714844,68.76499938964844,26.43476104736328,66.92554473876953,165.0653839111328,54.39472961425781,114.38082885742188,79.7822036743164
2024-10-18,233.4663848876953,413.3253173828125,188.99000549316406,162.48175048828125,573.70361328125,137.94529724121094,220.6999969482422,464.79998779296875,218.58834838867188,158.09988403320312,287.43011474609375,164.4564208984375,549.5232543945312,400.1091613769531,511.7408752441406,95.79147338867188,494.8999938964844,289.9830627441406,76.38899993896484,26.389606475830078,67.44256591796875,165.43394470214844,54.74192428588867,114.05769348144531,80.19644927978516
2024-10-21,234.93670654296875,413.9381103515625,189.07000732421875,163.12802124023438,572.3998413085938,143.6530303955078,218.85000610351562,464.1600036621094,216.28964233398438,155.90724182128906,283.7015075683594,162.78573608398438,551.3177490234375,391.8177490234375,510.4227294921875,95.1415786743164,497.7099914550781,288.3497314453125,77.20700073242188,26.127695083618164,66.49469757080078,165.38668823242188,54.577972412109375,114.12422180175781,79.70329284667969
2024-10-22,234.3207550048828,422.56719970703125,189.6999969482422,164.19186401367188,579.2169799804688,143.53309631347656,217.97000122070312,461.45001220703125,217.3759307861328,156.5009002685547,281.6640930175781,162.9393768310547,549.7644653320312,387.4310302734375,508.45050048828125,95.25973510742188,493.1099853515625,285.4195556640625,76.42400360107422,26.04641342163086,66.49469757080078,164.78189086914062,54.58761978149414,114.71346282958984,80.896728515625
2024-10-23,229.25405883789062,419.6908264160156,184.7100067138672,161.8454132080078,560.9849243164062,139.50466918945312,213.64999389648438,460.6099853515625,216.6873016357422,158.8084259033203,280.64544677734375,162.8241729736328,544.7285766601562,385.3003234863281,509.1540832519531,94.76738739013672,485.0299987792969,281.5589294433594,74.92900085449219,26.064477920532227,65.115966796875,163.43997192382812,54.27899169921875,114.3047866821289,82.12960052490234
2024-10-24,229.06529235839844,419.8193359375,186.3800048828125,161.78575134277344,565.05517578125,140.35433959960938,260.4800109863281,457.7699890136719,218.2100372314453,156.71153259277344,280.11138916015625,162.86257934570312,541.0335693359375,388.231201171875,506.0718688964844,93.94024658203125,482.8699951171875,283.8654479980469,75.45500183105469,25.865785598754883,64.43619537353516,162.69342041015625,53.97037124633789,113.65852355957031,81.90276336669922
2024-10-25,229.89984130859375,423.19976806640625,187.8300018310547,164.3211212158203,570.4990234375,141.48388671875,269.19000244140625,454.010009765625,215.6204071044922,154.04014587402344,278.6376953125,161.5183563232422,544.6513671875,384.59649658203125,502.84088134765625,93.5759048461914,483.7200012207031,287.528076171875,75.46800231933594,25.69419288635254,64.07235717773438,162.34375,53.7581901550293,113.5634765625,81.38002014160156
2024-10-28,231.87680053710938,421.6578063964844,188.38999938964844,165.76280212402344,575.3854370117188,140.46429443359375,262.510009765625,458.489990234375,218.71441650390625,154.7295379638672,281.0706787109375,162.5552978515625,545.307373046875,388.4337158203125,503.68328857421875,94.72799682617188,481.0400085449219,290.80462646484375,74.91200256347656,26.064477920532227,63.83298873901367,160.50096130371094,53.31454849243164,113.00273895263672,81.61672973632812
2024-10-29,232.1450653076172,426.9558410644531,190.8300018310547,168.70579528808594,590.4329223632812,141.19400024414062,259.5199890136719,454.6199951171875,216.19264221191406,153.28375244140625,278.7860107421875,160.51016235351562,542.30712890625,380.894287109375,501.7705078125,94.65906524658203,485.3900146484375,295.87298583984375,75.94400024414062,25.70322036743164,62.77022933959961,158.28964233398438,53.70033264160156,111.46308898925781,80.58110809326172
2024-10-30,228.59835815429688,427.5291748046875,192.72999572753906,173.4583740234375,588.9599609375,139.28475952148438,257.54998779296875,454.9599914550781,217.6572265625,153.78163146972656,286.97515869140625,159.54042053222656,543.1078491210938,378.4357604980469,509.1144714355469,93.6251449584961,486.67999267578125,293.4081115722656,75.3740005493164,25.757410049438477,63.114898681640625,157.07058715820312,53.613525390625,110.9023666381836,80.27534484863281
2024-10-31,224.43572998046875,401.6518249511719,186.39999389648438,170.12757873535156,564.8562622070312,132.70738220214844,249.85000610351562,450.9200134277344,215.24215698242188,153.0635223388672,286.6685791015625,158.59945678710938,544.593505859375,379.62164306640625,495.14007568359375,94.72799682617188,478.0799865722656,288.42889404296875,75.60299682617188,25.558717727661133,62.530860900878906,156.94773864746094,52.822689056396484,110.98788452148438,80.82767486572266
2024-11-01,221.45526123046875,405.6253662109375,197.92999267578125,170.30654907226562,564.4381713867188,135.34632873535156,248.97999572753906,452.1400146484375,216.23146057128906,153.32203674316406,287.5487365722656,158.52264404296875,547.545654296875,378.5032653808594,503.554443359375,94.34396362304688,482.79998779296875,291.74505615234375,75.61000061035156,25.369064331054688,62.24363708496094,156.48468017578125,53.526729583740234,109.24864959716797,81.06439208984375
2024-11-04,220.56114196777344,403.7374267578125,195.77999877929688,168.26834106445312,557.9894409179688,135.99606323242188,242.83999633789062,442.2900085449219,213.16653442382812,151.5124053955078,288.6466064453125,158.50344848632812,538.100830078125,381.3763732910156,501.07672119140625,94.32427215576172,481.3500061035156,295.00189208984375,75.5510025024414,25.071027755737305,62.33938217163086,157.1934356689453,53.84499740600586,112.72714233398438,81.32083129882812
2024-11-05,221.99176025390625,406.7027587890625,199.5,168.76547241210938,569.6829223632812,139.8545379638672,251.44000244140625,445.05999755859375,214.82508850097656,151.61773681640625,290.0708312988281,159.15635681152344,547.0343627929688,385.7341613769531,501.0569152832031,95.15142059326172,486.4200134277344,294.4870910644531,76.39099884033203,25.27874755859375,62.588314056396484,158.6204071044922,54.16326904296875,113.05977630615234,82.53398132324219
2024-11-06,221.26651000976562,415.3219299316406,207.08999633789062,175.49658203125,569.3047485351562,145.55227661132812,288.5299987792969,468.8999938964844,239.6256561279297,151.16770935058594,304.02593994140625,154.63400268554688,575.6483764648438,374.4346923828125,516.4881591796875,97.37684631347656,504.8299865722656,303.8021240234375,78.02100372314453,24.709774017333984,60.989376068115234,155.653076171875,55.812461853027344,114.99858093261719,82.29727935791016
2024-11-07,225.9954376220703,420.51123046875,210.0500030517578,179.71224975585938,588.8604736328125,148.8209991455078,296.9100036621094,460.1300048828125,229.2670440673828,150.06658935546875,302.4435119628906,156.8999786376953,584.0994873046875,385.10748291015625,513.2671508789062,97.4162368774414,500.9200134277344,307.6429443359375,79.65399932861328,24.800085067749023,60.951080322265625,154.98211669921875,56.01499938964844,115.14114379882812,82.70166015625
2024-11-08,225.72694396972656,417.6546630859375,208.17999267578125,177.32601928710938,586.51171875,147.5714569091797,321.2200012207031,463.4100036621094,229.84898376464844,148.8601531982422,304.4907531738281,161.02870178222656,594.0941162109375,391.335693359375,520.0858764648438,97.50484466552734,494.67999267578125,318.7002258300781,79.50399780273438,24.506593704223633,61.200008392333984,156.03106689453125,55.99570846557617,115.10313415527344,83.6682357788086
2024-11-11,223.01173400878906,413.1770935058594,206.83999633789062,179.31454467773438,580.3714599609375,145.20240783691406,350.0,467.3599853515625,232.08946228027344,148.4484405517578,307.5072937011719,159.41558837890625,603.201171875,393.63995361328125,525.3981323242188,99.31670379638672,504.4800109863281,338.2805480957031,80.54399871826172,24.066356658935547,60.663841247558594,155.22779846191406,56.54544448852539,114.49488067626953,83.05672454833984
2024-11-12,223.01173400878906,418.1390075683594,208.91000366210938,180.57723999023438,582.0135498046875,148.23118591308594,328.489990234375,466.2900085449219,232.35134887695312,146.15049743652344,307.03167724609375,159.23313903808594,592.9943237304688,388.61688232421875,524.4566040039062,99.44470977783203,526.4199829101562,337.7063903808594,81.94999694824219,24.02050018310547,60.510650634765625,155.30340576171875,56.62260437011719,114.38082885742188,83.8260498046875
2024-11-13,223.89691162109375,420.28387451171875,214.10000610351562,177.8529815673828,577.2166137695312,146.21200561523438,330.239990234375,468.1000061035156,233.90321350097656,146.72496032714844,306.6650390625,159.9436798095703,584.504638671875,395.4717712402344,517.2315673828125,101.14823150634766,532.5,338.2706298828125,83.0469970703125,24.506593704223633,60.31916046142578,155.68142700195312,57.075889587402344,115.44528198242188,84.32907104492188
2024-11-14,226.98007202148438,421.954345703125,211.47999572753906,174.5719451904297,574.3902587890625,146.70181274414062,311.17999267578125,467.70001220703125,234.59182739257812,145.41322326660156,305.4461975097656,160.4237518310547,572.233154296875,391.16217041015625,515.7647705078125,107.45030975341797,529.8699951171875,328.3022766113281,83.72599792480469,23.864582061767578,59.8883056640625,156.06884765625,55.86068344116211,115.52193450927734,83.31316375732422
2024-11-15,223.77755737304688,410.20184326171875,202.61000061035156,171.4996795654297,551.4210815429688,141.9237060546875,320.7200012207031,470.2799987792969,237.92832946777344,147.45266723632812,306.8235778808594,162.78573608398438,571.3455810546875,393.53387451171875,517.2415161132812,113.3191146850586,503.3699951171875,321.9767761230469,82.39600372314453,22.745641708374023,59.11277770996094,149.89793395996094,55.41703796386719,114.32416534423828,83.09618377685547
2024-11-18,226.78115844726562,410.95306396484375,201.6999969482422,174.29354858398438,551.739501953125,140.09442138671875,338.739990234375,472.20001220703125,237.65673828125,148.18992614746094,309.3206481933594,163.9475555419922,568.8566284179688,395.7127990722656,516.9837036132812,111.80267333984375,499.510009765625,318.9971923828125,84.70500183105469,22.800670623779297,59.22768020629883,149.6239013671875,55.272377014160156,115.28237915039062,82.92851257324219
2024-11-19,227.0397491455078,412.9595642089844,204.61000061035156,177.0973358154297,558.3973388671875,146.95172119140625,346.0,468.8599853515625,235.7751007080078,146.49517822265625,309.01348876953125,163.95716857910156,556.6527099609375,392.203369140625,514.8330688476562,110.69981384277344,499.6099853515625,320.165283203125,87.13200378417969,23.02079200744629,59.92660903930664,148.1024169921875,54.98303985595703,113.67257690429688,85.41400909423828
2024-11-20,227.75584411621094,410.6861572265625,202.8800048828125,174.96963500976562,562.8060913085938,145.83216857910156,342.0299987792969,468.8299865722656,233.5346221923828,146.6005096435547,304.5940246582031,164.08197021484375,579.3239135742188,385.6473693847656,507.97467041015625,112.51165771484375,499.5,322.4123840332031,88.38500213623047,22.87404441833496,60.309593200683594,150.01133728027344,55.45561981201172,115.29196166992188,85.98605346679688
2024-11-21,227.2784423828125,408.9132995605469,198.3800048828125,166.66758728027344,560.3877563476562,146.6118621826172,339.6400146484375,472.05999755859375,237.3948516845703,148.8888702392578,307.0811767578125,165.8678741455078,576.4201049804688,395.7224426269531,510.5119323730469,112.96461486816406,504.44000244140625,332.3905944824219,89.74800109863281,23.04830551147461,61.04682540893555,151.52334594726562,55.51348876953125,116.8346939086914,87.17947387695312
2024-11-22,228.62110900878906,413.00372314453125,197.1199951171875,163.8140411376953,556.4567260742188,141.89373779296875,352.55999755859375,476.57000732421875,241.07083129882812,148.57290649414062,307.10101318359375,169.25726318359375,570.0335693359375,404.9297790527344,516.2205200195312,113.8803939819336,512.1500244140625,338.5675964355469,89.77899932861328,23.525230407714844,61.200008392333984,153.09207153320312,56.468284606933594,116.70053100585938,89.20140838623047
2024-11-25,231.6048126220703,414.776611328125,201.4499969482422,166.6874542236328,562.3980712890625,135.96609497070312,338.5899963378906,477.42999267578125,242.75845336914062,149.156982421875,310.3412780761719,170.32301330566406,584.466064453125,413.28863525390625,521.9094848632812,114.22502899169922,518.72998046875,335.6869812011719,86.55899810791016,24.002153396606445,61.640438079833984,154.0843505859375,56.65153121948242,114.95658874511719,88.2742919921875
2024-11-26,233.78292846679688,423.888427734375,207.86000061035156,168.1490020751953,570.78759765625,136.86572265625,338.2300109863281,478.55999755859375,242.4480743408203,149.1376953125,308.9837341308594,172.1665496826172,585.3921508789062,414.1081848144531,523.772705078125,113.6834487915039,525.2999877929688,339.7159118652344,87.26000213623047,23.635290145874023,61.80320739746094,153.24327087402344,57.4713134765625,113.04017639160156,90.05949401855469
2024-11-27,233.6536102294922,418.9363098144531,205.74000549316406,168.25839233398438,566.4683837890625,135.2863311767578,332.8900146484375,483.0799865722656,242.27349853515625,149.98703002929688,311.83758544921875,172.2145233154297,586.9260864257812,414.0306396484375,527.6380004882812,115.80054473876953,513.6799926757812,326.6788635253906,87.73400115966797,23.69032096862793,61.68831253051758,153.77247619628906,57.18198013305664,112.74311828613281,90.6216812133789
2024-11-29,236.04058837890625,419.4018249511719,207.88999938964844,167.98001098632812,571.5639038085938,138.19520568847656,345.1600036621094,483.0199890136719,242.2056121826172,149.61062622070312,312.21405029296875,172.11849975585938,588.681884765625,415.910888671875,528.1930541992188,115.67253875732422,515.9299926757812,326.6590576171875,88.68099975585938,24.038841247558594,61.818546295166016,154.4623260498047,57.104820251464844,113.03058624267578,91.23320007324219
2024-12-02,238.2882843017578,426.8497619628906,210.7100067138672,170.50540161132812,589.9850463867188,138.57504272460938,357.0899963378906,477.3299865722656,238.84002685546875,149.40792846679688,313.7698059082031,172.54098510742188,587.061279296875,413.8077087402344,526.6270141601562,115.3672866821289,516.2000122070312,327.66876220703125,89.77400207519531,23.6811466217041,61.403724670410156,154.0843505859375,57.31700134277344,112.9251708984375,91.37127685546875
2024-12-03,241.3316650390625,427.06768798828125,213.44000244140625,170.35626220703125,610.7052001953125,140.20440673828125,351.4200134277344,470.19000244140625,237.45306396484375,147.05291748046875,310.1629333496094,168.4315185546875,583.8871459960938,416.12408447265625,521.4932861328125,114.66814422607422,516.260009765625,328.08453369140625,90.21700286865234,23.442684173583984,61.2783088684082,152.80857849121094,57.3652229309082,112.7527084350586,92.2293701171875
2024-12-04,241.68971252441406,433.22802734375,218.16000366210938,173.36886596679688,610.83447265625,145.0824737548828,357.92999267578125,468.32000732421875,236.07579040527344,145.228759765625,307.0811767578125,168.13385009765625,589.2511596679688,414.7381591796875,516.4981689453125,115.19987487792969,536.489990234375,364.15673828125,91.10600280761719,23.14002227783203,60.01453399658203,151.3721466064453,57.500244140625,109.50436401367188,93.15648651123047
2024-12-05,241.7195587158203,438.3782043457031,220.5500030517578,171.64883422851562,606.0078125,145.01248168945312,369.489990234375,470.57000732421875,238.09320068359375,144.31185913085938,306.26861572265625,169.01719665527344,558.5531616210938,413.40069580078125,520.0958251953125,114.71737670898438,538.219970703125,357.7322082519531,91.78700256347656,23.571088790893555,60.69948196411133,151.6651153564453,57.886024475097656,109.98346710205078,93.99485778808594
2024-12-06,241.52064514160156,439.3191223144531,227.02999877929688,173.70692443847656,620.7765502929688,142.3933563232422,389.2200012207031,470.5,239.9166259765625,144.1091766357422,308.1811218261719,166.895263671875,530.23828125,418.08184814453125,523.8618774414062,114.94386291503906,552.9600219726562,358.3360290527344,93.4739990234375,23.598600387573242,60.32324981689453,150.38323974609375,57.76064682006836,108.82405090332031,94.38937377929688
2024-12-09,245.40939331054688,441.7456359863281,226.08999633789062,174.56297302246094,610.6255493164062,138.7645263671875,389.7900085449219,463.8699951171875,236.4734344482422,144.3890838623047,305.4957275390625,163.98594665527344,542.9247436523438,415.9593505859375,518.1631469726562,112.8563003540039,547.9299926757812,348.0212097167969,91.36900329589844,23.937955856323242,60.39077377319336,151.984375,56.854068756103516,108.18203735351562,92.54498291015625
2024-12-10,246.42385864257812,439.0814514160156,225.0399932861328,184.31787109375,616.3479614257812,135.0257568359375,400.989990234375,462.489990234375,235.5520477294922,144.0319366455078,309.5386047363281,165.41659545898438,547.3505249023438,409.57232666015625,524.298095703125,112.97447204589844,547.0499877929688,345.2989807128906,91.33499908447266,23.451858520507812,60.68983840942383,152.33702087402344,56.63224411010742,107.9616470336914,93.25511932373047
2024-12-11,245.1508331298828,444.6871643066406,230.25999450683594,194.5008087158203,629.6437377929688,139.2643585205078,424.7699890136719,461.3900146484375,236.20187377929688,141.53216552734375,310.9358215332031,163.8323211669922,516.6898193359375,408.39959716796875,529.6895751953125,112.8563003540039,549.9299926757812,351.26812744140625,93.65599822998047,23.14002227783203,60.42936706542969,149.4111328125,56.50686264038086,107.24298858642578,93.65951538085938
2024-12-12,246.61282348632812,445.2516784667969,228.97000122070312,191.07662963867188,627.7628784179688,137.29501342773438,418.1000061035156,458.6300048828125,234.26205444335938,141.14610290527344,311.371826171875,164.04359436035156,499.4807434082031,401.6540222167969,527.6676635742188,113.14186096191406,474.6300048828125,354.4159851074219,92.55500030517578,23.26842498779297,61.587013244628906,151.44113159179688,56.75761795043945,107.14715576171875,92.8014144897461
2024-12-13,246.7819061279297,442.9836120605469,227.4600067138672,188.94647216796875,617.3729858398438,134.20602416992188,436.2300109863281,457.8999938964844,232.71990966796875,141.5128631591797,311.877197265625,164.2451934814453,504.05169677734375,404.1351623535156,524.2880859375,111.60572814941406,465.69000244140625,350.73358154296875,91.88700103759766,23.461027145385742,60.892425537109375,150.55479431152344,56.535797119140625,106.20811462402344,93.16519927978516
2024-12-16,249.6761016845703,447.26226806640625,232.92999267578125,195.7550048828125,621.7454223632812,131.95675659179688,463.0199890136719,455.20001220703125,232.3707275390625,138.83935546875,313.0166931152344,164.322021484375,482.7655029296875,398.05828857421875,525.5864868164062,110.88372039794922,461.5299987792969,353.6240539550781,92.10800170898438,23.15836524963379,60.34253692626953,148.6963348388672,56.27539825439453,103.93716430664062,93.7780532836914
2024-12-17,252.1028289794922,450.104736328125,231.14999389648438,194.52069091796875,616.964599609375,130.3472900390625,479.8599853515625,455.6600036621094,231.18743896484375,141.3101806640625,315.40478515625,163.54428100585938,470.1951904296875,395.8872985839844,526.2802124023438,111.78376007080078,455.2300109863281,347.42730712890625,91.91300201416016,24.240619659423828,61.16254806518555,148.81069946289062,56.43935012817383,103.49638366699219,94.32172393798828
2024-12-18,246.7023468017578,433.1983337402344,220.52000427246094,187.53298950195312,594.8035888671875,128.86778259277344,440.1300048828125,446.5899963378906,223.4378662109375,139.7080078125,306.9622802734375,162.3440704345703,483.9469909667969,381.6885681152344,515.32861328125,110.13202667236328,441.30999755859375,334.2068786621094,88.95500183105469,23.74534797668457,60.63195037841797,147.18096923828125,55.484554290771484,101.97283172607422,92.47325134277344
2024-12-19,248.43287658691406,432.841796875,223.2899932861328,187.6425018310547,593.18994140625,130.6371612548828,436.1700134277344,449.3399963378906,225.949951171875,138.57876586914062,312.01593017578125,162.44970703125,473.8074951171875,373.1596374511719,518.6190795898438,110.15181732177734,437.3900146484375,333.2158508300781,90.2040023803711,23.635290145874023,60.24607467651367,144.3599090576172,55.58100128173828,101.10086059570312,92.3249740600586
2024-12-20,253.1073455810547,432.4159240722656,224.9199981689453,190.52914428710938,582.9113159179688,134.65586853027344,421.05999755859375,453.20001220703125,230.4503173828125,139.437744140625,314.82012939453125,161.36471557617188,484.34405517578125,380.5061950683594,523.3267211914062,110.8045883178711,447.1700134277344,340.5693054199219,90.90499877929688,24.176416397094727,60.34253692626953,145.61793518066406,56.43935012817383,101.4458236694336,91.1783218383789
2024-12-23,253.88311767578125,431.0788269042969,225.05999755859375,193.73434448242188,597.4528198242188,139.62423706054688,430.6000061035156,454.3500061035156,231.21653747558594,140.2098846435547,314.3346252441406,161.41275024414062,490.3580627441406,380.36077880859375,524.2484741210938,110.18148803710938,446.739990234375,339.8260498046875,91.1449966430664,24.497421264648438,60.17853927612305,144.18833923339844,56.882999420166016,101.85785675048828,89.3100814819336
2024-12-24,256.79718017578125,435.1197204589844,229.0500030517578,195.20751953125,605.3213500976562,140.174072265625,462.2799987792969,458.6600036621094,235.01858520507812,140.76968383789062,317.7333984375,162.2096405029297,490.1256103515625,383.9371643066406,530.9384155273438,111.32878875732422,447.94000244140625,341.3423156738281,93.21199798583984,24.524938583374023,60.62230682373047,145.6370086669922,57.722068786621094,101.95365905761719,91.61325073242188
2024-12-26,257.61273193359375,433.9114074707031,227.0500030517578,194.69989013671875,600.9389038085938,139.88417053222656,454.1300048828125,459.0799865722656,235.8236083984375,140.5090789794922,317.9910583496094,163.38104248046875,495.0162048339844,382.96795654296875,531.3744506835938,111.31890869140625,450.1600036621094,338.6566467285156,92.41400146484375,24.359848022460938,60.36183547973633,145.2843780517578,57.84744644165039,102.03990173339844,91.72200012207031
2024-12-27,254.2013702392578,426.40411376953125,223.75,191.87294006347656,597.4131469726562,136.96511840820312,431.6600036621094,456.510009765625,233.9128875732422,139.99755859375,315.76153564453125,162.77613830566406,493.8927917480469,380.7581481933594,527.4595947265625,110.32984924316406,446.4800109863281,335.4159240722656,90.75499725341797,24.41487693786621,60.24607467651367,145.71324157714844,57.490604400634766,102.03031921386719,90.60501098632812
2024-12-30,250.8297882080078,420.75872802734375,221.3000030517578,190.3599395751953,588.8772583007812,137.4449462890625,417.4100036621094,452.1600036621094,232.11856079101562,138.3470916748047,312.4419860839844,160.433349609375,491.7719421386719,377.4338073730469,520.8688354492188,109.58805084228516,445.79998779296875,332.7302551269531,90.04299926757812,24.2314453125,59.84089279174805,144.59817504882812,57.085533142089844,101.34041595458984,89.52754211425781
